carrier,carrier_slug,port,port_code,locode,vessel,call_sign,service,direction,import_voyage,export_voyage,proforma_ETA,proforma_ETD,arrival_date,arrival_time,berthing_date,berthing_time,sailing_date,sailing_time
"CK LINE CO., LTD.",ckline,Tomakomai,1,,TOYAMA TRADER,,,,2619W,,,,,,,,,
"CK LINE CO., LTD.",ckline,Tomakomai,1,,STAR SKIPPER,,,,2610W,,,,2026/06/04,17:45,2026/06/06,19:00,2026/06/09,21:30
"CK LINE CO., LTD.",ckline,Tomakomai,1,,SUNNY LAUREL,,,,2610W,,,,2026/06/07,19:40,2026/06/10,09:15,2026/06/11,16:20
"CK LINE CO., LTD.",ckline,Tomakomai,1,,TOYAMA TRADER,,,,2620W,,,,2026/06/12,06:47,2026/06/12,07:30,2026/06/13,20:00
"CK LINE CO., LTD.",ckline,Tomakomai,1,,SUNNY LAUREL,,,,2611W,,,,2026/06/23,,2026/06/23,,2026/06/23,
"CK LINE CO., LTD.",ckline,Tomakomai,1,,STAR SKIPPER,,,,2611W,,,,2026/06/24,,2026/06/24,,2026/06/24,
"CK LINE CO., LTD.",ckline,Tomakomai,1,,TOYAMA TRADER,,,,2621W,,,,2026/06/23,,2026/06/23,,2026/06/24,
"CK LINE CO., LTD.",ckline,Tomakomai,1,,TOYAMA TRADER,,,,2622W,,,,2026/06/29,,2026/06/30,,2026/07/01,
"CK LINE CO., LTD.",ckline,Tomakomai,1,,SUNNY LAUREL,,,,2612W,,,,2026/07/05,,2026/07/05,,2026/07/05,
"CK LINE CO., LTD.",ckline,Yokohama,11,,VICTORY STAR,,,,2614W,,,,2026/06/01,16:40,2026/06/01,17:12,2026/06/03,05:00
"CK LINE CO., LTD.",ckline,Yokohama,11,,SUNNY ROSE,,,,2607S,,,,2026/06/03,05:12,2026/06/04,07:48,2026/06/04,15:40
"CK LINE CO., LTD.",ckline,Yokohama,11,,SKY AURORA,,,,2622W,,,,2026/06/05,09:20,2026/06/05,09:48,2026/06/05,18:35
"CK LINE CO., LTD.",ckline,Yokohama,11,,ATLANTIC BRIDGE,,,,2617W,,,,,,,,,
"CK LINE CO., LTD.",ckline,Yokohama,11,,TY INCHEON,,,,2614W,,,,2026/06/09,07:35,2026/06/09,08:18,2026/06/09,11:45
"CK LINE CO., LTD.",ckline,Yokohama,11,,ATLANTIC BRIDGE,,,,2616W,,,,2026/06/10,06:30,2026/06/10,07:12,2026/06/10,12:55
"CK LINE CO., LTD.",ckline,Yokohama,11,,VICTORY STAR,,,,2615W,,,,2026/06/14,05:42,2026/06/14,17:06,2026/06/15,04:55
"CK LINE CO., LTD.",ckline,Yokohama,11,,SUNNY FREESIA,,,,2615S,,,,2026/06/09,17:45,2026/06/09,18:24,2026/06/10,04:45
"CK LINE CO., LTD.",ckline,Yokohama,11,,DONGJIN ENDURANCE,,,,0030N,,,,2026/06/10,07:50,2026/06/10,08:35,2026/06/11,16:55
"CK LINE CO., LTD.",ckline,Yokohama,11,,SKY AURORA,,,,2624W,,,,2026/06/17,07:40,2026/06/17,08:06,2026/06/17,19:00
"CK LINE CO., LTD.",ckline,Yokohama,11,,SUNNY LAVENDER,,,,2608S,,,,2026/06/18,06:30,2026/06/18,07:30,2026/06/18,16:00
"CK LINE CO., LTD.",ckline,Yokohama,11,,ATLANTIC BRIDGE,,,,2618W,,,,2026/06/19,,2026/06/19,,2026/06/20,
"CK LINE CO., LTD.",ckline,Yokohama,11,,TY INCHEON,,,,2615W,,,,2026/06/17,16:30,2026/06/17,17:30,2026/06/18,
"CK LINE CO., LTD.",ckline,Yokohama,11,,VICTORY STAR,,,,2616W,,,,2026/06/24,,2026/06/24,,2026/06/24,
"CK LINE CO., LTD.",ckline,Yokohama,11,,SUNNY ROSE,,,,2608S,,,,2026/06/26,,2026/06/26,,2026/06/26,
"CK LINE CO., LTD.",ckline,Yokohama,11,,TY INCHEON,,,,2616W,,,,2026/06/27,,2026/06/27,,2026/06/28,
"CK LINE CO., LTD.",ckline,Yokohama,11,,DONGJIN ENDURANCE,,,,0032N,,,,2026/06/24,,2026/06/24,,2026/06/25,
"CK LINE CO., LTD.",ckline,Yokohama,11,,ATLANTIC BRIDGE,,,,2619W,,,,2026/06/29,,2026/06/29,,2026/06/29,
"CK LINE CO., LTD.",ckline,Yokohama,11,,VICTORY STAR,,,,2617W,,,,2026/07/01,,2026/07/01,,2026/07/01,
"CK LINE CO., LTD.",ckline,Yokohama,11,,TY INCHEON,,,,2617W,,,,2026/07/03,,2026/07/03,,2026/07/03,
"CK LINE CO., LTD.",ckline,Yokohama,11,,SUNNY FREESIA,,,,2616S,,,,2026/07/01,,2026/07/01,,2026/07/01,
"CK LINE CO., LTD.",ckline,Yokohama,11,,SKY AURORA,,,,2626W,,,,2026/07/01,,2026/07/01,,2026/07/01,
"CK LINE CO., LTD.",ckline,Tokyo,13,,VICTORY STAR,,,,2614W,,,,2026/06/01,06:34,2026/06/01,07:31,2026/06/01,14:58
"CK LINE CO., LTD.",ckline,Tokyo,13,,SUNNY ROSE,,,,2607S,,,,2026/06/01,16:06,2026/06/02,07:52,2026/06/02,18:49
"CK LINE CO., LTD.",ckline,Tokyo,13,,PANCON SUCCESS,,,,2619W,,,,,,,,,
"CK LINE CO., LTD.",ckline,Tokyo,13,,ATLANTIC BRIDGE,,,,2617W,,,,,,,,,
"CK LINE CO., LTD.",ckline,Tokyo,13,,ATLANTIC BRIDGE,,,,2616W,,,,2026/06/09,10:58,2026/06/09,12:03,2026/06/09,20:30
"CK LINE CO., LTD.",ckline,Tokyo,13,,SUNNY FREESIA,,,,2615S,,,,2026/06/10,06:36,2026/06/10,07:31,2026/06/10,18:24
"CK LINE CO., LTD.",ckline,Tokyo,13,,TY INCHEON,,,,2614W,,,,2026/06/09,13:56,2026/06/09,18:42,2026/06/10,03:46
"CK LINE CO., LTD.",ckline,Tokyo,13,,VICTORY STAR,,,,2615W,,,,2026/06/15,06:36,2026/06/15,07:38,2026/06/15,17:30
"CK LINE CO., LTD.",ckline,Tokyo,13,,TY INCHEON,,,,2615W,,,,2026/06/17,06:34,2026/06/17,07:27,2026/06/17,15:00
"CK LINE CO., LTD.",ckline,Tokyo,13,,ATLANTIC BRIDGE,,,,2618W,,,,2026/06/19,,2026/06/19,,2026/06/19,
"CK LINE CO., LTD.",ckline,Tokyo,13,,PANCON SUCCESS,,,,2620W,,,,2026/06/20,20:00,2026/06/21,08:00,2026/06/21,16:00
"CK LINE CO., LTD.",ckline,Tokyo,13,,SUNNY LAVENDER,,,,2608S,,,,2026/06/17,06:53,2026/06/17,07:58,2026/06/18,05:00
"CK LINE CO., LTD.",ckline,Tokyo,13,,VICTORY STAR,,,,2616W,,,,2026/06/23,,2026/06/23,,2026/06/24,
"CK LINE CO., LTD.",ckline,Tokyo,13,,PANCON SUCCESS,,,,2621W,,,,2026/06/24,,2026/06/24,,2026/06/24,
"CK LINE CO., LTD.",ckline,Tokyo,13,,SUNNY ROSE,,,,2608S,,,,2026/06/25,,2026/06/25,,2026/06/25,
"CK LINE CO., LTD.",ckline,Tokyo,13,,TY INCHEON,,,,2616W,,,,2026/06/27,,2026/06/27,,2026/06/27,
"CK LINE CO., LTD.",ckline,Tokyo,13,,ATLANTIC BRIDGE,,,,2619W,,,,2026/06/29,,2026/06/29,,2026/06/29,
"CK LINE CO., LTD.",ckline,Tokyo,13,,SUNNY FREESIA,,,,2616S,,,,2026/06/30,,2026/06/30,,2026/06/30,
"CK LINE CO., LTD.",ckline,Tokyo,13,,PANCON SUCCESS,,,,2622W,,,,2026/07/01,,2026/07/01,,2026/07/01,
"CK LINE CO., LTD.",ckline,Tokyo,13,,TY INCHEON,,,,2617W,,,,2026/07/03,,2026/07/03,,2026/07/03,
"CK LINE CO., LTD.",ckline,Tokyo,13,,VICTORY STAR,,,,2617W,,,,2026/07/01,,2026/07/01,,2026/07/01,
"CK LINE CO., LTD.",ckline,Chiba,14,,SUNNY ROSE,,,,2607S,,,,2026/06/02,20:10,2026/06/02,20:54,2026/06/03,03:20
"CK LINE CO., LTD.",ckline,Chiba,14,,SUNNY FREESIA,,,,2615S,,,,2026/06/09,07:10,2026/06/09,08:00,2026/06/09,15:50
"CK LINE CO., LTD.",ckline,Chiba,14,,ATLANTIC BRIDGE,,,,2616W,,,,2026/06/09,21:55,2026/06/09,23:00,2026/06/10,03:00
"CK LINE CO., LTD.",ckline,Chiba,14,,VICTORY STAR,,,,2615W,,,,2026/06/15,19:00,2026/06/15,19:42,2026/06/16,00:01
"CK LINE CO., LTD.",ckline,Chiba,14,,TY INCHEON,,,,2615W,,,,2026/06/18,,2026/06/18,,2026/06/18,
"CK LINE CO., LTD.",ckline,Chiba,14,,ATLANTIC BRIDGE,,,,2618W,,,,2026/06/20,,2026/06/20,,2026/06/20,
"CK LINE CO., LTD.",ckline,Chiba,14,,SUNNY LAVENDER,,,,2608S,,,,2026/06/18,18:30,2026/06/18,19:30,2026/06/19,04:00
"CK LINE CO., LTD.",ckline,Chiba,14,,SUNNY ROSE,,,,2608S,,,,2026/06/25,,2026/06/25,,2026/06/25,
"CK LINE CO., LTD.",ckline,Chiba,14,,SUNNY FREESIA,,,,2616S,,,,2026/06/30,,2026/06/30,,2026/07/01,
"CK LINE CO., LTD.",ckline,Chiba,14,,VICTORY STAR,,,,2617W,,,,2026/07/01,,2026/07/01,,2026/07/01,
"CK LINE CO., LTD.",ckline,Chiba,14,,TY INCHEON,,,,2617W,,,,2026/07/03,,2026/07/03,,2026/07/03,
"CK LINE CO., LTD.",ckline,Akita,19,,ATLANTIC SOUTH,,,,2620W,,,,2026/05/31,11:35,2026/06/01,08:00,2026/06/01,12:00
"CK LINE CO., LTD.",ckline,Akita,19,,ATLANTIC SOUTH,,,,2621W,,,,,,,,,
"CK LINE CO., LTD.",ckline,Akita,19,,ATLANTIC SOUTH,,,,2622W,,,,2026/06/09,08:41,2026/06/09,09:30,2026/06/09,15:20
"CK LINE CO., LTD.",ckline,Akita,19,,ATLANTIC SOUTH,,,,2623W,,,,2026/06/17,07:31,2026/06/17,08:30,2026/06/17,11:30
"CK LINE CO., LTD.",ckline,Akita,19,,ATLANTIC SOUTH,,,,2624W,,,,2026/06/24,,2026/06/25,,2026/06/25,
"CK LINE CO., LTD.",ckline,Akita,19,,ATLANTIC SOUTH,,,,2626W,,,,2026/07/03,,2026/07/03,,2026/07/03,
"CK LINE CO., LTD.",ckline,Niigata,24,,SUNNY CLOVER,,,,2610W,,,,2026/06/05,06:05,2026/06/05,07:10,2026/06/06,15:30
"CK LINE CO., LTD.",ckline,Niigata,24,,SKY FLOWER,,,,2610W,,,,2026/06/11,05:53,2026/06/11,06:50,2026/06/11,18:40
"CK LINE CO., LTD.",ckline,Niigata,24,,SKY JADE,,,,2610W,,,,2026/06/15,06:03,2026/06/15,06:50,2026/06/16,17:35
"CK LINE CO., LTD.",ckline,Niigata,24,,PANCON SUNSHINE,,,,2610W,,,,2026/06/17,06:24,2026/06/17,07:10,2026/06/18,04:00
"CK LINE CO., LTD.",ckline,Niigata,24,,SUNNY CLOVER,,,,2611W,,,,2026/06/20,,2026/06/20,,2026/06/21,
"CK LINE CO., LTD.",ckline,Niigata,24,,SKY FLOWER,,,,2611W,,,,2026/06/24,,2026/06/24,,2026/06/24,
"CK LINE CO., LTD.",ckline,Niigata,24,,SKY JADE,,,,2611W,,,,2026/06/27,,2026/06/28,,2026/06/28,
"CK LINE CO., LTD.",ckline,Niigata,24,,PANCON SUNSHINE,,,,2611W,,,,2026/07/01,,2026/07/01,,2026/07/02,
"CK LINE CO., LTD.",ckline,Niigata,24,,SUNNY CLOVER,,,,2612W,,,,2026/07/02,,2026/07/02,,2026/07/03,
"CK LINE CO., LTD.",ckline,Niigata,24,,SKY FLOWER,,,,2612W,,,,2026/07/04,,2026/07/04,,2026/07/04,
"CK LINE CO., LTD.",ckline,Toyamashinko,25,,SUNNY CLOVER,,,,2610W,,,,2026/06/08,05:41,2026/06/08,06:30,2026/06/08,15:50
"CK LINE CO., LTD.",ckline,Toyamashinko,25,,SKY FLOWER,,,,2610W,,,,2026/06/12,06:14,2026/06/12,07:00,2026/06/12,11:50
"CK LINE CO., LTD.",ckline,Toyamashinko,25,,SKY JADE,,,,2610W,,,,2026/06/17,06:09,2026/06/17,06:50,2026/06/17,14:00
"CK LINE CO., LTD.",ckline,Toyamashinko,25,,PANCON SUNSHINE,,,,2610W,,,,2026/06/18,,2026/06/19,,2026/06/19,
"CK LINE CO., LTD.",ckline,Toyamashinko,25,,SUNNY CLOVER,,,,2611W,,,,2026/06/22,,2026/06/22,,2026/06/22,
"CK LINE CO., LTD.",ckline,Toyamashinko,25,,SKY FLOWER,,,,2611W,,,,2026/06/25,,2026/06/25,,2026/06/25,
"CK LINE CO., LTD.",ckline,Toyamashinko,25,,SKY JADE,,,,2611W,,,,2026/06/29,,2026/06/29,,2026/06/29,
"CK LINE CO., LTD.",ckline,Toyamashinko,25,,PANCON SUNSHINE,,,,2611W,,,,2026/07/03,,2026/07/03,,2026/07/03,
"CK LINE CO., LTD.",ckline,Toyamashinko,25,,SKY FLOWER,,,,2612W,,,,2026/07/05,,2026/07/05,,2026/07/05,
"CK LINE CO., LTD.",ckline,Toyamashinko,25,,SUNNY CLOVER,,,,2612W,,,,2026/07/03,,2026/07/03,,2026/07/04,
"CK LINE CO., LTD.",ckline,Kanazawa,26,,PANCON SUNSHINE,,,,2609W,,,,2026/06/01,06:51,2026/06/01,07:30,2026/06/01,16:30
"CK LINE CO., LTD.",ckline,Kanazawa,26,,OSAKA VOYAGER,,,,2625W,,,,2026/06/05,07:35,2026/06/05,08:20,2026/06/05,13:15
"CK LINE CO., LTD.",ckline,Kanazawa,26,,VOSTOCHNY VOYAGER,,,,2633W,,,,2026/06/13,07:40,2026/06/13,08:30,2026/06/13,13:00
"CK LINE CO., LTD.",ckline,Kanazawa,26,,SKY JADE,,,,2610W,,,,2026/06/19,,2026/06/19,,2026/06/19,
"CK LINE CO., LTD.",ckline,Kanazawa,26,,OSAKA VOYAGER,,,,2628W,,,,2026/06/20,,2026/06/20,,2026/06/20,
"CK LINE CO., LTD.",ckline,Kanazawa,26,,PANCON SUNSHINE,,,,2610W,,,,2026/06/20,,2026/06/20,,2026/06/20,
"CK LINE CO., LTD.",ckline,Kanazawa,26,,VOSTOCHNY VOYAGER,,,,2636W,,,,2026/06/26,,2026/06/26,,2026/06/26,
"CK LINE CO., LTD.",ckline,Kanazawa,26,,SKY JADE,,,,2611W,,,,2026/06/30,,2026/06/30,,2026/06/30,
"CK LINE CO., LTD.",ckline,Kanazawa,26,,OSAKA VOYAGER,,,,2631W,,,,2026/07/03,,2026/07/03,,2026/07/03,
"CK LINE CO., LTD.",ckline,Kanazawa,26,,PANCON SUNSHINE,,,,2611W,,,,2026/07/04,,2026/07/04,,2026/07/04,
"CK LINE CO., LTD.",ckline,Tsuruga,27,,PACIFIC NINGBO,,,,2621W,,,,2026/05/31,15:30,2026/06/01,07:40,2026/06/01,16:40
"CK LINE CO., LTD.",ckline,Tsuruga,27,,PACIFIC NINGBO,,,,2623W,,,,2026/06/08,10:04,2026/06/08,10:40,2026/06/09,11:20
"CK LINE CO., LTD.",ckline,Tsuruga,27,,PACIFIC NINGBO,,,,2624W,,,,2026/06/16,16:24,2026/06/16,17:00,2026/06/17,08:30
"CK LINE CO., LTD.",ckline,Tsuruga,27,,PACIFIC NINGBO,,,,2625W,,,,2026/06/24,,2026/06/24,,2026/06/24,
"CK LINE CO., LTD.",ckline,Tsuruga,27,,PACIFIC NINGBO,,,,2626W,,,,2026/07/01,,2026/07/01,,2026/07/01,
"CK LINE CO., LTD.",ckline,Maizuru,28,,PACIFIC NINGBO,,,,2621W,,,,2026/06/02,07:07,2026/06/02,08:00,2026/06/02,14:50
"CK LINE CO., LTD.",ckline,Maizuru,28,,PACIFIC NINGBO,,,,2623W,,,,2026/06/11,06:57,2026/06/11,08:00,2026/06/11,15:10
"CK LINE CO., LTD.",ckline,Maizuru,28,,PACIFIC NINGBO,,,,2624W,,,,2026/06/19,,2026/06/19,,2026/06/19,
"CK LINE CO., LTD.",ckline,Maizuru,28,,PACIFIC NINGBO,,,,2625W,,,,2026/06/26,,2026/06/26,,2026/06/26,
"CK LINE CO., LTD.",ckline,Maizuru,28,,PACIFIC NINGBO,,,,2626W,,,,2026/07/03,,2026/07/03,,2026/07/03,
"CK LINE CO., LTD.",ckline,Sakaiminato,29,,PACIFIC NINGBO,,,,2621W,,,,2026/06/04,08:43,2026/06/04,09:20,2026/06/04,12:30
"CK LINE CO., LTD.",ckline,Sakaiminato,29,,PACIFIC NINGBO,,,,2623W,,,,2026/06/12,07:04,2026/06/12,07:45,2026/06/12,17:20
"CK LINE CO., LTD.",ckline,Sakaiminato,29,,PACIFIC NINGBO,,,,2624W,,,,2026/06/20,,2026/06/20,,2026/06/20,
"CK LINE CO., LTD.",ckline,Sakaiminato,29,,PACIFIC NINGBO,,,,2625W,,,,2026/06/27,,2026/06/27,,2026/06/27,
"CK LINE CO., LTD.",ckline,Sakaiminato,29,,PACIFIC NINGBO,,,,2626W,,,,2026/07/04,,2026/07/04,,2026/07/04,
"CK LINE CO., LTD.",ckline,Shimizu,30,,PANCON SUCCESS,,,,2619W,,,,,,,,,
"CK LINE CO., LTD.",ckline,Shimizu,30,,VICTORY STAR,,,,2614W,,,,2026/06/04,10:23,2026/06/04,10:42,2026/06/04,17:00
"CK LINE CO., LTD.",ckline,Shimizu,30,,PROGRESS,,,,2601W,,,,2026/06/05,14:45,2026/06/05,15:40,2026/06/06,04:00
"CK LINE CO., LTD.",ckline,Shimizu,30,,ATLANTIC BRIDGE,,,,2617W,,,,,,,,,
"CK LINE CO., LTD.",ckline,Shimizu,30,,WECAN,,,,2620W,,,,,,,,,
"CK LINE CO., LTD.",ckline,Shimizu,30,,TY INCHEON,,,,2614W,,,,2026/06/10,13:35,2026/06/10,14:10,2026/06/10,19:25
"CK LINE CO., LTD.",ckline,Shimizu,30,,WECAN,,,,2621W,,,,,,,,,
"CK LINE CO., LTD.",ckline,Shimizu,30,,PROGRESS,,,,2602W,,,,2026/06/13,18:35,2026/06/13,19:15,2026/06/14,15:18
"CK LINE CO., LTD.",ckline,Shimizu,30,,PROGRESS,,,,2603W,,,,,,,,,
"CK LINE CO., LTD.",ckline,Shimizu,30,,PANCON SUCCESS,,,,2620W,,,,2026/06/19,18:00,2026/06/20,00:00,2026/06/20,12:00
"CK LINE CO., LTD.",ckline,Shimizu,30,,PROGRESS,,,,2604W,,,,2026/06/21,,2026/06/21,,2026/06/21,
"CK LINE CO., LTD.",ckline,Shimizu,30,,VICTORY STAR,,,,2616W,,,,2026/06/23,,2026/06/23,,2026/06/23,
"CK LINE CO., LTD.",ckline,Shimizu,30,,TY INCHEON,,,,2616W,,,,2026/06/26,,2026/06/26,,2026/06/27,
"CK LINE CO., LTD.",ckline,Shimizu,30,,PROGRESS,,,,2605W,,,,2026/06/27,,2026/06/27,,2026/06/28,
"CK LINE CO., LTD.",ckline,Shimizu,30,,ATLANTIC BRIDGE,,,,2619W,,,,2026/06/28,,2026/06/28,,2026/06/28,
"CK LINE CO., LTD.",ckline,Shimizu,30,,PANCON SUCCESS,,,,2621W,,,,2026/06/23,,2026/06/23,,2026/06/23,
"CK LINE CO., LTD.",ckline,Shimizu,30,,PANCON SUCCESS,,,,2622W,,,,2026/06/30,,2026/06/30,,2026/06/30,
"CK LINE CO., LTD.",ckline,Shimizu,30,,PROGRESS,,,,2606W,,,,2026/07/04,,2026/07/04,,2026/07/04,
"CK LINE CO., LTD.",ckline,Naoetsu,33,,ATLANTIC SOUTH,,,,2621W,,,,,,,,,
"CK LINE CO., LTD.",ckline,Naoetsu,33,,SUNNY CLOVER,,,,2610W,,,,2026/06/07,06:09,2026/06/07,06:54,2026/06/07,16:50
"CK LINE CO., LTD.",ckline,Naoetsu,33,,ATLANTIC SOUTH,,,,2622W,,,,2026/06/07,15:10,2026/06/08,06:36,2026/06/08,18:36
"CK LINE CO., LTD.",ckline,Naoetsu,33,,SKY FLOWER,,,,2610W,,,,2026/06/13,06:07,2026/06/13,07:00,2026/06/13,14:50
"CK LINE CO., LTD.",ckline,Naoetsu,33,,ATLANTIC SOUTH,,,,2623W,,,,2026/06/16,05:47,2026/06/16,06:48,2026/06/16,16:54
"CK LINE CO., LTD.",ckline,Naoetsu,33,,ATLANTIC SOUTH,,,,2624W,,,,2026/06/23,,2026/06/23,,2026/06/23,
"CK LINE CO., LTD.",ckline,Naoetsu,33,,SKY FLOWER,,,,2611W,,,,2026/06/26,,2026/06/26,,2026/06/26,
"CK LINE CO., LTD.",ckline,Naoetsu,33,,SUNNY CLOVER,,,,2611W,,,,2026/06/23,,2026/06/23,,2026/06/23,
"CK LINE CO., LTD.",ckline,Naoetsu,33,,ATLANTIC SOUTH,,,,2626W,,,,2026/07/01,,2026/07/02,,2026/07/02,
"CK LINE CO., LTD.",ckline,Naoetsu,33,,SUNNY CLOVER,,,,2612W,,,,2026/07/04,,2026/07/04,,2026/07/04,
"CK LINE CO., LTD.",ckline,Nagoya,35,,WECAN,,,,2619W,,,,,,,,,
"CK LINE CO., LTD.",ckline,Nagoya,35,,PANCON SUCCESS,,,,2618W,,,,2026/06/01,22:40,2026/06/02,07:55,2026/06/02,12:05
"CK LINE CO., LTD.",ckline,Nagoya,35,,DONGJIN GENIUS,,,,0376N,,,,2026/06/04,15:10,2026/06/05,07:30,2026/06/05,16:45
"CK LINE CO., LTD.",ckline,Nagoya,35,,PROGRESS,,,,2601W,,,,2026/06/06,14:10,2026/06/06,15:35,2026/06/07,00:50
"CK LINE CO., LTD.",ckline,Nagoya,35,,WECAN,,,,2620W,,,,,,,,,
"CK LINE CO., LTD.",ckline,Nagoya,35,,VICTORY STAR,,,,2614W,,,,2026/06/05,05:30,2026/06/05,06:55,2026/06/05,16:00
"CK LINE CO., LTD.",ckline,Nagoya,35,,ATLANTIC BRIDGE,,,,2617W,,,,,,,,,
"CK LINE CO., LTD.",ckline,Nagoya,35,,PANCON SUCCESS,,,,2619W,,,,2026/06/09,22:10,2026/06/10,00:10,2026/06/10,12:35
"CK LINE CO., LTD.",ckline,Nagoya,35,,TY INCHEON,,,,2614W,,,,2026/06/11,08:06,2026/06/11,12:30,2026/06/11,21:45
"CK LINE CO., LTD.",ckline,Nagoya,35,,WECAN,,,,2621W,,,,,,,,,
"CK LINE CO., LTD.",ckline,Nagoya,35,,SKY AURORA,,,,2623W,,,,,,,,,
"CK LINE CO., LTD.",ckline,Nagoya,35,,SKY GLORY,,,,2623W,,,,2026/06/10,05:15,2026/06/10,06:45,2026/06/10,14:25
"CK LINE CO., LTD.",ckline,Nagoya,35,,PROGRESS,,,,2602W,,,,2026/06/15,12:45,2026/06/15,13:55,2026/06/16,03:15
"CK LINE CO., LTD.",ckline,Nagoya,35,,DONGJIN ENDURANCE,,,,0031N,,,,2026/06/17,10:30,2026/06/17,11:30,2026/06/18,15:00
"CK LINE CO., LTD.",ckline,Nagoya,35,,PANCON SUCCESS,,,,2620W,,,,2026/06/18,17:30,2026/06/18,18:30,2026/06/19,09:30
"CK LINE CO., LTD.",ckline,Nagoya,35,,PROGRESS,,,,2603W,,,,,,,,,
"CK LINE CO., LTD.",ckline,Nagoya,35,,PROGRESS,,,,2604W,,,,2026/06/22,,2026/06/22,,2026/06/22,
"CK LINE CO., LTD.",ckline,Nagoya,35,,SKY AURORA,,,,2625W,,,,,,,,,
"CK LINE CO., LTD.",ckline,Nagoya,35,,VICTORY STAR,,,,2616W,,,,2026/06/25,,2026/06/25,,2026/06/25,
"CK LINE CO., LTD.",ckline,Nagoya,35,,TY INCHEON,,,,2616W,,,,2026/06/28,,2026/06/28,,2026/06/28,
"CK LINE CO., LTD.",ckline,Nagoya,35,,PANCON SUCCESS,,,,2621W,,,,2026/06/25,,2026/06/25,,2026/06/26,
"CK LINE CO., LTD.",ckline,Nagoya,35,,PROGRESS,,,,2605W,,,,2026/06/28,,2026/06/28,,2026/06/28,
"CK LINE CO., LTD.",ckline,Nagoya,35,,ATLANTIC BRIDGE,,,,2619W,,,,2026/06/30,,2026/06/30,,2026/06/30,
"CK LINE CO., LTD.",ckline,Nagoya,35,,DONGJIN GENIUS,,,,0381N,,,,2026/07/01,,2026/07/01,,2026/07/02,
"CK LINE CO., LTD.",ckline,Nagoya,35,,PANCON SUCCESS,,,,2622W,,,,2026/07/02,,2026/07/02,,2026/07/03,
"CK LINE CO., LTD.",ckline,Nagoya,35,,PROGRESS,,,,2606W,,,,2026/07/04,,2026/07/04,,2026/07/05,
"CK LINE CO., LTD.",ckline,Yokkaichi,36,,WECAN,,,,2619W,,,,,,,,,
"CK LINE CO., LTD.",ckline,Yokkaichi,36,,PROGRESS,,,,2601W,,,,2026/06/07,14:50,2026/06/07,15:25,2026/06/07,21:00
"CK LINE CO., LTD.",ckline,Yokkaichi,36,,PANCON SUCCESS,,,,2618W,,,,2026/06/01,15:35,2026/06/01,16:25,2026/06/01,21:55
"CK LINE CO., LTD.",ckline,Yokkaichi,36,,WECAN,,,,2620W,,,,,,,,,
"CK LINE CO., LTD.",ckline,Yokkaichi,36,,PANCON SUCCESS,,,,2619W,,,,2026/06/09,15:25,2026/06/09,16:20,2026/06/09,21:30
"CK LINE CO., LTD.",ckline,Yokkaichi,36,,WECAN,,,,2621W,,,,,,,,,
"CK LINE CO., LTD.",ckline,Yokkaichi,36,,PROGRESS,,,,2602W,,,,2026/06/15,06:25,2026/06/15,07:10,2026/06/15,11:55
"CK LINE CO., LTD.",ckline,Yokkaichi,36,,PANCON SUCCESS,,,,2620W,,,,2026/06/18,12:00,2026/06/18,13:00,2026/06/18,17:00
"CK LINE CO., LTD.",ckline,Yokkaichi,36,,PROGRESS,,,,2603W,,,,,,,,,
"CK LINE CO., LTD.",ckline,Yokkaichi,36,,PROGRESS,,,,2604W,,,,2026/06/22,,2026/06/22,,2026/06/22,
"CK LINE CO., LTD.",ckline,Yokkaichi,36,,PANCON SUCCESS,,,,2621W,,,,2026/06/25,,2026/06/25,,2026/06/25,
"CK LINE CO., LTD.",ckline,Yokkaichi,36,,PROGRESS,,,,2605W,,,,2026/06/28,,2026/06/28,,2026/06/29,
"CK LINE CO., LTD.",ckline,Yokkaichi,36,,PANCON SUCCESS,,,,2622W,,,,2026/07/02,,2026/07/02,,2026/07/02,
"CK LINE CO., LTD.",ckline,Yokkaichi,36,,PROGRESS,,,,2606W,,,,2026/07/05,,2026/07/05,,2026/07/05,
"CK LINE CO., LTD.",ckline,Toyohashi,39,,WECAN,,,,2619W,,,,,,,,,
"CK LINE CO., LTD.",ckline,Toyohashi,39,,PANCON SUCCESS,,,,2618W,,,,2026/06/04,07:18,2026/06/04,07:57,2026/06/04,11:56
"CK LINE CO., LTD.",ckline,Toyohashi,39,,PROGRESS,,,,2601W,,,,2026/06/07,06:55,2026/06/07,07:37,2026/06/07,11:11
"CK LINE CO., LTD.",ckline,Toyohashi,39,,WECAN,,,,2620W,,,,,,,,,
"CK LINE CO., LTD.",ckline,Toyohashi,39,,PANCON SUCCESS,,,,2619W,,,,2026/06/08,16:45,2026/06/09,08:00,2026/06/09,11:51
"CK LINE CO., LTD.",ckline,Toyohashi,39,,WECAN,,,,2621W,,,,,,,,,
"CK LINE CO., LTD.",ckline,Toyohashi,39,,PROGRESS,,,,2602W,,,,2026/06/16,07:19,2026/06/16,07:58,2026/06/16,10:00
"CK LINE CO., LTD.",ckline,Toyohashi,39,,PROGRESS,,,,2603W,,,,,,,,,
"CK LINE CO., LTD.",ckline,Toyohashi,39,,PANCON SUCCESS,,,,2620W,,,,2026/06/19,07:00,2026/06/19,08:00,2026/06/19,11:00
"CK LINE CO., LTD.",ckline,Toyohashi,39,,PROGRESS,,,,2604W,,,,2026/06/22,,2026/06/22,,2026/06/22,
"CK LINE CO., LTD.",ckline,Toyohashi,39,,PANCON SUCCESS,,,,2621W,,,,2026/06/25,,2026/06/25,,2026/06/25,
"CK LINE CO., LTD.",ckline,Toyohashi,39,,PROGRESS,,,,2605W,,,,2026/06/29,,2026/06/29,,2026/06/29,
"CK LINE CO., LTD.",ckline,Toyohashi,39,,PANCON SUCCESS,,,,2622W,,,,2026/07/02,,2026/07/02,,2026/07/02,
"CK LINE CO., LTD.",ckline,Toyohashi,39,,PROGRESS,,,,2606W,,,,2026/07/05,,2026/07/05,,2026/07/05,
"CK LINE CO., LTD.",ckline,Osaka,40,,SUNNY CALLA,,,,2622W,,,,,,,,,
"CK LINE CO., LTD.",ckline,Osaka,40,,WECAN,,,,2619W,,,,2026/06/02,07:00,2026/06/02,07:51,2026/06/02,16:02
"CK LINE CO., LTD.",ckline,Osaka,40,,PACIFIC MONACO,,,,2621W,,,,2026/06/03,19:22,2026/06/03,20:10,2026/06/04,01:30
"CK LINE CO., LTD.",ckline,Osaka,40,,HONOR VOYAGER,,,,2622W,,,,2026/06/04,14:45,2026/06/04,15:36,2026/06/04,21:15
"CK LINE CO., LTD.",ckline,Osaka,40,,SKY GLORY,,,,2622W,,,,,,,,,
"CK LINE CO., LTD.",ckline,Osaka,40,,SKY AURORA,,,,2622W,,,,2026/06/07,03:10,2026/06/08,07:17,2026/06/08,13:14
"CK LINE CO., LTD.",ckline,Osaka,40,,HONOR VOYAGER,,,,2623W,,,,2026/06/10,15:56,2026/06/10,16:44,2026/06/10,22:10
"CK LINE CO., LTD.",ckline,Osaka,40,,PACIFIC MONACO,,,,2622W,,,,2026/06/11,17:40,2026/06/11,18:35,2026/06/11,23:47
"CK LINE CO., LTD.",ckline,Osaka,40,,PACIFIC MONACO,,,,2623W,,,,,,,,,
"CK LINE CO., LTD.",ckline,Osaka,40,,WECAN,,,,2620W,,,,2026/06/13,06:19,2026/06/13,07:15,2026/06/13,15:08
"CK LINE CO., LTD.",ckline,Osaka,40,,DONGJIN GENIUS,,,,0377N,,,,2026/06/12,06:37,2026/06/12,07:21,2026/06/12,15:23
"CK LINE CO., LTD.",ckline,Osaka,40,,SKY GLORY,,,,2624W,,,,,,,,,
"CK LINE CO., LTD.",ckline,Osaka,40,,WECAN,,,,2621W,,,,2026/06/18,07:30,2026/06/18,08:30,2026/06/18,16:30
"CK LINE CO., LTD.",ckline,Osaka,40,,PACIFIC MONACO,,,,2624W,,,,2026/06/19,,2026/06/19,,2026/06/19,
"CK LINE CO., LTD.",ckline,Osaka,40,,HONOR VOYAGER,,,,2624W,,,,2026/06/17,06:16,2026/06/17,07:00,2026/06/17,14:45
"CK LINE CO., LTD.",ckline,Osaka,40,,HONOR VOYAGER,,,,2625W,,,,2026/06/24,,2026/06/24,,2026/06/24,
"CK LINE CO., LTD.",ckline,Osaka,40,,DONGJIN GENIUS,,,,0380N,,,,2026/06/25,,2026/06/25,,2026/06/25,
"CK LINE CO., LTD.",ckline,Osaka,40,,PACIFIC MONACO,,,,2625W,,,,2026/06/26,,2026/06/26,,2026/06/26,
"CK LINE CO., LTD.",ckline,Osaka,40,,WECAN,,,,2622W,,,,2026/06/24,,2026/06/24,,2026/06/24,
"CK LINE CO., LTD.",ckline,Osaka,40,,WECAN,,,,2623W,,,,2026/06/30,,2026/06/30,,2026/06/30,
"CK LINE CO., LTD.",ckline,Osaka,40,,HONOR VOYAGER,,,,2626W,,,,2026/07/01,,2026/07/01,,2026/07/01,
"CK LINE CO., LTD.",ckline,Osaka,40,,PACIFIC MONACO,,,,2626W,,,,2026/07/03,,2026/07/03,,2026/07/03,
"CK LINE CO., LTD.",ckline,Osaka,40,,SKY GLORY,,,,2626W,,,,,,,,,
"CK LINE CO., LTD.",ckline,Kobe,41,,SUNNY CALLA,,,,2622W,,,,,,,,,
"CK LINE CO., LTD.",ckline,Kobe,41,,PACIFIC MONACO,,,,2621W,,,,2026/06/03,12:40,2026/06/03,14:05,2026/06/03,18:43
"CK LINE CO., LTD.",ckline,Kobe,41,,HONOR VOYAGER,,,,2622W,,,,2026/06/03,20:00,2026/06/04,07:13,2026/06/04,13:33
"CK LINE CO., LTD.",ckline,Kobe,41,,SKY GLORY,,,,2622W,,,,,,,,,
"CK LINE CO., LTD.",ckline,Kobe,41,,WECAN,,,,2619W,,,,2026/06/01,16:35,2026/06/01,17:36,2026/06/02,06:15
"CK LINE CO., LTD.",ckline,Kobe,41,,DONGJIN GENIUS,,,,0376N,,,,2026/06/06,14:40,2026/06/08,07:00,2026/06/08,11:52
"CK LINE CO., LTD.",ckline,Kobe,41,,HONOR VOYAGER,,,,2623W,,,,2026/06/10,08:40,2026/06/10,09:55,2026/06/10,15:19
"CK LINE CO., LTD.",ckline,Kobe,41,,PACIFIC MONACO,,,,2622W,,,,2026/06/11,11:50,2026/06/11,13:10,2026/06/11,17:01
"CK LINE CO., LTD.",ckline,Kobe,41,,SKY AURORA,,,,2623W,,,,,,,,,
"CK LINE CO., LTD.",ckline,Kobe,41,,WECAN,,,,2620W,,,,2026/06/13,15:50,2026/06/13,16:37,2026/06/13,22:06
"CK LINE CO., LTD.",ckline,Kobe,41,,SKY AURORA,,,,2622W,,,,2026/06/08,13:55,2026/06/08,14:55,2026/06/09,10:45
"CK LINE CO., LTD.",ckline,Kobe,41,,SKY GLORY,,,,2623W,,,,2026/06/11,14:50,2026/06/11,15:53,2026/06/12,15:35
"CK LINE CO., LTD.",ckline,Kobe,41,,PACIFIC MONACO,,,,2623W,,,,,,,,,
"CK LINE CO., LTD.",ckline,Kobe,41,,DONGJIN GENIUS,,,,0377N,,,,2026/06/12,16:05,2026/06/12,16:55,2026/06/13,11:47
"CK LINE CO., LTD.",ckline,Kobe,41,,HONOR VOYAGER,,,,2624W,,,,2026/06/17,15:50,2026/06/17,16:50,2026/06/17,21:30
"CK LINE CO., LTD.",ckline,Kobe,41,,SKY GLORY,,,,2624W,,,,,,,,,
"CK LINE CO., LTD.",ckline,Kobe,41,,PACIFIC MONACO,,,,2624W,,,,2026/06/19,,2026/06/19,,2026/06/19,
"CK LINE CO., LTD.",ckline,Kobe,41,,WECAN,,,,2621W,,,,2026/06/18,17:00,2026/06/18,18:00,2026/06/18,23:30
"CK LINE CO., LTD.",ckline,Kobe,41,,SKY AURORA,,,,2624W,,,,2026/06/19,,2026/06/19,,2026/06/19,
"CK LINE CO., LTD.",ckline,Kobe,41,,DONGJIN ENDURANCE,,,,0031N,,,,2026/06/19,,2026/06/19,,2026/06/19,
"CK LINE CO., LTD.",ckline,Kobe,41,,HONOR VOYAGER,,,,2625W,,,,2026/06/24,,2026/06/24,,2026/06/24,
"CK LINE CO., LTD.",ckline,Kobe,41,,DONGJIN GENIUS,,,,0380N,,,,2026/06/25,,2026/06/26,,2026/06/26,
"CK LINE CO., LTD.",ckline,Kobe,41,,WECAN,,,,2622W,,,,2026/06/24,,2026/06/24,,2026/06/25,
"CK LINE CO., LTD.",ckline,Kobe,41,,PACIFIC MONACO,,,,2625W,,,,2026/06/26,,2026/06/26,,2026/06/26,
"CK LINE CO., LTD.",ckline,Kobe,41,,SKY AURORA,,,,2625W,,,,2026/06/26,,2026/06/26,,2026/06/26,
"CK LINE CO., LTD.",ckline,Kobe,41,,SKY GLORY,,,,2625W,,,,,,,,,
"CK LINE CO., LTD.",ckline,Kobe,41,,WECAN,,,,2623W,,,,2026/06/30,,2026/06/30,,2026/07/01,
"CK LINE CO., LTD.",ckline,Kobe,41,,HONOR VOYAGER,,,,2626W,,,,2026/07/01,,2026/07/01,,2026/07/01,
"CK LINE CO., LTD.",ckline,Kobe,41,,SKY GLORY,,,,2626W,,,,,,,,,
"CK LINE CO., LTD.",ckline,Kobe,41,,PACIFIC MONACO,,,,2626W,,,,2026/07/03,,2026/07/03,,2026/07/03,
"CK LINE CO., LTD.",ckline,Kobe,41,,DONGJIN GENIUS,,,,0381N,,,,2026/07/03,,2026/07/03,,2026/07/03,
"CK LINE CO., LTD.",ckline,Wakayama,42,,ATLANTIC BRIDGE,,,,2616W,,,,2026/06/07,06:47,2026/06/07,07:25,2026/06/07,11:10
"CK LINE CO., LTD.",ckline,Wakayama,42,,VICTORY STAR,,,,2617W,,,,2026/07/01,,2026/07/01,,2026/07/01,
"CK LINE CO., LTD.",ckline,Mizushima,50,,SUNNY CALLA,,,,2622W,,,,,,,,,
"CK LINE CO., LTD.",ckline,Mizushima,50,,STAR CHALLENGER,,,,2622W,,,,2026/06/03,14:23,2026/06/03,14:54,2026/06/03,17:14
"CK LINE CO., LTD.",ckline,Mizushima,50,,PACIFIC MONACO,,,,2621W,,,,2026/06/04,10:55,2026/06/04,11:42,2026/06/04,16:52
"CK LINE CO., LTD.",ckline,Mizushima,50,,WECAN,,,,2619W,,,,2026/06/04,19:00,2026/06/05,06:24,2026/06/05,12:14
"CK LINE CO., LTD.",ckline,Mizushima,50,,HONOR VOYAGER,,,,2622W,,,,2026/06/05,12:44,2026/06/05,13:24,2026/06/05,17:55
"CK LINE CO., LTD.",ckline,Mizushima,50,,STAR CHALLENGER,,,,2623W,,,,2026/06/10,13:48,2026/06/10,14:30,2026/06/10,17:55
"CK LINE CO., LTD.",ckline,Mizushima,50,,HONOR VOYAGER,,,,2623W,,,,2026/06/11,12:30,2026/06/11,13:24,2026/06/11,18:39
"CK LINE CO., LTD.",ckline,Mizushima,50,,PACIFIC MONACO,,,,2622W,,,,2026/06/12,07:44,2026/06/12,08:36,2026/06/12,12:10
"CK LINE CO., LTD.",ckline,Mizushima,50,,PACIFIC MONACO,,,,2623W,,,,,,,,,
"CK LINE CO., LTD.",ckline,Mizushima,50,,WECAN,,,,2620W,,,,2026/06/12,13:45,2026/06/12,14:18,2026/06/12,18:31
"CK LINE CO., LTD.",ckline,Mizushima,50,,STAR CHALLENGER,,,,2624W,,,,2026/06/17,14:00,2026/06/17,15:00,2026/06/17,18:30
"CK LINE CO., LTD.",ckline,Mizushima,50,,HONOR VOYAGER,,,,2624W,,,,2026/06/18,14:30,2026/06/18,15:30,2026/06/18,19:00
"CK LINE CO., LTD.",ckline,Mizushima,50,,WECAN,,,,2621W,,,,2026/06/19,,2026/06/19,,2026/06/19,
"CK LINE CO., LTD.",ckline,Mizushima,50,,PACIFIC MONACO,,,,2624W,,,,2026/06/20,,2026/06/20,,2026/06/20,
"CK LINE CO., LTD.",ckline,Mizushima,50,,STAR CHALLENGER,,,,2625W,,,,2026/06/24,,2026/06/24,,2026/06/24,
"CK LINE CO., LTD.",ckline,Mizushima,50,,HONOR VOYAGER,,,,2625W,,,,2026/06/25,,2026/06/25,,2026/06/25,
"CK LINE CO., LTD.",ckline,Mizushima,50,,PACIFIC MONACO,,,,2625W,,,,2026/06/27,,2026/06/27,,2026/06/27,
"CK LINE CO., LTD.",ckline,Mizushima,50,,WECAN,,,,2622W,,,,2026/06/25,,2026/06/25,,2026/06/25,
"CK LINE CO., LTD.",ckline,Mizushima,50,,STAR CHALLENGER,,,,2626W,,,,2026/07/01,,2026/07/01,,2026/07/01,
"CK LINE CO., LTD.",ckline,Mizushima,50,,HONOR VOYAGER,,,,2626W,,,,2026/07/02,,2026/07/02,,2026/07/02,
"CK LINE CO., LTD.",ckline,Mizushima,50,,PACIFIC MONACO,,,,2626W,,,,2026/07/04,,2026/07/04,,2026/07/04,
"CK LINE CO., LTD.",ckline,Mizushima,50,,WECAN,,,,2623W,,,,2026/07/01,,2026/07/01,,2026/07/01,
"CK LINE CO., LTD.",ckline,Hiroshima,51,,HONOR VOYAGER,,,,2622W,,,,2026/06/02,12:59,2026/06/02,13:30,2026/06/02,17:00
"CK LINE CO., LTD.",ckline,Hiroshima,51,,SUNNY CALLA,,,,2622W,,,,,,,,,
"CK LINE CO., LTD.",ckline,Hiroshima,51,,STAR CHALLENGER,,,,2623W,,,,2026/06/06,16:50,2026/06/06,17:36,2026/06/06,23:25
"CK LINE CO., LTD.",ckline,Hiroshima,51,,WECAN,,,,2619W,,,,2026/06/05,20:14,2026/06/07,08:06,2026/06/07,15:20
"CK LINE CO., LTD.",ckline,Hiroshima,51,,HONOR VOYAGER,,,,2623W,,,,2026/06/09,13:00,2026/06/09,15:00,2026/06/09,19:20
"CK LINE CO., LTD.",ckline,Hiroshima,51,,STAR CHALLENGER,,,,2624W,,,,2026/06/14,07:19,2026/06/14,07:48,2026/06/14,11:40
"CK LINE CO., LTD.",ckline,Hiroshima,51,,WECAN,,,,2620W,,,,2026/06/14,12:50,2026/06/14,13:24,2026/06/14,19:00
"CK LINE CO., LTD.",ckline,Hiroshima,51,,HONOR VOYAGER,,,,2624W,,,,2026/06/16,06:45,2026/06/16,07:36,2026/06/16,10:35
"CK LINE CO., LTD.",ckline,Hiroshima,51,,WECAN,,,,2621W,,,,2026/06/20,,2026/06/20,,2026/06/20,
"CK LINE CO., LTD.",ckline,Hiroshima,51,,STAR CHALLENGER,,,,2625W,,,,2026/06/20,,2026/06/20,,2026/06/21,
"CK LINE CO., LTD.",ckline,Hiroshima,51,,HONOR VOYAGER,,,,2625W,,,,2026/06/23,,2026/06/23,,2026/06/23,
"CK LINE CO., LTD.",ckline,Hiroshima,51,,WECAN,,,,2622W,,,,2026/06/26,,2026/06/26,,2026/06/27,
"CK LINE CO., LTD.",ckline,Hiroshima,51,,STAR CHALLENGER,,,,2626W,,,,2026/06/27,,2026/06/27,,2026/06/28,
"CK LINE CO., LTD.",ckline,Hiroshima,51,,HONOR VOYAGER,,,,2626W,,,,2026/06/30,,2026/06/30,,2026/06/30,
"CK LINE CO., LTD.",ckline,Hiroshima,51,,WECAN,,,,2623W,,,,2026/07/02,,2026/07/02,,2026/07/02,
"CK LINE CO., LTD.",ckline,Hiroshima,51,,STAR CHALLENGER,,,,2627W,,,,2026/07/04,,2026/07/04,,2026/07/05,
"CK LINE CO., LTD.",ckline,Iyomishima,60,,STAR CHALLENGER,,,,2622E,,,,2026/06/01,06:30,2026/06/01,07:20,2026/06/01,14:30
"CK LINE CO., LTD.",ckline,Iyomishima,60,,STAR CHALLENGER,,,,2622W,,,,2026/06/02,19:45,2026/06/03,07:55,2026/06/03,12:18
"CK LINE CO., LTD.",ckline,Iyomishima,60,,STAR CHALLENGER,,,,2623E,,,,2026/06/07,14:40,2026/06/08,07:20,2026/06/08,15:30
"CK LINE CO., LTD.",ckline,Iyomishima,60,,STAR CHALLENGER,,,,2623W,,,,2026/06/10,06:53,2026/06/10,07:20,2026/06/10,11:10
"CK LINE CO., LTD.",ckline,Iyomishima,60,,STAR CHALLENGER,,,,2624E,,,,2026/06/14,17:55,2026/06/15,07:30,2026/06/15,10:42
"CK LINE CO., LTD.",ckline,Iyomishima,60,,STAR CHALLENGER,,,,2624W,,,,2026/06/16,21:00,2026/06/17,07:18,2026/06/17,11:15
"CK LINE CO., LTD.",ckline,Iyomishima,60,,STAR CHALLENGER,,,,2625E,,,,2026/06/22,,2026/06/22,,2026/06/22,
"CK LINE CO., LTD.",ckline,Iyomishima,60,,STAR CHALLENGER,,,,2625W,,,,2026/06/24,,2026/06/24,,2026/06/24,
"CK LINE CO., LTD.",ckline,Iyomishima,60,,STAR CHALLENGER,,,,2626E,,,,2026/06/29,,2026/06/29,,2026/06/29,
"CK LINE CO., LTD.",ckline,Iyomishima,60,,STAR CHALLENGER,,,,2626W,,,,2026/07/01,,2026/07/01,,2026/07/01,
"CK LINE CO., LTD.",ckline,Takamatsu,64,,HONOR VOYAGER,,,,2622W,,,,2026/06/05,07:16,2026/06/05,07:45,2026/06/05,11:00
"CK LINE CO., LTD.",ckline,Takamatsu,64,,HONOR VOYAGER,,,,2623W,,,,2026/06/11,07:17,2026/06/11,07:50,2026/06/11,10:35
"CK LINE CO., LTD.",ckline,Takamatsu,64,,HONOR VOYAGER,,,,2624W,,,,2026/06/18,,2026/06/18,,2026/06/18,
"CK LINE CO., LTD.",ckline,Takamatsu,64,,HONOR VOYAGER,,,,2625W,,,,2026/06/25,,2026/06/25,,2026/06/25,
"CK LINE CO., LTD.",ckline,Takamatsu,64,,HONOR VOYAGER,,,,2626W,,,,2026/07/02,,2026/07/02,,2026/07/02,
"CK LINE CO., LTD.",ckline,Moji,70,,DONGJIN FIDES,,,,0707N,,,,2026/05/30,16:05,2026/06/01,06:50,2026/06/01,11:56
"CK LINE CO., LTD.",ckline,Moji,70,,DONGJIN FIDES,,,,0708N,,,,2026/06/04,06:52,2026/06/04,07:15,2026/06/04,11:50
"CK LINE CO., LTD.",ckline,Moji,70,,DONGJIN ENDURANCE,,,,0029N,,,,,,,,,
"CK LINE CO., LTD.",ckline,Moji,70,,DONGJIN ENDURANCE,,,,0028N,,,,2026/06/05,05:50,2026/06/05,07:23,2026/06/05,19:10
"CK LINE CO., LTD.",ckline,Moji,70,,DONGJIN FIDES,,,,0709N,,,,2026/06/08,22:40,2026/06/09,07:48,2026/06/09,11:10
"CK LINE CO., LTD.",ckline,Moji,70,,DONGJIN GENIUS,,,,0377N,,,,2026/06/11,06:04,2026/06/11,07:40,2026/06/11,10:00
"CK LINE CO., LTD.",ckline,Moji,70,,DONGJIN FIDES,,,,0710N,,,,2026/06/12,16:22,2026/06/12,18:10,2026/06/13,02:25
"CK LINE CO., LTD.",ckline,Moji,70,,DONGJIN FIDES,,,,0711N,,,,2026/06/15,09:50,2026/06/15,11:27,2026/06/15,16:41
"CK LINE CO., LTD.",ckline,Moji,70,,DONGJIN FIDES,,,,0712N,,,,2026/06/19,,2026/06/19,,2026/06/19,
"CK LINE CO., LTD.",ckline,Moji,70,,DONGJIN FIDES,,,,0713N,,,,2026/06/21,,2026/06/21,,2026/06/21,
"CK LINE CO., LTD.",ckline,Moji,70,,DONGJIN GENIUS,,,,0378N,,,,2026/06/19,,2026/06/19,,2026/06/19,
"CK LINE CO., LTD.",ckline,Moji,70,,DONGJIN GENIUS,,,,0379N,,,,,,,,,
"CK LINE CO., LTD.",ckline,Moji,70,,DONGJIN GENIUS,,,,0380N,,,,2026/06/23,,2026/06/23,,2026/06/23,
"CK LINE CO., LTD.",ckline,Moji,70,,DONGJIN FIDES,,,,0714N,,,,2026/06/25,,2026/06/25,,2026/06/25,
"CK LINE CO., LTD.",ckline,Moji,70,,DONGJIN FIDES,,,,0715N,,,,2026/06/27,,2026/06/27,,2026/06/27,
"CK LINE CO., LTD.",ckline,Moji,70,,DONGJIN ENDURANCE,,,,0033N,,,,2026/06/30,,2026/06/30,,2026/06/30,
"CK LINE CO., LTD.",ckline,Moji,70,,DONGJIN FIDES,,,,0716N,,,,2026/07/01,,2026/07/01,,2026/07/01,
"CK LINE CO., LTD.",ckline,Moji,70,,DONGJIN FIDES,,,,0717N,,,,2026/07/03,,2026/07/03,,2026/07/03,
"CK LINE CO., LTD.",ckline,Moji,70,,DONGJIN ENDURANCE,,,,0034N,,,,2026/07/03,,2026/07/03,,2026/07/03,
"CK LINE CO., LTD.",ckline,Hakata,77,,DONGJIN FIDES,,,,0707N,,,,2026/06/01,16:52,2026/06/01,17:27,2026/06/01,20:55
"CK LINE CO., LTD.",ckline,Hakata,77,,DONGJIN FIDES,,,,0708N,,,,2026/06/03,07:23,2026/06/03,07:57,2026/06/03,11:27
"CK LINE CO., LTD.",ckline,Hakata,77,,DONGJIN FIDES,,,,0709N,,,,2026/06/08,01:45,2026/06/08,12:27,2026/06/08,17:34
"CK LINE CO., LTD.",ckline,Hakata,77,,DONGJIN FIDES,,,,0710N,,,,2026/06/11,16:54,2026/06/11,17:32,2026/06/11,21:11
"CK LINE CO., LTD.",ckline,Hakata,77,,DONGJIN FIDES,,,,0711N,,,,2026/06/16,05:27,2026/06/16,06:05,2026/06/16,11:41
"CK LINE CO., LTD.",ckline,Hakata,77,,DONGJIN FIDES,,,,0712N,,,,2026/06/18,,2026/06/18,,2026/06/18,
"CK LINE CO., LTD.",ckline,Hakata,77,,DONGJIN FIDES,,,,0713N,,,,2026/06/22,,2026/06/22,,2026/06/22,
"CK LINE CO., LTD.",ckline,Hakata,77,,DONGJIN FIDES,,,,0714N,,,,2026/06/24,,2026/06/24,,2026/06/24,
"CK LINE CO., LTD.",ckline,Hakata,77,,DONGJIN FIDES,,,,0715N,,,,2026/06/28,,2026/06/28,,2026/06/28,
"CK LINE CO., LTD.",ckline,Hakata,77,,DONGJIN FIDES,,,,0716N,,,,2026/06/30,,2026/06/30,,2026/06/30,
"CK LINE CO., LTD.",ckline,Hakata,77,,DONGJIN FIDES,,,,0717N,,,,2026/07/04,,2026/07/04,,2026/07/04,
CMA CGM S.A.,cmacgm,Sendai,3,,ASTERIOS,5LHM9,JP8,,0P81SN,0P81ZS,,,2026/06/02,10:00,2026/06/03,04:26,2026/06/03,18:07
CMA CGM S.A.,cmacgm,Sendai,3,,AVIOS,5LHO2,JP8,,0P81UN,0P821S,,,2026/06/08,10:54,2026/06/10,03:42,2026/06/10,16:49
CMA CGM S.A.,cmacgm,Sendai,3,,ARIONAS,5LHN5,JP8,,0P81WN,0P823S,,,2026/06/17,04:15,2026/06/17,04:58,2026/06/17,17:00
CMA CGM S.A.,cmacgm,Sendai,3,,KUO LIN,9HA6212,JP8,,0P81YN,0P825S,,,2026/06/24,,2026/06/24,,2026/06/24,
CMA CGM S.A.,cmacgm,Sendai,3,,ASTERIOS,5LHM9,JP8,,0P820N,0P827S,,,2026/07/01,,2026/07/01,,2026/07/01,
CMA CGM S.A.,cmacgm,Yokohama,11,,CMA CGM RIGOLETTO,9HA6281,OCR,,-,0R10GW,,,2026/06/01,05:25,2026/06/01,06:10,2026/06/02,00:15
CMA CGM S.A.,cmacgm,Yokohama,11,,PRESIDENT CARTER,WPCW,EX1,,0DBO8W,0DBO8W,,,2026/06/02,07:35,2026/06/02,08:40,2026/06/03,17:15
CMA CGM S.A.,cmacgm,Yokohama,11,,CNC SATURN,9HA5327,JTVSCHX,,3CGSHN,0CG79S,,,2026/06/04,06:15,2026/06/04,06:55,2026/06/04,17:00
CMA CGM S.A.,cmacgm,Yokohama,11,,APL OCEANIA,KDAB,GSX,,0DQIDE,0DQIDE,,,2026/06/05,06:25,2026/06/05,06:55,2026/06/05,20:15
CMA CGM S.A.,cmacgm,Yokohama,11,,EVER BLISS,H9PP,JPI,,1189-111B,1197-112A,,,2026/06/06,06:55,2026/06/06,07:40,2026/06/06,18:10
CMA CGM S.A.,cmacgm,Yokohama,11,,CMA CGM NINGBO,9HA6171,M2X,,1WU0VW,1WU0VW,,,,,,,,
CMA CGM S.A.,cmacgm,Yokohama,11,,CNC BANGKOK,9HA5470,JTVSCHX,,0CG72N,0CG7BS,,,2026/06/05,19:20,2026/06/05,21:20,2026/06/06,03:45
CMA CGM S.A.,cmacgm,Yokohama,11,,CNC SERVAL,9V8612,JPX,,0IZNMN,0IZOLS,,,2026/06/06,07:25,2026/06/06,08:25,2026/06/07,03:40
CMA CGM S.A.,cmacgm,Yokohama,11,,CMA CGM PLATINUM,9HA6318,M2X,,1WU0PW,1WU0PW,,,2026/06/07,05:20,2026/06/07,06:15,2026/06/08,03:00
CMA CGM S.A.,cmacgm,Yokohama,11,,TAMPA I,D5UC8,A3N,,157N,158S,,,2026/06/07,21:15,2026/06/07,22:00,2026/06/08,19:55
CMA CGM S.A.,cmacgm,Yokohama,11,,CMA CGM THAMES,9HA3851,OCR,,-,0R10IW,,,2026/06/08,05:30,2026/06/08,06:20,2026/06/08,23:59
CMA CGM S.A.,cmacgm,Yokohama,11,,PRESIDENT GRANT,KPGK,EX1,,0DBOHE,0DBOHE,,,2026/06/09,01:30,2026/06/09,02:30,2026/06/09,14:40
CMA CGM S.A.,cmacgm,Yokohama,11,,PRESIDENT LB JOHNSON,KPJG,EX1,,0DBOAW,0DBOAW,,,2026/06/10,06:35,2026/06/10,07:35,2026/06/10,23:05
CMA CGM S.A.,cmacgm,Yokohama,11,,ALS HERCULES,CQ2132,A3N,,0AKMKN,0AKMXS,,,2026/06/10,23:55,2026/06/11,00:50,2026/06/11,18:55
CMA CGM S.A.,cmacgm,Yokohama,11,,PRESIDENT MONROE,WPMF,EX1,,0DBOJE,0DBOJE,,,2026/06/12,16:20,2026/06/12,17:05,2026/06/13,07:05
CMA CGM S.A.,cmacgm,Yokohama,11,,CNC SULAWESI,9V8572,JTVSCHX,,0CG76N,0CG7DS,,,2026/06/13,07:40,2026/06/13,08:20,2026/06/13,14:45
CMA CGM S.A.,cmacgm,Yokohama,11,,PRESIDENT BUSH,WPBU,EX1,,0DBOCW,0DBOCW,,,2026/06/14,16:45,2026/06/14,17:40,2026/06/15,15:50
CMA CGM S.A.,cmacgm,Yokohama,11,,LI DA WANG,3E8754,JTX,,0QINUN,0QIOBS,,,2026/06/09,07:12,2026/06/09,16:10,2026/06/10,03:30
CMA CGM S.A.,cmacgm,Yokohama,11,,APL ISLANDER,KGMQ,GSX,,0DQIFE,0DQIFE,,,2026/06/11,19:30,2026/06/11,20:25,2026/06/12,03:35
CMA CGM S.A.,cmacgm,Yokohama,11,,EVER BOOMY,HOGZ,JPI,,1190-090B,1198-091A,,,2026/06/12,17:45,2026/06/12,18:35,2026/06/13,04:30
CMA CGM S.A.,cmacgm,Yokohama,11,,CMA CGM TAGE,9HA3777,OCR,,-,0R10KW,,,2026/06/13,16:25,2026/06/13,17:25,2026/06/14,03:45
CMA CGM S.A.,cmacgm,Yokohama,11,,HANSA HOMBURG,D5RH5,JTX,,0QIO8N,0QIODS,,,2026/06/14,19:30,2026/06/15,17:30,2026/06/16,03:35
CMA CGM S.A.,cmacgm,Yokohama,11,,CMA CGM KIMBERLEY,FMPR,ACSA1,,0MH28W,0MH28W,,,2026/06/16,05:20,2026/06/16,06:10,2026/06/17,04:00
CMA CGM S.A.,cmacgm,Yokohama,11,,PALU BAY,5LII5,JPX,,0IZNPN,0IZONS,,,2026/06/17,06:30,2026/06/17,07:15,2026/06/17,23:00
CMA CGM S.A.,cmacgm,Yokohama,11,,CMA CGM VALPARAISO,9HA5559,JPX,,0IZNKN,0IZOPS,,,2026/06/17,18:00,2026/06/18,21:30,2026/06/19,17:00
CMA CGM S.A.,cmacgm,Yokohama,11,,PRESIDENT CARTER,WPCW,EX1,,0DBOLE,0DBOLE,,,2026/06/19,,2026/06/19,,2026/06/20,
CMA CGM S.A.,cmacgm,Yokohama,11,,PRESIDENT REAGAN,WPRU,EX1,,0DBOEW,0DBOEW,,,2026/06/21,,2026/06/21,,2026/06/22,
CMA CGM S.A.,cmacgm,Yokohama,11,,ALS CLIVIA,9V8629,A3N,,0AKMMN,0AKMZS,,,2026/06/17,23:30,2026/06/18,00:30,2026/06/19,01:00
CMA CGM S.A.,cmacgm,Yokohama,11,,CMA CGM JACQUES JUNIOR,9HA4198,OCR,,04FMYE,0R10MW,,,2026/06/21,,2026/06/21,,2026/06/22,
CMA CGM S.A.,cmacgm,Yokohama,11,,APL OCEANIA,KDAB,GSX,,0DQIHE,0DQIHE,,,2026/06/18,,2026/06/18,,2026/06/19,
CMA CGM S.A.,cmacgm,Yokohama,11,,APL SALALAH,9V9400,ACSA1,,0MH2AW,0MH2AW,,,2026/06/21,,2026/06/21,,2026/06/22,
CMA CGM S.A.,cmacgm,Yokohama,11,,CMA CGM ANDROMEDA,9HA4989,M2X,,1WU0ZW,1WU0ZW,,,,,,,,
CMA CGM S.A.,cmacgm,Yokohama,11,,EVER BLINK,BKLU,JPI,,1191-082B,1200-083A,,,2026/06/21,06:45,2026/06/21,07:45,2026/06/21,17:00
CMA CGM S.A.,cmacgm,Yokohama,11,,WILLIAM,CQAC2,JTVSCHX,,0CG78N,0CG7FS,,,2026/06/18,19:30,2026/06/18,20:30,2026/06/19,06:00
CMA CGM S.A.,cmacgm,Yokohama,11,,HAIAN EAST,XVIV7,JTX,,0QINWN,0QIOFS,,,2026/06/22,,2026/06/22,,2026/06/22,
CMA CGM S.A.,cmacgm,Yokohama,11,,CNC JAGUAR,9HA5771,JPX,,0IZNXN,0IZORS,,,2026/06/23,,2026/06/23,,2026/06/23,
CMA CGM S.A.,cmacgm,Yokohama,11,,APL ISLANDER,KGMQ,GSX,,0DQIJE,0DQIJE,,,2026/06/26,,2026/06/26,,2026/06/26,
CMA CGM S.A.,cmacgm,Yokohama,11,,CMA CGM NEVADA,9HA3474,ACSA1,,0MH2CW,0MH2CW,,,2026/06/27,,2026/06/27,,2026/06/28,
CMA CGM S.A.,cmacgm,Yokohama,11,,EVER BUILD,3ELY7,JPI,,1194-086B,1201-087A,,,2026/06/28,,2026/06/28,,2026/06/28,
CMA CGM S.A.,cmacgm,Yokohama,11,,PELION,5LKZ5,A3N,,0AKMON,0AKN1S,,,2026/06/23,,2026/06/23,,2026/06/24,
CMA CGM S.A.,cmacgm,Yokohama,11,,PRESIDENT LB JOHNSON,KPJG,EX1,,0DBONE,0DBONE,,,2026/06/26,,2026/06/26,,2026/06/27,
CMA CGM S.A.,cmacgm,Yokohama,11,,PRESIDENT JQ ADAMS,KPJQ,EX1,,0DBOGW,0DBOGW,,,2026/06/28,,2026/06/28,,2026/06/29,
CMA CGM S.A.,cmacgm,Yokohama,11,,CMA CGM ANDROMEDA,9HA4989,OCR,,-,0R10SW,,,2026/06/28,,2026/06/28,,2026/06/29,
CMA CGM S.A.,cmacgm,Yokohama,11,,CMA CGM FORT SAINT CHARLES,9HA6088,JPX,,0IZNZN,0IZOTS,,,2026/06/29,,2026/06/29,,2026/06/29,
CMA CGM S.A.,cmacgm,Yokohama,11,,OOCL SHANGHAI,VRJS3,A3N,,099N,100S,,,2026/07/01,,2026/07/01,,2026/07/02,
CMA CGM S.A.,cmacgm,Yokohama,11,,APL OCEANIA,KDAB,GSX,,0DQILE,0DQILE,,,2026/07/02,,2026/07/02,,2026/07/02,
CMA CGM S.A.,cmacgm,Yokohama,11,,APL CHARLESTON,9V9923,ACSA1,,0MH2EW,0MH2EW,,,2026/07/03,,2026/07/03,,2026/07/04,
CMA CGM S.A.,cmacgm,Yokohama,11,,PRESIDENT BUSH,WPBU,EX1,,0DBOPE,0DBOPE,,,2026/07/04,,2026/07/04,,2026/07/04,
CMA CGM S.A.,cmacgm,Yokohama,11,,EVER BLISS,H9PP,JPI,,1195-113B,1202-114A,,,2026/07/05,,2026/07/05,,2026/07/05,
CMA CGM S.A.,cmacgm,Yokohama,11,,SHUN LONG,3E2286,JTX,,0QIOAN,0QIOHS,,,2026/06/29,,2026/06/29,,2026/06/29,
CMA CGM S.A.,cmacgm,Yokohama,11,,CNC BANGKOK,9HA5470,JTVSCHX,,0CG7CN,0CG7JS,,,2026/07/02,,2026/07/02,,2026/07/03,
CMA CGM S.A.,cmacgm,Yokohama,11,,CMA CGM OTELLO,9HA5979,OCR,,0R103E,0R10QW,,,2026/07/05,,2026/07/05,,2026/07/06,
CMA CGM S.A.,cmacgm,Yokohama,11,,CNC SATURN,9HA5327,JTVSCHX,,0CG7AN,0CG7HS,,,2026/06/29,,2026/06/29,,2026/06/29,
CMA CGM S.A.,cmacgm,Yokohama,11,,CNC SERVAL,9V8612,JPX,,0IZOMN,0IZOVS,,,2026/07/05,,2026/07/05,,2026/07/06,
CMA CGM S.A.,cmacgm,Tokyo,13,,CNC SATURN,9HA5327,JTVSCHX,,3CGSHN,0CG79S,,,2026/06/01,17:30,2026/06/02,07:47,2026/06/04,04:50
CMA CGM S.A.,cmacgm,Tokyo,13,,EVER BLISS,H9PP,JPI,,1189-111B,1197-112A,,,2026/06/05,06:03,2026/06/05,06:47,2026/06/06,05:20
CMA CGM S.A.,cmacgm,Tokyo,13,,ONE OLYMPUS,9VPQ7,FUJI,,080W,-,,,2026/06/05,06:35,2026/06/05,07:27,2026/06/06,04:42
CMA CGM S.A.,cmacgm,Tokyo,13,,CNC BANGKOK,9HA5470,JTVSCHX,,0CG72N,0CG7BS,,,2026/06/05,06:41,2026/06/05,07:23,2026/06/05,17:28
CMA CGM S.A.,cmacgm,Tokyo,13,,SWAN RIVER BRIDGE,9V8218,JVH,,127N,128S,,,2026/06/05,06:48,2026/06/05,07:30,2026/06/05,17:17
CMA CGM S.A.,cmacgm,Tokyo,13,,ASTERIOS,5LHM9,JP8,,0P81SN,0P81ZS,,,2026/06/05,17:31,2026/06/05,18:09,2026/06/06,05:05
CMA CGM S.A.,cmacgm,Tokyo,13,,CNC SERVAL,9V8612,JPX,,0IZNMN,0IZOLS,,,2026/06/07,05:48,2026/06/08,07:36,2026/06/08,15:15
CMA CGM S.A.,cmacgm,Tokyo,13,,EVER SMILE,MLTH5,NWX,,0NWKKN1MA,-,,,2026/06/09,06:23,2026/06/09,07:12,2026/06/10,04:28
CMA CGM S.A.,cmacgm,Tokyo,13,,PEARL RIVER BRIDGE,9V9638,JVH,,231N,232S,,,2026/06/10,06:47,2026/06/10,07:23,2026/06/10,17:21
CMA CGM S.A.,cmacgm,Tokyo,13,,AVIOS,5LHO2,JP8,,0P81UN,0P821S,,,2026/06/11,17:24,2026/06/11,18:09,2026/06/12,16:12
CMA CGM S.A.,cmacgm,Tokyo,13,,EVER BOOMY,HOGZ,JPI,,1190-090B,1198-091A,,,2026/06/13,06:24,2026/06/13,12:44,2026/06/14,04:18
CMA CGM S.A.,cmacgm,Tokyo,13,,LI DA WANG,3E8754,JTX,,0QINUN1MA,0QIOBS,,,2026/06/08,06:19,2026/06/08,07:03,2026/06/09,05:29
CMA CGM S.A.,cmacgm,Tokyo,13,,CNC SULAWESI,9V8572,JTVSCHX,,0CG76N,0CG7DS,,,2026/06/13,16:17,2026/06/13,17:02,2026/06/14,16:49
CMA CGM S.A.,cmacgm,Tokyo,13,,HANSA HOMBURG,D5RH5,JTX,,0QIO8N,0QIODS,,,2026/06/13,17:46,2026/06/13,18:31,2026/06/14,17:48
CMA CGM S.A.,cmacgm,Tokyo,13,,PALU BAY,5LII5,JPX,,0IZNPN,0IZONS,,,2026/06/16,06:20,2026/06/16,07:04,2026/06/17,04:52
CMA CGM S.A.,cmacgm,Tokyo,13,,CMA CGM VALPARAISO,9HA5559,JPX,,0IZNKN,0IZOPS,,,2026/06/17,06:23,2026/06/17,07:06,2026/06/17,16:30
CMA CGM S.A.,cmacgm,Tokyo,13,,WILLIAM,CQAC2,JTVSCHX,,0CG78N,0CG7FS,,,2026/06/18,06:30,2026/06/18,07:30,2026/06/18,18:00
CMA CGM S.A.,cmacgm,Tokyo,13,,HAIAN EAST,XVIV7,JTX,,0QINWN,0QIOFS,,,2026/06/20,,2026/06/20,,2026/06/21,
CMA CGM S.A.,cmacgm,Tokyo,13,,EVER SUMMIT,9V7524,NWX,,0NWKMN1MA,-,,,2026/06/16,06:43,2026/06/16,07:31,2026/06/17,04:29
CMA CGM S.A.,cmacgm,Tokyo,13,,SMOOTH WIND,5LVU6,JVH,,020N,021S,,,2026/06/17,06:57,2026/06/17,07:35,2026/06/17,18:00
CMA CGM S.A.,cmacgm,Tokyo,13,,ARIONAS,5LHN5,JP8,,0P81WN,0P823S,,,2026/06/18,17:00,2026/06/18,18:00,2026/06/19,05:00
CMA CGM S.A.,cmacgm,Tokyo,13,,EVER BLINK,BKLU,JPI,,1191-082B,1200-083A,,,2026/06/20,07:00,2026/06/20,08:00,2026/06/21,05:30
CMA CGM S.A.,cmacgm,Tokyo,13,,CNC JAGUAR,9HA5771,JPX,,0IZNXN,0IZORS,,,2026/06/22,,2026/06/22,,2026/06/23,
CMA CGM S.A.,cmacgm,Tokyo,13,,EVER SIGMA,MKKZ7,NWX,,0NWKQN1MA,-,,,2026/06/23,,2026/06/23,,2026/06/24,
CMA CGM S.A.,cmacgm,Tokyo,13,,KUO LIN,9HA6212,JP8,,0P81YN,0P825S,,,2026/06/25,,2026/06/25,,2026/06/26,
CMA CGM S.A.,cmacgm,Tokyo,13,,SWAN RIVER BRIDGE,9V8218,JVH,,128N,129S,,,2026/06/26,17:00,2026/06/26,18:00,2026/06/27,07:00
CMA CGM S.A.,cmacgm,Tokyo,13,,EVER BUILD,3ELY7,JPI,,1194-086B,1201-087A,,,2026/06/27,,2026/06/27,,2026/06/28,
CMA CGM S.A.,cmacgm,Tokyo,13,,CMA CGM FORT SAINT CHARLES,9HA6088,JPX,,0IZNZN,0IZOTS,,,2026/06/28,,2026/06/28,,2026/06/29,
CMA CGM S.A.,cmacgm,Tokyo,13,,SHUN LONG,3E2286,JTX,,0QIOAN,0QIOHS,,,2026/06/27,,2026/06/27,,2026/06/28,
CMA CGM S.A.,cmacgm,Tokyo,13,,CNC SATURN,9HA5327,JTVSCHX,,0CG7AN,0CG7HS,,,2026/06/28,,2026/06/28,,2026/06/29,
CMA CGM S.A.,cmacgm,Tokyo,13,,EVER SHINE,MJKZ4,NWX,,0NWKSN1MA,-,,,2026/07/01,,2026/07/01,,2026/07/02,
CMA CGM S.A.,cmacgm,Tokyo,13,,CNC BANGKOK,9HA5470,JTVSCHX,,0CG7CN,0CG7JS,,,2026/07/02,,2026/07/02,,2026/07/02,
CMA CGM S.A.,cmacgm,Tokyo,13,,EVER BLISS,H9PP,JPI,,1195-113B,1202-114A,,,2026/07/04,,2026/07/04,,2026/07/05,
CMA CGM S.A.,cmacgm,Tokyo,13,,PEARL RIVER BRIDGE,9V9638,JVH,,232N,233S,,,2026/07/01,07:00,2026/07/01,08:00,2026/07/01,21:00
CMA CGM S.A.,cmacgm,Tokyo,13,,ASTERIOS,5LHM9,JP8,,0P820N,0P827S,,,2026/07/02,,2026/07/02,,2026/07/03,
CMA CGM S.A.,cmacgm,Tokyo,13,,CNC SERVAL,9V8612,JPX,,0IZOMN,0IZOVS,,,2026/07/04,,2026/07/04,,2026/07/05,
CMA CGM S.A.,cmacgm,Shimizu,30,,EVER BIRTH,3EUL8,JPI,,1188-107B,1196-108A,,,2026/06/01,06:25,2026/06/01,07:16,2026/06/01,17:15
CMA CGM S.A.,cmacgm,Shimizu,30,,ONE OLYMPUS,9VPQ7,FUJI,,080W,-,,,,,,,,
CMA CGM S.A.,cmacgm,Shimizu,30,,SWAN RIVER BRIDGE,9V8218,JVH,,127N,128S,,,2026/06/06,05:45,2026/06/06,06:35,2026/06/06,18:51
CMA CGM S.A.,cmacgm,Shimizu,30,,EVER BLISS,H9PP,JPI,,1189-111B,1197-112A,,,2026/06/07,17:15,2026/06/07,18:20,2026/06/09,10:05
CMA CGM S.A.,cmacgm,Shimizu,30,,PEARL RIVER BRIDGE,9V9638,JVH,,231N,232S,,,2026/06/11,14:50,2026/06/11,15:41,2026/06/12,06:04
CMA CGM S.A.,cmacgm,Shimizu,30,,EVER BOOMY,HOGZ,JPI,,1190-090B,1198-091A,,,2026/06/14,12:55,2026/06/14,13:43,2026/06/14,21:05
CMA CGM S.A.,cmacgm,Shimizu,30,,SMOOTH WIND,5LVU6,JVH,,020N,021S,,,2026/06/18,07:30,2026/06/18,08:30,2026/06/18,17:00
CMA CGM S.A.,cmacgm,Shimizu,30,,EVER BLINK,BKLU,JPI,,1191-082B,1200-083A,,,2026/06/22,00:30,2026/06/22,01:30,2026/06/22,09:00
CMA CGM S.A.,cmacgm,Shimizu,30,,SWAN RIVER BRIDGE,9V8218,JVH,,128N,129S,,,2026/06/27,23:00,2026/06/28,00:00,2026/06/28,06:00
CMA CGM S.A.,cmacgm,Shimizu,30,,EVER BUILD,3ELY7,JPI,,1194-086B,1201-087A,,,2026/06/29,,2026/06/29,,2026/06/29,
CMA CGM S.A.,cmacgm,Shimizu,30,,PEARL RIVER BRIDGE,9V9638,JVH,,232N,233S,,,2026/07/02,13:00,2026/07/02,14:00,2026/07/02,20:00
CMA CGM S.A.,cmacgm,Omaezaki,32,,ASTERIOS,5LHM9,JP8,,0P81SN,0P81ZS,,,2026/06/07,06:20,2026/06/07,07:10,2026/06/07,16:10
CMA CGM S.A.,cmacgm,Omaezaki,32,,AVIOS,5LHO2,JP8,,0P81UN,0P821S,,,2026/06/13,06:25,2026/06/13,07:20,2026/06/13,16:20
CMA CGM S.A.,cmacgm,Omaezaki,32,,ARIONAS,5LHN5,JP8,,0P81WN,0P823S,,,2026/06/20,06:00,2026/06/20,07:00,2026/06/20,15:00
CMA CGM S.A.,cmacgm,Omaezaki,32,,KUO LIN,9HA6212,JP8,,0P81YN,0P825S,,,2026/06/26,,2026/06/26,,2026/06/26,
CMA CGM S.A.,cmacgm,Omaezaki,32,,ASTERIOS,5LHM9,JP8,,0P820N,0P827S,,,2026/07/03,,2026/07/03,,2026/07/03,
CMA CGM S.A.,cmacgm,Nagoya,35,,CNC SERVAL,9V8612,JPX,,0IZNMN,0IZOLS,,,2026/06/04,11:10,2026/06/04,12:15,2026/06/04,23:15
CMA CGM S.A.,cmacgm,Nagoya,35,,EVER BIRTH,3EUL8,JPI,,1188-107B,1196-108A,,,2026/06/05,09:00,2026/06/05,10:15,2026/06/05,18:05
CMA CGM S.A.,cmacgm,Nagoya,35,,ONE OLYMPUS,9VPQ7,FUJI,,080W,-,,,2026/06/06,19:10,2026/06/06,20:40,2026/06/08,03:35
CMA CGM S.A.,cmacgm,Nagoya,35,,SWAN RIVER BRIDGE,9V8218,JVH,,127N,128S,,,2026/06/07,06:40,2026/06/07,08:00,2026/06/08,04:45
CMA CGM S.A.,cmacgm,Nagoya,35,,CNC SATURN,9HA5327,JTVSCHX,,3CGSHN,0CG79S,,,2026/06/05,09:05,2026/06/05,10:20,2026/06/05,17:55
CMA CGM S.A.,cmacgm,Nagoya,35,,CNC BANGKOK,9HA5470,JTVSCHX,,0CG72N,0CG7BS,,,2026/06/06,19:50,2026/06/06,21:20,2026/06/07,07:25
CMA CGM S.A.,cmacgm,Nagoya,35,,CMA CGM THAMES,9HA3851,OCR,,1WU0TW,0R10IW,,,2026/06/05,15:00,2026/06/05,16:30,2026/06/06,09:10
CMA CGM S.A.,cmacgm,Nagoya,35,,PRESIDENT GRANT,KPGK,EX1,,0DBOHE,0DBOHE,,,2026/06/05,17:55,2026/06/05,19:30,2026/06/06,05:00
CMA CGM S.A.,cmacgm,Nagoya,35,,EVER BLISS,H9PP,JPI,,1189-111B,1197-112A,,,2026/06/09,18:10,2026/06/09,19:30,2026/06/10,03:15
CMA CGM S.A.,cmacgm,Nagoya,35,,LI DA WANG,3E8754,JTX,,0QINUN,0QIOBS,,,2026/06/11,06:10,2026/06/11,07:30,2026/06/11,18:40
CMA CGM S.A.,cmacgm,Nagoya,35,,CMA CGM TAGE,9HA3777,OCR,,0MH24W,0R10KW,,,2026/06/12,09:05,2026/06/12,10:35,2026/06/12,22:40
CMA CGM S.A.,cmacgm,Nagoya,35,,PALU BAY,5LII5,JPX,,0IZNPN,0IZONS,,,2026/06/14,16:10,2026/06/14,17:25,2026/06/15,09:20
CMA CGM S.A.,cmacgm,Nagoya,35,,PRESIDENT MONROE,WPMF,EX1,,0DBOJE,0DBOJE,,,2026/06/11,11:40,2026/06/11,13:00,2026/06/11,20:05
CMA CGM S.A.,cmacgm,Nagoya,35,,PEARL RIVER BRIDGE,9V9638,JVH,,231N,232S,,,2026/06/12,15:50,2026/06/12,17:20,2026/06/13,00:45
CMA CGM S.A.,cmacgm,Nagoya,35,,EVER BOOMY,HOGZ,JPI,,1190-090B,1198-091A,,,2026/06/15,06:20,2026/06/15,07:35,2026/06/15,15:25
CMA CGM S.A.,cmacgm,Nagoya,35,,HANSA HOMBURG,D5RH5,JTX,,0QIO8N,0QIODS,,,2026/06/16,19:55,2026/06/16,21:10,2026/06/17,13:00
CMA CGM S.A.,cmacgm,Nagoya,35,,PRESIDENT CARTER,WPCW,EX1,,0DBOLE,0DBOLE,,,2026/06/17,10:00,2026/06/17,11:00,2026/06/17,22:00
CMA CGM S.A.,cmacgm,Nagoya,35,,SMOOTH WIND,5LVU6,JVH,,020N,021S,,,2026/06/19,07:00,2026/06/19,08:00,2026/06/19,14:00
CMA CGM S.A.,cmacgm,Nagoya,35,,CMA CGM JACQUES JUNIOR,9HA4198,OCR,,04FMYE,0R10MW,,,2026/06/20,,2026/06/20,,2026/06/20,
CMA CGM S.A.,cmacgm,Nagoya,35,,CNC JAGUAR,9HA5771,JPX,,0IZNXN,0IZORS,,,2026/06/21,,2026/06/21,,2026/06/21,
CMA CGM S.A.,cmacgm,Nagoya,35,,CNC SULAWESI,9V8572,JTVSCHX,,0CG76N,0CG7DS,,,2026/06/15,09:25,2026/06/15,10:40,2026/06/15,19:20
CMA CGM S.A.,cmacgm,Nagoya,35,,WILLIAM,CQAC2,JTVSCHX,,0CG78N,0CG7FS,,,2026/06/19,22:00,2026/06/19,23:00,2026/06/20,14:00
CMA CGM S.A.,cmacgm,Nagoya,35,,CMA CGM VALPARAISO,9HA5559,JPX,,0IZNKN,0IZOPS,,,2026/06/15,19:50,2026/06/15,21:05,2026/06/16,15:25
CMA CGM S.A.,cmacgm,Nagoya,35,,EVER BLINK,BKLU,JPI,,1191-082B,1200-083A,,,2026/06/22,18:00,2026/06/22,19:00,2026/06/23,05:00
CMA CGM S.A.,cmacgm,Nagoya,35,,HAIAN EAST,XVIV7,JTX,,0QINWN,0QIOFS,,,2026/06/23,,2026/06/23,,2026/06/23,
CMA CGM S.A.,cmacgm,Nagoya,35,,PRESIDENT LB JOHNSON,KPJG,EX1,,0DBONE,0DBONE,,,2026/06/25,,2026/06/25,,2026/06/25,
CMA CGM S.A.,cmacgm,Nagoya,35,,CMA CGM ANDROMEDA,9HA4989,OCR,,1WU0ZW,0R10SW,,,2026/06/26,,2026/06/26,,2026/06/26,
CMA CGM S.A.,cmacgm,Nagoya,35,,SWAN RIVER BRIDGE,9V8218,JVH,,128N,129S,,,2026/06/28,17:00,2026/06/28,18:00,2026/06/29,00:01
CMA CGM S.A.,cmacgm,Nagoya,35,,CMA CGM FORT SAINT CHARLES,9HA6088,JPX,,0IZNZN,0IZOTS,,,2026/06/26,,2026/06/26,,2026/06/27,
CMA CGM S.A.,cmacgm,Nagoya,35,,SHUN LONG,3E2286,JTX,,0QIOAN,0QIOHS,,,2026/06/30,,2026/06/30,,2026/06/30,
CMA CGM S.A.,cmacgm,Nagoya,35,,PRESIDENT BUSH,WPBU,EX1,,0DBOPE,0DBOPE,,,2026/07/02,,2026/07/02,,2026/07/02,
CMA CGM S.A.,cmacgm,Nagoya,35,,CMA CGM OTELLO,9HA5979,OCR,,0R103E,0R10QW,,,2026/07/03,,2026/07/03,,2026/07/03,
CMA CGM S.A.,cmacgm,Nagoya,35,,CNC BANGKOK,9HA5470,JTVSCHX,,0CG7CN,0CG7JS,,,2026/07/04,,2026/07/04,,2026/07/04,
CMA CGM S.A.,cmacgm,Nagoya,35,,CNC SATURN,9HA5327,JTVSCHX,,0CG7AN,0CG7HS,,,2026/06/30,,2026/06/30,,2026/06/30,
CMA CGM S.A.,cmacgm,Nagoya,35,,CNC SERVAL,9V8612,JPX,,0IZOMN,0IZOVS,,,2026/07/03,,2026/07/03,,2026/07/03,
CMA CGM S.A.,cmacgm,Nagoya,35,,EVER BUILD,3ELY7,JPI,,1194-086B,1201-087A,,,2026/06/30,,2026/06/30,,2026/06/30,
CMA CGM S.A.,cmacgm,Nagoya,35,,PEARL RIVER BRIDGE,9V9638,JVH,,232N,233S,,,2026/07/03,07:00,2026/07/03,08:00,2026/07/03,14:00
CMA CGM S.A.,cmacgm,Osaka,40,,ALS LUNA,9V8628,A3N,,0AKMGN,0AKMTS,,,2026/06/01,07:03,2026/06/01,07:43,2026/06/01,19:22
CMA CGM S.A.,cmacgm,Osaka,40,,TAMPA I,D5UC8,A3N,,157N,158S,,,2026/06/09,20:00,2026/06/09,21:10,2026/06/10,18:44
CMA CGM S.A.,cmacgm,Osaka,40,,EVER SMILE,MLTH5,NWX,,0NWKKN1MA,-,,,2026/06/11,06:43,2026/06/11,07:22,2026/06/11,22:00
CMA CGM S.A.,cmacgm,Osaka,40,,ALS HERCULES,CQ2132,A3N,,0AKMKN,0AKMXS,,,2026/06/12,18:59,2026/06/12,19:40,2026/06/13,14:41
CMA CGM S.A.,cmacgm,Osaka,40,,EVER SUMMIT,9V7524,NWX,,0NWKMN1MA,-,,,2026/06/18,07:15,2026/06/18,08:15,2026/06/18,18:00
CMA CGM S.A.,cmacgm,Osaka,40,,ALS CLIVIA,9V8629,A3N,,0AKMMN,0AKMZS,,,2026/06/19,,2026/06/19,,2026/06/20,
CMA CGM S.A.,cmacgm,Osaka,40,,EVER SIGMA,MKKZ7,NWX,,0NWKQN1MA,-,,,2026/06/25,,2026/06/25,,2026/06/25,
CMA CGM S.A.,cmacgm,Osaka,40,,PELION,5LKZ5,A3N,,0AKMON,0AKN1S,,,2026/06/25,,2026/06/25,,2026/06/26,
CMA CGM S.A.,cmacgm,Osaka,40,,OOCL SHANGHAI,VRJS3,A3N,,099N,100S,,,2026/07/03,,2026/07/03,,2026/07/04,
CMA CGM S.A.,cmacgm,Osaka,40,,EVER SHINE,MJKZ4,NWX,,0NWKSN1MA,-,,,2026/07/03,,2026/07/03,,2026/07/04,
CMA CGM S.A.,cmacgm,Kobe,41,,CNC SERVAL,9V8612,JPX,,0IZNMN,0IZOLS,,,2026/06/01,17:45,2026/06/01,18:37,2026/06/02,18:08
CMA CGM S.A.,cmacgm,Kobe,41,,CMA CGM THAMES,9HA3851,OCR,,1WU0TW,0R10IW,,,2026/06/04,06:35,2026/06/04,07:41,2026/06/05,00:55
CMA CGM S.A.,cmacgm,Kobe,41,,EVER BIRTH,3EUL8,JPI,,1188-107B,1196-108A,,,2026/06/06,09:05,2026/06/06,09:50,2026/06/06,18:37
CMA CGM S.A.,cmacgm,Kobe,41,,CNC SATURN,9HA5327,JTVSCHX,,3CGSHN,0CG79S,,,2026/06/07,07:55,2026/06/07,08:41,2026/06/08,09:08
CMA CGM S.A.,cmacgm,Kobe,41,,PRESIDENT GRANT,KPGK,EX1,,0DBOHE,0DBOHE,,,2026/06/04,06:50,2026/06/04,08:03,2026/06/04,20:36
CMA CGM S.A.,cmacgm,Kobe,41,,CNC BANGKOK,9HA5470,JTVSCHX,,0CG72N,0CG7BS,,,2026/06/08,09:20,2026/06/08,10:11,2026/06/09,01:59
CMA CGM S.A.,cmacgm,Kobe,41,,PRESIDENT MONROE,WPMF,EX1,,0DBOJE,0DBOJE,,,2026/06/09,20:15,2026/06/09,21:09,2026/06/10,15:56
CMA CGM S.A.,cmacgm,Kobe,41,,EVER BLISS,H9PP,JPI,,1189-111B,1197-112A,,,2026/06/10,18:15,2026/06/10,19:22,2026/06/11,06:02
CMA CGM S.A.,cmacgm,Kobe,41,,CMA CGM TAGE,9HA3777,OCR,,0MH24W,0R10KW,,,2026/06/10,16:46,2026/06/11,07:50,2026/06/11,18:10
CMA CGM S.A.,cmacgm,Kobe,41,,PALU BAY,5LII5,JPX,,0IZNPN,0IZONS,,,2026/06/12,11:30,2026/06/12,12:34,2026/06/13,16:56
CMA CGM S.A.,cmacgm,Kobe,41,,PEARL RIVER BRIDGE,9V9638,JVH,,231N,232S,,,2026/06/13,16:20,2026/06/13,17:16,2026/06/14,01:07
CMA CGM S.A.,cmacgm,Kobe,41,,CMA CGM VALPARAISO,9HA5559,JPX,,0IZNKN,0IZOPS,,,2026/06/14,06:45,2026/06/14,07:40,2026/06/15,00:02
CMA CGM S.A.,cmacgm,Kobe,41,,ONE OLYMPUS,9VPQ7,FUJI,,080W,-,,,2026/06/08,18:10,2026/06/08,19:12,2026/06/09,16:40
CMA CGM S.A.,cmacgm,Kobe,41,,KOI,D5NZ4,CBX,,0XRB5E,0XRB5E,,,2026/06/11,18:40,2026/06/11,19:50,2026/06/12,11:11
CMA CGM S.A.,cmacgm,Kobe,41,,LI DA WANG,3E8754,JTX,,0QINUN,0QIOBS,,,2026/06/14,06:50,2026/06/14,07:50,2026/06/14,14:15
CMA CGM S.A.,cmacgm,Kobe,41,,SWAN RIVER BRIDGE,9V8218,JVH,,127N,128S,,,2026/06/08,21:00,2026/06/08,22:06,2026/06/09,03:04
CMA CGM S.A.,cmacgm,Kobe,41,,PRESIDENT CARTER,WPCW,EX1,,0DBOLE,0DBOLE,,,2026/06/16,06:40,2026/06/16,07:40,2026/06/16,19:28
CMA CGM S.A.,cmacgm,Kobe,41,,CMA CGM JACQUES JUNIOR,9HA4198,OCR,,04FMYE,0R10MW,,,2026/06/19,,2026/06/19,,2026/06/19,
CMA CGM S.A.,cmacgm,Kobe,41,,SMOOTH WIND,5LVU6,JVH,,020N,021S,,,2026/06/20,07:00,2026/06/20,08:00,2026/06/20,18:00
CMA CGM S.A.,cmacgm,Kobe,41,,WILLIAM,CQAC2,JTVSCHX,,0CG78N,0CG7FS,,,2026/06/21,07:00,2026/06/21,08:00,2026/06/22,03:00
CMA CGM S.A.,cmacgm,Kobe,41,,EVER BOOMY,HOGZ,JPI,,1190-090B,1198-091A,,,2026/06/16,13:00,2026/06/16,13:42,2026/06/17,00:28
CMA CGM S.A.,cmacgm,Kobe,41,,CNC JAGUAR,9HA5771,JPX,,0IZNXN,0IZORS,,,2026/06/19,,2026/06/19,,2026/06/20,
CMA CGM S.A.,cmacgm,Kobe,41,,CNC SULAWESI,9V8572,JTVSCHX,,0CG76N,0CG7DS,,,2026/06/16,16:06,2026/06/16,20:46,2026/06/17,16:30
CMA CGM S.A.,cmacgm,Kobe,41,,EVER BLINK,BKLU,JPI,,1191-082B,1200-083A,,,2026/06/23,20:00,2026/06/23,21:00,2026/06/24,06:10
CMA CGM S.A.,cmacgm,Kobe,41,,PRESIDENT LB JOHNSON,KPJG,EX1,,0DBONE,0DBONE,,,2026/06/24,,2026/06/24,,2026/06/24,
CMA CGM S.A.,cmacgm,Kobe,41,,CMA CGM ANDROMEDA,9HA4989,OCR,,1WU0ZW,0R10SW,,,2026/06/25,,2026/06/25,,2026/06/25,
CMA CGM S.A.,cmacgm,Kobe,41,,CMA CGM FORT SAINT CHARLES,9HA6088,JPX,,0IZNZN,0IZOTS,,,2026/06/24,,2026/06/24,,2026/06/25,
CMA CGM S.A.,cmacgm,Kobe,41,,SWAN RIVER BRIDGE,9V8218,JVH,,128N,129S,,,2026/06/29,17:00,2026/06/29,18:00,2026/06/30,04:00
CMA CGM S.A.,cmacgm,Kobe,41,,PRESIDENT BUSH,WPBU,EX1,,0DBOPE,0DBOPE,,,2026/06/30,,2026/06/30,,2026/06/30,
CMA CGM S.A.,cmacgm,Kobe,41,,EVER BUILD,3ELY7,JPI,,1194-086B,1201-087A,,,2026/07/01,,2026/07/01,,2026/07/01,
CMA CGM S.A.,cmacgm,Kobe,41,,CMA CGM OTELLO,9HA5979,OCR,,0R103E,0R10QW,,,2026/07/02,,2026/07/02,,2026/07/02,
CMA CGM S.A.,cmacgm,Kobe,41,,PEARL RIVER BRIDGE,9V9638,JVH,,232N,233S,,,2026/07/04,07:00,2026/07/04,08:00,2026/07/04,18:00
CMA CGM S.A.,cmacgm,Kobe,41,,CNC BANGKOK,9HA5470,JTVSCHX,,0CG7CN,0CG7JS,,,2026/07/05,,2026/07/05,,2026/07/06,
CMA CGM S.A.,cmacgm,Kobe,41,,CNC SERVAL,9V8612,JPX,,0IZOMN,0IZOVS,,,2026/07/01,,2026/07/01,,2026/07/01,
CMA CGM S.A.,cmacgm,Kobe,41,,CNC SATURN,9HA5327,JTVSCHX,,0CG7AN,0CG7HS,,,2026/07/01,,2026/07/01,,2026/07/02,
CMA CGM S.A.,cmacgm,Moji,70,,CONTSHIP WAY,5BFP5,NPF,,0NAEOS,0NAEPN,,,2026/06/05,12:52,2026/06/05,13:23,2026/06/05,19:05
CMA CGM S.A.,cmacgm,Moji,70,,CONTSHIP WAY,5BFP5,NPF,,0NAEQS,0NAERN,,,2026/06/10,19:30,2026/06/11,07:49,2026/06/11,16:45
CMA CGM S.A.,cmacgm,Moji,70,,CONTSHIP WAY,5BFP5,NPF,,0NAESS,0NAETN,,,2026/06/17,12:01,2026/06/18,08:00,2026/06/18,16:00
CMA CGM S.A.,cmacgm,Moji,70,,CONTSHIP WAY,5BFP5,NPF,,0NAEUS,0NAEVN,,,2026/06/25,,2026/06/25,,2026/06/25,
CMA CGM S.A.,cmacgm,Moji,70,,CONTSHIP WAY,5BFP5,NPF,,0NAEWS,0NAEXN,,,2026/07/02,,2026/07/02,,2026/07/02,
CMA CGM S.A.,cmacgm,Hakata,77,,APL OCEANIA,KDAB,GSX,,0DQIDE,0DQIDE,,,2026/06/03,11:55,2026/06/03,12:50,2026/06/03,18:26
CMA CGM S.A.,cmacgm,Hakata,77,,CONTSHIP WAY,5BFP5,NPF,,0NAEOS,0NAEPN,,,2026/06/06,05:49,2026/06/06,06:38,2026/06/06,14:14
CMA CGM S.A.,cmacgm,Hakata,77,,APL ISLANDER,KGMQ,GSX,,0DQIFE,0DQIFE,,,2026/06/09,11:58,2026/06/09,12:46,2026/06/09,19:38
CMA CGM S.A.,cmacgm,Hakata,77,,CONTSHIP WAY,5BFP5,NPF,,0NAEQS,0NAERN,,,2026/06/11,22:36,2026/06/12,07:06,2026/06/12,16:21
CMA CGM S.A.,cmacgm,Hakata,77,,APL OCEANIA,KDAB,GSX,,0DQIHE,0DQIHE,,,2026/06/17,06:32,2026/06/17,07:24,2026/06/17,17:00
CMA CGM S.A.,cmacgm,Hakata,77,,CONTSHIP WAY,5BFP5,NPF,,0NAESS,0NAETN,,,2026/06/19,07:00,2026/06/19,08:00,2026/06/19,16:00
CMA CGM S.A.,cmacgm,Hakata,77,,APL ISLANDER,KGMQ,GSX,,0DQIJE,0DQIJE,,,2026/06/24,,2026/06/24,,2026/06/24,
CMA CGM S.A.,cmacgm,Hakata,77,,CONTSHIP WAY,5BFP5,NPF,,0NAEUS,0NAEVN,,,2026/06/25,,2026/06/25,,2026/06/26,
CMA CGM S.A.,cmacgm,Hakata,77,,APL OCEANIA,KDAB,GSX,,0DQILE,0DQILE,,,2026/06/30,,2026/06/30,,2026/06/30,
CMA CGM S.A.,cmacgm,Hakata,77,,CONTSHIP WAY,5BFP5,NPF,,0NAEWS,0NAEXN,,,2026/07/02,,2026/07/02,,2026/07/03,
CMA CGM S.A.,cmacgm,Oita,78,,CONTSHIP WAY,5BFP5,NPF,,0NAEOS,0NAEPN,,,,,,,,
CMA CGM S.A.,cmacgm,Oita,78,,CONTSHIP WAY,5BFP5,NPF,,0NAEQS,0NAERN,,,2026/06/09,16:36,2026/06/10,13:29,2026/06/10,14:33
CMA CGM S.A.,cmacgm,Oita,78,,CONTSHIP WAY,5BFP5,NPF,,0NAESS,0NAETN,,,2026/06/17,06:30,2026/06/17,07:00,2026/06/17,09:45
CMA CGM S.A.,cmacgm,Oita,78,,CONTSHIP WAY,5BFP5,NPF,,0NAEUS,0NAEVN,,,2026/06/24,,2026/06/24,,2026/06/24,
CMA CGM S.A.,cmacgm,Oita,78,,CONTSHIP WAY,5BFP5,NPF,,0NAEWS,0NAEXN,,,2026/07/01,,2026/07/01,,2026/07/01,
CMA CGM S.A.,cmacgm,Shibushi,91,,CONTSHIP WAY,5BFP5,NPF,,0NAEOS,0NAEPN,,,2026/06/03,20:45,2026/06/04,14:30,2026/06/04,19:20
CMA CGM S.A.,cmacgm,Shibushi,91,,CONTSHIP WAY,5BFP5,NPF,,0NAEQS,0NAERN,,,,,,,,
CMA CGM S.A.,cmacgm,Shibushi,91,,CONTSHIP WAY,5BFP5,NPF,,0NAESS,0NAETN,,,2026/06/16,07:09,2026/06/16,08:00,2026/06/16,14:40
CMA CGM S.A.,cmacgm,Shibushi,91,,CONTSHIP WAY,5BFP5,NPF,,0NAEUS,0NAEVN,,,2026/06/23,,2026/06/23,,2026/06/23,
CMA CGM S.A.,cmacgm,Shibushi,91,,CONTSHIP WAY,5BFP5,NPF,,0NAEWS,0NAEXN,,,2026/06/30,,2026/06/30,,2026/06/30,
CMA CGM S.A.,cmacgm,Naha,93,,PRESIDENT CARTER,WPCW,EX1,,0DBO8W,0DBO8W,,,2026/06/05,18:06,2026/06/05,18:40,2026/06/06,02:55
CMA CGM S.A.,cmacgm,Naha,93,,PRESIDENT LB JOHNSON,KPJG,EX1,,0DBOAW,0DBOAW,,,2026/06/14,10:02,2026/06/14,10:40,2026/06/14,19:15
CMA CGM S.A.,cmacgm,Naha,93,,PRESIDENT BUSH,WPBU,EX1,,0DBOCW,0DBOCW,,,2026/06/18,,2026/06/18,,2026/06/18,
CMA CGM S.A.,cmacgm,Naha,93,,PRESIDENT REAGAN,WPRU,EX1,,0DBOEW,0DBOEW,,,2026/06/25,,2026/06/25,,2026/06/25,
CMA CGM S.A.,cmacgm,Naha,93,,PRESIDENT JQ ADAMS,KPJQ,EX1,,0DBOGW,0DBOGW,,,2026/07/01,,2026/07/01,,2026/07/02,
"COSCO SHIPPING LINES CO., LTD.",cosco,Otaru,6,,PROACTIVE EARTH,5LCG5,CJ35,,0126E,0126W,,,2026/06/09,06:22,2026/06/09,07:00,2026/06/09,16:20
"COSCO SHIPPING LINES CO., LTD.",cosco,Otaru,6,,HARMONIZED EARTH,5LCG3,CJ35,,0130E,0130E,,,2026/06/25,,2026/06/25,,2026/06/25,
"COSCO SHIPPING LINES CO., LTD.",cosco,Yokohama,11,,CONSILIA,V7A4977,CJ29,,002E,002W,,,2026/06/01,06:05,2026/06/01,06:36,2026/06/01,14:45
"COSCO SHIPPING LINES CO., LTD.",cosco,Yokohama,11,,JOSCO CORA,VRWE2,CJ15,,2614E,2614E,,,2026/06/02,10:15,2026/06/02,10:54,2026/06/02,16:25
"COSCO SHIPPING LINES CO., LTD.",cosco,Yokohama,11,,SINOTRANS KAOHSIUNG,VRQA5,CJ6,,2611E,2611W,,,2026/06/04,17:00,2026/06/04,17:55,2026/06/05,05:05
"COSCO SHIPPING LINES CO., LTD.",cosco,Yokohama,11,,TOKYO TOWER,MAQJ,JTV,,031N,032S,,,2026/06/05,07:25,2026/06/05,08:05,2026/06/05,23:50
"COSCO SHIPPING LINES CO., LTD.",cosco,Yokohama,11,,QING YUN HE,BOMW,SKT5,,753E,753W,,,2026/06/06,00:25,2026/06/06,01:05,2026/06/06,16:05
"COSCO SHIPPING LINES CO., LTD.",cosco,Yokohama,11,,CMA CGM NINGBO,9HA6171,WSA6,,1WU0VW1MA,1WU0VW1MA,,,,,,,,
"COSCO SHIPPING LINES CO., LTD.",cosco,Yokohama,11,,BRIGHT TSUBAKI,3E7557,CTJ,,030N,031S,,,2026/06/01,07:30,2026/06/01,08:20,2026/06/02,11:50
"COSCO SHIPPING LINES CO., LTD.",cosco,Yokohama,11,,BALTRUM,V2HR8,KTX4,,045N,046S,,,2026/06/02,14:30,2026/06/02,15:05,2026/06/03,18:40
"COSCO SHIPPING LINES CO., LTD.",cosco,Yokohama,11,,HANSA STEINBURG,D5FY2,CJ33,,313E,313W,,,2026/06/06,01:24,2026/06/06,17:00,2026/06/07,15:30
"COSCO SHIPPING LINES CO., LTD.",cosco,Yokohama,11,,CMA CGM PLATINUM,9HA6318,WSA6,,1WU0PW1MA,1WU0PW1MA,,,2026/06/07,05:20,2026/06/07,06:15,2026/06/08,03:00
"COSCO SHIPPING LINES CO., LTD.",cosco,Yokohama,11,,SINOTRANS KEELUNG,VRQA6,CJ1,,2611E,2611W,,,2026/06/06,06:45,2026/06/06,07:35,2026/06/06,16:35
"COSCO SHIPPING LINES CO., LTD.",cosco,Yokohama,11,,SAN LORENZO,5BTN4,KTX4,,319N,320S,,,2026/06/07,13:30,2026/06/07,14:20,2026/06/08,01:45
"COSCO SHIPPING LINES CO., LTD.",cosco,Yokohama,11,,ALS VENUS,9V5905,KTX1,,090N,091S,,,2026/06/06,07:20,2026/06/06,08:15,2026/06/06,17:15
"COSCO SHIPPING LINES CO., LTD.",cosco,Yokohama,11,,TAMPA I,D5UC8,A3N,,157N,158S,,,2026/06/07,21:15,2026/06/07,22:00,2026/06/08,19:55
"COSCO SHIPPING LINES CO., LTD.",cosco,Yokohama,11,,CNC SERVAL,9V8612,JSM,,0IZNMN1NC,0IZOLS1NC,,,2026/06/06,07:25,2026/06/06,08:25,2026/06/07,03:40
"COSCO SHIPPING LINES CO., LTD.",cosco,Yokohama,11,,COSCO KIKU,H9WB,SKT2,,227E,227W,,,2026/06/06,12:35,2026/06/06,13:12,2026/06/07,20:05
"COSCO SHIPPING LINES CO., LTD.",cosco,Yokohama,11,,ESTIMA,C6DT7,SKT7,,2622E,2622W,,,2026/06/08,06:15,2026/06/08,07:18,2026/06/08,16:45
"COSCO SHIPPING LINES CO., LTD.",cosco,Yokohama,11,,GSL MAREN,D5ZX8,CTJ,,028N,029S,,,2026/06/08,23:15,2026/06/09,00:10,2026/06/09,23:55
"COSCO SHIPPING LINES CO., LTD.",cosco,Yokohama,11,,HT CAPRICORN,A8VA4,WSA8,,006W,006W,,,2026/06/10,14:20,2026/06/10,15:00,2026/06/11,00:55
"COSCO SHIPPING LINES CO., LTD.",cosco,Yokohama,11,,JOSCO ALMA,VRUR3,CJ15,,2612E,2612E,,,2026/06/09,20:54,2026/06/11,01:00,2026/06/11,03:55
"COSCO SHIPPING LINES CO., LTD.",cosco,Yokohama,11,,YM INITIATIVE,A8HX4,JTS,,353N,353N,,,2026/06/12,15:55,2026/06/12,18:30,2026/06/13,01:35
"COSCO SHIPPING LINES CO., LTD.",cosco,Yokohama,11,,GREEN HORIZON,VRXO7,CJ33,,235E,235W,,,2026/06/13,09:10,2026/06/13,09:50,2026/06/13,17:20
"COSCO SHIPPING LINES CO., LTD.",cosco,Yokohama,11,,JINYUNHE,H3GB,JCV,,1937N,1938S,,,2026/06/08,10:15,2026/06/08,21:30,2026/06/09,11:35
"COSCO SHIPPING LINES CO., LTD.",cosco,Yokohama,11,,EPONYMA,C6DN4,CJ29,,229E,229W,,,2026/06/09,01:40,2026/06/09,02:30,2026/06/09,18:50
"COSCO SHIPPING LINES CO., LTD.",cosco,Yokohama,11,,JOSCO JANE,VRUS8,CJ15,,2614E,2614E,,,2026/06/10,13:36,2026/06/11,07:12,2026/06/11,16:45
"COSCO SHIPPING LINES CO., LTD.",cosco,Yokohama,11,,TIDE SAILOR,H9VC,JTV,,059N,060S,,,2026/06/12,17:45,2026/06/12,18:15,2026/06/12,23:40
"COSCO SHIPPING LINES CO., LTD.",cosco,Yokohama,11,,XIN SU ZHOU,BPBK,WSA8,,278W,278W,,,2026/06/13,09:25,2026/06/13,10:10,2026/06/13,16:00
"COSCO SHIPPING LINES CO., LTD.",cosco,Yokohama,11,,SNL NANJING,VRVP4,SKT4,,2622E,2622W,,,2026/06/09,19:15,2026/06/09,20:00,2026/06/10,05:10
"COSCO SHIPPING LINES CO., LTD.",cosco,Yokohama,11,,ALS HERCULES,CQ2132,A3N,,007N,008S,,,2026/06/10,23:55,2026/06/11,00:50,2026/06/11,18:55
"COSCO SHIPPING LINES CO., LTD.",cosco,Yokohama,11,,CONFIDENCE,V7A4533,SKT5,,029E,029W,,,2026/06/13,18:05,2026/06/13,19:00,2026/06/14,09:50
"COSCO SHIPPING LINES CO., LTD.",cosco,Yokohama,11,,HECAN,D7WG,SKT2,,411E,411W,,,2026/06/09,22:05,2026/06/09,22:36,2026/06/10,13:50
"COSCO SHIPPING LINES CO., LTD.",cosco,Yokohama,11,,INVICTA,V7A2600,CJ6,,087E,087W,,,2026/06/11,17:40,2026/06/11,18:10,2026/06/12,10:40
"COSCO SHIPPING LINES CO., LTD.",cosco,Yokohama,11,,JIANG YUAN XING FU,BOFO4,CJ15,,2611E,2611E,,,2026/06/11,17:55,2026/06/11,18:54,2026/06/12,04:55
"COSCO SHIPPING LINES CO., LTD.",cosco,Yokohama,11,,SINOTRANS BANGKOK,VRQA8,CJ1,,2612E,2612W,,,2026/06/11,18:15,2026/06/11,18:50,2026/06/12,05:00
"COSCO SHIPPING LINES CO., LTD.",cosco,Yokohama,11,,HANSA HOMBURG,D5RH5,WSA6,,0QIO8N1MA,0QIO8N1MA,,,2026/06/14,19:30,2026/06/15,17:30,2026/06/16,03:35
"COSCO SHIPPING LINES CO., LTD.",cosco,Yokohama,11,,ALS VESTA,9V5904,KTX1,,052N,053S,,,2026/06/15,23:15,2026/06/16,00:05,2026/06/17,00:15
"COSCO SHIPPING LINES CO., LTD.",cosco,Yokohama,11,,PALU BAY,5LII5,JSM,,0IZNPN1NC,0IZONS1NC,,,2026/06/17,06:30,2026/06/17,07:15,2026/06/17,23:00
"COSCO SHIPPING LINES CO., LTD.",cosco,Yokohama,11,,CMA CGM VALPARAISO,9HA5559,JSM,,0IZNKN1NC,0IZOPS1NC,,,2026/06/17,18:00,2026/06/18,21:30,2026/06/19,17:00
"COSCO SHIPPING LINES CO., LTD.",cosco,Yokohama,11,,FENGYUNHE,3FXG8,JCV,,1939N,1940S,,,2026/06/19,,2026/06/19,,2026/06/19,
"COSCO SHIPPING LINES CO., LTD.",cosco,Yokohama,11,,HANSA STEINBURG,D5FY2,CJ33,,314E,314W,,,2026/06/21,,2026/06/21,,2026/06/21,
"COSCO SHIPPING LINES CO., LTD.",cosco,Yokohama,11,,MORESBY CHIEF,9VMB2,CTJ,,019N,020S,,,2026/06/15,06:40,2026/06/15,07:45,2026/06/15,20:10
"COSCO SHIPPING LINES CO., LTD.",cosco,Yokohama,11,,SNL NANJING,VRVP4,SKT4,,2624E,2624W,,,2026/06/17,17:15,2026/06/17,18:15,2026/06/18,05:30
"COSCO SHIPPING LINES CO., LTD.",cosco,Yokohama,11,,ALS CLIVIA,9V8629,A3N,,007N,008S,,,2026/06/17,23:30,2026/06/18,00:30,2026/06/18,
"COSCO SHIPPING LINES CO., LTD.",cosco,Yokohama,11,,QING YUN HE,BOMW,SKT2,,755E,755W,,,2026/06/19,,2026/06/19,,2026/06/19,
"COSCO SHIPPING LINES CO., LTD.",cosco,Yokohama,11,,COSCO KIKU,H9WB,SKT2,,230E,230W,,,2026/06/21,,2026/06/21,,2026/06/22,
"COSCO SHIPPING LINES CO., LTD.",cosco,Yokohama,11,,ESTIMA,C6DT7,SKT7,,2623E,2623W,,,2026/06/15,22:05,2026/06/15,23:00,2026/06/16,04:50
"COSCO SHIPPING LINES CO., LTD.",cosco,Yokohama,11,,SINOTRANS KAOHSIUNG,VRQA5,CJ6,,2612E,2612W,,,2026/06/17,17:30,2026/06/17,18:30,2026/06/17,23:00
"COSCO SHIPPING LINES CO., LTD.",cosco,Yokohama,11,,CMA CGM ANDROMEDA,9HA4989,WSA6,,1WU0ZW1MA,1WU0ZW1MA,,,,,,,,
"COSCO SHIPPING LINES CO., LTD.",cosco,Yokohama,11,,EPONYMA,C6DN4,CJ29,,230E,230W,,,2026/06/19,,2026/06/19,,2026/06/19,
"COSCO SHIPPING LINES CO., LTD.",cosco,Yokohama,11,,CAPE FORTIUS,5BQC4,KTX4,,160N,161S,,,2026/06/21,16:00,2026/06/21,17:00,2026/06/22,04:00
"COSCO SHIPPING LINES CO., LTD.",cosco,Yokohama,11,,SINOTRANS KEELUNG,VRQA6,CJ1,,2612E,2612W,,,2026/06/18,18:00,2026/06/18,19:00,2026/06/19,
"COSCO SHIPPING LINES CO., LTD.",cosco,Yokohama,11,,INESSA,V7A4338,JTV,,078N,079S,,,2026/06/19,,2026/06/19,,2026/06/20,
"COSCO SHIPPING LINES CO., LTD.",cosco,Yokohama,11,,YM INCREMENT,9V9750,JTS,,328N,328N,,,2026/06/19,17:00,2026/06/19,18:00,2026/06/20,08:00
"COSCO SHIPPING LINES CO., LTD.",cosco,Yokohama,11,,JIANG YUAN YUAN BO,BOQQ8,CJ15,,2613E,2613E,,,2026/06/22,,2026/06/22,,2026/06/22,
"COSCO SHIPPING LINES CO., LTD.",cosco,Yokohama,11,,CNC JAGUAR,9HA5771,JSM,,0IZNXN1NC,0IZORS1NC,,,2026/06/23,,2026/06/23,,2026/06/23,
"COSCO SHIPPING LINES CO., LTD.",cosco,Yokohama,11,,ESTIMA,C6DT7,SKT7,,2625E,2625W,,,2026/06/24,,2026/06/24,,2026/06/25,
"COSCO SHIPPING LINES CO., LTD.",cosco,Yokohama,11,,INVICTA,V7A2600,CJ6,,088E,088W,,,2026/06/25,,2026/06/25,,2026/06/25,
"COSCO SHIPPING LINES CO., LTD.",cosco,Yokohama,11,,HANSA BREITENBURG,A8ET3,JTV,,093N,094S,,,2026/06/26,,2026/06/26,,2026/06/27,
"COSCO SHIPPING LINES CO., LTD.",cosco,Yokohama,11,,COSCO KIKU,H9WB,SKT2,,231E,231W,,,2026/06/27,,2026/06/27,,2026/06/27,
"COSCO SHIPPING LINES CO., LTD.",cosco,Yokohama,11,,BRIGHT TSUBAKI,3E7557,CTJ,,031N,032S,,,2026/06/28,,2026/06/28,,2026/06/28,
"COSCO SHIPPING LINES CO., LTD.",cosco,Yokohama,11,,JOSCO JANE,VRUS8,CJ15,,2615E,2615E,,,,,,,,
"COSCO SHIPPING LINES CO., LTD.",cosco,Yokohama,11,,SNL NANJING,VRVP4,SKT4,,2625E,2626W,,,2026/06/23,,2026/06/23,,2026/06/23,
"COSCO SHIPPING LINES CO., LTD.",cosco,Yokohama,11,,JIANG YUAN YUAN DA,BOQA9,CJ15,,2612E,2612E,,,2026/06/24,,2026/06/24,,2026/06/25,
"COSCO SHIPPING LINES CO., LTD.",cosco,Yokohama,11,,EPONYMA,C6DN4,CJ29,,232E,232W,,,2026/06/25,,2026/06/25,,2026/06/25,
"COSCO SHIPPING LINES CO., LTD.",cosco,Yokohama,11,,SAN LORENZO,5BTN4,KTX4,,320N,321S,,,2026/06/27,,2026/06/27,,2026/06/27,
"COSCO SHIPPING LINES CO., LTD.",cosco,Yokohama,11,,ESTIMA,C6DT7,SKT7,,2624E,2624W,,,2026/06/22,,2026/06/22,,2026/06/22,
"COSCO SHIPPING LINES CO., LTD.",cosco,Yokohama,11,,PELION,5LKZ5,A3N,,007N,008S,,,2026/06/23,,2026/06/23,,2026/06/24,
"COSCO SHIPPING LINES CO., LTD.",cosco,Yokohama,11,,JINYUNHE,H3GB,JCV,,1939N,1940S,,,2026/06/25,,2026/06/25,,2026/06/25,
"COSCO SHIPPING LINES CO., LTD.",cosco,Yokohama,11,,GREEN HORIZON,VRXO7,CJ33,,236E,236W,,,2026/06/27,,2026/06/27,,2026/06/27,
"COSCO SHIPPING LINES CO., LTD.",cosco,Yokohama,11,,CONFIDENCE,V7A4533,SKT5,,030E,030W,,,2026/06/22,,2026/06/22,,2026/06/23,
"COSCO SHIPPING LINES CO., LTD.",cosco,Yokohama,11,,SINOTRANS BANGKOK,VRQA8,CJ1,,2613E,2613W,,,2026/06/25,,2026/06/25,,2026/06/26,
"COSCO SHIPPING LINES CO., LTD.",cosco,Yokohama,11,,CMA CGM NEVADA,9HA3474,WSA4,,0MH2BE1MA,0MH2BE1MA,,,2026/06/27,,2026/06/27,,2026/06/28,
"COSCO SHIPPING LINES CO., LTD.",cosco,Yokohama,11,,IRENES RAINBOW,5BMT6,CTJ,,031N,032S,,,2026/06/22,00:01,2026/06/22,01:00,2026/06/22,15:00
"COSCO SHIPPING LINES CO., LTD.",cosco,Yokohama,11,,FUTURE,3FSC7,KTX1,,053N,054S,,,2026/06/25,,2026/06/25,,2026/06/26,
"COSCO SHIPPING LINES CO., LTD.",cosco,Yokohama,11,,BALTRUM,V2HR8,KTX4,,046N,047S,,,2026/06/27,03:30,2026/06/27,04:30,2026/06/27,12:00
"COSCO SHIPPING LINES CO., LTD.",cosco,Yokohama,11,,MANET,D5WB7,KTX1,,054N,055S,,,2026/06/22,12:00,2026/06/22,13:00,2026/06/22,19:00
"COSCO SHIPPING LINES CO., LTD.",cosco,Yokohama,11,,CMA CGM FORT SAINT CHARLES,9HA6088,JSM,,0IZNZN1NC,0IZOTS1NC,,,2026/06/29,,2026/06/29,,2026/06/29,
"COSCO SHIPPING LINES CO., LTD.",cosco,Yokohama,11,,EPONYMA,C6DN4,CJ29,,233E,233W,,,2026/07/01,,2026/07/01,,2026/07/01,
"COSCO SHIPPING LINES CO., LTD.",cosco,Yokohama,11,,ALS VENUS,9V5905,KTX1,,091N,092S,,,2026/07/02,,2026/07/02,,2026/07/03,
"COSCO SHIPPING LINES CO., LTD.",cosco,Yokohama,11,,COSCO KIKU,H9WB,SKT2,,232E,232W,,,2026/07/03,,2026/07/03,,2026/07/03,
"COSCO SHIPPING LINES CO., LTD.",cosco,Yokohama,11,,SNL NANJING,VRVP4,SKT4,,2627E,2627W,,,2026/07/05,,2026/07/05,,2026/07/05,
"COSCO SHIPPING LINES CO., LTD.",cosco,Yokohama,11,,CONFIDENCE,V7A4533,SKT5,,031E,031W,,,2026/06/29,,2026/06/29,,2026/06/30,
"COSCO SHIPPING LINES CO., LTD.",cosco,Yokohama,11,,SINOTRANS KAOHSIUNG,VRQA5,CJ6,,2613E,2613W,,,2026/07/01,,2026/07/01,,2026/07/01,
"COSCO SHIPPING LINES CO., LTD.",cosco,Yokohama,11,,SINOTRANS KEELUNG,VRQA6,CJ1,,2613E,2613W,,,2026/07/02,,2026/07/02,,2026/07/03,
"COSCO SHIPPING LINES CO., LTD.",cosco,Yokohama,11,,CAPE FELTON,V7OX5,JTS,,002N,002N,,,2026/07/03,,2026/07/03,,2026/07/04,
"COSCO SHIPPING LINES CO., LTD.",cosco,Yokohama,11,,CNC SERVAL,9V8612,JSM,,0IZOMN1NC,0IZOVS1NC,,,2026/07/05,,2026/07/05,,2026/07/06,
"COSCO SHIPPING LINES CO., LTD.",cosco,Yokohama,11,,ESTIMA,C6DT7,SKT7,,2626E,2626W,,,2026/07/01,,2026/07/01,,2026/07/02,
"COSCO SHIPPING LINES CO., LTD.",cosco,Yokohama,11,,HANSA STEINBURG,D5FY2,CJ33,,315E,315W,,,2026/07/02,,2026/07/02,,2026/07/03,
"COSCO SHIPPING LINES CO., LTD.",cosco,Yokohama,11,,TOKYO TOWER,MAQJ,JTV,,032N,033S,,,2026/07/03,,2026/07/03,,2026/07/04,
"COSCO SHIPPING LINES CO., LTD.",cosco,Yokohama,11,,GSL MAREN,D5ZX8,CTJ,,029N,030S,,,2026/07/05,,2026/07/05,,2026/07/06,
"COSCO SHIPPING LINES CO., LTD.",cosco,Yokohama,11,,OOCL SHANGHAI,VRJS3,A3N,,099N,100S,,,2026/07/01,,2026/07/01,,2026/07/02,
"COSCO SHIPPING LINES CO., LTD.",cosco,Tokyo,13,,CONFIDENCE,V7A4533,SKT6,,028E,028W,,,2026/06/01,14:36,2026/06/01,15:06,2026/06/02,04:45
"COSCO SHIPPING LINES CO., LTD.",cosco,Tokyo,13,,JOSCO CORA,VRWE2,CJ15,,2614E,2614E,,,2026/06/02,18:06,2026/06/04,07:50,2026/06/04,23:59
"COSCO SHIPPING LINES CO., LTD.",cosco,Tokyo,13,,SINOTRANS KEELUNG,VRQA6,CJ1,,2611E,2611W,,,2026/06/04,18:33,2026/06/05,18:07,2026/06/06,05:26
"COSCO SHIPPING LINES CO., LTD.",cosco,Tokyo,13,,COSCO FELIXSTOWE,2BOW3,JKN,,203N,204S,,,2026/06/05,02:24,2026/06/06,18:24,2026/06/07,06:06
"COSCO SHIPPING LINES CO., LTD.",cosco,Tokyo,13,,JINYUNHE,H3GB,JCV,,1937N,1938S,,,2026/06/06,10:14,2026/06/07,07:35,2026/06/08,08:45
"COSCO SHIPPING LINES CO., LTD.",cosco,Tokyo,13,,BALTRUM,V2HR8,KTX4,,045N,046S,,,2026/06/01,22:46,2026/06/01,23:40,2026/06/02,12:32
"COSCO SHIPPING LINES CO., LTD.",cosco,Tokyo,13,,JOSCO BRIGHT,VRWQ8,CJ15,,2614E,2614E,,,2026/06/04,06:40,2026/06/04,07:29,2026/06/05,04:45
"COSCO SHIPPING LINES CO., LTD.",cosco,Tokyo,13,,ONE OLYMPUS,9VPQ7,JPSW,,080W,080W,,,2026/06/05,06:35,2026/06/05,07:27,2026/06/06,04:42
"COSCO SHIPPING LINES CO., LTD.",cosco,Tokyo,13,,COSCO KIKU,H9WB,SKT2,,227E,227W,,,2026/06/05,10:00,2026/06/06,00:53,2026/06/06,11:04
"COSCO SHIPPING LINES CO., LTD.",cosco,Tokyo,13,,SAN LORENZO,5BTN4,KTX4,,319N,320S,,,2026/06/07,07:29,2026/06/07,08:05,2026/06/07,12:26
"COSCO SHIPPING LINES CO., LTD.",cosco,Tokyo,13,,ASL HAIPHONG,5LJA9,CJ36,,2604E,2604W,,,2026/06/04,16:47,2026/06/04,17:25,2026/06/05,04:18
"COSCO SHIPPING LINES CO., LTD.",cosco,Tokyo,13,,NAVIOS CYAN,A8OD2,JPSW,,001E,001E,,,2026/06/05,07:03,2026/06/05,08:01,2026/06/06,04:54
"COSCO SHIPPING LINES CO., LTD.",cosco,Tokyo,13,,QING YUN HE,BOMW,SKT5,,753E,753W,,,2026/06/06,17:27,2026/06/06,18:03,2026/06/07,16:23
"COSCO SHIPPING LINES CO., LTD.",cosco,Tokyo,13,,ESTIMA,C6DT7,SKT7,,2622E,2622W,,,2026/06/07,11:12,2026/06/07,18:39,2026/06/08,04:26
"COSCO SHIPPING LINES CO., LTD.",cosco,Tokyo,13,,TOKYO TOWER,MAQJ,JTV,,031N,032S,,,2026/06/04,17:50,2026/06/04,18:27,2026/06/05,05:20
"COSCO SHIPPING LINES CO., LTD.",cosco,Tokyo,13,,SINOTRANS KAOHSIUNG,VRQA5,CJ6,,2611E,2611W,,,2026/06/05,07:25,2026/06/05,08:16,2026/06/06,15:45
"COSCO SHIPPING LINES CO., LTD.",cosco,Tokyo,13,,GSL MAREN,D5ZX8,CTJ,,028N,029S,,,2026/06/07,11:45,2026/06/07,12:25,2026/06/08,21:47
"COSCO SHIPPING LINES CO., LTD.",cosco,Tokyo,13,,ALS VENUS,9V5905,KTX1,,090N,091S,,,2026/06/04,22:00,2026/06/04,22:43,2026/06/06,05:35
"COSCO SHIPPING LINES CO., LTD.",cosco,Tokyo,13,,HANSA STEINBURG,D5FY2,CJ33,,313E,313W,,,2026/06/05,08:51,2026/06/05,09:21,2026/06/05,23:57
"COSCO SHIPPING LINES CO., LTD.",cosco,Tokyo,13,,HANSA STEINBURG,D5FY2,CJ33,,313E,313W,,,2026/06/07,17:28,2026/06/07,17:56,2026/06/08,04:25
"COSCO SHIPPING LINES CO., LTD.",cosco,Tokyo,13,,BRIGHT TSUBAKI,3E7557,CTJ,,030N,031S,,,2026/06/05,16:52,2026/06/05,17:45,2026/06/06,16:32
"COSCO SHIPPING LINES CO., LTD.",cosco,Tokyo,13,,CNC SERVAL,9V8612,JSM,,0IZNMN1NC,0IZOLS1NC,,,2026/06/07,05:48,2026/06/08,07:36,2026/06/08,15:15
"COSCO SHIPPING LINES CO., LTD.",cosco,Tokyo,13,,CONSILIA,V7A4977,SKT6,,003E,003W,,,2026/06/09,06:45,2026/06/09,07:29,2026/06/09,18:44
"COSCO SHIPPING LINES CO., LTD.",cosco,Tokyo,13,,SNL NANJING,VRVP4,SKT4,,2622E,2622W,,,2026/06/10,06:32,2026/06/10,07:11,2026/06/10,17:34
"COSCO SHIPPING LINES CO., LTD.",cosco,Tokyo,13,,ONE MAESTRO,9V9883,JPSW,,086E,086E,,,2026/06/11,06:38,2026/06/11,07:15,2026/06/11,23:57
"COSCO SHIPPING LINES CO., LTD.",cosco,Tokyo,13,,JOSCO JANE,VRUS8,CJ15,,2614E,2614E,,,2026/06/11,18:36,2026/06/12,18:22,2026/06/13,04:05
"COSCO SHIPPING LINES CO., LTD.",cosco,Tokyo,13,,COSCO HAMBURG,2BOX9,JKN,,295N,296S,,,2026/06/12,22:48,2026/06/13,17:52,2026/06/14,05:26
"COSCO SHIPPING LINES CO., LTD.",cosco,Tokyo,13,,MORESBY CHIEF,9VMB2,CTJ,,019N,020S,,,2026/06/14,00:42,2026/06/14,01:30,2026/06/15,05:09
"COSCO SHIPPING LINES CO., LTD.",cosco,Tokyo,13,,ONE REASSURANCE,9V3808,JPSW,,254W,254W,,,2026/06/08,10:50,2026/06/08,11:35,2026/06/09,05:29
"COSCO SHIPPING LINES CO., LTD.",cosco,Tokyo,13,,JOSCO ALMA,VRUR3,CJ15,,2612E,2612E,,,2026/06/09,07:00,2026/06/09,07:46,2026/06/09,19:06
"COSCO SHIPPING LINES CO., LTD.",cosco,Tokyo,13,,HECAN,D7WG,SKT2,,411E,411W,,,2026/06/10,15:15,2026/06/10,15:49,2026/06/11,03:47
"COSCO SHIPPING LINES CO., LTD.",cosco,Tokyo,13,,SINOTRANS BANGKOK,VRQA8,CJ1,,2612E,2612W,,,2026/06/11,07:06,2026/06/11,07:42,2026/06/11,16:57
"COSCO SHIPPING LINES CO., LTD.",cosco,Tokyo,13,,TIDE SAILOR,H9VC,JTV,,059N,060S,,,2026/06/12,06:49,2026/06/12,07:36,2026/06/12,16:16
"COSCO SHIPPING LINES CO., LTD.",cosco,Tokyo,13,,GREEN HORIZON,VRXO7,CJ33,,235E,235W,,,2026/06/13,18:56,2026/06/13,19:32,2026/06/14,23:58
"COSCO SHIPPING LINES CO., LTD.",cosco,Tokyo,13,,ALS VESTA,9V5904,KTX1,,052N,053S,,,2026/06/14,21:00,2026/06/14,21:34,2026/06/15,22:00
"COSCO SHIPPING LINES CO., LTD.",cosco,Tokyo,13,,EPONYMA,C6DN4,CJ29,,229E,229W,,,2026/06/09,20:21,2026/06/09,20:54,2026/06/10,14:23
"COSCO SHIPPING LINES CO., LTD.",cosco,Tokyo,13,,YM INITIATIVE,A8HX4,JTS,,353N,353N,,,2026/06/11,11:08,2026/06/11,11:47,2026/06/12,14:22
"COSCO SHIPPING LINES CO., LTD.",cosco,Tokyo,13,,JIANG YUAN XING FU,BOFO4,CJ15,,2611E,2611E,,,2026/06/12,07:00,2026/06/12,18:43,2026/06/13,04:16
"COSCO SHIPPING LINES CO., LTD.",cosco,Tokyo,13,,OOCL NEW ZEALAND,VRFS2,KTX3,,166N,167S,,,2026/06/09,20:49,2026/06/09,21:31,2026/06/10,18:14
"COSCO SHIPPING LINES CO., LTD.",cosco,Tokyo,13,,INVICTA,V7A2600,CJ6,,087E,087W,,,2026/06/12,12:15,2026/06/12,18:22,2026/06/13,17:33
"COSCO SHIPPING LINES CO., LTD.",cosco,Tokyo,13,,CONFIDENCE,V7A4533,SKT5,,029E,029W,,,2026/06/12,13:25,2026/06/12,13:52,2026/06/13,15:54
"COSCO SHIPPING LINES CO., LTD.",cosco,Tokyo,13,,CONFIDENCE,V7A4533,SKT5,,029E,029W,,,2026/06/14,11:30,2026/06/15,00:32,2026/06/15,13:24
"COSCO SHIPPING LINES CO., LTD.",cosco,Tokyo,13,,CONSILIA,V7A4977,SKT6,,004E,004W,,,2026/06/16,01:54,2026/06/16,07:28,2026/06/16,17:52
"COSCO SHIPPING LINES CO., LTD.",cosco,Tokyo,13,,CMA CGM VALPARAISO,9HA5559,JSM,,0IZNKN1NC,0IZOPS1NC,,,2026/06/17,06:23,2026/06/17,07:06,2026/06/17,16:30
"COSCO SHIPPING LINES CO., LTD.",cosco,Tokyo,13,,SINOTRANS KEELUNG,VRQA6,CJ1,,2612E,2612W,,,2026/06/18,,2026/06/18,,2026/06/18,
"COSCO SHIPPING LINES CO., LTD.",cosco,Tokyo,13,,INESSA,V7A4338,JTV,,078N,079S,,,2026/06/19,,2026/06/19,,2026/06/19,
"COSCO SHIPPING LINES CO., LTD.",cosco,Tokyo,13,,COSCO KIKU,H9WB,SKT2,,230E,230W,,,2026/06/20,,2026/06/20,,2026/06/20,
"COSCO SHIPPING LINES CO., LTD.",cosco,Tokyo,13,,JOSCO JANE,VRUS8,CJ15,,2615E,2615E,,,2026/06/21,,2026/06/21,,2026/06/22,
"COSCO SHIPPING LINES CO., LTD.",cosco,Tokyo,13,,PHEN BASIN,5LPI4,KTX3,,129N,130S,,,2026/06/15,22:55,2026/06/15,23:38,2026/06/17,16:30
"COSCO SHIPPING LINES CO., LTD.",cosco,Tokyo,13,,JOSCO BRIGHT,VRWQ8,CJ15,,2615E,2615E,,,2026/06/16,03:00,2026/06/16,18:54,2026/06/17,18:00
"COSCO SHIPPING LINES CO., LTD.",cosco,Tokyo,13,,SNL NANJING,VRVP4,SKT4,,2624E,2624W,,,2026/06/18,,2026/06/18,,2026/06/18,
"COSCO SHIPPING LINES CO., LTD.",cosco,Tokyo,13,,JOSCO HELEN,VRUW5,CJ15,,2615E,2615E,,,2026/06/19,,2026/06/19,,2026/06/19,
"COSCO SHIPPING LINES CO., LTD.",cosco,Tokyo,13,,HANSA STEINBURG,D5FY2,CJ33,,314E,314W,,,2026/06/20,,2026/06/20,,2026/06/21,
"COSCO SHIPPING LINES CO., LTD.",cosco,Tokyo,13,,CAPE FORTIUS,5BQC4,KTX4,,160N,161S,,,2026/06/21,07:30,2026/06/21,08:30,2026/06/21,14:30
"COSCO SHIPPING LINES CO., LTD.",cosco,Tokyo,13,,PALU BAY,5LII5,JSM,,0IZNPN1NC,0IZONS1NC,,,2026/06/16,06:20,2026/06/16,07:04,2026/06/17,04:52
"COSCO SHIPPING LINES CO., LTD.",cosco,Tokyo,13,,FENGYUNHE,3FXG8,JCV,,1939N,1940S,,,2026/06/18,,2026/06/18,,2026/06/19,
"COSCO SHIPPING LINES CO., LTD.",cosco,Tokyo,13,,JIANG YUAN YUAN BO,BOQQ8,CJ15,,2613E,2613E,,,2026/06/20,,2026/06/20,,2026/06/21,
"COSCO SHIPPING LINES CO., LTD.",cosco,Tokyo,13,,IRENES RAINBOW,5BMT6,CTJ,,031N,032S,,,2026/06/21,07:30,2026/06/21,08:30,2026/06/21,21:30
"COSCO SHIPPING LINES CO., LTD.",cosco,Tokyo,13,,ESTIMA,C6DT7,SKT7,,2623E,2623W,,,2026/06/16,06:33,2026/06/16,07:40,2026/06/16,18:29
"COSCO SHIPPING LINES CO., LTD.",cosco,Tokyo,13,,SINOTRANS KAOHSIUNG,VRQA5,CJ6,,2612E,2612W,,,2026/06/18,07:00,2026/06/18,,2026/06/19,
"COSCO SHIPPING LINES CO., LTD.",cosco,Tokyo,13,,MARTI STAR II,5LUF2,CJ36,,2615E,2615W,,,2026/06/20,07:00,2026/06/20,08:00,2026/06/20,17:00
"COSCO SHIPPING LINES CO., LTD.",cosco,Tokyo,13,,ONE MATRIX,7KSS,JPSW,,185E,185E,,,2026/06/18,07:00,2026/06/18,08:00,2026/06/19,09:00
"COSCO SHIPPING LINES CO., LTD.",cosco,Tokyo,13,,VANCOUVER,C4ZL2,KTX3,,055N,056S,,,2026/06/20,12:00,2026/06/20,13:00,2026/06/21,23:00
"COSCO SHIPPING LINES CO., LTD.",cosco,Tokyo,13,,OCEAN DIGNITY,VRXX5,CJ36,,2615E,2615W,,,2026/06/18,15:00,2026/06/18,16:00,2026/06/19,06:00
"COSCO SHIPPING LINES CO., LTD.",cosco,Tokyo,13,,VOLANS,D5VV2,JKN,,048N,049S,,,2026/06/18,16:00,2026/06/18,17:00,2026/06/19,04:00
"COSCO SHIPPING LINES CO., LTD.",cosco,Tokyo,13,,YM INCREMENT,9V9750,JTS,,328N,328N,,,2026/06/18,17:00,2026/06/18,18:00,2026/06/19,16:00
"COSCO SHIPPING LINES CO., LTD.",cosco,Tokyo,13,,EPONYMA,C6DN4,CJ29,,230E,230W,,,2026/06/18,18:00,2026/06/18,,2026/06/19,
"COSCO SHIPPING LINES CO., LTD.",cosco,Tokyo,13,,QING YUN HE,BOMW,SKT2,,755E,755W,,,2026/06/18,19:00,2026/06/18,,2026/06/19,
"COSCO SHIPPING LINES CO., LTD.",cosco,Tokyo,13,,CONFIDENCE,V7A4533,SKT5,,030E,030W,,,2026/06/22,,2026/06/22,,2026/06/22,
"COSCO SHIPPING LINES CO., LTD.",cosco,Tokyo,13,,CONSILIA,V7A4977,SKT6,,005E,005W,,,2026/06/23,,2026/06/23,,2026/06/23,
"COSCO SHIPPING LINES CO., LTD.",cosco,Tokyo,13,,JIANG YUAN YUAN DA,BOQA9,CJ15,,2612E,2612E,,,2026/06/24,,2026/06/24,,2026/06/24,
"COSCO SHIPPING LINES CO., LTD.",cosco,Tokyo,13,,SINOTRANS BANGKOK,VRQA8,CJ1,,2613E,2613W,,,2026/06/25,,2026/06/25,,2026/06/25,
"COSCO SHIPPING LINES CO., LTD.",cosco,Tokyo,13,,HANSA BREITENBURG,A8ET3,JTV,,093N,094S,,,2026/06/26,,2026/06/26,,2026/06/26,
"COSCO SHIPPING LINES CO., LTD.",cosco,Tokyo,13,,BRIGHT TSUBAKI,3E7557,CTJ,,031N,032S,,,2026/06/28,,2026/06/28,,2026/06/28,
"COSCO SHIPPING LINES CO., LTD.",cosco,Tokyo,13,,ESTIMA,C6DT7,SKT7,,2624E,2624W,,,2026/06/22,,2026/06/22,,2026/06/22,
"COSCO SHIPPING LINES CO., LTD.",cosco,Tokyo,13,,SNL NANJING,VRVP4,SKT4,,2625E,2626W,,,2026/06/23,,2026/06/23,,2026/06/24,
"COSCO SHIPPING LINES CO., LTD.",cosco,Tokyo,13,,ESTIMA,C6DT7,SKT7,,2625E,2625W,,,2026/06/24,,2026/06/24,,2026/06/24,
"COSCO SHIPPING LINES CO., LTD.",cosco,Tokyo,13,,FUTURE,3FSC7,KTX1,,053N,054S,,,2026/06/25,,2026/06/25,,2026/06/25,
"COSCO SHIPPING LINES CO., LTD.",cosco,Tokyo,13,,GREEN HORIZON,VRXO7,CJ33,,236E,236W,,,2026/06/26,,2026/06/26,,2026/06/27,
"COSCO SHIPPING LINES CO., LTD.",cosco,Tokyo,13,,CMA CGM FORT SAINT CHARLES,9HA6088,JSM,,0IZNZN1NC,0IZOTS1NC,,,2026/06/28,,2026/06/28,,2026/06/29,
"COSCO SHIPPING LINES CO., LTD.",cosco,Tokyo,13,,CNC JAGUAR,9HA5771,JSM,,0IZNXN1NC,0IZORS1NC,,,2026/06/22,,2026/06/22,,2026/06/23,
"COSCO SHIPPING LINES CO., LTD.",cosco,Tokyo,13,,ONE MISSION,V7VS5,JPSW,,087W,087W,,,2026/06/23,11:00,2026/06/23,12:00,2026/06/25,01:00
"COSCO SHIPPING LINES CO., LTD.",cosco,Tokyo,13,,ASL HAIPHONG,5LJA9,CJ36,,2606E,2606W,,,2026/06/24,,2026/06/24,,2026/06/24,
"COSCO SHIPPING LINES CO., LTD.",cosco,Tokyo,13,,EPONYMA,C6DN4,CJ29,,232E,232W,,,2026/06/25,,2026/06/25,,2026/06/25,
"COSCO SHIPPING LINES CO., LTD.",cosco,Tokyo,13,,COSCO KIKU,H9WB,SKT2,,231E,231W,,,2026/06/26,,2026/06/26,,2026/06/27,
"COSCO SHIPPING LINES CO., LTD.",cosco,Tokyo,13,,MANET,D5WB7,KTX1,,054N,055S,,,2026/06/22,00:30,2026/06/22,01:30,2026/06/22,10:30
"COSCO SHIPPING LINES CO., LTD.",cosco,Tokyo,13,,OOCL NORFOLK,VREX4,KTX3,,304N,305S,,,2026/06/24,,2026/06/24,,2026/06/25,
"COSCO SHIPPING LINES CO., LTD.",cosco,Tokyo,13,,ONE REASSURANCE,9V3808,JPSW,,255E,255E,,,2026/06/25,07:00,2026/06/25,08:00,2026/06/26,09:00
"COSCO SHIPPING LINES CO., LTD.",cosco,Tokyo,13,,SAN LORENZO,5BTN4,KTX4,,320N,321S,,,2026/06/26,,2026/06/26,,2026/06/27,
"COSCO SHIPPING LINES CO., LTD.",cosco,Tokyo,13,,INVICTA,V7A2600,CJ6,,088E,088W,,,2026/06/24,,2026/06/24,,2026/06/25,
"COSCO SHIPPING LINES CO., LTD.",cosco,Tokyo,13,,BALTRUM,V2HR8,KTX4,,046N,047S,,,2026/06/26,16:00,2026/06/26,17:00,2026/06/27,02:00
"COSCO SHIPPING LINES CO., LTD.",cosco,Tokyo,13,,JINYUNHE,H3GB,JCV,,1939N,1940S,,,2026/06/24,,2026/06/24,,2026/06/25,
"COSCO SHIPPING LINES CO., LTD.",cosco,Tokyo,13,,CONFIDENCE,V7A4533,SKT5,,031E,031W,,,2026/06/29,,2026/06/29,,2026/06/29,
"COSCO SHIPPING LINES CO., LTD.",cosco,Tokyo,13,,CONSILIA,V7A4977,SKT6,,006E,006W,,,2026/06/30,,2026/06/30,,2026/06/30,
"COSCO SHIPPING LINES CO., LTD.",cosco,Tokyo,13,,ESTIMA,C6DT7,SKT7,,2626E,2626W,,,2026/07/01,,2026/07/01,,2026/07/01,
"COSCO SHIPPING LINES CO., LTD.",cosco,Tokyo,13,,SINOTRANS KEELUNG,VRQA6,CJ1,,2613E,2613W,,,2026/07/02,,2026/07/02,,2026/07/02,
"COSCO SHIPPING LINES CO., LTD.",cosco,Tokyo,13,,TOKYO TOWER,MAQJ,JTV,,032N,033S,,,2026/07/03,,2026/07/03,,2026/07/03,
"COSCO SHIPPING LINES CO., LTD.",cosco,Tokyo,13,,CNC SERVAL,9V8612,JSM,,0IZOMN1NC,0IZOVS1NC,,,2026/07/04,,2026/07/04,,2026/07/05,
"COSCO SHIPPING LINES CO., LTD.",cosco,Tokyo,13,,GSL MAREN,D5ZX8,CTJ,,029N,030S,,,2026/07/05,,2026/07/05,,2026/07/05,
"COSCO SHIPPING LINES CO., LTD.",cosco,Tokyo,13,,SINOTRANS KAOHSIUNG,VRQA5,CJ6,,2613E,2613W,,,2026/06/30,,2026/06/30,,2026/07/01,
"COSCO SHIPPING LINES CO., LTD.",cosco,Tokyo,13,,MITRA BHUM,S6BK8,CJ36,,2615E,2615W,,,2026/07/01,,2026/07/01,,2026/07/01,
"COSCO SHIPPING LINES CO., LTD.",cosco,Tokyo,13,,ALS VENUS,9V5905,KTX1,,091N,092S,,,2026/07/02,,2026/07/02,,2026/07/02,
"COSCO SHIPPING LINES CO., LTD.",cosco,Tokyo,13,,SNL NANJING,VRVP4,SKT4,,2627E,2627W,,,2026/07/05,,2026/07/05,,2026/07/06,
"COSCO SHIPPING LINES CO., LTD.",cosco,Tokyo,13,,EPONYMA,C6DN4,CJ29,,233E,233W,,,2026/06/30,,2026/06/30,,2026/07/01,
"COSCO SHIPPING LINES CO., LTD.",cosco,Tokyo,13,,HANSA STEINBURG,D5FY2,CJ33,,315E,315W,,,2026/07/01,,2026/07/01,,2026/07/02,
"COSCO SHIPPING LINES CO., LTD.",cosco,Tokyo,13,,CAPE FELTON,V7OX5,JTS,,002N,002N,,,2026/07/02,,2026/07/02,,2026/07/03,
"COSCO SHIPPING LINES CO., LTD.",cosco,Tokyo,13,,CAPE FORTIUS,5BQC4,KTX4,,161N,162S,,,2026/07/05,,2026/07/05,,2026/07/06,
"COSCO SHIPPING LINES CO., LTD.",cosco,Tokyo,13,,ONE MODERN,V7VS6,JPSW,,080W,080W,,,2026/07/01,11:00,2026/07/01,12:00,2026/07/03,01:00
"COSCO SHIPPING LINES CO., LTD.",cosco,Tokyo,13,,COSCO KIKU,H9WB,SKT2,,232E,232W,,,2026/07/02,,2026/07/02,,2026/07/03,
"COSCO SHIPPING LINES CO., LTD.",cosco,Tokyo,13,,ONE MISSION,V7VS5,JPSW,,088E,088E,,,2026/07/02,07:00,2026/07/02,08:00,2026/07/03,09:00
"COSCO SHIPPING LINES CO., LTD.",cosco,Tokyo,13,,BF GIANT,A8UK9,JKN,,011N,012S,,,2026/07/02,15:00,2026/07/02,16:00,2026/07/03,04:00
"COSCO SHIPPING LINES CO., LTD.",cosco,Niigata,24,,PROACTIVE EARTH,5LCG5,CJ35,,0126E,0126W,,,2026/06/07,05:57,2026/06/07,06:45,2026/06/07,20:30
"COSCO SHIPPING LINES CO., LTD.",cosco,Niigata,24,,SUSTAINABLE EARTH,5LCG2,CJ35,,0127E,0127W,,,2026/06/14,05:58,2026/06/14,07:10,2026/06/14,18:00
"COSCO SHIPPING LINES CO., LTD.",cosco,Niigata,24,,PROACTIVE EARTH,5LCG5,CJ35,,0127E,0127E,,,2026/06/18,,2026/06/18,,2026/06/18,
"COSCO SHIPPING LINES CO., LTD.",cosco,Niigata,24,,HARMONIZED EARTH,5LCG3,CJ35,,0130E,0130E,,,2026/06/23,,2026/06/23,,2026/06/23,
"COSCO SHIPPING LINES CO., LTD.",cosco,Niigata,24,,PROACTIVE EARTH,5LCG5,CJ35,,0128W,0128W,,,2026/06/30,,2026/06/30,,2026/06/30,
"COSCO SHIPPING LINES CO., LTD.",cosco,Toyama,25,,PROACTIVE EARTH,5LCG5,CJ35,,0126E,0126W,,,2026/06/06,06:22,2026/06/06,07:00,2026/06/06,16:20
"COSCO SHIPPING LINES CO., LTD.",cosco,Toyama,25,,SUSTAINABLE EARTH,5LCG2,CJ35,,0127E,0127W,,,2026/06/13,07:43,2026/06/13,08:25,2026/06/13,16:50
"COSCO SHIPPING LINES CO., LTD.",cosco,Toyama,25,,PROACTIVE EARTH,5LCG5,CJ35,,0127E,0127E,,,2026/06/17,15:00,2026/06/17,16:00,2026/06/17,22:00
"COSCO SHIPPING LINES CO., LTD.",cosco,Toyama,25,,PROACTIVE EARTH,5LCG5,CJ35,,0128W,0128W,,,2026/06/29,,2026/06/29,,2026/06/29,
"COSCO SHIPPING LINES CO., LTD.",cosco,Kanazawa,26,,PROACTIVE EARTH,5LCG5,CJ35,,0126E,0126W,,,2026/06/05,09:35,2026/06/05,10:20,2026/06/05,16:45
"COSCO SHIPPING LINES CO., LTD.",cosco,Kanazawa,26,,SUSTAINABLE EARTH,5LCG2,CJ35,,0128E,0128E,,,2026/06/25,,2026/06/25,,2026/06/25,
"COSCO SHIPPING LINES CO., LTD.",cosco,Nagoya,35,,JOSCO CORA,VRWE2,CJ15,,2614E,2614E,,,2026/05/31,23:54,2026/06/01,11:05,2026/06/01,20:00
"COSCO SHIPPING LINES CO., LTD.",cosco,Nagoya,35,,ASL HAIPHONG,5LJA9,CJ36,,2604E,2604W,,,2026/06/02,12:15,2026/06/02,16:30,2026/06/03,19:25
"COSCO SHIPPING LINES CO., LTD.",cosco,Nagoya,35,,OKEE AURELIA,V2CH5,SNG7,,155E,155W,,,2026/06/02,17:12,2026/06/03,08:00,2026/06/04,03:30
"COSCO SHIPPING LINES CO., LTD.",cosco,Nagoya,35,,SINOTRANS SHANGHAI,VRMK8,CJ27,,2622E,2622W,,,2026/06/04,06:10,2026/06/04,07:50,2026/06/05,06:30
"COSCO SHIPPING LINES CO., LTD.",cosco,Nagoya,35,,JOSCO BRIGHT,VRWQ8,CJ15,,2614E,2614E,,,2026/06/06,06:20,2026/06/06,07:25,2026/06/06,12:45
"COSCO SHIPPING LINES CO., LTD.",cosco,Nagoya,35,,JOSCO ALMA,VRUR3,CJ15,,2612E,2612E,,,2026/06/06,20:00,2026/06/07,08:05,2026/06/07,15:25
"COSCO SHIPPING LINES CO., LTD.",cosco,Nagoya,35,,GREEN HORIZON,3EVD8,CJ33,,234E,234W,,,2026/06/01,02:45,2026/06/01,04:15,2026/06/01,16:55
"COSCO SHIPPING LINES CO., LTD.",cosco,Nagoya,35,,CNC SERVAL,9V8612,JSM,,0IZNMN1NC,0IZOLS1NC,,,2026/06/04,11:10,2026/06/04,12:15,2026/06/04,23:15
"COSCO SHIPPING LINES CO., LTD.",cosco,Nagoya,35,,SAN LORENZO,5BTN4,KTX4,,319N,320S,,,2026/06/06,09:00,2026/06/06,10:50,2026/06/06,16:00
"COSCO SHIPPING LINES CO., LTD.",cosco,Nagoya,35,,BRIGHT TSUBAKI,3E7557,CTJ,,030N,031S,,,2026/06/07,06:30,2026/06/07,07:50,2026/06/07,19:50
"COSCO SHIPPING LINES CO., LTD.",cosco,Nagoya,35,,NAVIOS CYAN,A8OD2,JPSW,,001E,001E,,,2026/06/01,11:25,2026/06/01,12:35,2026/06/02,08:50
"COSCO SHIPPING LINES CO., LTD.",cosco,Nagoya,35,,OOCL NORFOLK,VREX4,KTX3,,303N,304S,,,2026/06/04,16:45,2026/06/04,18:30,2026/06/05,08:50
"COSCO SHIPPING LINES CO., LTD.",cosco,Nagoya,35,,TOKYO TOWER,MAQJ,JTV,,031N,032S,,,2026/06/06,15:50,2026/06/06,16:55,2026/06/07,11:20
"COSCO SHIPPING LINES CO., LTD.",cosco,Nagoya,35,,ALS VENUS,9V5905,KTX1,,090N,091S,,,2026/06/07,07:10,2026/06/07,08:30,2026/06/07,18:40
"COSCO SHIPPING LINES CO., LTD.",cosco,Nagoya,35,,FUTURE,3FSC7,KTX1,,052N,053S,,,2026/06/01,11:45,2026/06/01,13:10,2026/06/01,21:00
"COSCO SHIPPING LINES CO., LTD.",cosco,Nagoya,35,,ONE OLYMPUS,9VPQ7,JPSW,,080W,080W,,,2026/06/06,19:10,2026/06/06,20:40,2026/06/08,03:35
"COSCO SHIPPING LINES CO., LTD.",cosco,Nagoya,35,,SINOTRANS KEELUNG,VRQA6,CJ1,,2611E,2611W,,,2026/06/07,11:45,2026/06/07,12:50,2026/06/08,07:20
"COSCO SHIPPING LINES CO., LTD.",cosco,Nagoya,35,,HANSA STEINBURG,D5FY2,CJ33,,313E,313W,,,2026/06/08,18:00,2026/06/08,19:10,2026/06/09,18:35
"COSCO SHIPPING LINES CO., LTD.",cosco,Nagoya,35,,YM INITIATIVE,A8HX4,JTS,,353N,353N,,,2026/06/10,06:55,2026/06/10,08:10,2026/06/10,19:35
"COSCO SHIPPING LINES CO., LTD.",cosco,Nagoya,35,,OOCL NEW ZEALAND,VRFS2,KTX3,,166N,167S,,,2026/06/11,17:40,2026/06/11,19:00,2026/06/12,05:55
"COSCO SHIPPING LINES CO., LTD.",cosco,Nagoya,35,,ASIATIC QUEST,9V6952,SNG5,,2622E,2622W,,,2026/06/12,15:55,2026/06/12,17:45,2026/06/13,10:35
"COSCO SHIPPING LINES CO., LTD.",cosco,Nagoya,35,,SINOTRANS BANGKOK,VRQA8,CJ1,,2612E,2612W,,,2026/06/13,03:45,2026/06/13,04:50,2026/06/14,06:50
"COSCO SHIPPING LINES CO., LTD.",cosco,Nagoya,35,,JOSCO JANE,VRUS8,CJ15,,2614E,2614E,,,2026/06/13,17:24,2026/06/14,08:10,2026/06/14,19:30
"COSCO SHIPPING LINES CO., LTD.",cosco,Nagoya,35,,ONE MAESTRO,9V9883,JPSW,,086E,086E,,,2026/06/08,19:00,2026/06/08,20:15,2026/06/10,04:25
"COSCO SHIPPING LINES CO., LTD.",cosco,Nagoya,35,,GSL MAREN,D5ZX8,CTJ,,028N,029S,,,2026/06/10,13:50,2026/06/10,15:10,2026/06/11,01:45
"COSCO SHIPPING LINES CO., LTD.",cosco,Nagoya,35,,ONE REASSURANCE,9V3808,JPSW,,254W,254W,,,2026/06/11,20:30,2026/06/11,22:35,2026/06/12,10:50
"COSCO SHIPPING LINES CO., LTD.",cosco,Nagoya,35,,OKEE AURELIA,V2CH5,SNG7,,157E,157W,,,2026/06/13,12:35,2026/06/13,14:05,2026/06/14,11:15
"COSCO SHIPPING LINES CO., LTD.",cosco,Nagoya,35,,JIANG YUAN XING FU,BOFO4,CJ15,,2611E,2611E,,,2026/06/13,19:54,2026/06/14,12:25,2026/06/14,15:55
"COSCO SHIPPING LINES CO., LTD.",cosco,Nagoya,35,,JINYUNHE,H3GB,JCV,,1937N,1938S,,,2026/06/10,15:45,2026/06/10,17:10,2026/06/11,05:05
"COSCO SHIPPING LINES CO., LTD.",cosco,Nagoya,35,,SINOTRANS SHANGHAI,VRMK8,CJ27,,2623E,2623W,,,2026/06/11,21:15,2026/06/11,22:30,2026/06/12,17:55
"COSCO SHIPPING LINES CO., LTD.",cosco,Nagoya,35,,PALU BAY,5LII5,JSM,,0IZNPN1NC,0IZONS1NC,,,2026/06/14,16:10,2026/06/14,17:25,2026/06/15,09:20
"COSCO SHIPPING LINES CO., LTD.",cosco,Nagoya,35,,TIDE SAILOR,H9VC,JTV,,059N,060S,,,2026/06/10,16:45,2026/06/10,18:10,2026/06/11,08:20
"COSCO SHIPPING LINES CO., LTD.",cosco,Nagoya,35,,JOSCO BRIGHT,VRWQ8,CJ15,,2615E,2615E,,,2026/06/14,21:15,2026/06/14,22:25,2026/06/15,11:10
"COSCO SHIPPING LINES CO., LTD.",cosco,Nagoya,35,,ONE MATRIX,7KSS,JPSW,,185E,185E,,,2026/06/15,18:05,2026/06/15,19:30,2026/06/16,10:00
"COSCO SHIPPING LINES CO., LTD.",cosco,Nagoya,35,,GREEN HORIZON,VRXO7,CJ33,,235E,235W,,,2026/06/16,06:15,2026/06/16,07:35,2026/06/16,16:30
"COSCO SHIPPING LINES CO., LTD.",cosco,Nagoya,35,,YM INCREMENT,9V9750,JTS,,328N,328N,,,2026/06/17,06:40,2026/06/17,07:55,2026/06/17,17:30
"COSCO SHIPPING LINES CO., LTD.",cosco,Nagoya,35,,PHEN BASIN,5LPI4,KTX3,,129N,130S,,,2026/06/18,07:30,2026/06/18,08:30,2026/06/18,18:00
"COSCO SHIPPING LINES CO., LTD.",cosco,Nagoya,35,,SINOTRANS SHANGHAI,VRMK8,CJ27,,2624E,2624W,,,2026/06/19,,2026/06/19,,2026/06/20,
"COSCO SHIPPING LINES CO., LTD.",cosco,Nagoya,35,,FENGYUNHE,3FXG8,JCV,,1939N,1940S,,,2026/06/20,,2026/06/20,,2026/06/20,
"COSCO SHIPPING LINES CO., LTD.",cosco,Nagoya,35,,CNC JAGUAR,9HA5771,JSM,,0IZNXN1NC,0IZORS1NC,,,2026/06/21,,2026/06/21,,2026/06/21,
"COSCO SHIPPING LINES CO., LTD.",cosco,Nagoya,35,,CMA CGM VALPARAISO,9HA5559,JSM,,0IZNKN1NC,0IZOPS1NC,,,2026/06/15,19:50,2026/06/15,21:05,2026/06/16,15:25
"COSCO SHIPPING LINES CO., LTD.",cosco,Nagoya,35,,MORESBY CHIEF,9VMB2,CTJ,,019N,020S,,,2026/06/16,09:40,2026/06/16,11:25,2026/06/16,20:00
"COSCO SHIPPING LINES CO., LTD.",cosco,Nagoya,35,,INESSA,V7A4338,JTV,,078N,079S,,,2026/06/17,12:30,2026/06/17,13:30,2026/06/18,02:00
"COSCO SHIPPING LINES CO., LTD.",cosco,Nagoya,35,,MARTI STAR II,5LUF2,CJ36,,2615E,2615W,,,2026/06/19,08:30,2026/06/19,09:30,2026/06/19,17:00
"COSCO SHIPPING LINES CO., LTD.",cosco,Nagoya,35,,SINOTRANS KEELUNG,VRQA6,CJ1,,2612E,2612W,,,2026/06/20,,2026/06/20,,2026/06/20,
"COSCO SHIPPING LINES CO., LTD.",cosco,Nagoya,35,,ALS VESTA,9V5904,KTX1,,052N,053S,,,2026/06/17,15:50,2026/06/17,16:50,2026/06/18,01:30
"COSCO SHIPPING LINES CO., LTD.",cosco,Nagoya,35,,ASIATIC QUEST,9V6952,SNG5,,2624E,2624W,,,2026/06/20,,2026/06/20,,2026/06/20,
"COSCO SHIPPING LINES CO., LTD.",cosco,Nagoya,35,,OCEAN DIGNITY,VRXX5,CJ36,,2615E,2615W,,,2026/06/17,16:30,2026/06/17,17:30,2026/06/18,05:00
"COSCO SHIPPING LINES CO., LTD.",cosco,Nagoya,35,,OKEE AURELIA,V2CH5,SNG7,,158E,158W,,,2026/06/20,,2026/06/20,,2026/06/20,
"COSCO SHIPPING LINES CO., LTD.",cosco,Nagoya,35,,JOSCO JANE,VRUS8,CJ15,,2615E,2615E,,,2026/06/20,,2026/06/20,,2026/06/21,
"COSCO SHIPPING LINES CO., LTD.",cosco,Nagoya,35,,CAPE FORTIUS,5BQC4,KTX4,,160N,161S,,,2026/06/20,07:30,2026/06/20,08:30,2026/06/20,13:30
"COSCO SHIPPING LINES CO., LTD.",cosco,Nagoya,35,,HANSA STEINBURG,D5FY2,CJ33,,314E,314W,,,2026/06/22,,2026/06/22,,2026/06/22,
"COSCO SHIPPING LINES CO., LTD.",cosco,Nagoya,35,,JIANG YUAN YUAN BO,BOQQ8,CJ15,,2613E,2613E,,,2026/06/23,,2026/06/23,,2026/06/23,
"COSCO SHIPPING LINES CO., LTD.",cosco,Nagoya,35,,HANSA BREITENBURG,A8ET3,JTV,,093N,094S,,,2026/06/24,,2026/06/24,,2026/06/25,
"COSCO SHIPPING LINES CO., LTD.",cosco,Nagoya,35,,SAN LORENZO,5BTN4,KTX4,,320N,321S,,,2026/06/25,,2026/06/25,,2026/06/25,
"COSCO SHIPPING LINES CO., LTD.",cosco,Nagoya,35,,JINYUNHE,H3GB,JCV,,1939N,1940S,,,2026/06/26,,2026/06/26,,2026/06/26,
"COSCO SHIPPING LINES CO., LTD.",cosco,Nagoya,35,,SINOTRANS BANGKOK,VRQA8,CJ1,,2613E,2613W,,,2026/06/27,,2026/06/27,,2026/06/27,
"COSCO SHIPPING LINES CO., LTD.",cosco,Nagoya,35,,SINOTRANS SHANGHAI,VRMK8,CJ27,,2625E,2625W,,,2026/06/22,,2026/06/22,,2026/06/23,
"COSCO SHIPPING LINES CO., LTD.",cosco,Nagoya,35,,ASL HAIPHONG,5LJA9,CJ36,,2606E,2606W,,,2026/06/23,,2026/06/23,,2026/06/23,
"COSCO SHIPPING LINES CO., LTD.",cosco,Nagoya,35,,OKEE AURELIA,V2CH5,SNG7,,159E,159W,,,2026/06/25,,2026/06/25,,2026/06/25,
"COSCO SHIPPING LINES CO., LTD.",cosco,Nagoya,35,,FUTURE,3FSC7,KTX1,,053N,054S,,,2026/06/26,,2026/06/26,,2026/06/27,
"COSCO SHIPPING LINES CO., LTD.",cosco,Nagoya,35,,VANCOUVER,C4ZL2,KTX3,,055N,056S,,,2026/06/22,14:00,2026/06/22,15:00,2026/06/23,06:00
"COSCO SHIPPING LINES CO., LTD.",cosco,Nagoya,35,,IRENES RAINBOW,5BMT6,CTJ,,031N,032S,,,2026/06/23,07:30,2026/06/23,08:30,2026/06/23,18:30
"COSCO SHIPPING LINES CO., LTD.",cosco,Nagoya,35,,OOCL NORFOLK,VREX4,KTX3,,304N,305S,,,2026/06/25,,2026/06/25,,2026/06/26,
"COSCO SHIPPING LINES CO., LTD.",cosco,Nagoya,35,,ASIATIC QUEST,9V6952,SNG5,,2625E,2625W,,,2026/06/26,,2026/06/26,,2026/06/27,
"COSCO SHIPPING LINES CO., LTD.",cosco,Nagoya,35,,ONE REASSURANCE,9V3808,JPSW,,255E,255E,,,2026/06/22,18:00,2026/06/22,19:00,2026/06/24,04:00
"COSCO SHIPPING LINES CO., LTD.",cosco,Nagoya,35,,MANET,D5WB7,KTX1,,054N,055S,,,2026/06/23,09:00,2026/06/23,10:00,2026/06/23,17:30
"COSCO SHIPPING LINES CO., LTD.",cosco,Nagoya,35,,JIANG YUAN YUAN DA,BOQA9,CJ15,,2612E,2612E,,,2026/06/25,,2026/06/25,,2026/06/26,
"COSCO SHIPPING LINES CO., LTD.",cosco,Nagoya,35,,CMA CGM FORT SAINT CHARLES,9HA6088,JSM,,0IZNZN1NC,0IZOTS1NC,,,2026/06/26,,2026/06/26,,2026/06/27,
"COSCO SHIPPING LINES CO., LTD.",cosco,Nagoya,35,,BALTRUM,V2HR8,KTX4,,046N,047S,,,2026/06/25,14:00,2026/06/25,15:00,2026/06/26,01:00
"COSCO SHIPPING LINES CO., LTD.",cosco,Nagoya,35,,GREEN HORIZON,VRXO7,CJ33,,236E,236W,,,2026/06/29,,2026/06/29,,2026/06/29,
"COSCO SHIPPING LINES CO., LTD.",cosco,Nagoya,35,,BRIGHT TSUBAKI,3E7557,CTJ,,031N,032S,,,2026/06/30,,2026/06/30,,2026/06/30,
"COSCO SHIPPING LINES CO., LTD.",cosco,Nagoya,35,,CAPE FELTON,V7OX5,JTS,,002N,002N,,,2026/07/01,,2026/07/01,,2026/07/02,
"COSCO SHIPPING LINES CO., LTD.",cosco,Nagoya,35,,ASIATIC QUEST,9V6952,SNG5,,2626E,2626W,,,2026/07/02,,2026/07/02,,2026/07/03,
"COSCO SHIPPING LINES CO., LTD.",cosco,Nagoya,35,,CNC SERVAL,9V8612,JSM,,0IZOMN1NC,0IZOVS1NC,,,2026/07/03,,2026/07/03,,2026/07/03,
"COSCO SHIPPING LINES CO., LTD.",cosco,Nagoya,35,,CAPE FORTIUS,5BQC4,KTX4,,161N,162S,,,2026/07/04,,2026/07/04,,2026/07/04,
"COSCO SHIPPING LINES CO., LTD.",cosco,Nagoya,35,,ASIATIC QUEST,9V6952,SNG5,,2627E,2627W,,,2026/07/05,,2026/07/05,,2026/07/06,
"COSCO SHIPPING LINES CO., LTD.",cosco,Nagoya,35,,SINOTRANS SHANGHAI,VRMK8,CJ27,,2626E,2626W,,,2026/06/29,,2026/06/29,,2026/06/30,
"COSCO SHIPPING LINES CO., LTD.",cosco,Nagoya,35,,MITRA BHUM,S6BK8,CJ36,,2615E,2615W,,,2026/06/30,,2026/06/30,,2026/06/30,
"COSCO SHIPPING LINES CO., LTD.",cosco,Nagoya,35,,TOKYO TOWER,MAQJ,JTV,,032N,033S,,,2026/07/01,,2026/07/01,,2026/07/02,
"COSCO SHIPPING LINES CO., LTD.",cosco,Nagoya,35,,ALS VENUS,9V5905,KTX1,,091N,092S,,,2026/07/03,,2026/07/03,,2026/07/04,
"COSCO SHIPPING LINES CO., LTD.",cosco,Nagoya,35,,SINOTRANS KEELUNG,VRQA6,CJ1,,2613E,2613W,,,2026/07/04,,2026/07/04,,2026/07/04,
"COSCO SHIPPING LINES CO., LTD.",cosco,Nagoya,35,,ONE MISSION,V7VS5,JPSW,,088E,088E,,,2026/06/29,18:00,2026/06/29,19:00,2026/07/01,04:00
"COSCO SHIPPING LINES CO., LTD.",cosco,Nagoya,35,,OKEE AURELIA,V2CH5,SNG7,,160E,160W,,,2026/06/30,,2026/06/30,,2026/07/01,
"COSCO SHIPPING LINES CO., LTD.",cosco,Nagoya,35,,HANSA STEINBURG,D5FY2,CJ33,,315E,315W,,,2026/07/03,,2026/07/03,,2026/07/04,
"COSCO SHIPPING LINES CO., LTD.",cosco,Nagoya,35,,ONE MISSION,V7VS5,JPSW,,087W,087W,,,2026/06/29,18:00,2026/06/29,19:00,2026/07/01,04:00
"COSCO SHIPPING LINES CO., LTD.",cosco,Yokkaichi,36,,OKEE AURELIA,V2CH5,SNG7,,155E,155W,,,2026/06/02,10:45,2026/06/02,11:25,2026/06/02,15:35
"COSCO SHIPPING LINES CO., LTD.",cosco,Yokkaichi,36,,OOCL NORFOLK,VREX4,KTX3,,303N,304S,,,2026/06/05,10:25,2026/06/05,11:20,2026/06/05,21:25
"COSCO SHIPPING LINES CO., LTD.",cosco,Yokkaichi,36,,OOCL NEW ZEALAND,VRFS2,KTX3,,166N,167S,,,2026/06/11,08:20,2026/06/11,09:05,2026/06/11,16:50
"COSCO SHIPPING LINES CO., LTD.",cosco,Yokkaichi,36,,OKEE AURELIA,V2CH5,SNG7,,157E,157W,,,2026/06/14,12:35,2026/06/14,13:10,2026/06/14,16:45
"COSCO SHIPPING LINES CO., LTD.",cosco,Yokkaichi,36,,PHEN BASIN,5LPI4,KTX3,,129N,130S,,,2026/06/18,07:30,2026/06/18,08:30,2026/06/18,14:30
"COSCO SHIPPING LINES CO., LTD.",cosco,Yokkaichi,36,,OKEE AURELIA,V2CH5,SNG7,,158E,158W,,,2026/06/20,,2026/06/20,,2026/06/20,
"COSCO SHIPPING LINES CO., LTD.",cosco,Yokkaichi,36,,VANCOUVER,C4ZL2,KTX3,,055N,056S,,,2026/06/23,07:00,2026/06/23,08:00,2026/06/23,17:00
"COSCO SHIPPING LINES CO., LTD.",cosco,Yokkaichi,36,,OKEE AURELIA,V2CH5,SNG7,,159E,159W,,,2026/06/25,,2026/06/25,,2026/06/25,
"COSCO SHIPPING LINES CO., LTD.",cosco,Yokkaichi,36,,OOCL NORFOLK,VREX4,KTX3,,304N,305S,,,2026/06/26,,2026/06/26,,2026/06/26,
"COSCO SHIPPING LINES CO., LTD.",cosco,Yokkaichi,36,,OKEE AURELIA,V2CH5,SNG7,,160E,160W,,,2026/07/01,,2026/07/01,,2026/07/01,
"COSCO SHIPPING LINES CO., LTD.",cosco,Osaka,40,,ALS LUNA,9V8628,A3N,,006N,007S,,,2026/06/01,07:03,2026/06/01,07:43,2026/06/01,19:22
"COSCO SHIPPING LINES CO., LTD.",cosco,Osaka,40,,TOKYO TOWER,MAQJ,JTV,,031N,032S,,,2026/06/02,12:02,2026/06/02,13:00,2026/06/02,17:18
"COSCO SHIPPING LINES CO., LTD.",cosco,Osaka,40,,JIANG YUAN YUAN BO,BOQQ8,CJ15,,2612E,2612E,,,2026/06/02,05:36,2026/06/03,17:54,2026/06/03,23:18
"COSCO SHIPPING LINES CO., LTD.",cosco,Osaka,40,,PANJA BHUM,9VJQ2,CJ32,,092E,092W,,,2026/06/04,07:01,2026/06/04,07:49,2026/06/04,17:27
"COSCO SHIPPING LINES CO., LTD.",cosco,Osaka,40,,SMC MAGELLAN,BQKH6,CJ24,,2622E,2622W,,,2026/06/05,07:01,2026/06/05,08:00,2026/06/05,19:36
"COSCO SHIPPING LINES CO., LTD.",cosco,Osaka,40,,SITC TIANJIN,3EGN,CJ2,,2624E,2624W,,,2026/06/06,06:23,2026/06/06,07:05,2026/06/06,17:00
"COSCO SHIPPING LINES CO., LTD.",cosco,Osaka,40,,WES SINA,V2CW6,SKS6,,466E,466W,,,2026/06/07,07:27,2026/06/07,08:25,2026/06/07,17:23
"COSCO SHIPPING LINES CO., LTD.",cosco,Osaka,40,,JOSCO JANE,VRUS8,CJ15,,2613E,2613E,,,2026/06/01,09:29,2026/06/01,10:06,2026/06/01,23:59
"COSCO SHIPPING LINES CO., LTD.",cosco,Osaka,40,,FUTURE,3FSC7,KTX1,,052N,053S,,,2026/06/02,13:05,2026/06/02,13:56,2026/06/02,18:45
"COSCO SHIPPING LINES CO., LTD.",cosco,Osaka,40,,SITC SHENZHEN,VRKS7,CJ10,,2612S,2612S,,,2026/06/03,04:42,2026/06/03,16:26,2026/06/04,06:00
"COSCO SHIPPING LINES CO., LTD.",cosco,Osaka,40,,SINOTRANS DALIAN,VRMG7,CJ3,,2622E,2622W,,,2026/06/04,07:10,2026/06/04,08:19,2026/06/04,20:04
"COSCO SHIPPING LINES CO., LTD.",cosco,Osaka,40,,GSL MAREN,D5ZX8,CTJ,,028N,029S,,,2026/06/05,16:26,2026/06/05,17:29,2026/06/06,01:24
"COSCO SHIPPING LINES CO., LTD.",cosco,Osaka,40,,HECAN,D7WG,SKS2,,410E,410W,,,2026/06/01,16:52,2026/06/01,17:39,2026/06/02,00:22
"COSCO SHIPPING LINES CO., LTD.",cosco,Osaka,40,,SITC TONGHE,VRVF7,CJ10,,2611N,2611N,,,2026/06/03,11:44,2026/06/03,12:41,2026/06/04,06:03
"COSCO SHIPPING LINES CO., LTD.",cosco,Osaka,40,,SAN LORENZO,5BTN4,KTX4,,319N,320S,,,2026/06/04,13:17,2026/06/04,14:04,2026/06/05,06:02
"COSCO SHIPPING LINES CO., LTD.",cosco,Osaka,40,,SINOTRANS BEIJING,VRDL9,CJ5,,2622E,2622W,,,2026/06/03,15:57,2026/06/03,16:55,2026/06/04,06:24
"COSCO SHIPPING LINES CO., LTD.",cosco,Osaka,40,,TS HAKATA,V7A6216,CJ28,,2609N,2609N,,,2026/06/04,18:43,2026/06/04,19:24,2026/06/05,12:00
"COSCO SHIPPING LINES CO., LTD.",cosco,Osaka,40,,NEW MINGZHOU 68,VRQH2,CJ37,,2607N,2608S,,,2026/06/03,18:14,2026/06/03,19:05,2026/06/04,12:00
"COSCO SHIPPING LINES CO., LTD.",cosco,Osaka,40,,ALS VENUS,9V5905,KTX1,,090N,091S,,,2026/06/08,12:30,2026/06/08,13:19,2026/06/09,06:02
"COSCO SHIPPING LINES CO., LTD.",cosco,Osaka,40,,CONTESSA,V7A4534,CJ23,,244E,244W,,,2026/06/09,06:42,2026/06/09,07:44,2026/06/09,17:24
"COSCO SHIPPING LINES CO., LTD.",cosco,Osaka,40,,SINOTRANS BEIJING,VRDL9,CJ2,,2623E,2623W,,,2026/06/10,06:45,2026/06/10,07:50,2026/06/10,19:59
"COSCO SHIPPING LINES CO., LTD.",cosco,Osaka,40,,PANJA BHUM,9VJQ2,CJ32,,093E,093W,,,2026/06/11,07:00,2026/06/11,07:37,2026/06/11,18:36
"COSCO SHIPPING LINES CO., LTD.",cosco,Osaka,40,,MORESBY CHIEF,9VMB2,CTJ,,019N,020S,,,2026/06/12,11:33,2026/06/12,12:21,2026/06/13,01:35
"COSCO SHIPPING LINES CO., LTD.",cosco,Osaka,40,,SITC TIANJIN,3EGN,CJ5,,2625E,2625W,,,2026/06/13,15:32,2026/06/13,16:07,2026/06/14,06:00
"COSCO SHIPPING LINES CO., LTD.",cosco,Osaka,40,,COSCO KIKU,H9WB,SKS2,,228E,228W,,,2026/06/14,06:31,2026/06/14,07:23,2026/06/14,13:21
"COSCO SHIPPING LINES CO., LTD.",cosco,Osaka,40,,TIDE SAILOR,H9VC,JTV,,059N,060S,,,2026/06/09,07:21,2026/06/09,07:58,2026/06/09,18:10
"COSCO SHIPPING LINES CO., LTD.",cosco,Osaka,40,,SMC COLUMBUS,3E8280,CJ24,,2623E,2623W,,,2026/06/10,07:14,2026/06/10,07:56,2026/06/10,19:10
"COSCO SHIPPING LINES CO., LTD.",cosco,Osaka,40,,SITC TONGHE,VRVF7,CJ10,,2612S,2612S,,,2026/06/11,08:51,2026/06/11,09:29,2026/06/11,17:53
"COSCO SHIPPING LINES CO., LTD.",cosco,Osaka,40,,ALS HERCULES,CQ2132,A3N,,007N,008S,,,2026/06/12,18:59,2026/06/12,19:40,2026/06/13,14:41
"COSCO SHIPPING LINES CO., LTD.",cosco,Osaka,40,,WES SINA,V2CW6,SKS6,,467E,467W,,,2026/06/14,13:39,2026/06/14,14:27,2026/06/15,06:11
"COSCO SHIPPING LINES CO., LTD.",cosco,Osaka,40,,SITC FENGHE,VRVC8,CJ10,,2613N,2613N,,,2026/06/09,15:05,2026/06/09,16:02,2026/06/10,06:13
"COSCO SHIPPING LINES CO., LTD.",cosco,Osaka,40,,SINOTRANS DALIAN,VRMG7,CJ3,,2623E,2623W,,,2026/06/10,20:06,2026/06/10,21:14,2026/06/11,11:51
"COSCO SHIPPING LINES CO., LTD.",cosco,Osaka,40,,NEW MINGZHOU 60,VRPO5,CJ37,,2607N,2608S,,,2026/06/11,15:19,2026/06/11,16:09,2026/06/12,11:17
"COSCO SHIPPING LINES CO., LTD.",cosco,Osaka,40,,TAMPA I,D5UC8,A3N,,157N,158S,,,2026/06/09,20:00,2026/06/09,21:10,2026/06/10,18:44
"COSCO SHIPPING LINES CO., LTD.",cosco,Osaka,40,,JOSCO CORA,VRWE2,CJ15,,2615E,2615E,,,2026/06/11,18:10,2026/06/11,18:50,2026/06/12,11:52
"COSCO SHIPPING LINES CO., LTD.",cosco,Osaka,40,,VICTORY HONOR,3EA5204,CJ2,,2636W,2636W,,,2026/06/13,09:30,2026/06/15,11:20,2026/06/16,05:46
"COSCO SHIPPING LINES CO., LTD.",cosco,Osaka,40,,TS KOBE,V7A5716,CJ28,,2610N,2610N,,,2026/06/16,06:21,2026/06/16,06:58,2026/06/17,06:02
"COSCO SHIPPING LINES CO., LTD.",cosco,Osaka,40,,PANJA BHUM,9VJQ2,CJ32,,094E,094W,,,2026/06/17,15:40,2026/06/17,16:40,2026/06/18,11:00
"COSCO SHIPPING LINES CO., LTD.",cosco,Osaka,40,,NEW MINGZHOU 66,VRQE8,CJ37,,2608N,2609S,,,2026/06/18,,2026/06/18,,2026/06/18,
"COSCO SHIPPING LINES CO., LTD.",cosco,Osaka,40,,JIANG YUAN YUAN BO,BOQQ8,CJ15,,2613E,2613E,,,2026/06/19,,2026/06/19,,2026/06/19,
"COSCO SHIPPING LINES CO., LTD.",cosco,Osaka,40,,SITC TIANJIN,3EGN,CJ2,,2626E,2626E,,,2026/06/20,23:00,2026/06/21,00:00,2026/06/21,08:00
"COSCO SHIPPING LINES CO., LTD.",cosco,Osaka,40,,CONTESSA,V7A4534,CJ23,,245E,245W,,,2026/06/16,06:29,2026/06/16,07:26,2026/06/16,15:50
"COSCO SHIPPING LINES CO., LTD.",cosco,Osaka,40,,SINOTRANS DALIAN,VRMG7,CJ3,,2624E,2624W,,,2026/06/17,16:40,2026/06/17,17:40,2026/06/18,11:00
"COSCO SHIPPING LINES CO., LTD.",cosco,Osaka,40,,PREMIER,XVGI7,CJ15,,2651E,2651E,,,2026/06/18,,2026/06/18,,2026/06/18,
"COSCO SHIPPING LINES CO., LTD.",cosco,Osaka,40,,ALS CLIVIA,9V8629,A3N,,007N,008S,,,2026/06/19,,2026/06/19,,2026/06/20,
"COSCO SHIPPING LINES CO., LTD.",cosco,Osaka,40,,INESSA,V7A4338,JTV,,078N,079S,,,2026/06/16,11:00,2026/06/16,11:46,2026/06/16,18:42
"COSCO SHIPPING LINES CO., LTD.",cosco,Osaka,40,,HECAN,D7WG,SKS2,,412E,412W,,,2026/06/17,17:40,2026/06/17,18:40,2026/06/18,06:15
"COSCO SHIPPING LINES CO., LTD.",cosco,Osaka,40,,TS HAKATA,V7A6216,CJ28,,2610N,2610N,,,2026/06/18,,2026/06/18,,2026/06/19,
"COSCO SHIPPING LINES CO., LTD.",cosco,Osaka,40,,ALS VESTA,9V5904,KTX1,,052N,053S,,,2026/06/19,01:30,2026/06/19,02:30,2026/06/19,17:00
"COSCO SHIPPING LINES CO., LTD.",cosco,Osaka,40,,SMC COLUMBUS,3E8280,CJ24,,2624E,2624W,,,2026/06/16,22:22,2026/06/16,22:50,2026/06/17,19:00
"COSCO SHIPPING LINES CO., LTD.",cosco,Osaka,40,,SINOTRANS BEIJING,VRDL9,CJ5,,2624E,2624W,,,2026/06/18,06:50,2026/06/18,07:50,2026/06/18,
"COSCO SHIPPING LINES CO., LTD.",cosco,Osaka,40,,SITC FANGCHENG,VRLG3,CJ10,,2611N,2611N,,,2026/06/19,12:00,2026/06/19,13:00,2026/06/19,22:00
"COSCO SHIPPING LINES CO., LTD.",cosco,Osaka,40,,CAPE FORTIUS,5BQC4,KTX4,,160N,161S,,,2026/06/18,17:00,2026/06/18,18:00,2026/06/19,07:00
"COSCO SHIPPING LINES CO., LTD.",cosco,Osaka,40,,IRENES RAINBOW,5BMT6,CTJ,,031N,032S,,,2026/06/19,17:00,2026/06/19,18:00,2026/06/20,01:30
"COSCO SHIPPING LINES CO., LTD.",cosco,Osaka,40,,CONTESSA,V7A4534,CJ23,,246E,246W,,,2026/06/22,,2026/06/22,,2026/06/22,
"COSCO SHIPPING LINES CO., LTD.",cosco,Osaka,40,,VICTORY HONOR,3EA5204,CJ5,,2637E,2637W,,,2026/06/22,,2026/06/23,,2026/06/23,
"COSCO SHIPPING LINES CO., LTD.",cosco,Osaka,40,,PANJA BHUM,9VJQ2,CJ32,,095E,095W,,,2026/06/24,,2026/06/24,,2026/06/25,
"COSCO SHIPPING LINES CO., LTD.",cosco,Osaka,40,,HECAN,D7WG,SKS2,,414E,414W,,,2026/06/25,,2026/06/25,,2026/06/25,
"COSCO SHIPPING LINES CO., LTD.",cosco,Osaka,40,,BRIGHT TSUBAKI,3E7557,CTJ,,031N,032S,,,2026/06/26,,2026/06/26,,2026/06/27,
"COSCO SHIPPING LINES CO., LTD.",cosco,Osaka,40,,FUTURE,3FSC7,KTX1,,053N,054S,,,2026/06/28,,2026/06/28,,2026/06/28,
"COSCO SHIPPING LINES CO., LTD.",cosco,Osaka,40,,K-PACIFIC,V2HY8,CJ15,,2626E,2626E,,,2026/06/22,,2026/06/22,,2026/06/22,
"COSCO SHIPPING LINES CO., LTD.",cosco,Osaka,40,,HANSA BREITENBURG,A8ET3,JTV,,093N,094S,,,2026/06/23,,2026/06/23,,2026/06/23,
"COSCO SHIPPING LINES CO., LTD.",cosco,Osaka,40,,BALTRUM,V2HR8,KTX4,,046N,047S,,,2026/06/24,01:00,2026/06/24,02:00,2026/06/24,13:30
"COSCO SHIPPING LINES CO., LTD.",cosco,Osaka,40,,PELION,5LKZ5,A3N,,007N,008S,,,2026/06/25,,2026/06/25,,2026/06/26,
"COSCO SHIPPING LINES CO., LTD.",cosco,Osaka,40,,SITC FANGCHENG,VRLG3,CJ10,,2612S,2612S,,,2026/06/28,,2026/06/28,,2026/06/28,
"COSCO SHIPPING LINES CO., LTD.",cosco,Osaka,40,,WES SINA,V2CW6,SKS6,,469E,469W,,,2026/06/22,,2026/06/22,,2026/06/22,
"COSCO SHIPPING LINES CO., LTD.",cosco,Osaka,40,,SINOTRANS DALIAN,VRMG7,CJ3,,2625E,2625W,,,2026/06/23,,2026/06/23,,2026/06/23,
"COSCO SHIPPING LINES CO., LTD.",cosco,Osaka,40,,NEW MINGZHOU 68,VRQH2,CJ37,,2608N,2609S,,,2026/06/24,08:00,2026/06/24,09:00,2026/06/24,17:00
"COSCO SHIPPING LINES CO., LTD.",cosco,Osaka,40,,SINOTRANS BEIJING,VRDL9,CJ2,,2625E,2625W,,,2026/06/22,,2026/06/22,,2026/06/23,
"COSCO SHIPPING LINES CO., LTD.",cosco,Osaka,40,,SAN LORENZO,5BTN4,KTX4,,320N,321S,,,2026/06/23,,2026/06/23,,2026/06/24,
"COSCO SHIPPING LINES CO., LTD.",cosco,Osaka,40,,MANET,D5WB7,KTX1,,054N,055S,,,2026/06/24,18:00,2026/06/24,19:00,2026/06/25,00:01
"COSCO SHIPPING LINES CO., LTD.",cosco,Osaka,40,,SMC COLUMBUS,3E8280,CJ24,,2625E,2625W,,,2026/06/22,,2026/06/22,,2026/06/23,
"COSCO SHIPPING LINES CO., LTD.",cosco,Osaka,40,,SITC SHENZHEN,VRKS7,CJ10,,2613N,2613N,,,2026/06/22,,2026/06/22,,2026/06/23,
"COSCO SHIPPING LINES CO., LTD.",cosco,Osaka,40,,JOSCO BRIGHT,VRWQ8,CJ15,,2616E,2616E,,,2026/06/22,,2026/06/22,,2026/06/23,
"COSCO SHIPPING LINES CO., LTD.",cosco,Osaka,40,,SINOTRANS DALIAN,VRMG7,CJ3,,2626E,2626W,,,2026/06/29,,2026/06/29,,2026/06/29,
"COSCO SHIPPING LINES CO., LTD.",cosco,Osaka,40,,TOKYO TOWER,MAQJ,JTV,,032N,033S,,,2026/06/30,,2026/06/30,,2026/06/30,
"COSCO SHIPPING LINES CO., LTD.",cosco,Osaka,40,,SITC TONGHE,VRVF7,CJ10,,2613N,2613N,,,2026/07/01,,2026/07/01,,2026/07/01,
"COSCO SHIPPING LINES CO., LTD.",cosco,Osaka,40,,HECAN,D7WG,SKS2,,415E,415W,,,2026/07/02,,2026/07/02,,2026/07/02,
"COSCO SHIPPING LINES CO., LTD.",cosco,Osaka,40,,GSL MAREN,D5ZX8,CTJ,,029N,030S,,,2026/07/03,,2026/07/03,,2026/07/04,
"COSCO SHIPPING LINES CO., LTD.",cosco,Osaka,40,,ALS VENUS,9V5905,KTX1,,091N,092S,,,2026/07/05,,2026/07/05,,2026/07/05,
"COSCO SHIPPING LINES CO., LTD.",cosco,Osaka,40,,WES SINA,V2CW6,SKS6,,470E,470W,,,2026/06/29,,2026/06/29,,2026/06/29,
"COSCO SHIPPING LINES CO., LTD.",cosco,Osaka,40,,SINOTRANS BEIJING,VRDL9,CJ5,,2626E,2626W,,,2026/06/30,,2026/06/30,,2026/06/30,
"COSCO SHIPPING LINES CO., LTD.",cosco,Osaka,40,,NEW MINGZHOU 60,VRPO5,CJ37,,2608N,2609S,,,2026/07/01,,2026/07/01,,2026/07/01,
"COSCO SHIPPING LINES CO., LTD.",cosco,Osaka,40,,TS HAKATA,V7A6216,CJ28,,2611N,2611N,,,2026/07/02,,2026/07/02,,2026/07/03,
"COSCO SHIPPING LINES CO., LTD.",cosco,Osaka,40,,OOCL SHANGHAI,VRJS3,A3N,,099N,100S,,,2026/07/03,,2026/07/03,,2026/07/04,
"COSCO SHIPPING LINES CO., LTD.",cosco,Osaka,40,,CONTESSA,V7A4534,CJ23,,248E,248W,,,2026/06/29,,2026/06/29,,2026/06/29,
"COSCO SHIPPING LINES CO., LTD.",cosco,Osaka,40,,PANJA BHUM,9VJQ2,CJ32,,096E,096W,,,2026/06/30,,2026/06/30,,2026/07/01,
"COSCO SHIPPING LINES CO., LTD.",cosco,Osaka,40,,SITC SHENZHEN,VRKS7,CJ10,,2614S,2614S,,,2026/07/01,,2026/07/01,,2026/07/02,
"COSCO SHIPPING LINES CO., LTD.",cosco,Osaka,40,,CAPE FORTIUS,5BQC4,KTX4,,161N,162S,,,2026/07/02,,2026/07/02,,2026/07/03,
"COSCO SHIPPING LINES CO., LTD.",cosco,Osaka,40,,VICTORY HONOR,3EA5204,CJ2,,2638E,2638W,,,2026/06/29,,2026/06/29,,2026/06/30,
"COSCO SHIPPING LINES CO., LTD.",cosco,Osaka,40,,SMC COLUMBUS,3E8280,CJ24,,2626E,2626W,,,2026/06/29,,2026/06/29,,2026/06/30,
"COSCO SHIPPING LINES CO., LTD.",cosco,Osaka,40,,TS KOBE,V7A5716,CJ28,,2611N,2611N,,,2026/06/29,,2026/06/29,,2026/06/30,
"COSCO SHIPPING LINES CO., LTD.",cosco,Kobe,41,,HECAN,D7WG,SKS2,,410E,410W,,,2026/06/01,06:05,2026/06/01,07:24,2026/06/01,16:20
"COSCO SHIPPING LINES CO., LTD.",cosco,Kobe,41,,JOSCO JANE,VRUS8,CJ15,,2613E,2613E,,,2026/06/02,01:12,2026/06/02,07:04,2026/06/02,11:44
"COSCO SHIPPING LINES CO., LTD.",cosco,Kobe,41,,FUTURE,3FSC7,KTX1,,052N,053S,,,2026/06/02,21:28,2026/06/03,10:00,2026/06/03,17:43
"COSCO SHIPPING LINES CO., LTD.",cosco,Kobe,41,,SITC SHENZHEN,VRKS7,CJ10,,2612S,2612S,,,2026/06/04,06:35,2026/06/04,07:35,2026/06/04,20:20
"COSCO SHIPPING LINES CO., LTD.",cosco,Kobe,41,,SAN LORENZO,5BTN4,KTX4,,319N,320S,,,2026/06/05,06:50,2026/06/05,07:34,2026/06/05,16:05
"COSCO SHIPPING LINES CO., LTD.",cosco,Kobe,41,,ONE MAESTRO,9V9883,JPSW,,086E,086E,,,2026/06/05,16:18,2026/06/06,07:36,2026/06/07,16:05
"COSCO SHIPPING LINES CO., LTD.",cosco,Kobe,41,,FENGYUNHE,3FXG8,JCV,,1937N,1938S,,,,,,,,
"COSCO SHIPPING LINES CO., LTD.",cosco,Kobe,41,,PANJA BHUM,9VJQ2,CJ32,,092E,092W,,,2026/06/02,23:30,2026/06/03,16:59,2026/06/04,06:07
"COSCO SHIPPING LINES CO., LTD.",cosco,Kobe,41,,SITC TONGHE,VRVF7,CJ10,,2611N,2611N,,,2026/06/04,06:55,2026/06/04,08:25,2026/06/04,14:21
"COSCO SHIPPING LINES CO., LTD.",cosco,Kobe,41,,TS HAKATA,V7A6216,CJ28,,2609N,2609N,,,2026/06/05,12:35,2026/06/05,13:31,2026/06/06,00:45
"COSCO SHIPPING LINES CO., LTD.",cosco,Kobe,41,,OOCL NORFOLK,VREX4,KTX3,,303N,304S,,,2026/06/06,11:25,2026/06/06,12:19,2026/06/07,12:02
"COSCO SHIPPING LINES CO., LTD.",cosco,Kobe,41,,CNC SERVAL,9V8612,JSM,,0IZNMN1NC,0IZOLS1NC,,,2026/06/01,17:45,2026/06/01,18:37,2026/06/02,18:08
"COSCO SHIPPING LINES CO., LTD.",cosco,Kobe,41,,SINOTRANS DALIAN,VRMG7,CJ3,,2622E,2622W,,,2026/06/03,16:05,2026/06/03,17:30,2026/06/04,06:20
"COSCO SHIPPING LINES CO., LTD.",cosco,Kobe,41,,SINOTRANS BEIJING,VRDL9,CJ5,,2622E,2622W,,,2026/06/04,07:05,2026/06/04,08:30,2026/06/04,19:21
"COSCO SHIPPING LINES CO., LTD.",cosco,Kobe,41,,WES SINA,V2CW6,SKS6,,466E,466W,,,2026/06/06,15:55,2026/06/06,16:58,2026/06/07,06:04
"COSCO SHIPPING LINES CO., LTD.",cosco,Kobe,41,,NEW MINGZHOU 68,VRQH2,CJ37,,2607N,2608S,,,2026/06/04,12:40,2026/06/04,13:59,2026/06/04,20:03
"COSCO SHIPPING LINES CO., LTD.",cosco,Kobe,41,,SITC TIANJIN,3EGN,CJ2,,2624E,2624W,,,2026/06/06,17:35,2026/06/06,18:44,2026/06/07,00:26
"COSCO SHIPPING LINES CO., LTD.",cosco,Kobe,41,,SMC MAGELLAN,BQKH6,CJ24,,2622E,2622W,,,2026/06/04,17:00,2026/06/04,17:57,2026/06/05,06:08
"COSCO SHIPPING LINES CO., LTD.",cosco,Kobe,41,,K-PACIFIC,V2HY8,CJ15,,2625E,2625E,,,,,,,,
"COSCO SHIPPING LINES CO., LTD.",cosco,Kobe,41,,ALS VENUS,9V5905,KTX1,,090N,091S,,,2026/06/09,06:55,2026/06/09,07:49,2026/06/09,16:12
"COSCO SHIPPING LINES CO., LTD.",cosco,Kobe,41,,JIANG YUAN XING FU,BOFO4,CJ15,,2611E,2611E,,,2026/06/10,06:55,2026/06/10,07:40,2026/06/10,10:58
"COSCO SHIPPING LINES CO., LTD.",cosco,Kobe,41,,GSL MAREN,D5ZX8,CTJ,,028N,029S,,,2026/06/11,16:30,2026/06/11,17:16,2026/06/12,01:05
"COSCO SHIPPING LINES CO., LTD.",cosco,Kobe,41,,JINYUNHE,H3GB,JCV,,1937N,1938S,,,2026/06/12,06:35,2026/06/12,07:24,2026/06/12,17:00
"COSCO SHIPPING LINES CO., LTD.",cosco,Kobe,41,,ONE MATRIX,7KSS,JPSW,,185E,185E,,,2026/06/12,08:35,2026/06/13,21:08,2026/06/14,14:59
"COSCO SHIPPING LINES CO., LTD.",cosco,Kobe,41,,SITC TIANJIN,3EGN,CJ5,,2625E,2625W,,,2026/06/14,06:45,2026/06/14,07:48,2026/06/14,15:42
"COSCO SHIPPING LINES CO., LTD.",cosco,Kobe,41,,COSCO FELIXSTOWE,2BOW3,JKN,,203N,204S,,,2026/06/08,06:50,2026/06/08,08:07,2026/06/08,16:40
"COSCO SHIPPING LINES CO., LTD.",cosco,Kobe,41,,SITC FENGHE,VRVC8,CJ10,,2613N,2613N,,,2026/06/10,07:00,2026/06/10,07:55,2026/06/10,14:08
"COSCO SHIPPING LINES CO., LTD.",cosco,Kobe,41,,SITC TONGHE,VRVF7,CJ10,,2612S,2612S,,,2026/06/11,18:40,2026/06/11,19:38,2026/06/12,09:34
"COSCO SHIPPING LINES CO., LTD.",cosco,Kobe,41,,PALU BAY,5LII5,JSM,,0IZNPN1NC,0IZONS1NC,,,2026/06/12,11:30,2026/06/12,12:34,2026/06/13,16:56
"COSCO SHIPPING LINES CO., LTD.",cosco,Kobe,41,,ONE REASSURANCE,9V3808,JPSW,,254W,254W,,,2026/06/13,06:35,2026/06/13,07:29,2026/06/14,00:14
"COSCO SHIPPING LINES CO., LTD.",cosco,Kobe,41,,CMA CGM VALPARAISO,9HA5559,JSM,,0IZNKN1NC,0IZOPS1NC,,,2026/06/14,06:45,2026/06/14,07:40,2026/06/15,00:02
"COSCO SHIPPING LINES CO., LTD.",cosco,Kobe,41,,BRIGHT TSUBAKI,3E7557,CTJ,,030N,031S,,,2026/06/08,15:15,2026/06/08,16:28,2026/06/09,03:00
"COSCO SHIPPING LINES CO., LTD.",cosco,Kobe,41,,SINOTRANS DALIAN,VRMG7,CJ3,,2623E,2623W,,,2026/06/10,08:00,2026/06/10,09:25,2026/06/10,17:32
"COSCO SHIPPING LINES CO., LTD.",cosco,Kobe,41,,KOI,D5NZ4,AWE7,,0XRB5E1MA,0XRB5E1MA,,,2026/06/11,18:40,2026/06/11,19:50,2026/06/12,11:11
"COSCO SHIPPING LINES CO., LTD.",cosco,Kobe,41,,NEW MINGZHOU 60,VRPO5,CJ37,,2607N,2608S,,,2026/06/12,11:55,2026/06/12,12:44,2026/06/12,20:54
"COSCO SHIPPING LINES CO., LTD.",cosco,Kobe,41,,COSCO KIKU,H9WB,SKS2,,228E,228W,,,2026/06/14,14:05,2026/06/14,15:05,2026/06/14,20:54
"COSCO SHIPPING LINES CO., LTD.",cosco,Kobe,41,,ONE OLYMPUS,9VPQ7,JPSW,,080W,080W,,,2026/06/08,18:10,2026/06/08,19:12,2026/06/09,16:40
"COSCO SHIPPING LINES CO., LTD.",cosco,Kobe,41,,PANJA BHUM,9VJQ2,CJ32,,093E,093W,,,2026/06/10,16:00,2026/06/10,17:21,2026/06/11,06:10
"COSCO SHIPPING LINES CO., LTD.",cosco,Kobe,41,,OOCL NEW ZEALAND,VRFS2,KTX3,,166N,167S,,,2026/06/12,19:50,2026/06/12,20:47,2026/06/13,19:31
"COSCO SHIPPING LINES CO., LTD.",cosco,Kobe,41,,SMC COLUMBUS,3E8280,CJ24,,2623E,2623W,,,2026/06/10,19:40,2026/06/10,20:20,2026/06/11,11:36
"COSCO SHIPPING LINES CO., LTD.",cosco,Kobe,41,,SINOTRANS BEIJING,VRDL9,CJ2,,2623E,2623W,,,2026/06/10,21:05,2026/06/10,22:25,2026/06/11,11:30
"COSCO SHIPPING LINES CO., LTD.",cosco,Kobe,41,,WES SINA,V2CW6,SKS6,,467E,467W,,,2026/06/15,06:45,2026/06/15,08:04,2026/06/15,20:22
"COSCO SHIPPING LINES CO., LTD.",cosco,Kobe,41,,VICTORY HONOR,3EA5204,CJ2,,2636W,2636W,,,2026/06/16,06:15,2026/06/16,07:09,2026/06/16,15:27
"COSCO SHIPPING LINES CO., LTD.",cosco,Kobe,41,,SINOTRANS DALIAN,VRMG7,CJ3,,2624E,2624W,,,2026/06/17,05:45,2026/06/17,07:06,2026/06/17,16:00
"COSCO SHIPPING LINES CO., LTD.",cosco,Kobe,41,,PREMIER,XVGI7,CJ15,,2651E,2651E,,,2026/06/18,,2026/06/18,,2026/06/18,
"COSCO SHIPPING LINES CO., LTD.",cosco,Kobe,41,,JIANG YUAN YUAN BO,BOQQ8,CJ15,,2613E,2613E,,,2026/06/19,,2026/06/19,,2026/06/19,
"COSCO SHIPPING LINES CO., LTD.",cosco,Kobe,41,,SITC FANGCHENG,VRLG3,CJ10,,2611N,2611N,,,2026/06/19,23:00,2026/06/20,00:00,2026/06/20,09:00
"COSCO SHIPPING LINES CO., LTD.",cosco,Kobe,41,,FENGYUNHE,3FXG8,JCV,,1939N,1940S,,,2026/06/21,,2026/06/21,,2026/06/21,
"COSCO SHIPPING LINES CO., LTD.",cosco,Kobe,41,,COSCO HAMBURG,2BOX9,JKN,,295N,296S,,,2026/06/15,06:45,2026/06/15,07:35,2026/06/15,16:53
"COSCO SHIPPING LINES CO., LTD.",cosco,Kobe,41,,SMC COLUMBUS,3E8280,CJ24,,2624E,2624W,,,2026/06/16,13:45,2026/06/16,14:33,2026/06/16,21:43
"COSCO SHIPPING LINES CO., LTD.",cosco,Kobe,41,,TS KOBE,V7A5716,CJ28,,2610N,2610N,,,2026/06/17,06:35,2026/06/17,07:26,2026/06/17,23:59
"COSCO SHIPPING LINES CO., LTD.",cosco,Kobe,41,,NEW MINGZHOU 66,VRQE8,CJ37,,2608N,2609S,,,2026/06/18,07:10,2026/06/18,08:10,2026/06/18,12:00
"COSCO SHIPPING LINES CO., LTD.",cosco,Kobe,41,,TS HAKATA,V7A6216,CJ28,,2610N,2610N,,,2026/06/19,,2026/06/19,,2026/06/19,
"COSCO SHIPPING LINES CO., LTD.",cosco,Kobe,41,,VOLANS,D5VV2,JKN,,048N,049S,,,2026/06/20,,2026/06/20,,2026/06/20,
"COSCO SHIPPING LINES CO., LTD.",cosco,Kobe,41,,SITC TIANJIN,3EGN,CJ2,,2626E,2626E,,,2026/06/21,10:00,2026/06/21,11:00,2026/06/21,18:00
"COSCO SHIPPING LINES CO., LTD.",cosco,Kobe,41,,MORESBY CHIEF,9VMB2,CTJ,,019N,020S,,,2026/06/17,12:00,2026/06/17,13:00,2026/06/18,02:00
"COSCO SHIPPING LINES CO., LTD.",cosco,Kobe,41,,HECAN,D7WG,SKS2,,412E,412W,,,2026/06/18,07:15,2026/06/18,,2026/06/18,
"COSCO SHIPPING LINES CO., LTD.",cosco,Kobe,41,,CNC JAGUAR,9HA5771,JSM,,0IZNXN1NC,0IZORS1NC,,,2026/06/19,,2026/06/19,,2026/06/20,
"COSCO SHIPPING LINES CO., LTD.",cosco,Kobe,41,,ONE REASSURANCE,9V3808,JPSW,,255E,255E,,,2026/06/20,07:00,2026/06/20,08:00,2026/06/21,16:00
"COSCO SHIPPING LINES CO., LTD.",cosco,Kobe,41,,SINOTRANS BEIJING,VRDL9,CJ5,,2624E,2624W,,,2026/06/17,14:15,2026/06/17,15:15,2026/06/18,06:10
"COSCO SHIPPING LINES CO., LTD.",cosco,Kobe,41,,PANJA BHUM,9VJQ2,CJ32,,094E,094W,,,2026/06/18,12:00,2026/06/18,,2026/06/18,
"COSCO SHIPPING LINES CO., LTD.",cosco,Kobe,41,,CAPE FORTIUS,5BQC4,KTX4,,160N,161S,,,2026/06/19,07:30,2026/06/19,08:30,2026/06/19,16:30
"COSCO SHIPPING LINES CO., LTD.",cosco,Kobe,41,,ALS VESTA,9V5904,KTX1,,052N,053S,,,2026/06/18,17:00,2026/06/18,18:00,2026/06/18,23:30
"COSCO SHIPPING LINES CO., LTD.",cosco,Kobe,41,,PHEN BASIN,5LPI4,KTX3,,129N,130S,,,2026/06/19,20:00,2026/06/19,21:00,2026/06/20,16:30
"COSCO SHIPPING LINES CO., LTD.",cosco,Kobe,41,,K-PACIFIC,V2HY8,CJ15,,2626E,2626E,,,2026/06/22,,2026/06/22,,2026/06/22,
"COSCO SHIPPING LINES CO., LTD.",cosco,Kobe,41,,SMC COLUMBUS,3E8280,CJ24,,2625E,2625W,,,2026/06/23,,2026/06/23,,2026/06/23,
"COSCO SHIPPING LINES CO., LTD.",cosco,Kobe,41,,SAN LORENZO,5BTN4,KTX4,,320N,321S,,,2026/06/24,,2026/06/24,,2026/06/24,
"COSCO SHIPPING LINES CO., LTD.",cosco,Kobe,41,,PANJA BHUM,9VJQ2,CJ32,,095E,095W,,,2026/06/25,,2026/06/25,,2026/06/25,
"COSCO SHIPPING LINES CO., LTD.",cosco,Kobe,41,,HECAN,D7WG,SKS2,,414E,414W,,,2026/06/26,,2026/06/26,,2026/06/26,
"COSCO SHIPPING LINES CO., LTD.",cosco,Kobe,41,,OOCL NORFOLK,VREX4,KTX3,,304N,305S,,,2026/06/27,,2026/06/27,,2026/06/27,
"COSCO SHIPPING LINES CO., LTD.",cosco,Kobe,41,,SITC FANGCHENG,VRLG3,CJ10,,2612S,2612S,,,2026/06/28,,2026/06/28,,2026/06/29,
"COSCO SHIPPING LINES CO., LTD.",cosco,Kobe,41,,WES SINA,V2CW6,SKS6,,469E,469W,,,2026/06/22,,2026/06/22,,2026/06/23,
"COSCO SHIPPING LINES CO., LTD.",cosco,Kobe,41,,JOSCO BRIGHT,VRWQ8,CJ15,,2616E,2616E,,,2026/06/23,,2026/06/23,,2026/06/23,
"COSCO SHIPPING LINES CO., LTD.",cosco,Kobe,41,,CMA CGM FORT SAINT CHARLES,9HA6088,JSM,,0IZNZN1NC,0IZOTS1NC,,,2026/06/24,,2026/06/24,,2026/06/25,
"COSCO SHIPPING LINES CO., LTD.",cosco,Kobe,41,,JINYUNHE,H3GB,JCV,,1939N,1940S,,,2026/06/27,,2026/06/27,,2026/06/28,
"COSCO SHIPPING LINES CO., LTD.",cosco,Kobe,41,,SINOTRANS BEIJING,VRDL9,CJ2,,2625E,2625W,,,2026/06/23,,2026/06/23,,2026/06/23,
"COSCO SHIPPING LINES CO., LTD.",cosco,Kobe,41,,MANET,D5WB7,KTX1,,054N,055S,,,2026/06/24,09:00,2026/06/24,10:00,2026/06/24,17:00
"COSCO SHIPPING LINES CO., LTD.",cosco,Kobe,41,,FUTURE,3FSC7,KTX1,,053N,054S,,,2026/06/27,,2026/06/27,,2026/06/28,
"COSCO SHIPPING LINES CO., LTD.",cosco,Kobe,41,,SITC SHENZHEN,VRKS7,CJ10,,2613N,2613N,,,2026/06/23,,2026/06/23,,2026/06/23,
"COSCO SHIPPING LINES CO., LTD.",cosco,Kobe,41,,IRENES RAINBOW,5BMT6,CTJ,,031N,032S,,,2026/06/24,10:00,2026/06/24,11:00,2026/06/24,19:00
"COSCO SHIPPING LINES CO., LTD.",cosco,Kobe,41,,ONE MISSION,V7VS5,JPSW,,088E,088E,,,2026/06/27,07:00,2026/06/27,08:00,2026/06/28,16:00
"COSCO SHIPPING LINES CO., LTD.",cosco,Kobe,41,,SINOTRANS DALIAN,VRMG7,CJ3,,2625E,2625W,,,2026/06/23,,2026/06/23,,2026/06/24,
"COSCO SHIPPING LINES CO., LTD.",cosco,Kobe,41,,VANCOUVER,C4ZL2,KTX3,,055N,056S,,,2026/06/24,10:00,2026/06/24,11:00,2026/06/25,02:00
"COSCO SHIPPING LINES CO., LTD.",cosco,Kobe,41,,ONE MISSION,V7VS5,JPSW,,087W,087W,,,2026/06/27,07:00,2026/06/27,08:00,2026/06/28,16:00
"COSCO SHIPPING LINES CO., LTD.",cosco,Kobe,41,,VICTORY HONOR,3EA5204,CJ5,,2637E,2637W,,,2026/06/23,,2026/06/23,,2026/06/24,
"COSCO SHIPPING LINES CO., LTD.",cosco,Kobe,41,,BALTRUM,V2HR8,KTX4,,046N,047S,,,2026/06/24,14:00,2026/06/24,15:00,2026/06/24,23:00
"COSCO SHIPPING LINES CO., LTD.",cosco,Kobe,41,,NEW MINGZHOU 68,VRQH2,CJ37,,2608N,2609S,,,2026/06/24,18:00,2026/06/24,19:00,2026/06/25,09:00
"COSCO SHIPPING LINES CO., LTD.",cosco,Kobe,41,,WES SINA,V2CW6,SKS6,,470E,470W,,,2026/06/29,,2026/06/29,,2026/06/30,
"COSCO SHIPPING LINES CO., LTD.",cosco,Kobe,41,,VICTORY HONOR,3EA5204,CJ2,,2638E,2638W,,,2026/06/30,,2026/06/30,,2026/06/30,
"COSCO SHIPPING LINES CO., LTD.",cosco,Kobe,41,,PANJA BHUM,9VJQ2,CJ32,,096E,096W,,,2026/07/01,,2026/07/01,,2026/07/01,
"COSCO SHIPPING LINES CO., LTD.",cosco,Kobe,41,,SITC SHENZHEN,VRKS7,CJ10,,2614S,2614S,,,2026/07/02,,2026/07/02,,2026/07/02,
"COSCO SHIPPING LINES CO., LTD.",cosco,Kobe,41,,TS HAKATA,V7A6216,CJ28,,2611N,2611N,,,2026/07/03,,2026/07/03,,2026/07/03,
"COSCO SHIPPING LINES CO., LTD.",cosco,Kobe,41,,ALS VENUS,9V5905,KTX1,,091N,092S,,,2026/07/04,,2026/07/04,,2026/07/05,
"COSCO SHIPPING LINES CO., LTD.",cosco,Kobe,41,,SINOTRANS DALIAN,VRMG7,CJ3,,2626E,2626W,,,2026/06/29,,2026/06/29,,2026/06/30,
"COSCO SHIPPING LINES CO., LTD.",cosco,Kobe,41,,SMC COLUMBUS,3E8280,CJ24,,2626E,2626W,,,2026/06/30,,2026/06/30,,2026/06/30,
"COSCO SHIPPING LINES CO., LTD.",cosco,Kobe,41,,SITC TONGHE,VRVF7,CJ10,,2613N,2613N,,,2026/07/01,,2026/07/01,,2026/07/01,
"COSCO SHIPPING LINES CO., LTD.",cosco,Kobe,41,,CAPE FORTIUS,5BQC4,KTX4,,161N,162S,,,2026/07/03,,2026/07/03,,2026/07/03,
"COSCO SHIPPING LINES CO., LTD.",cosco,Kobe,41,,BF GIANT,A8UK9,JKN,,011N,012S,,,2026/07/04,07:00,2026/07/04,08:00,2026/07/04,18:00
"COSCO SHIPPING LINES CO., LTD.",cosco,Kobe,41,,TS KOBE,V7A5716,CJ28,,2611N,2611N,,,2026/06/30,,2026/06/30,,2026/06/30,
"COSCO SHIPPING LINES CO., LTD.",cosco,Kobe,41,,CNC SERVAL,9V8612,JSM,,0IZOMN1NC,0IZOVS1NC,,,2026/07/01,,2026/07/01,,2026/07/01,
"COSCO SHIPPING LINES CO., LTD.",cosco,Kobe,41,,HECAN,D7WG,SKS2,,415E,415W,,,2026/07/03,,2026/07/03,,2026/07/03,
"COSCO SHIPPING LINES CO., LTD.",cosco,Kobe,41,,ONE MODERN,V7VS6,JPSW,,081E,081E,,,2026/07/04,07:00,2026/07/04,08:00,2026/07/05,16:00
"COSCO SHIPPING LINES CO., LTD.",cosco,Kobe,41,,SINOTRANS BEIJING,VRDL9,CJ5,,2626E,2626W,,,2026/06/30,,2026/06/30,,2026/07/01,
"COSCO SHIPPING LINES CO., LTD.",cosco,Kobe,41,,NEW MINGZHOU 60,VRPO5,CJ37,,2608N,2609S,,,2026/07/01,,2026/07/01,,2026/07/01,
"COSCO SHIPPING LINES CO., LTD.",cosco,Kobe,41,,ONE MODERN,V7VS6,JPSW,,080W,080W,,,2026/07/04,07:00,2026/07/04,08:00,2026/07/05,16:00
"COSCO SHIPPING LINES CO., LTD.",cosco,Kobe,41,,BRIGHT TSUBAKI,3E7557,CTJ,,031N,032S,,,2026/07/01,,2026/07/01,,2026/07/01,
"COSCO SHIPPING LINES CO., LTD.",cosco,Mizushima,50,,REGAINING EARTH,5LCG6,CJ35,,0132E,0132W,,,2026/06/04,06:22,2026/06/04,06:54,2026/06/04,16:36
"COSCO SHIPPING LINES CO., LTD.",cosco,Mizushima,50,,BLOOMING EARTH,5LHP8,CJ35,,0122W,0122W,,,2026/06/11,13:00,2026/06/11,13:42,2026/06/11,19:56
"COSCO SHIPPING LINES CO., LTD.",cosco,Mizushima,50,,SCARLET ARROW,MBAM4,CJ35,,0354E,0354E,,,2026/06/13,12:30,2026/06/13,13:12,2026/06/13,18:15
"COSCO SHIPPING LINES CO., LTD.",cosco,Mizushima,50,,BLOOMING EARTH,5LHP8,CJ35,,0123E,0123E,,,2026/06/21,,2026/06/21,,2026/06/21,
"COSCO SHIPPING LINES CO., LTD.",cosco,Mizushima,50,,INTEGRATIVE EARTH,5LCG4,CJ35,,0143W,0143W,,,2026/06/22,,2026/06/22,,2026/06/22,
"COSCO SHIPPING LINES CO., LTD.",cosco,Mizushima,50,,SCARLET ARROW,MBAM4,CJ35,,0356W,0356W,,,2026/06/29,,2026/06/29,,2026/06/29,
"COSCO SHIPPING LINES CO., LTD.",cosco,Hiroshima,51,,SCARLET ARROW,MBAM4,CJ35,,0354E,0354E,,,2026/06/14,06:13,2026/06/14,06:48,2026/06/14,14:09
"COSCO SHIPPING LINES CO., LTD.",cosco,Hiroshima,51,,BLOOMING EARTH,5LHP8,CJ35,,0123E,0123E,,,2026/06/22,,2026/06/22,,2026/06/22,
"COSCO SHIPPING LINES CO., LTD.",cosco,Tokuyama,62,,WES SINA,V2CW6,SKS6,,466E,466W,,,2026/06/08,09:20,2026/06/08,12:35,2026/06/09,17:29
"COSCO SHIPPING LINES CO., LTD.",cosco,Tokuyama,62,,WES SINA,V2CW6,SKS6,,467E,467W,,,2026/06/16,12:30,2026/06/17,16:00,2026/06/17,23:00
"COSCO SHIPPING LINES CO., LTD.",cosco,Tokuyama,62,,WES SINA,V2CW6,SKS6,,469E,469W,,,2026/06/23,,2026/06/23,,2026/06/24,
"COSCO SHIPPING LINES CO., LTD.",cosco,Tokuyama,62,,WES SINA,V2CW6,SKS6,,470E,470W,,,2026/06/30,,2026/06/30,,2026/07/01,
"COSCO SHIPPING LINES CO., LTD.",cosco,Fukuyama,67,,SCARLET ARROW,MBAM4,CJ35,,0353W,0353W,,,2026/06/02,03:48,2026/06/02,04:50,2026/06/02,11:45
"COSCO SHIPPING LINES CO., LTD.",cosco,Fukuyama,67,,REGAINING EARTH,5LCG6,CJ35,,0134W,0134W,,,2026/06/18,,2026/06/18,,2026/06/18,
"COSCO SHIPPING LINES CO., LTD.",cosco,Fukuyama,67,,BLOOMING EARTH,5LHP8,CJ35,,0123E,0123E,,,2026/06/21,,2026/06/21,,2026/06/21,
"COSCO SHIPPING LINES CO., LTD.",cosco,Fukuyama,67,,SCARLET ARROW,MBAM4,CJ35,,0356W,0356W,,,2026/06/29,,2026/06/29,,2026/06/29,
"COSCO SHIPPING LINES CO., LTD.",cosco,Moji,70,,HUA HANG HAN YA 2,BOBQ2,CJ19,,2609E,2609E,,,2026/05/31,19:45,2026/06/02,07:40,2026/06/02,14:45
"COSCO SHIPPING LINES CO., LTD.",cosco,Moji,70,,JOSCO JANE,VRUS8,CJ15,,2613E,2613E,,,2026/06/03,07:10,2026/06/03,07:51,2026/06/03,14:20
"COSCO SHIPPING LINES CO., LTD.",cosco,Moji,70,,HUA HANG HAN YA 1,BOBO4,CJ19,,2610E,2610E,,,2026/06/04,23:18,2026/06/05,07:34,2026/06/05,12:13
"COSCO SHIPPING LINES CO., LTD.",cosco,Moji,70,,SINOTRANS OSAKA,VRDM4,CJ20,,2622E,2622W,,,2026/06/03,14:45,2026/06/03,16:27,2026/06/03,23:10
"COSCO SHIPPING LINES CO., LTD.",cosco,Moji,70,,SITC QINZHOU,VRQZ4,SKY1,,2621E,2621W,,,2026/06/05,15:39,2026/06/05,16:50,2026/06/06,18:36
"COSCO SHIPPING LINES CO., LTD.",cosco,Moji,70,,SMC YANTAI,3E7846,CJ23,,2622E,2622E,,,2026/06/08,20:40,2026/06/09,07:08,2026/06/09,15:12
"COSCO SHIPPING LINES CO., LTD.",cosco,Moji,70,,JOSCO CORA,VRWE2,CJ15,,2615E,2615E,,,2026/06/13,06:15,2026/06/13,06:50,2026/06/13,12:41
"COSCO SHIPPING LINES CO., LTD.",cosco,Moji,70,,GLORY ZHENDONG,VRPZ4,SKY1,,2622N,2622N,,,2026/06/09,09:55,2026/06/09,11:45,2026/06/09,19:28
"COSCO SHIPPING LINES CO., LTD.",cosco,Moji,70,,SITC QINZHOU,VRQZ4,CJ20,,2622E,2622W,,,2026/06/13,10:55,2026/06/13,12:20,2026/06/13,19:49
"COSCO SHIPPING LINES CO., LTD.",cosco,Moji,70,,SINOTRANS OSAKA,VRDM4,SKY1,,2623E,2623W,,,2026/06/09,13:50,2026/06/09,15:15,2026/06/10,15:09
"COSCO SHIPPING LINES CO., LTD.",cosco,Moji,70,,SMC YANTAI,3E7846,CJ23,,2623E,2623E,,,2026/06/15,20:35,2026/06/16,08:15,2026/06/16,16:55
"COSCO SHIPPING LINES CO., LTD.",cosco,Moji,70,,SINOTRANS OSAKA,VRDM4,CJ20,,2624E,2624W,,,2026/06/17,21:00,2026/06/18,07:00,2026/06/18,
"COSCO SHIPPING LINES CO., LTD.",cosco,Moji,70,,PREMIER,XVGI7,CJ15,,2651E,2651E,,,2026/06/19,,2026/06/19,,2026/06/19,
"COSCO SHIPPING LINES CO., LTD.",cosco,Moji,70,,HUA HANG HAN YA 2,BOBQ2,CJ19,,2610E,2610E,,,2026/06/18,,2026/06/18,,2026/06/18,
"COSCO SHIPPING LINES CO., LTD.",cosco,Moji,70,,HUA HANG HAN YA 1,BOBO4,CJ19,,2611E,2611E,,,2026/06/22,,2026/06/22,,2026/06/22,
"COSCO SHIPPING LINES CO., LTD.",cosco,Moji,70,,SITC QINZHOU,VRQZ4,SKY1,,2623E,2623W,,,2026/06/22,,2026/06/23,,2026/06/23,
"COSCO SHIPPING LINES CO., LTD.",cosco,Moji,70,,JOSCO BRIGHT,VRWQ8,CJ15,,2616E,2616E,,,2026/06/24,,2026/06/24,,2026/06/24,
"COSCO SHIPPING LINES CO., LTD.",cosco,Moji,70,,SINOTRANS OSAKA,VRDM4,SKY1,,2625E,2625W,,,2026/06/23,,2026/06/23,,2026/06/23,
"COSCO SHIPPING LINES CO., LTD.",cosco,Moji,70,,CONTESSA,V7A4534,CJ23,,246E,246W,,,2026/06/23,,2026/06/23,,2026/06/23,
"COSCO SHIPPING LINES CO., LTD.",cosco,Moji,70,,HUA HANG HAN YA 2,BOBQ2,CJ19,,2611E,2611E,,,2026/06/29,,2026/06/29,,2026/06/29,
"COSCO SHIPPING LINES CO., LTD.",cosco,Moji,70,,CONTESSA,V7A4534,CJ23,,248E,248W,,,2026/06/30,,2026/06/30,,2026/06/30,
"COSCO SHIPPING LINES CO., LTD.",cosco,Moji,70,,SINOTRANS OSAKA,VRDM4,CJ20,,2626E,2626W,,,2026/07/01,,2026/07/01,,2026/07/01,
"COSCO SHIPPING LINES CO., LTD.",cosco,Moji,70,,SITC QINZHOU,VRQZ4,CJ20,,2624E,2624E,,,2026/06/30,,2026/06/30,,2026/07/01,
"COSCO SHIPPING LINES CO., LTD.",cosco,Hakata,77,,SINOTRANS OSAKA,VRDM4,CJ20,,2622E,2622W,,,2026/06/02,12:50,2026/06/02,13:27,2026/06/03,11:30
"COSCO SHIPPING LINES CO., LTD.",cosco,Hakata,77,,CONTESSA,V7A4534,CJ23,,243E,243W,,,2026/06/02,02:36,2026/06/03,06:43,2026/06/03,14:23
"COSCO SHIPPING LINES CO., LTD.",cosco,Hakata,77,,SITC QINZHOU,VRQZ4,SKY1,,2621E,2621W,,,2026/06/05,03:53,2026/06/05,04:38,2026/06/05,12:01
"COSCO SHIPPING LINES CO., LTD.",cosco,Hakata,77,,GLORY ZHENDONG,VRPZ4,SKY1,,2622N,2622N,,,2026/06/07,14:30,2026/06/08,06:12,2026/06/08,20:48
"COSCO SHIPPING LINES CO., LTD.",cosco,Hakata,77,,K-PACIFIC,V2HY8,CJ15,,2625E,2625E,,,2026/06/08,03:18,2026/06/09,06:14,2026/06/09,10:38
"COSCO SHIPPING LINES CO., LTD.",cosco,Hakata,77,,SINOTRANS OSAKA,VRDM4,SKY1,,2623E,2623W,,,2026/06/10,18:56,2026/06/10,19:34,2026/06/11,10:55
"COSCO SHIPPING LINES CO., LTD.",cosco,Hakata,77,,CONTESSA,V7A4534,CJ23,,244E,244W,,,2026/06/10,14:36,2026/06/11,10:48,2026/06/11,18:01
"COSCO SHIPPING LINES CO., LTD.",cosco,Hakata,77,,SMC YANTAI,3E7846,CJ23,,2622E,2622E,,,2026/06/07,19:45,2026/06/08,07:40,2026/06/08,12:59
"COSCO SHIPPING LINES CO., LTD.",cosco,Hakata,77,,JOSCO CORA,VRWE2,CJ15,,2615E,2615E,,,2026/06/13,17:18,2026/06/15,07:11,2026/06/15,12:50
"COSCO SHIPPING LINES CO., LTD.",cosco,Hakata,77,,SITC QINZHOU,VRQZ4,CJ20,,2622E,2622W,,,2026/06/14,01:24,2026/06/16,08:56,2026/06/17,11:30
"COSCO SHIPPING LINES CO., LTD.",cosco,Hakata,77,,JIANG YUAN YUAN DA,BOQA9,CJ15,,2611E,2611E,,,2026/06/14,20:25,2026/06/17,18:00,2026/06/17,22:00
"COSCO SHIPPING LINES CO., LTD.",cosco,Hakata,77,,CONTESSA,V7A4534,CJ23,,245E,245W,,,2026/06/17,12:30,2026/06/18,06:00,2026/06/18,12:00
"COSCO SHIPPING LINES CO., LTD.",cosco,Hakata,77,,PREMIER,XVGI7,CJ15,,2651E,2651E,,,2026/06/19,,2026/06/19,,2026/06/19,
"COSCO SHIPPING LINES CO., LTD.",cosco,Hakata,77,,K-PACIFIC,V2HY8,CJ15,,2626E,2626E,,,2026/06/21,,2026/06/21,,2026/06/21,
"COSCO SHIPPING LINES CO., LTD.",cosco,Hakata,77,,SMC YANTAI,3E7846,CJ23,,2623E,2623E,,,2026/06/15,06:20,2026/06/15,07:12,2026/06/15,14:05
"COSCO SHIPPING LINES CO., LTD.",cosco,Hakata,77,,SINOTRANS OSAKA,VRDM4,CJ20,,2624E,2624W,,,2026/06/17,06:00,2026/06/17,06:35,2026/06/17,18:00
"COSCO SHIPPING LINES CO., LTD.",cosco,Hakata,77,,SITC QINZHOU,VRQZ4,SKY1,,2623E,2623W,,,2026/06/22,,2026/06/22,,2026/06/22,
"COSCO SHIPPING LINES CO., LTD.",cosco,Hakata,77,,CONTESSA,V7A4534,CJ23,,246E,246W,,,2026/06/23,,2026/06/23,,2026/06/24,
"COSCO SHIPPING LINES CO., LTD.",cosco,Hakata,77,,JOSCO BRIGHT,VRWQ8,CJ15,,2616E,2616E,,,2026/06/24,,2026/06/24,,2026/06/24,
"COSCO SHIPPING LINES CO., LTD.",cosco,Hakata,77,,SINOTRANS OSAKA,VRDM4,SKY1,,2625E,2625W,,,2026/06/22,,2026/06/22,,2026/06/23,
"COSCO SHIPPING LINES CO., LTD.",cosco,Hakata,77,,SITC QINZHOU,VRQZ4,CJ20,,2624E,2624E,,,2026/06/29,,2026/06/29,,2026/06/30,
"COSCO SHIPPING LINES CO., LTD.",cosco,Hakata,77,,SINOTRANS OSAKA,VRDM4,CJ20,,2626E,2626W,,,2026/06/30,,2026/06/30,,2026/07/01,
"COSCO SHIPPING LINES CO., LTD.",cosco,Hakata,77,,CONTESSA,V7A4534,CJ23,,248E,248W,,,2026/06/30,,2026/07/01,,2026/07/01,
"COSCO SHIPPING LINES CO., LTD.",cosco,Oita,78,,SCARLET ARROW,MBAM4,CJ35,,0354E,0354E,,,2026/06/15,13:55,2026/06/15,14:18,2026/06/15,20:14
"COSCO SHIPPING LINES CO., LTD.",cosco,Imari,87,,SCARLET ARROW,MBAM4,CJ35,,0354E,0354E,,,2026/06/12,04:42,2026/06/12,05:20,2026/06/12,13:20
"COSCO SHIPPING LINES CO., LTD.",cosco,Imari,87,,BLOOMING EARTH,5LHP8,CJ35,,0123E,0123E,,,2026/06/20,,2026/06/20,,2026/06/20,
"COSCO SHIPPING LINES CO., LTD.",cosco,Shibushi,91,,SCARLET ARROW,MBAM4,CJ35,,0353W,0353W,,,2026/06/04,07:00,2026/06/05,16:55,2026/06/06,13:40
"COSCO SHIPPING LINES CO., LTD.",cosco,Shibushi,91,,INTEGRATIVE EARTH,5LCG4,CJ35,,0142E,0142E,,,2026/06/11,05:25,2026/06/11,06:15,2026/06/11,11:40
"COSCO SHIPPING LINES CO., LTD.",cosco,Shibushi,91,,BLOOMING EARTH,5LHP8,CJ35,,0122W,0122W,,,2026/06/12,12:40,2026/06/12,13:25,2026/06/13,11:10
"COSCO SHIPPING LINES CO., LTD.",cosco,Shibushi,91,,REGAINING EARTH,5LCG6,CJ35,,0134W,0134W,,,2026/06/19,,2026/06/19,,2026/06/19,
"COSCO SHIPPING LINES CO., LTD.",cosco,Shibushi,91,,SCARLET ARROW,MBAM4,CJ35,,0355E,0355E,,,2026/06/19,,2026/06/19,,2026/06/19,
"COSCO SHIPPING LINES CO., LTD.",cosco,Shibushi,91,,INTEGRATIVE EARTH,5LCG4,CJ35,,0143W,0143W,,,2026/06/24,,2026/06/24,,2026/06/24,
"COSCO SHIPPING LINES CO., LTD.",cosco,Shibushi,91,,SCARLET ARROW,MBAM4,CJ35,,0356W,0356W,,,2026/07/01,,2026/07/01,,2026/07/01,
HAPAG-LLOYD AG,hapag,Tomakomai,1,,HEUNG-A HAIPHONG,,,,2620E,2620W,,,2026/06/04,15:15,2026/06/06,13:20,2026/06/10,09:40
HAPAG-LLOYD AG,hapag,Tomakomai,1,,TOYAMA TRADER,,,,2620E,2620W,,,2026/06/12,06:47,2026/06/12,07:30,2026/06/13,20:00
HAPAG-LLOYD AG,hapag,Tomakomai,1,,YONG SHUN,,,,26022E,26022W,,,2026/06/14,05:58,2026/06/14,06:45,2026/06/16,10:50
HAPAG-LLOYD AG,hapag,Tomakomai,1,,HEUNG-A HAIPHONG,,,,2623E,2623W,,,2026/06/20,,2026/06/20,,2026/06/21,
HAPAG-LLOYD AG,hapag,Tomakomai,1,,TOYAMA TRADER,,,,2621E,2621W,,,2026/06/23,,2026/06/23,,2026/06/24,
HAPAG-LLOYD AG,hapag,Tomakomai,1,,HEUNG-A HAIPHONG,,,,2624E,2624W,,,2026/06/29,,2026/06/29,,2026/06/30,
HAPAG-LLOYD AG,hapag,Tomakomai,1,,TOYAMA TRADER,,,,2622E,2622W,,,2026/06/29,,2026/06/30,,2026/07/01,
HAPAG-LLOYD AG,hapag,Tomakomai,1,,TOYAMA TRADER,,,,2623E,2623W,,,,,,,,
HAPAG-LLOYD AG,hapag,Tomakomai,1,,HEUNG-A HAIPHONG,,,,2625E,2625W,,,,,,,,
HAPAG-LLOYD AG,hapag,Sendaishiogama,3,,TOYAMA TRADER,,,,2618E,2618W,,,2026/06/01,11:16,2026/06/01,11:57,2026/06/02,16:03
HAPAG-LLOYD AG,hapag,Sendaishiogama,3,,HEUNG-A AKITA,,,,2620E,2620W,,,2026/06/08,08:00,2026/06/09,04:58,2026/06/09,16:47
HAPAG-LLOYD AG,hapag,Sendaishiogama,3,,TOYAMA TRADER,,,,2620E,2620W,,,2026/06/09,19:36,2026/06/10,05:04,2026/06/10,15:57
HAPAG-LLOYD AG,hapag,Sendaishiogama,3,,HEUNG-A AKITA,,,,2621E,2621W,,,,,,,,
HAPAG-LLOYD AG,hapag,Sendaishiogama,3,,TOYAMA TRADER,,,,2621E,2621W,,,2026/06/21,,2026/06/22,,2026/06/22,
HAPAG-LLOYD AG,hapag,Sendaishiogama,3,,HEUNG-A AKITA,,,,2622E,2622W,,,,,,,,
HAPAG-LLOYD AG,hapag,Sendaishiogama,3,,TOYAMA TRADER,,,,2622E,2622W,,,2026/07/02,,2026/07/02,,2026/07/02,
HAPAG-LLOYD AG,hapag,Sendaishiogama,3,,TOYAMA TRADER,,,,2623E,2623W,,,,,,,,
HAPAG-LLOYD AG,hapag,Yokohama,11,,VIENNA EXPRESS,,,,620W,620W,,,2026/06/02,06:30,2026/06/02,07:20,2026/06/02,20:20
HAPAG-LLOYD AG,hapag,Yokohama,11,,GSL KALLIOPI,,,,617W,621E,,,2026/06/04,11:15,2026/06/04,12:05,2026/06/04,18:05
HAPAG-LLOYD AG,hapag,Yokohama,11,,DELAWARE EXPRESS,,,,621W,624E,,,2026/06/05,06:40,2026/06/05,07:30,2026/06/06,00:01
HAPAG-LLOYD AG,hapag,Yokohama,11,,MSC VALENTINA,,,,FA617R,FA617R,,,2026/06/07,06:50,2026/06/07,07:40,2026/06/07,20:55
HAPAG-LLOYD AG,hapag,Yokohama,11,,POSORJA EXPRESS,,,,2620E,2620E,,,2026/06/04,12:25,2026/06/04,13:15,2026/06/05,03:30
HAPAG-LLOYD AG,hapag,Yokohama,11,,RIO KOBE,,,,623E,623W,,,2026/06/07,19:00,2026/06/07,19:55,2026/06/08,22:20
HAPAG-LLOYD AG,hapag,Yokohama,11,,ONE SPARKLE,,,,2611W,2611W,,,2026/06/09,06:00,2026/06/09,06:55,2026/06/10,17:45
HAPAG-LLOYD AG,hapag,Yokohama,11,,MISSOURI EXPRESS,,,,622W,625E,,,2026/06/11,06:45,2026/06/11,07:20,2026/06/11,21:05
HAPAG-LLOYD AG,hapag,Yokohama,11,,MSC CANDIDA,,,,FA618R,FA618R,,,2026/06/12,16:10,2026/06/12,17:15,2026/06/13,12:40
HAPAG-LLOYD AG,hapag,Yokohama,11,,TAURANGA MAERSK,,,,622E,622E,,,2026/06/13,06:40,2026/06/13,07:55,2026/06/13,15:50
HAPAG-LLOYD AG,hapag,Yokohama,11,,MAERSK SAN VICENTE,,,,620W,620W,,,,,,,,
HAPAG-LLOYD AG,hapag,Yokohama,11,,SEASPAN AMAZON,,,,621W,621W,,,2026/06/09,19:00,2026/06/09,19:55,2026/06/10,17:35
HAPAG-LLOYD AG,hapag,Yokohama,11,,YOKOHAMA EXPRESS,,,,2621E,2621E,,,2026/06/11,21:40,2026/06/11,22:25,2026/06/12,15:25
HAPAG-LLOYD AG,hapag,Yokohama,11,,ONE SERENITY,,,,2612W,2612W,,,2026/06/13,17:10,2026/06/13,18:00,2026/06/14,16:05
HAPAG-LLOYD AG,hapag,Yokohama,11,,FRANKFURT EXPRESS,,,,622W,626E,,,2026/06/16,06:30,2026/06/16,07:15,2026/06/16,20:25
HAPAG-LLOYD AG,hapag,Yokohama,11,,SEASPAN LINGUE,,,,624E,624W,,,2026/06/17,07:00,2026/06/17,08:00,2026/06/18,00:20
HAPAG-LLOYD AG,hapag,Yokohama,11,,HUDSON EXPRESS,,,,623W,626E,,,2026/06/18,07:00,2026/06/18,08:00,2026/06/18,18:30
HAPAG-LLOYD AG,hapag,Yokohama,11,,ONE SPIRIT,,,,2611W,2611W,,,2026/06/19,18:00,2026/06/19,19:00,2026/06/20,17:00
HAPAG-LLOYD AG,hapag,Yokohama,11,,MAERSK STEPNICA,,,,619W,623E,,,2026/06/20,16:00,2026/06/20,17:00,2026/06/21,02:00
HAPAG-LLOYD AG,hapag,Yokohama,11,,SEASPAN BRAVO,,,,0103E,0103E,,,2026/06/16,21:50,2026/06/16,22:45,2026/06/17,16:30
HAPAG-LLOYD AG,hapag,Yokohama,11,,ONE SHINE,,,,2613W,2613W,,,2026/06/20,17:00,2026/06/20,18:00,2026/06/21,18:00
HAPAG-LLOYD AG,hapag,Yokohama,11,,VIRGO,,,,625E,625W,,,2026/06/22,11:00,2026/06/22,12:00,2026/06/23,17:00
HAPAG-LLOYD AG,hapag,Yokohama,11,,KOSTAS K,,,,623W,623W,,,2026/06/23,07:30,2026/06/23,08:30,2026/06/23,18:30
HAPAG-LLOYD AG,hapag,Yokohama,11,,POTOMAC EXPRESS,,,,624W,626E,,,2026/06/26,00:01,2026/06/26,01:00,2026/06/26,11:00
HAPAG-LLOYD AG,hapag,Yokohama,11,,GSL GRANIA,,,,624E,624E,,,2026/06/27,07:00,2026/06/27,08:00,2026/06/27,17:00
HAPAG-LLOYD AG,hapag,Yokohama,11,,IQUIQUE EXPRESS,,,,2623E,2623E,,,2026/06/23,21:00,2026/06/23,22:00,2026/06/24,08:00
HAPAG-LLOYD AG,hapag,Yokohama,11,,MSC VIVIENNE,,,,FA620R,FA620R,,,2026/06/26,13:00,2026/06/26,14:00,2026/06/27,05:00
HAPAG-LLOYD AG,hapag,Yokohama,11,,MSC PROCIDA,,,,FZ614R,FZ614R,,,2026/06/27,17:00,2026/06/27,18:00,2026/06/28,02:00
HAPAG-LLOYD AG,hapag,Yokohama,11,,RIO KOBE,,,,626E,626W,,,2026/06/27,22:00,2026/06/27,23:00,2026/06/29,04:00
HAPAG-LLOYD AG,hapag,Yokohama,11,,BUDAPEST EXPRESS,,,,624W,628E,,,2026/06/30,07:30,2026/06/30,08:30,2026/06/30,18:30
HAPAG-LLOYD AG,hapag,Yokohama,11,,ONE SPARKLE,,,,2624E,2624E,,,2026/07/01,17:00,2026/07/01,18:00,2026/07/02,10:00
HAPAG-LLOYD AG,hapag,Yokohama,11,,MAERSK KINLOSS,,,,625W,627E,,,2026/07/02,12:00,2026/07/02,13:00,2026/07/02,23:00
HAPAG-LLOYD AG,hapag,Yokohama,11,,ONE SIMPLICITY,,,,2613W,2613W,,,2026/07/03,18:00,2026/07/03,19:00,2026/07/04,10:00
HAPAG-LLOYD AG,hapag,Yokohama,11,,MAERSK STRALSUND,,,,621W,625E,,,2026/07/04,07:00,2026/07/04,08:00,2026/07/04,17:00
HAPAG-LLOYD AG,hapag,Yokohama,11,,RDO ACE,,,,2615W,2615W,,,2026/07/04,17:00,2026/07/04,18:00,2026/07/05,18:00
HAPAG-LLOYD AG,hapag,Yokohama,11,,SEASPAN RIO DE JANEIRO,,,,627E,627W,,,2026/07/04,22:00,2026/07/04,23:00,2026/07/06,04:00
HAPAG-LLOYD AG,hapag,Tokyo,13,,VIRGO,,,,622E,622W,,,,,,,,
HAPAG-LLOYD AG,hapag,Tokyo,13,,RIO KOBE,,,,623E,623W,,,2026/06/06,18:09,2026/06/06,18:50,2026/06/07,17:19
HAPAG-LLOYD AG,hapag,Tokyo,13,,SEASPAN LINGUE,,,,624E,624W,,,2026/06/15,17:26,2026/06/15,18:19,2026/06/17,05:25
HAPAG-LLOYD AG,hapag,Tokyo,13,,VIRGO,,,,625E,625W,,,2026/06/21,15:00,2026/06/21,16:00,2026/06/22,11:00
HAPAG-LLOYD AG,hapag,Tokyo,13,,RIO KOBE,,,,626E,626W,,,2026/06/26,22:30,2026/06/26,23:30,2026/06/27,21:00
HAPAG-LLOYD AG,hapag,Tokyo,13,,SEASPAN RIO DE JANEIRO,,,,627E,627W,,,2026/07/03,22:30,2026/07/03,23:30,2026/07/04,21:00
HAPAG-LLOYD AG,hapag,Niigata,24,,ATLANTIC SOUTH,,,,2620E,2620W,,,2026/06/02,04:52,2026/06/02,05:40,2026/06/02,17:20
HAPAG-LLOYD AG,hapag,Niigata,24,,OSAKA VOYAGER,,,,2625E,2625W,,,2026/06/03,05:51,2026/06/03,07:00,2026/06/03,17:10
HAPAG-LLOYD AG,hapag,Niigata,24,,PROACTIVE EARTH,,,,0126E,0126W,,,2026/06/07,05:57,2026/06/07,06:45,2026/06/07,20:30
HAPAG-LLOYD AG,hapag,Niigata,24,,ATLANTIC SOUTH,,,,2622E,2622W,,,2026/06/10,06:44,2026/06/10,07:40,2026/06/10,16:30
HAPAG-LLOYD AG,hapag,Niigata,24,,VOSTOCHNY VOYAGER,,,,2633E,2633W,,,2026/06/12,07:38,2026/06/12,08:55,2026/06/12,17:05
HAPAG-LLOYD AG,hapag,Niigata,24,,ATLANTIC SOUTH,,,,2623E,2623W,,,2026/06/18,,2026/06/18,,2026/06/18,
HAPAG-LLOYD AG,hapag,Niigata,24,,OSAKA VOYAGER,,,,2628E,2628W,,,2026/06/19,,2026/06/19,,2026/06/19,
HAPAG-LLOYD AG,hapag,Niigata,24,,HARMONIZED EARTH,,,,0130E,0130W,,,2026/06/23,,2026/06/23,,2026/06/23,
HAPAG-LLOYD AG,hapag,Niigata,24,,VOSTOCHNY VOYAGER,,,,2636E,2636W,,,2026/06/23,,2026/06/24,,2026/06/24,
HAPAG-LLOYD AG,hapag,Niigata,24,,ATLANTIC SOUTH,,,,2624E,2624W,,,2026/06/26,,2026/06/26,,2026/06/26,
HAPAG-LLOYD AG,hapag,Niigata,24,,OSAKA VOYAGER,,,,2631E,2631W,,,2026/06/30,,2026/07/01,,2026/07/01,
HAPAG-LLOYD AG,hapag,Niigata,24,,HARMONIZED EARTH,,,,0131E,0131W,,,2026/07/03,,2026/07/03,,2026/07/03,
HAPAG-LLOYD AG,hapag,Niigata,24,,ATLANTIC SOUTH,,,,2626E,2626W,,,2026/07/04,,2026/07/04,,2026/07/04,
HAPAG-LLOYD AG,hapag,Niigata,24,,ATLANTIC SOUTH,,,,2625E,2625W,,,,,,,,
HAPAG-LLOYD AG,hapag,Shimizu,30,,PANCON SUCCESS,,,,2619E,2619W,,,,,,,,
HAPAG-LLOYD AG,hapag,Shimizu,30,,AN DA,,,,2622E,2622W,,,2026/06/04,16:18,2026/06/05,06:45,2026/06/05,12:40
HAPAG-LLOYD AG,hapag,Shimizu,30,,TY INCHEON,,,,2614E,2614W,,,2026/06/10,13:35,2026/06/10,14:10,2026/06/10,19:25
HAPAG-LLOYD AG,hapag,Shimizu,30,,AN DA,,,,2623E,2623W,,,2026/06/14,05:57,2026/06/14,06:24,2026/06/14,12:39
HAPAG-LLOYD AG,hapag,Shimizu,30,,MILD CHORUS,,,,2622N,2625S,,,2026/06/19,,2026/06/19,,2026/06/19,
HAPAG-LLOYD AG,hapag,Shimizu,30,,PANCON SUCCESS,,,,2620E,2620W,,,2026/06/19,18:00,2026/06/20,00:01,2026/06/20,12:00
HAPAG-LLOYD AG,hapag,Shimizu,30,,PANCON SUCCESS,,,,2621E,2621W,,,2026/06/23,,2026/06/23,,2026/06/23,
HAPAG-LLOYD AG,hapag,Shimizu,30,,PANCON SUCCESS,,,,2622E,2622W,,,2026/06/30,,2026/06/30,,2026/06/30,
HAPAG-LLOYD AG,hapag,Nagoya,35,,HEUNG-A XIAMEN,,,,2622S,2622N,,,2026/06/01,17:36,2026/06/02,08:00,2026/06/02,17:15
HAPAG-LLOYD AG,hapag,Nagoya,35,,SEASPAN LINGUE,,,,622N,623S,,,2026/06/06,06:30,2026/06/06,07:55,2026/06/07,01:45
HAPAG-LLOYD AG,hapag,Nagoya,35,,VIRGO,,,,623N,624S,,,2026/06/13,14:10,2026/06/13,15:45,2026/06/14,07:55
HAPAG-LLOYD AG,hapag,Nagoya,35,,HEUNG-A XIAMEN,,,,2623S,2623N,,,2026/06/14,08:00,2026/06/14,09:00,2026/06/14,16:20
HAPAG-LLOYD AG,hapag,Nagoya,35,,AKITA TRADER,,,,2622E,2622W,,,2026/06/16,17:20,2026/06/16,18:25,2026/06/17,12:30
HAPAG-LLOYD AG,hapag,Nagoya,35,,HEUNG-A AKITA,,,,2621S,2621N,,,2026/06/18,17:30,2026/06/18,18:30,2026/06/19,06:00
HAPAG-LLOYD AG,hapag,Nagoya,35,,MERATUS TOMINI,,,,624N,625W,,,2026/06/20,07:30,2026/06/20,08:30,2026/06/20,18:00
HAPAG-LLOYD AG,hapag,Nagoya,35,,RIO KOBE,,,,624N,625S,,,2026/06/18,18:10,2026/06/18,19:10,2026/06/19,18:50
HAPAG-LLOYD AG,hapag,Nagoya,35,,AKITA TRADER,,,,2623E,2623W,,,2026/06/23,,2026/06/23,,2026/06/23,
HAPAG-LLOYD AG,hapag,Nagoya,35,,HEUNG-A AKITA,,,,2622S,2622N,,,2026/06/24,,2026/06/24,,2026/06/24,
HAPAG-LLOYD AG,hapag,Nagoya,35,,SEASPAN RIO DE JANEIRO,,,,625N,626S,,,2026/06/24,17:00,2026/06/24,18:00,2026/06/25,18:00
HAPAG-LLOYD AG,hapag,Nagoya,35,,AKITA TRADER,,,,2624E,2624W,,,2026/06/30,,2026/06/30,,2026/06/30,
HAPAG-LLOYD AG,hapag,Nagoya,35,,IRENES SOUTHERN,,,,626N,627S,,,2026/07/01,17:00,2026/07/01,18:00,2026/07/02,18:00
HAPAG-LLOYD AG,hapag,Nagoya,35,,HEUNG-A AKITA,,,,2623S,2623N,,,2026/06/30,,2026/06/30,,2026/06/30,
HAPAG-LLOYD AG,hapag,Osaka,40,,GLORY GUANGZHOU,,,,2622E,2622W,,,2026/06/01,19:33,2026/06/01,20:10,2026/06/02,11:39
HAPAG-LLOYD AG,hapag,Osaka,40,,A KAKOGAWA,,,,2622E,2622W,,,,,,,,
HAPAG-LLOYD AG,hapag,Osaka,40,,A ONTAKE,,,,2622E,2622W,,,2026/06/03,15:42,2026/06/03,22:25,2026/06/04,16:32
HAPAG-LLOYD AG,hapag,Osaka,40,,HONOR VOYAGER,,,,2622E,2622W,,,2026/06/04,14:45,2026/06/04,15:36,2026/06/04,21:15
HAPAG-LLOYD AG,hapag,Osaka,40,,SHUN DA,,,,2623E,2623W,,,,,,,,
HAPAG-LLOYD AG,hapag,Osaka,40,,MILD TEMPO,,,,2623E,2623W,,,,,,,,
HAPAG-LLOYD AG,hapag,Osaka,40,,HONOR VOYAGER,,,,2623E,2623W,,,2026/06/10,15:56,2026/06/10,16:44,2026/06/10,22:10
HAPAG-LLOYD AG,hapag,Osaka,40,,MILD SONATA,,,,2623E,2623W,,,2026/06/09,12:42,2026/06/09,13:07,2026/06/10,06:00
HAPAG-LLOYD AG,hapag,Osaka,40,,GLORY GUANGZHOU,,,,2624E,2624W,,,2026/06/15,23:25,2026/06/15,23:59,2026/06/16,19:55
HAPAG-LLOYD AG,hapag,Osaka,40,,A KAKOGAWA,,,,2624E,2624W,,,2026/06/16,22:39,2026/06/16,23:23,2026/06/17,18:45
HAPAG-LLOYD AG,hapag,Osaka,40,,HONOR VOYAGER,,,,2624E,2624W,,,2026/06/17,06:16,2026/06/17,07:00,2026/06/17,14:45
HAPAG-LLOYD AG,hapag,Osaka,40,,A ONTAKE,,,,2624E,2624W,,,2026/06/18,,2026/06/18,,2026/06/18,
HAPAG-LLOYD AG,hapag,Osaka,40,,SHUN DA,,,,2625E,2625W,,,2026/06/22,,2026/06/22,,2026/06/23,
HAPAG-LLOYD AG,hapag,Osaka,40,,MILD TEMPO,,,,2625E,2625W,,,2026/06/23,,2026/06/23,,2026/06/23,
HAPAG-LLOYD AG,hapag,Osaka,40,,HONOR VOYAGER,,,,2625E,2625W,,,2026/06/24,,2026/06/24,,2026/06/24,
HAPAG-LLOYD AG,hapag,Osaka,40,,GLORY GUANGZHOU,,,,2626E,2626W,,,,,,,,
HAPAG-LLOYD AG,hapag,Osaka,40,,A ONTAKE,,,,2626E,2626W,,,2026/06/30,,2026/06/30,,2026/06/30,
HAPAG-LLOYD AG,hapag,Osaka,40,,HONOR VOYAGER,,,,2626E,2626W,,,2026/07/01,,2026/07/01,,2026/07/01,
HAPAG-LLOYD AG,hapag,Kobe,41,,HONOR OCEAN,,,,1056E,1056W,,,2026/06/01,15:55,2026/06/01,17:31,2026/06/01,23:20
HAPAG-LLOYD AG,hapag,Kobe,41,,SEASPAN LINGUE,,,,622N,623S,,,2026/06/04,11:45,2026/06/04,12:49,2026/06/05,11:58
HAPAG-LLOYD AG,hapag,Kobe,41,,MERATUS TOMINI,,,,622N,623W,,,2026/06/07,12:20,2026/06/07,13:32,2026/06/08,06:04
HAPAG-LLOYD AG,hapag,Kobe,41,,VIRGO,,,,623N,624S,,,2026/06/11,19:55,2026/06/11,21:11,2026/06/12,22:00
HAPAG-LLOYD AG,hapag,Kobe,41,,MARINA SAPPHIRE,,,,623N,624W,,,2026/06/13,16:00,2026/06/13,16:58,2026/06/13,22:29
HAPAG-LLOYD AG,hapag,Kobe,41,,RIO KOBE,,,,624N,625S,,,2026/06/17,08:10,2026/06/17,09:04,2026/06/18,00:30
HAPAG-LLOYD AG,hapag,Kobe,41,,MERATUS TOMINI,,,,624N,625W,,,2026/06/21,12:00,2026/06/21,13:00,2026/06/21,21:00
HAPAG-LLOYD AG,hapag,Kobe,41,,SEASPAN RIO DE JANEIRO,,,,625N,626S,,,2026/06/22,21:00,2026/06/22,22:00,2026/06/23,19:00
HAPAG-LLOYD AG,hapag,Kobe,41,,MARINA SAPPHIRE,,,,625N,626W,,,2026/06/26,20:00,2026/06/26,21:00,2026/06/27,04:00
HAPAG-LLOYD AG,hapag,Kobe,41,,IRENES SOUTHERN,,,,626N,627S,,,2026/06/29,13:00,2026/06/29,14:00,2026/06/30,19:00
HAPAG-LLOYD AG,hapag,Kobe,41,,MERATUS TOMINI,,,,626N,627W,,,2026/07/03,20:00,2026/07/03,21:00,2026/07/04,04:00
HAPAG-LLOYD AG,hapag,Mizushima,50,,SCARLET ARROW,,,,0353E,0353W,,,2026/06/02,13:03,2026/06/02,13:48,2026/06/02,19:57
HAPAG-LLOYD AG,hapag,Mizushima,50,,INTEGRATIVE EARTH,,,,0142E,0142W,,,2026/06/12,12:50,2026/06/12,13:30,2026/06/12,19:13
HAPAG-LLOYD AG,hapag,Mizushima,50,,HANSUNG WEIHAI,,,,2631E,2631W,,,2026/06/12,21:12,2026/06/13,06:00,2026/06/13,10:00
HAPAG-LLOYD AG,hapag,Mizushima,50,,SCARLET ARROW,,,,0354E,0354W,,,2026/06/13,12:30,2026/06/13,13:12,2026/06/13,18:15
HAPAG-LLOYD AG,hapag,Mizushima,50,,SCARLET ARROW,,,,0355E,0355W,,,2026/06/20,,2026/06/20,,2026/06/20,
HAPAG-LLOYD AG,hapag,Mizushima,50,,BLOOMING EARTH,,,,0123E,0123W,,,2026/06/21,,2026/06/21,,2026/06/21,
HAPAG-LLOYD AG,hapag,Mizushima,50,,MOJI EXPRESS,,,,2637E,2637W,,,2026/06/20,,2026/06/20,,2026/06/21,
HAPAG-LLOYD AG,hapag,Mizushima,50,,INTEGRATIVE EARTH,,,,0143E,0143W,,,2026/06/22,,2026/06/22,,2026/06/22,
HAPAG-LLOYD AG,hapag,Mizushima,50,,REGAINING EARTH,,,,0135E,0135W,,,2026/06/26,,2026/06/26,,2026/06/26,
HAPAG-LLOYD AG,hapag,Mizushima,50,,HANSUNG WEIHAI,,,,2634E,2634W,,,2026/06/27,,2026/06/27,,2026/06/27,
HAPAG-LLOYD AG,hapag,Mizushima,50,,SCARLET ARROW,,,,0356E,0356W,,,2026/06/29,,2026/06/29,,2026/06/29,
HAPAG-LLOYD AG,hapag,Mizushima,50,,INTEGRATIVE EARTH,,,,0144E,0144W,,,2026/06/30,,2026/06/30,,2026/06/30,
HAPAG-LLOYD AG,hapag,Mizushima,50,,MOJI EXPRESS,,,,2640E,2640W,,,2026/07/04,,2026/07/04,,2026/07/04,
HAPAG-LLOYD AG,hapag,Hiroshima,51,,HONOR VOYAGER,,,,2622E,2622W,,,2026/06/02,12:59,2026/06/02,13:30,2026/06/02,17:00
HAPAG-LLOYD AG,hapag,Hiroshima,51,,MAGNA,,,,4661E,4661W,,,2026/06/02,22:48,2026/06/03,09:36,2026/06/03,17:25
HAPAG-LLOYD AG,hapag,Hiroshima,51,,SCARLET ARROW,,,,0353E,0353W,,,2026/06/03,07:19,2026/06/03,08:06,2026/06/03,14:00
HAPAG-LLOYD AG,hapag,Hiroshima,51,,MAGNA,,,,4662E,4662W,,,2026/06/09,08:12,2026/06/09,09:06,2026/06/09,15:35
HAPAG-LLOYD AG,hapag,Hiroshima,51,,MAGNA,,,,4663E,4663W,,,2026/06/11,22:24,2026/06/12,08:06,2026/06/12,19:25
HAPAG-LLOYD AG,hapag,Hiroshima,51,,HONOR VOYAGER,,,,2623E,2623W,,,2026/06/09,13:00,2026/06/09,15:00,2026/06/09,19:20
HAPAG-LLOYD AG,hapag,Hiroshima,51,,MAGNA,,,,4665E,4665W,,,2026/06/16,04:48,2026/06/16,10:00,2026/06/16,19:08
HAPAG-LLOYD AG,hapag,Hiroshima,51,,MAGNA,,,,4666E,4666W,,,2026/06/19,,2026/06/19,,2026/06/19,
HAPAG-LLOYD AG,hapag,Hiroshima,51,,HONOR VOYAGER,,,,2624E,2624W,,,2026/06/16,06:45,2026/06/16,07:36,2026/06/16,10:35
HAPAG-LLOYD AG,hapag,Hiroshima,51,,INTEGRATIVE EARTH,,,,0143E,0143W,,,2026/06/23,,2026/06/23,,2026/06/23,
HAPAG-LLOYD AG,hapag,Hiroshima,51,,MAGNA,,,,4668E,4668W,,,2026/06/26,,2026/06/26,,2026/06/26,
HAPAG-LLOYD AG,hapag,Hiroshima,51,,HONOR VOYAGER,,,,2625E,2625W,,,2026/06/23,,2026/06/23,,2026/06/23,
HAPAG-LLOYD AG,hapag,Hiroshima,51,,MAGNA,,,,4667E,4667W,,,2026/06/23,,2026/06/23,,2026/06/23,
HAPAG-LLOYD AG,hapag,Hiroshima,51,,MAGNA,,,,4669E,4669W,,,2026/06/30,,2026/06/30,,2026/06/30,
HAPAG-LLOYD AG,hapag,Hiroshima,51,,MAGNA,,,,4670E,4670W,,,2026/07/03,,2026/07/03,,2026/07/03,
HAPAG-LLOYD AG,hapag,Hiroshima,51,,SCARLET ARROW,,,,0356E,0356W,,,2026/06/30,,2026/06/30,,2026/06/30,
HAPAG-LLOYD AG,hapag,Hiroshima,51,,HONOR VOYAGER,,,,2626E,2626W,,,2026/06/30,,2026/06/30,,2026/06/30,
HAPAG-LLOYD AG,hapag,Iyomishima,60,,PACIFIC TIANJIN,,,,2627E,2627W,,,2026/06/03,12:00,2026/06/04,07:20,2026/06/04,14:30
HAPAG-LLOYD AG,hapag,Iyomishima,60,,REFLECTION,,,,2550E,2550W,,,2026/06/05,19:30,2026/06/06,06:10,2026/06/06,11:10
HAPAG-LLOYD AG,hapag,Iyomishima,60,,REFLECTION,,,,2551E,2551W,,,2026/06/12,19:00,2026/06/13,06:20,2026/06/13,11:30
HAPAG-LLOYD AG,hapag,Iyomishima,60,,PACIFIC TIANJIN,,,,2628E,2628W,,,2026/06/15,12:42,2026/06/15,13:15,2026/06/15,16:40
HAPAG-LLOYD AG,hapag,Iyomishima,60,,REFLECTION,,,,2552E,2552W,,,2026/06/20,,2026/06/20,,2026/06/20,
HAPAG-LLOYD AG,hapag,Iyomishima,60,,PACIFIC TIANJIN,,,,2630E,2630W,,,2026/06/23,,2026/06/23,,2026/06/23,
HAPAG-LLOYD AG,hapag,Iyomishima,60,,REFLECTION,,,,2553E,2553W,,,2026/06/27,,2026/06/27,,2026/06/27,
HAPAG-LLOYD AG,hapag,Iyomishima,60,,PACIFIC TIANJIN,,,,2631E,2631W,,,2026/06/30,,2026/06/30,,2026/06/30,
HAPAG-LLOYD AG,hapag,Iyomishima,60,,MOJI EXPRESS,,,,2640E,2640W,,,2026/07/04,,2026/07/04,,2026/07/04,
HAPAG-LLOYD AG,hapag,Iyomishima,60,,REFLECTION,,,,2554E,2554W,,,2026/07/04,,2026/07/04,,2026/07/04,
HAPAG-LLOYD AG,hapag,Kitakyushu,70,,HAKATA EXPRESS,,,,2643E,2643W,,,2026/06/01,13:00,2026/06/02,08:03,2026/06/02,14:12
HAPAG-LLOYD AG,hapag,Kitakyushu,70,,HAKATA EXPRESS,,,,2644E,2644W,,,2026/06/04,19:18,2026/06/05,07:30,2026/06/05,12:03
HAPAG-LLOYD AG,hapag,Kitakyushu,70,,NORDAGER MAERSK,,,,620N,622S,,,2026/06/01,20:03,2026/06/02,13:45,2026/06/02,19:02
HAPAG-LLOYD AG,hapag,Kitakyushu,70,,CONTSHIP WAY,,,,0NAEOS,0NAEPN,,,2026/06/05,12:52,2026/06/05,13:23,2026/06/05,19:05
HAPAG-LLOYD AG,hapag,Kitakyushu,70,,HAKATA EXPRESS,,,,2645E,2645W,,,2026/06/08,00:12,2026/06/08,15:45,2026/06/08,19:40
HAPAG-LLOYD AG,hapag,Kitakyushu,70,,MARTIN SCHULTE,,,,621N,623S,,,2026/06/09,19:29,2026/06/09,20:05,2026/06/10,05:17
HAPAG-LLOYD AG,hapag,Kitakyushu,70,,CONTSHIP WAY,,,,0NAEQS,0NAERN,,,2026/06/10,19:30,2026/06/11,07:49,2026/06/11,16:45
HAPAG-LLOYD AG,hapag,Kitakyushu,70,,HAKATA EXPRESS,,,,2646E,2646W,,,2026/06/12,10:00,2026/06/12,11:54,2026/06/12,17:38
HAPAG-LLOYD AG,hapag,Kitakyushu,70,,MAGNA,,,,4663E,4663W,,,,,,,,
HAPAG-LLOYD AG,hapag,Kitakyushu,70,,MAGNA,,,,4665E,4665W,,,2026/06/15,05:06,2026/06/15,06:53,2026/06/15,10:21
HAPAG-LLOYD AG,hapag,Kitakyushu,70,,NUUK MAERSK,,,,622N,624S,,,2026/06/16,07:00,2026/06/16,07:36,2026/06/16,17:57
HAPAG-LLOYD AG,hapag,Kitakyushu,70,,CONTSHIP WAY,,,,0NAESS,0NAETN,,,2026/06/17,12:01,2026/06/18,08:00,2026/06/18,16:00
HAPAG-LLOYD AG,hapag,Kitakyushu,70,,HAKATA EXPRESS,,,,2648E,2648W,,,2026/06/20,,2026/06/20,,2026/06/20,
HAPAG-LLOYD AG,hapag,Kitakyushu,70,,HAKATA EXPRESS,,,,2649E,2649W,,,2026/06/22,,2026/06/22,,2026/06/22,
HAPAG-LLOYD AG,hapag,Kitakyushu,70,,MAERSK NAMSOS,,,,623N,625S,,,2026/06/23,08:00,2026/06/23,09:00,2026/06/23,19:00
HAPAG-LLOYD AG,hapag,Kitakyushu,70,,CONTSHIP WAY,,,,0NAEUS,0NAEVN,,,2026/06/25,,2026/06/25,,2026/06/25,
HAPAG-LLOYD AG,hapag,Kitakyushu,70,,HAKATA EXPRESS,,,,2650E,2650W,,,2026/06/26,,2026/06/26,,2026/06/26,
HAPAG-LLOYD AG,hapag,Kitakyushu,70,,HAKATA EXPRESS,,,,2651E,2651W,,,2026/06/29,,2026/06/29,,2026/06/29,
HAPAG-LLOYD AG,hapag,Kitakyushu,70,,MAERSK NARVIK,,,,624N,626S,,,2026/06/30,07:00,2026/06/30,08:00,2026/07/01,04:00
HAPAG-LLOYD AG,hapag,Kitakyushu,70,,CONTSHIP WAY,,,,0NAEWS,0NAEXN,,,2026/07/02,,2026/07/02,,2026/07/02,
HAPAG-LLOYD AG,hapag,Kitakyushu,70,,HAKATA EXPRESS,,,,2653E,2653W,,,2026/07/05,,2026/07/05,,2026/07/06,
HAPAG-LLOYD AG,hapag,Kitakyushu,70,,HAKATA EXPRESS,,,,2652E,2652W,,,2026/07/02,,2026/07/02,,2026/07/02,
HAPAG-LLOYD AG,hapag,Hakata,77,,HAKATA EXPRESS,,,,2643E,2643W,,,2026/06/02,21:45,2026/06/03,07:14,2026/06/03,11:59
HAPAG-LLOYD AG,hapag,Hakata,77,,HAKATA EXPRESS,,,,2644E,2644W,,,2026/06/06,04:50,2026/06/06,05:35,2026/06/06,12:10
HAPAG-LLOYD AG,hapag,Hakata,77,,HAKATA VOYAGER,,,,2621E,2621W,,,2026/06/03,12:30,2026/06/03,13:18,2026/06/03,17:03
HAPAG-LLOYD AG,hapag,Hakata,77,,CONTSHIP WAY,,,,0NAEOS,0NAEPN,,,2026/06/06,05:49,2026/06/06,06:38,2026/06/06,14:14
HAPAG-LLOYD AG,hapag,Hakata,77,,NORDAGER MAERSK,,,,620N,622S,,,2026/06/06,11:39,2026/06/06,12:40,2026/06/06,21:04
HAPAG-LLOYD AG,hapag,Hakata,77,,HAKATA EXPRESS,,,,2645E,2645W,,,2026/06/09,05:35,2026/06/09,06:29,2026/06/09,11:25
HAPAG-LLOYD AG,hapag,Hakata,77,,HAKATA VOYAGER,,,,2622E,2622W,,,2026/06/11,06:24,2026/06/12,12:16,2026/06/12,15:58
HAPAG-LLOYD AG,hapag,Hakata,77,,HAKATA EXPRESS,,,,2646E,2646W,,,2026/06/12,21:54,2026/06/13,06:06,2026/06/13,10:54
HAPAG-LLOYD AG,hapag,Hakata,77,,CONTSHIP WAY,,,,0NAEQS,0NAERN,,,2026/06/11,22:36,2026/06/12,07:06,2026/06/12,16:21
HAPAG-LLOYD AG,hapag,Hakata,77,,MARTIN SCHULTE,,,,621N,623S,,,2026/06/12,23:40,2026/06/13,00:30,2026/06/13,07:43
HAPAG-LLOYD AG,hapag,Hakata,77,,DONGJIN FIDES,,,,0711S,0711N,,,2026/06/16,05:27,2026/06/16,06:05,2026/06/16,11:41
HAPAG-LLOYD AG,hapag,Hakata,77,,DONGJIN FIDES,,,,0712S,0712N,,,2026/06/18,13:30,2026/06/18,14:30,2026/06/18,18:30
HAPAG-LLOYD AG,hapag,Hakata,77,,HAKATA EXPRESS,,,,2648E,2648W,,,2026/06/19,,2026/06/19,,2026/06/19,
HAPAG-LLOYD AG,hapag,Hakata,77,,HAKATA VOYAGER,,,,2623E,2623W,,,2026/06/20,,2026/06/20,,2026/06/20,
HAPAG-LLOYD AG,hapag,Hakata,77,,NUUK MAERSK,,,,622N,624S,,,2026/06/21,16:00,2026/06/21,17:00,2026/06/22,01:00
HAPAG-LLOYD AG,hapag,Hakata,77,,HAKATA EXPRESS,,,,2647E,2647W,,,2026/06/16,13:15,2026/06/16,13:50,2026/06/16,18:26
HAPAG-LLOYD AG,hapag,Hakata,77,,CONTSHIP WAY,,,,0NAESS,0NAETN,,,2026/06/19,07:00,2026/06/19,08:00,2026/06/19,16:00
HAPAG-LLOYD AG,hapag,Hakata,77,,HAKATA EXPRESS,,,,2649E,2649W,,,2026/06/23,,2026/06/23,,2026/06/23,
HAPAG-LLOYD AG,hapag,Hakata,77,,CONTSHIP WAY,,,,0NAEUS,0NAEVN,,,2026/06/25,,2026/06/25,,2026/06/26,
HAPAG-LLOYD AG,hapag,Hakata,77,,HAKATA VOYAGER,,,,2624E,2624W,,,2026/06/26,,2026/06/26,,2026/06/26,
HAPAG-LLOYD AG,hapag,Hakata,77,,HAKATA EXPRESS,,,,2650E,2650W,,,2026/06/27,,2026/06/27,,2026/06/27,
HAPAG-LLOYD AG,hapag,Hakata,77,,MAERSK NAMSOS,,,,623N,625S,,,2026/06/26,07:00,2026/06/26,08:00,2026/06/26,15:00
HAPAG-LLOYD AG,hapag,Hakata,77,,HAKATA EXPRESS,,,,2651E,2651W,,,2026/06/30,,2026/06/30,,2026/06/30,
HAPAG-LLOYD AG,hapag,Hakata,77,,HAKATA VOYAGER,,,,2625E,2625W,,,2026/07/02,,2026/07/02,,2026/07/02,
HAPAG-LLOYD AG,hapag,Hakata,77,,HAKATA EXPRESS,,,,2652E,2652W,,,2026/07/03,,2026/07/03,,2026/07/03,
HAPAG-LLOYD AG,hapag,Hakata,77,,CONTSHIP WAY,,,,0NAEWS,0NAEXN,,,2026/07/02,,2026/07/02,,2026/07/03,
HAPAG-LLOYD AG,hapag,Hakata,77,,MAERSK NARVIK,,,,624N,626S,,,2026/07/03,07:00,2026/07/03,08:00,2026/07/03,15:00
HAPAG-LLOYD AG,hapag,Shibushi,91,,CONTSHIP WAY,,,,0NAEOS,0NAEPN,,,2026/06/03,20:45,2026/06/04,14:30,2026/06/04,19:20
HAPAG-LLOYD AG,hapag,Shibushi,91,,SCARLET ARROW,,,,0353E,0353W,,,2026/06/04,07:00,2026/06/05,16:55,2026/06/06,13:40
HAPAG-LLOYD AG,hapag,Shibushi,91,,CONTSHIP WAY,,,,0NAEQS,0NAERN,,,,,,,,
HAPAG-LLOYD AG,hapag,Shibushi,91,,BLOOMING EARTH,,,,0122E,0122W,,,2026/06/12,12:40,2026/06/12,13:25,2026/06/13,11:10
HAPAG-LLOYD AG,hapag,Shibushi,91,,CONTSHIP WAY,,,,0NAESS,0NAETN,,,2026/06/16,07:09,2026/06/16,08:00,2026/06/16,14:40
HAPAG-LLOYD AG,hapag,Shibushi,91,,REGAINING EARTH,,,,0134E,0134W,,,2026/06/19,,2026/06/19,,2026/06/19,
HAPAG-LLOYD AG,hapag,Shibushi,91,,CONTSHIP WAY,,,,0NAEUS,0NAEVN,,,2026/06/23,,2026/06/23,,2026/06/23,
HAPAG-LLOYD AG,hapag,Shibushi,91,,INTEGRATIVE EARTH,,,,0143E,0143W,,,2026/06/24,,2026/06/24,,2026/06/24,
HAPAG-LLOYD AG,hapag,Shibushi,91,,CONTSHIP WAY,,,,0NAEWS,0NAEXN,,,2026/06/30,,2026/06/30,,2026/06/30,
HAPAG-LLOYD AG,hapag,Naha,93,,MILD SONATA,,,,2622E,2622W,,,2026/06/05,06:51,2026/06/05,07:30,2026/06/05,14:20
HAPAG-LLOYD AG,hapag,Naha,93,,MILD SONATA,,,,2623E,2623W,,,2026/06/12,07:37,2026/06/12,08:10,2026/06/12,15:40
HAPAG-LLOYD AG,hapag,Naha,93,,MILD SONATA,,,,2624E,2624W,,,2026/06/19,07:30,2026/06/19,08:30,2026/06/19,14:00
HAPAG-LLOYD AG,hapag,Naha,93,,MILD SONATA,,,,2625E,2625W,,,2026/06/26,,2026/06/26,,2026/06/26,
"HEUNG A LINE CO., LTD.",heunga,Tomakomai,1,,TOYAMA TRADER,,,,2619E,2619W,,,,,,,,
"HEUNG A LINE CO., LTD.",heunga,Tomakomai,1,,HEUNG-A HAIPHONG,,,,2620E,2620W,,,2026/06/04,15:15,2026/06/06,13:20,2026/06/10,09:40
"HEUNG A LINE CO., LTD.",heunga,Tomakomai,1,,HEUNG-A HAIPHONG,,,,2621E,2621W,,,,,,,,
"HEUNG A LINE CO., LTD.",heunga,Tomakomai,1,,TOYAMA TRADER,,,,2620E,2620W,,,2026/06/12,06:47,2026/06/12,07:30,2026/06/13,20:00
"HEUNG A LINE CO., LTD.",heunga,Tomakomai,1,,HEUNG-A HAIPHONG,,,,2623E,2623W,,,2026/06/20,,2026/06/20,,2026/06/21,
"HEUNG A LINE CO., LTD.",heunga,Tomakomai,1,,TOYAMA TRADER,,,,2621E,2621W,,,2026/06/23,,2026/06/23,,2026/06/24,
"HEUNG A LINE CO., LTD.",heunga,Tomakomai,1,,HEUNG-A HAIPHONG,,,,2624E,2624W,,,2026/06/29,,2026/06/29,,2026/06/30,
"HEUNG A LINE CO., LTD.",heunga,Tomakomai,1,,TOYAMA TRADER,,,,2622E,2622W,,,2026/06/29,,2026/06/30,,2026/07/01,
"HEUNG A LINE CO., LTD.",heunga,Tomakomai,1,,TOYAMA TRADER,,,,2623E,2623W,,,,,,,,
"HEUNG A LINE CO., LTD.",heunga,Tomakomai,1,,HEUNG-A HAIPHONG,,,,2625E,2625W,,,,,,,,
"HEUNG A LINE CO., LTD.",heunga,Hachinohe,2,,HEUNG-A AKITA,,,,2620E,2620W,,,2026/06/07,08:49,2026/06/07,09:36,2026/06/07,18:10
"HEUNG A LINE CO., LTD.",heunga,Hachinohe,2,,HEUNG-A XIAMEN,,,,2624E,2624W,,,2026/06/23,,2026/06/23,,2026/06/23,
"HEUNG A LINE CO., LTD.",heunga,Hachinohe,2,,HEUNG-A XIAMEN,,,,2625E,2625W,,,2026/07/01,,2026/07/01,,2026/07/01,
"HEUNG A LINE CO., LTD.",heunga,Sendaishiogama,3,,TOYAMA TRADER,,,,2618E,2618W,,,2026/06/01,11:16,2026/06/01,11:57,2026/06/02,16:03
"HEUNG A LINE CO., LTD.",heunga,Sendaishiogama,3,,TOYAMA TRADER,,,,2619E,2619W,,,,,,,,
"HEUNG A LINE CO., LTD.",heunga,Sendaishiogama,3,,HEUNG-A AKITA,,,,2620E,2620W,,,2026/06/08,08:00,2026/06/09,04:58,2026/06/09,16:47
"HEUNG A LINE CO., LTD.",heunga,Sendaishiogama,3,,TOYAMA TRADER,,,,2620E,2620W,,,2026/06/09,19:36,2026/06/10,05:04,2026/06/10,15:57
"HEUNG A LINE CO., LTD.",heunga,Sendaishiogama,3,,TOYAMA TRADER,,,,2621E,2621W,,,2026/06/21,,2026/06/22,,2026/06/22,
"HEUNG A LINE CO., LTD.",heunga,Sendaishiogama,3,,HEUNG-A XIAMEN,,,,2624E,2624W,,,2026/06/22,,2026/06/22,,2026/06/22,
"HEUNG A LINE CO., LTD.",heunga,Sendaishiogama,3,,HEUNG-A XIAMEN,,,,2625E,2625W,,,2026/06/29,,2026/06/30,,2026/06/30,
"HEUNG A LINE CO., LTD.",heunga,Sendaishiogama,3,,TOYAMA TRADER,,,,2622E,2622W,,,2026/07/02,,2026/07/02,,2026/07/02,
"HEUNG A LINE CO., LTD.",heunga,Sendaishiogama,3,,TOYAMA TRADER,,,,2623E,2623W,,,,,,,,
"HEUNG A LINE CO., LTD.",heunga,Ishikariwanshinko,7,,HEUNG-A HAIPHONG,,,,2620E,2620W,,,2026/06/02,14:45,2026/06/02,15:30,2026/06/03,18:10
"HEUNG A LINE CO., LTD.",heunga,Ishikariwanshinko,7,,HEUNG-A HAIPHONG,,,,2621E,2621W,,,,,,,,
"HEUNG A LINE CO., LTD.",heunga,Ishikariwanshinko,7,,HEUNG-A HAIPHONG,,,,2623E,2623W,,,2026/06/19,,2026/06/19,,2026/06/19,
"HEUNG A LINE CO., LTD.",heunga,Ishikariwanshinko,7,,HEUNG-A HAIPHONG,,,,2624E,2624W,,,2026/06/27,,2026/06/28,,2026/06/28,
"HEUNG A LINE CO., LTD.",heunga,Ishikariwanshinko,7,,HEUNG-A HAIPHONG,,,,2625E,2625W,,,,,,,,
"HEUNG A LINE CO., LTD.",heunga,Yokohama,11,,PEGASUS PETA,,,,2612E,2612W,,,2026/06/02,06:20,2026/06/02,06:48,2026/06/02,13:40
"HEUNG A LINE CO., LTD.",heunga,Yokohama,11,,HEUNG-A XIAMEN,,,,2622S,2622N,,,2026/06/05,18:20,2026/06/05,19:00,2026/06/06,01:40
"HEUNG A LINE CO., LTD.",heunga,Yokohama,11,,DONGJIN FORTUNE,,,,0186S,0186N,,,2026/06/07,03:42,2026/06/07,07:36,2026/06/07,14:20
"HEUNG A LINE CO., LTD.",heunga,Yokohama,11,,AKITA TRADER,,,,2620E,2620W,,,2026/06/07,15:46,2026/06/08,07:30,2026/06/08,15:35
"HEUNG A LINE CO., LTD.",heunga,Yokohama,11,,HEUNG-A XIAMEN,,,,2623S,2623N,,,2026/06/11,06:20,2026/06/11,06:48,2026/06/11,16:10
"HEUNG A LINE CO., LTD.",heunga,Yokohama,11,,AKITA TRADER,,,,2621E,2621W,,,,,,,,
"HEUNG A LINE CO., LTD.",heunga,Yokohama,11,,DONGJIN FORTUNE,,,,0187S,0187N,,,2026/06/14,08:50,2026/06/14,09:18,2026/06/14,16:20
"HEUNG A LINE CO., LTD.",heunga,Yokohama,11,,AKITA TRADER,,,,2622E,2622W,,,2026/06/15,17:50,2026/06/15,18:18,2026/06/16,03:50
"HEUNG A LINE CO., LTD.",heunga,Yokohama,11,,PEGASUS TERA,,,,2612E,2612W,,,2026/06/16,06:30,2026/06/16,07:00,2026/06/16,14:50
"HEUNG A LINE CO., LTD.",heunga,Yokohama,11,,PEGASUS PETA,,,,2613E,2613W,,,,,,,,
"HEUNG A LINE CO., LTD.",heunga,Yokohama,11,,DONGJIN FORTUNE,,,,0188S,0188N,,,2026/06/21,,2026/06/21,,2026/06/21,
"HEUNG A LINE CO., LTD.",heunga,Yokohama,11,,HEUNG-A AKITA,,,,2621S,2621N,,,2026/06/17,06:20,2026/06/17,07:00,2026/06/17,16:00
"HEUNG A LINE CO., LTD.",heunga,Yokohama,11,,AKITA TRADER,,,,2623E,2623W,,,2026/06/22,,2026/06/22,,2026/06/23,
"HEUNG A LINE CO., LTD.",heunga,Yokohama,11,,HEUNG-A AKITA,,,,2622S,2622N,,,2026/06/23,,2026/06/23,,2026/06/23,
"HEUNG A LINE CO., LTD.",heunga,Yokohama,11,,PEGASUS PETA,,,,2614E,2614W,,,2026/06/24,,2026/06/24,,2026/06/25,
"HEUNG A LINE CO., LTD.",heunga,Yokohama,11,,DONGJIN FORTUNE,,,,0189S,0189N,,,2026/06/28,,2026/06/28,,2026/06/28,
"HEUNG A LINE CO., LTD.",heunga,Yokohama,11,,HEUNG-A AKITA,,,,2623S,2623N,,,2026/06/29,,2026/06/29,,2026/06/29,
"HEUNG A LINE CO., LTD.",heunga,Yokohama,11,,PEGASUS TERA,,,,2613E,2613W,,,2026/06/29,,2026/06/30,,2026/06/30,
"HEUNG A LINE CO., LTD.",heunga,Yokohama,11,,DONGJIN FORTUNE,,,,0190S,0190N,,,2026/07/04,,2026/07/04,,2026/07/04,
"HEUNG A LINE CO., LTD.",heunga,Yokohama,11,,AKITA TRADER,,,,2624E,2624W,,,2026/06/29,,2026/06/29,,2026/06/30,
"HEUNG A LINE CO., LTD.",heunga,Tokyo,13,,PEGASUS PETA,,,,2612E,2612W,,,2026/06/02,14:57,2026/06/02,15:32,2026/06/03,01:32
"HEUNG A LINE CO., LTD.",heunga,Tokyo,13,,HEUNG-A XIAMEN,,,,2622S,2622N,,,2026/06/05,08:29,2026/06/05,09:13,2026/06/05,16:56
"HEUNG A LINE CO., LTD.",heunga,Tokyo,13,,DONGJIN FORTUNE,,,,0186S,0186N,,,2026/06/07,15:53,2026/06/07,16:45,2026/06/07,22:00
"HEUNG A LINE CO., LTD.",heunga,Tokyo,13,,AKITA TRADER,,,,2620E,2620W,,,2026/06/08,16:53,2026/06/08,17:39,2026/06/09,04:33
"HEUNG A LINE CO., LTD.",heunga,Tokyo,13,,AKITA TRADER,,,,2621E,2621W,,,,,,,,
"HEUNG A LINE CO., LTD.",heunga,Tokyo,13,,HEUNG-A XIAMEN,,,,2623S,2623N,,,2026/06/11,17:54,2026/06/12,07:57,2026/06/12,15:59
"HEUNG A LINE CO., LTD.",heunga,Tokyo,13,,DONGJIN FORTUNE,,,,0187S,0187N,,,2026/06/14,17:56,2026/06/14,18:42,2026/06/15,01:45
"HEUNG A LINE CO., LTD.",heunga,Tokyo,13,,AKITA TRADER,,,,2622E,2622W,,,2026/06/15,06:56,2026/06/15,07:37,2026/06/15,16:16
"HEUNG A LINE CO., LTD.",heunga,Tokyo,13,,PEGASUS TERA,,,,2612E,2612W,,,2026/06/16,16:16,2026/06/16,16:55,2026/06/17,01:29
"HEUNG A LINE CO., LTD.",heunga,Tokyo,13,,PEGASUS PETA,,,,2613E,2613W,,,,,,,,
"HEUNG A LINE CO., LTD.",heunga,Tokyo,13,,DONGJIN FORTUNE,,,,0188S,0188N,,,2026/06/21,,2026/06/21,,2026/06/22,
"HEUNG A LINE CO., LTD.",heunga,Tokyo,13,,HEUNG-A AKITA,,,,2621S,2621N,,,2026/06/16,18:56,2026/06/16,19:42,2026/06/17,04:48
"HEUNG A LINE CO., LTD.",heunga,Tokyo,13,,AKITA TRADER,,,,2623E,2623W,,,2026/06/22,,2026/06/22,,2026/06/22,
"HEUNG A LINE CO., LTD.",heunga,Tokyo,13,,PEGASUS PETA,,,,2614E,2614W,,,2026/06/25,,2026/06/25,,2026/06/25,
"HEUNG A LINE CO., LTD.",heunga,Tokyo,13,,DONGJIN FORTUNE,,,,0189S,0189N,,,2026/06/28,,2026/06/28,,2026/06/28,
"HEUNG A LINE CO., LTD.",heunga,Tokyo,13,,HEUNG-A AKITA,,,,2622S,2622N,,,2026/06/22,,2026/06/22,,2026/06/23,
"HEUNG A LINE CO., LTD.",heunga,Tokyo,13,,HEUNG-A AKITA,,,,2623S,2623N,,,2026/06/29,,2026/06/29,,2026/06/29,
"HEUNG A LINE CO., LTD.",heunga,Tokyo,13,,PEGASUS TERA,,,,2613E,2613W,,,2026/06/30,,2026/06/30,,2026/07/01,
"HEUNG A LINE CO., LTD.",heunga,Tokyo,13,,DONGJIN FORTUNE,,,,0190S,0190N,,,2026/07/04,,2026/07/04,,2026/07/05,
"HEUNG A LINE CO., LTD.",heunga,Tokyo,13,,AKITA TRADER,,,,2624E,2624W,,,2026/06/29,,2026/06/29,,2026/06/29,
"HEUNG A LINE CO., LTD.",heunga,Hamada,18,,VOSTOCHNY VOYAGER,,,,2630E,2630W,,,2026/06/01,10:55,2026/06/01,11:18,2026/06/01,16:20
"HEUNG A LINE CO., LTD.",heunga,Hamada,18,,OSAKA VOYAGER,,,,2625E,2625W,,,2026/06/06,09:32,2026/06/06,10:10,2026/06/06,16:00
"HEUNG A LINE CO., LTD.",heunga,Hamada,18,,VOSTOCHNY VOYAGER,,,,2633E,2633W,,,2026/06/14,10:50,2026/06/14,11:30,2026/06/14,18:40
"HEUNG A LINE CO., LTD.",heunga,Hamada,18,,OSAKA VOYAGER,,,,2628E,2628W,,,2026/06/21,,2026/06/21,,2026/06/21,
"HEUNG A LINE CO., LTD.",heunga,Hamada,18,,VOSTOCHNY VOYAGER,,,,2636E,2636W,,,2026/06/27,,2026/06/27,,2026/06/27,
"HEUNG A LINE CO., LTD.",heunga,Hamada,18,,OSAKA VOYAGER,,,,2631E,2631W,,,2026/07/04,,2026/07/04,,2026/07/04,
"HEUNG A LINE CO., LTD.",heunga,Akita,19,,ATLANTIC SOUTH,,,,2620E,2620W,,,2026/05/31,11:35,2026/06/01,08:00,2026/06/01,12:00
"HEUNG A LINE CO., LTD.",heunga,Akita,19,,ATLANTIC SOUTH,,,,2621E,2621W,,,,,,,,
"HEUNG A LINE CO., LTD.",heunga,Akita,19,,ATLANTIC SOUTH,,,,2622E,2622W,,,2026/06/09,08:41,2026/06/09,09:30,2026/06/09,15:20
"HEUNG A LINE CO., LTD.",heunga,Akita,19,,HEUNG-A HAIPHONG,,,,2621E,2621W,,,,,,,,
"HEUNG A LINE CO., LTD.",heunga,Akita,19,,HEUNG-A HAIPHONG,,,,2620E,2620W,,,2026/06/11,06:45,2026/06/11,07:30,2026/06/11,14:35
"HEUNG A LINE CO., LTD.",heunga,Akita,19,,ATLANTIC SOUTH,,,,2623E,2623W,,,2026/06/17,07:31,2026/06/17,08:30,2026/06/17,11:30
"HEUNG A LINE CO., LTD.",heunga,Akita,19,,HEUNG-A HAIPHONG,,,,2623E,2623W,,,2026/06/22,,2026/06/22,,2026/06/22,
"HEUNG A LINE CO., LTD.",heunga,Akita,19,,ATLANTIC SOUTH,,,,2624E,2624W,,,2026/06/24,,2026/06/25,,2026/06/25,
"HEUNG A LINE CO., LTD.",heunga,Akita,19,,ATLANTIC SOUTH,,,,2625E,2625W,,,,,,,,
"HEUNG A LINE CO., LTD.",heunga,Akita,19,,HEUNG-A HAIPHONG,,,,2624E,2624W,,,2026/06/30,,2026/07/01,,2026/07/01,
"HEUNG A LINE CO., LTD.",heunga,Akita,19,,ATLANTIC SOUTH,,,,2626E,2626W,,,2026/07/03,,2026/07/03,,2026/07/03,
"HEUNG A LINE CO., LTD.",heunga,Kashima,20,,HEUNG-A XIAMEN,,,,2624E,2624W,,,2026/06/20,,2026/06/20,,2026/06/20,
"HEUNG A LINE CO., LTD.",heunga,Hitachinaka,21,,HEUNG-A AKITA,,,,2620E,2620W,,,2026/05/31,21:24,2026/06/01,07:42,2026/06/01,15:18
"HEUNG A LINE CO., LTD.",heunga,Hitachinaka,21,,HEUNG-A XIAMEN,,,,2624E,2624W,,,2026/06/21,,2026/06/21,,2026/06/21,
"HEUNG A LINE CO., LTD.",heunga,Hitachinaka,21,,HEUNG-A XIAMEN,,,,2625E,2625W,,,2026/06/29,,2026/06/29,,2026/06/29,
"HEUNG A LINE CO., LTD.",heunga,Niigata,24,,ATLANTIC SOUTH,,,,2620E,2620W,,,2026/06/02,04:52,2026/06/02,05:40,2026/06/02,17:20
"HEUNG A LINE CO., LTD.",heunga,Niigata,24,,OSAKA VOYAGER,,,,2625E,2625W,,,2026/06/03,05:51,2026/06/03,07:00,2026/06/03,17:10
"HEUNG A LINE CO., LTD.",heunga,Niigata,24,,ATLANTIC SOUTH,,,,2621E,2621W,,,,,,,,
"HEUNG A LINE CO., LTD.",heunga,Niigata,24,,ATLANTIC SOUTH,,,,2622E,2622W,,,2026/06/10,06:44,2026/06/10,07:40,2026/06/10,16:30
"HEUNG A LINE CO., LTD.",heunga,Niigata,24,,VOSTOCHNY VOYAGER,,,,2633E,2633W,,,2026/06/12,07:38,2026/06/12,08:55,2026/06/12,17:05
"HEUNG A LINE CO., LTD.",heunga,Niigata,24,,SKY JADE,,,,2610E,2610W,,,2026/06/15,06:03,2026/06/15,06:50,2026/06/16,17:35
"HEUNG A LINE CO., LTD.",heunga,Niigata,24,,PANCON SUNSHINE,,,,2610E,2610W,,,2026/06/17,06:24,2026/06/17,07:10,2026/06/18,04:00
"HEUNG A LINE CO., LTD.",heunga,Niigata,24,,ATLANTIC SOUTH,,,,2623E,2623W,,,2026/06/18,,2026/06/18,,2026/06/18,
"HEUNG A LINE CO., LTD.",heunga,Niigata,24,,OSAKA VOYAGER,,,,2628E,2628W,,,2026/06/19,,2026/06/19,,2026/06/19,
"HEUNG A LINE CO., LTD.",heunga,Niigata,24,,VOSTOCHNY VOYAGER,,,,2636E,2636W,,,2026/06/23,,2026/06/24,,2026/06/24,
"HEUNG A LINE CO., LTD.",heunga,Niigata,24,,ATLANTIC SOUTH,,,,2624E,2624W,,,2026/06/26,,2026/06/26,,2026/06/26,
"HEUNG A LINE CO., LTD.",heunga,Niigata,24,,SKY JADE,,,,2611E,2611W,,,,,,,,
"HEUNG A LINE CO., LTD.",heunga,Niigata,24,,OSAKA VOYAGER,,,,2631E,2631W,,,2026/06/30,,2026/07/01,,2026/07/01,
"HEUNG A LINE CO., LTD.",heunga,Niigata,24,,ATLANTIC SOUTH,,,,2626E,2626W,,,2026/07/04,,2026/07/04,,2026/07/04,
"HEUNG A LINE CO., LTD.",heunga,Niigata,24,,ATLANTIC SOUTH,,,,2625E,2625W,,,,,,,,
"HEUNG A LINE CO., LTD.",heunga,Niigata,24,,PANCON SUNSHINE,,,,2611E,2611W,,,2026/07/01,,2026/07/01,,2026/07/02,
"HEUNG A LINE CO., LTD.",heunga,Fushikitoyama,25,,OSAKA VOYAGER,,,,2625E,2625W,,,2026/06/04,07:49,2026/06/04,08:30,2026/06/04,13:50
"HEUNG A LINE CO., LTD.",heunga,Fushikitoyama,25,,VOSTOCHNY VOYAGER,,,,2633E,2633W,,,2026/06/11,06:17,2026/06/11,07:00,2026/06/11,15:00
"HEUNG A LINE CO., LTD.",heunga,Fushikitoyama,25,,SKY JADE,,,,2610E,2610W,,,2026/06/17,06:09,2026/06/17,06:50,2026/06/17,14:00
"HEUNG A LINE CO., LTD.",heunga,Fushikitoyama,25,,OSAKA VOYAGER,,,,2628E,2628W,,,2026/06/18,07:00,2026/06/18,08:00,2026/06/18,18:00
"HEUNG A LINE CO., LTD.",heunga,Fushikitoyama,25,,PANCON SUNSHINE,,,,2610E,2610W,,,2026/06/18,,2026/06/19,,2026/06/19,
"HEUNG A LINE CO., LTD.",heunga,Fushikitoyama,25,,VOSTOCHNY VOYAGER,,,,2636E,2636W,,,2026/06/25,,2026/06/25,,2026/06/25,
"HEUNG A LINE CO., LTD.",heunga,Fushikitoyama,25,,SKY JADE,,,,2611E,2611W,,,,,,,,
"HEUNG A LINE CO., LTD.",heunga,Fushikitoyama,25,,OSAKA VOYAGER,,,,2631E,2631W,,,2026/07/02,,2026/07/02,,2026/07/02,
"HEUNG A LINE CO., LTD.",heunga,Fushikitoyama,25,,PANCON SUNSHINE,,,,2611E,2611W,,,2026/07/03,,2026/07/03,,2026/07/03,
"HEUNG A LINE CO., LTD.",heunga,Kanazawa,26,,PANCON SUNSHINE,,,,2609E,2609W,,,2026/06/01,06:51,2026/06/01,07:30,2026/06/01,16:30
"HEUNG A LINE CO., LTD.",heunga,Kanazawa,26,,PACIFIC NINGBO,,,,2621E,2621W,,,2026/06/03,08:37,2026/06/03,09:30,2026/06/03,16:55
"HEUNG A LINE CO., LTD.",heunga,Kanazawa,26,,OSAKA VOYAGER,,,,2625E,2625W,,,2026/06/05,07:35,2026/06/05,08:20,2026/06/05,13:15
"HEUNG A LINE CO., LTD.",heunga,Kanazawa,26,,PACIFIC NINGBO,,,,2622E,2622W,,,,,,,,
"HEUNG A LINE CO., LTD.",heunga,Kanazawa,26,,PACIFIC NINGBO,,,,2623E,2623W,,,2026/06/10,06:04,2026/06/10,06:48,2026/06/10,13:10
"HEUNG A LINE CO., LTD.",heunga,Kanazawa,26,,VOSTOCHNY VOYAGER,,,,2633E,2633W,,,2026/06/13,07:40,2026/06/13,08:30,2026/06/13,13:00
"HEUNG A LINE CO., LTD.",heunga,Kanazawa,26,,PACIFIC NINGBO,,,,2624E,2624W,,,2026/06/18,,2026/06/18,,2026/06/18,
"HEUNG A LINE CO., LTD.",heunga,Kanazawa,26,,SKY JADE,,,,2610E,2610W,,,2026/06/19,,2026/06/19,,2026/06/19,
"HEUNG A LINE CO., LTD.",heunga,Kanazawa,26,,PANCON SUNSHINE,,,,2610E,2610W,,,2026/06/20,,2026/06/20,,2026/06/20,
"HEUNG A LINE CO., LTD.",heunga,Kanazawa,26,,OSAKA VOYAGER,,,,2628E,2628W,,,2026/06/20,,2026/06/20,,2026/06/20,
"HEUNG A LINE CO., LTD.",heunga,Kanazawa,26,,PACIFIC NINGBO,,,,2625E,2625W,,,2026/06/25,,2026/06/25,,2026/06/25,
"HEUNG A LINE CO., LTD.",heunga,Kanazawa,26,,VOSTOCHNY VOYAGER,,,,2636E,2636W,,,2026/06/26,,2026/06/26,,2026/06/26,
"HEUNG A LINE CO., LTD.",heunga,Kanazawa,26,,SKY JADE,,,,2611E,2611W,,,,,,,,
"HEUNG A LINE CO., LTD.",heunga,Kanazawa,26,,PACIFIC NINGBO,,,,2626E,2626W,,,2026/07/02,,2026/07/02,,2026/07/02,
"HEUNG A LINE CO., LTD.",heunga,Kanazawa,26,,OSAKA VOYAGER,,,,2631E,2631W,,,2026/07/03,,2026/07/03,,2026/07/03,
"HEUNG A LINE CO., LTD.",heunga,Kanazawa,26,,PANCON SUNSHINE,,,,2611E,2611W,,,2026/07/04,,2026/07/04,,2026/07/04,
"HEUNG A LINE CO., LTD.",heunga,Tsuruga,27,,PACIFIC NINGBO,,,,2621E,2621W,,,2026/05/31,15:30,2026/06/01,07:40,2026/06/01,16:40
"HEUNG A LINE CO., LTD.",heunga,Tsuruga,27,,PACIFIC NINGBO,,,,2622E,2622W,,,,,,,,
"HEUNG A LINE CO., LTD.",heunga,Tsuruga,27,,PACIFIC NINGBO,,,,2623E,2623W,,,2026/06/08,10:04,2026/06/08,10:40,2026/06/09,11:20
"HEUNG A LINE CO., LTD.",heunga,Tsuruga,27,,PACIFIC NINGBO,,,,2624E,2624W,,,2026/06/16,16:24,2026/06/16,17:00,2026/06/17,08:30
"HEUNG A LINE CO., LTD.",heunga,Tsuruga,27,,PACIFIC NINGBO,,,,2625E,2625W,,,2026/06/24,,2026/06/24,,2026/06/24,
"HEUNG A LINE CO., LTD.",heunga,Tsuruga,27,,PACIFIC NINGBO,,,,2626E,2626W,,,2026/07/01,,2026/07/01,,2026/07/01,
"HEUNG A LINE CO., LTD.",heunga,Maizuru,28,,PACIFIC NINGBO,,,,2621E,2621W,,,2026/06/02,07:07,2026/06/02,08:00,2026/06/02,14:50
"HEUNG A LINE CO., LTD.",heunga,Maizuru,28,,PACIFIC NINGBO,,,,2622E,2622W,,,,,,,,
"HEUNG A LINE CO., LTD.",heunga,Maizuru,28,,PACIFIC NINGBO,,,,2623E,2623W,,,2026/06/11,06:57,2026/06/11,08:00,2026/06/11,15:10
"HEUNG A LINE CO., LTD.",heunga,Maizuru,28,,PACIFIC NINGBO,,,,2624E,2624W,,,2026/06/19,,2026/06/19,,2026/06/19,
"HEUNG A LINE CO., LTD.",heunga,Maizuru,28,,PACIFIC NINGBO,,,,2625E,2625W,,,2026/06/26,,2026/06/26,,2026/06/26,
"HEUNG A LINE CO., LTD.",heunga,Maizuru,28,,PACIFIC NINGBO,,,,2626E,2626W,,,2026/07/03,,2026/07/03,,2026/07/03,
"HEUNG A LINE CO., LTD.",heunga,Sakaiminato,29,,PACIFIC NINGBO,,,,2621E,2621W,,,2026/06/04,08:43,2026/06/04,09:20,2026/06/04,12:30
"HEUNG A LINE CO., LTD.",heunga,Sakaiminato,29,,PACIFIC NINGBO,,,,2622E,2622W,,,,,,,,
"HEUNG A LINE CO., LTD.",heunga,Sakaiminato,29,,PACIFIC NINGBO,,,,2623E,2623W,,,2026/06/12,07:04,2026/06/12,07:45,2026/06/12,17:20
"HEUNG A LINE CO., LTD.",heunga,Sakaiminato,29,,PACIFIC NINGBO,,,,2624E,2624W,,,2026/06/20,,2026/06/20,,2026/06/20,
"HEUNG A LINE CO., LTD.",heunga,Sakaiminato,29,,PACIFIC NINGBO,,,,2625E,2625W,,,2026/06/27,,2026/06/27,,2026/06/27,
"HEUNG A LINE CO., LTD.",heunga,Sakaiminato,29,,PACIFIC NINGBO,,,,2626E,2626W,,,2026/07/04,,2026/07/04,,2026/07/04,
"HEUNG A LINE CO., LTD.",heunga,Shimizu,30,,PANCON SUCCESS,,,,2619E,2619W,,,,,,,,
"HEUNG A LINE CO., LTD.",heunga,Shimizu,30,,DONGJIN FORTUNE,,,,0186S,0186N,,,2026/06/06,13:11,2026/06/06,13:36,2026/06/06,17:00
"HEUNG A LINE CO., LTD.",heunga,Shimizu,30,,DONGJIN FORTUNE,,,,0187S,0187N,,,,,,,,
"HEUNG A LINE CO., LTD.",heunga,Shimizu,30,,PANCON SUCCESS,,,,2620E,2620W,,,2026/06/19,18:00,2026/06/20,00:00,2026/06/20,12:00
"HEUNG A LINE CO., LTD.",heunga,Shimizu,30,,DONGJIN FORTUNE,,,,0188S,0188N,,,2026/06/22,,2026/06/22,,2026/06/22,
"HEUNG A LINE CO., LTD.",heunga,Shimizu,30,,PANCON SUCCESS,,,,2621E,2621W,,,2026/06/23,,2026/06/23,,2026/06/23,
"HEUNG A LINE CO., LTD.",heunga,Shimizu,30,,DONGJIN FORTUNE,,,,0189S,0189N,,,,,,,,
"HEUNG A LINE CO., LTD.",heunga,Shimizu,30,,PANCON SUCCESS,,,,2622E,2622W,,,2026/06/30,,2026/06/30,,2026/06/30,
"HEUNG A LINE CO., LTD.",heunga,Naoetsu,33,,ATLANTIC SOUTH,,,,2621E,2621W,,,,,,,,
"HEUNG A LINE CO., LTD.",heunga,Naoetsu,33,,ATLANTIC SOUTH,,,,2622E,2622W,,,2026/06/07,15:10,2026/06/08,06:36,2026/06/08,18:36
"HEUNG A LINE CO., LTD.",heunga,Naoetsu,33,,ATLANTIC SOUTH,,,,2623E,2623W,,,2026/06/16,05:47,2026/06/16,06:48,2026/06/16,16:54
"HEUNG A LINE CO., LTD.",heunga,Naoetsu,33,,ATLANTIC SOUTH,,,,2624E,2624W,,,2026/06/23,,2026/06/23,,2026/06/23,
"HEUNG A LINE CO., LTD.",heunga,Naoetsu,33,,ATLANTIC SOUTH,,,,2625E,2625W,,,,,,,,
"HEUNG A LINE CO., LTD.",heunga,Naoetsu,33,,ATLANTIC SOUTH,,,,2626E,2626W,,,2026/07/01,,2026/07/02,,2026/07/02,
"HEUNG A LINE CO., LTD.",heunga,Nagoya,35,,HEUNG-A XIAMEN,,,,2622S,2622N,,,2026/06/01,17:36,2026/06/02,08:00,2026/06/02,17:15
"HEUNG A LINE CO., LTD.",heunga,Nagoya,35,,AKITA TRADER,,,,2620E,2620W,,,2026/06/05,21:36,2026/06/06,13:30,2026/06/07,00:30
"HEUNG A LINE CO., LTD.",heunga,Nagoya,35,,PEGASUS PETA,,,,2612E,2612W,,,2026/06/07,00:45,2026/06/07,01:55,2026/06/07,05:50
"HEUNG A LINE CO., LTD.",heunga,Nagoya,35,,DONGJIN FORTUNE,,,,0186S,0186N,,,2026/06/08,19:51,2026/06/08,21:00,2026/06/09,03:55
"HEUNG A LINE CO., LTD.",heunga,Nagoya,35,,AKITA TRADER,,,,2621E,2621W,,,,,,,,
"HEUNG A LINE CO., LTD.",heunga,Nagoya,35,,HEUNG-A XIAMEN,,,,2623S,2623N,,,2026/06/14,08:00,2026/06/14,09:00,2026/06/14,16:20
"HEUNG A LINE CO., LTD.",heunga,Nagoya,35,,DONGJIN FORTUNE,,,,0187S,0187N,,,2026/06/15,18:18,2026/06/16,01:45,2026/06/16,07:20
"HEUNG A LINE CO., LTD.",heunga,Nagoya,35,,PEGASUS TERA,,,,2612E,2612W,,,2026/06/18,11:30,2026/06/18,18:00,2026/06/19,01:00
"HEUNG A LINE CO., LTD.",heunga,Nagoya,35,,PEGASUS PETA,,,,2613E,2613W,,,,,,,,
"HEUNG A LINE CO., LTD.",heunga,Nagoya,35,,AKITA TRADER,,,,2622E,2622W,,,2026/06/16,17:20,2026/06/16,18:25,2026/06/17,12:30
"HEUNG A LINE CO., LTD.",heunga,Nagoya,35,,HEUNG-A AKITA,,,,2621S,2621N,,,2026/06/18,17:30,2026/06/18,18:30,2026/06/19,06:00
"HEUNG A LINE CO., LTD.",heunga,Nagoya,35,,AKITA TRADER,,,,2623E,2623W,,,2026/06/23,,2026/06/23,,2026/06/23,
"HEUNG A LINE CO., LTD.",heunga,Nagoya,35,,HEUNG-A AKITA,,,,2622S,2622N,,,2026/06/24,,2026/06/24,,2026/06/24,
"HEUNG A LINE CO., LTD.",heunga,Nagoya,35,,PEGASUS PETA,,,,2614E,2614W,,,2026/06/26,,2026/06/26,,2026/06/26,
"HEUNG A LINE CO., LTD.",heunga,Nagoya,35,,DONGJIN FORTUNE,,,,0188S,0188N,,,2026/06/23,,2026/06/23,,2026/06/23,
"HEUNG A LINE CO., LTD.",heunga,Nagoya,35,,DONGJIN FORTUNE,,,,0189S,0189N,,,2026/06/29,,2026/06/29,,2026/06/29,
"HEUNG A LINE CO., LTD.",heunga,Nagoya,35,,HEUNG-A AKITA,,,,2623S,2623N,,,2026/06/30,,2026/06/30,,2026/06/30,
"HEUNG A LINE CO., LTD.",heunga,Nagoya,35,,PEGASUS TERA,,,,2613E,2613W,,,2026/07/02,,2026/07/02,,2026/07/02,
"HEUNG A LINE CO., LTD.",heunga,Nagoya,35,,DONGJIN FORTUNE,,,,0190S,0190N,,,2026/07/05,,2026/07/05,,2026/07/06,
"HEUNG A LINE CO., LTD.",heunga,Nagoya,35,,AKITA TRADER,,,,2624E,2624W,,,2026/06/30,,2026/06/30,,2026/06/30,
"HEUNG A LINE CO., LTD.",heunga,Yokkaichi,36,,PANCON SUCCESS,,,,2618E,2618W,,,2026/06/01,15:35,2026/06/01,16:25,2026/06/01,21:55
"HEUNG A LINE CO., LTD.",heunga,Yokkaichi,36,,PANCON SUCCESS,,,,2619E,2619W,,,2026/06/09,15:25,2026/06/09,16:20,2026/06/09,21:30
"HEUNG A LINE CO., LTD.",heunga,Yokkaichi,36,,HEUNG-A XIAMEN,,,,2623S,2623N,,,2026/06/13,14:15,2026/06/13,14:45,2026/06/14,06:00
"HEUNG A LINE CO., LTD.",heunga,Yokkaichi,36,,PANCON SUCCESS,,,,2620E,2620W,,,2026/06/18,12:00,2026/06/18,13:00,2026/06/18,17:00
"HEUNG A LINE CO., LTD.",heunga,Yokkaichi,36,,PANCON SUCCESS,,,,2621E,2621W,,,2026/06/25,,2026/06/25,,2026/06/25,
"HEUNG A LINE CO., LTD.",heunga,Yokkaichi,36,,PANCON SUCCESS,,,,2622E,2622W,,,2026/07/02,,2026/07/02,,2026/07/02,
"HEUNG A LINE CO., LTD.",heunga,Toyohashi,39,,HEUNG-A XIAMEN,,,,2622S,2622N,,,2026/06/03,22:18,2026/06/04,13:23,2026/06/04,17:56
"HEUNG A LINE CO., LTD.",heunga,Toyohashi,39,,PANCON SUCCESS,,,,2618E,2618W,,,2026/06/04,07:18,2026/06/04,07:57,2026/06/04,11:56
"HEUNG A LINE CO., LTD.",heunga,Toyohashi,39,,PANCON SUCCESS,,,,2619E,2619W,,,2026/06/08,16:45,2026/06/09,08:00,2026/06/09,11:51
"HEUNG A LINE CO., LTD.",heunga,Toyohashi,39,,HEUNG-A XIAMEN,,,,2623S,2623N,,,2026/06/13,07:01,2026/06/13,07:44,2026/06/13,11:08
"HEUNG A LINE CO., LTD.",heunga,Toyohashi,39,,HEUNG-A AKITA,,,,2621S,2621N,,,2026/06/18,06:00,2026/06/18,07:00,2026/06/18,
"HEUNG A LINE CO., LTD.",heunga,Toyohashi,39,,PANCON SUCCESS,,,,2620E,2620W,,,2026/06/19,07:00,2026/06/19,08:00,2026/06/19,11:00
"HEUNG A LINE CO., LTD.",heunga,Toyohashi,39,,HEUNG-A AKITA,,,,2622S,2622N,,,2026/06/24,,2026/06/24,,2026/06/24,
"HEUNG A LINE CO., LTD.",heunga,Toyohashi,39,,PANCON SUCCESS,,,,2621E,2621W,,,2026/06/25,,2026/06/25,,2026/06/25,
"HEUNG A LINE CO., LTD.",heunga,Toyohashi,39,,HEUNG-A AKITA,,,,2623S,2623N,,,2026/07/01,,2026/07/01,,2026/07/01,
"HEUNG A LINE CO., LTD.",heunga,Toyohashi,39,,PANCON SUCCESS,,,,2622E,2622W,,,2026/07/02,,2026/07/02,,2026/07/02,
"HEUNG A LINE CO., LTD.",heunga,Osaka,40,,HONOR OCEAN,,,,1056E,1056W,,,2026/05/31,18:30,2026/06/01,07:13,2026/06/01,15:07
"HEUNG A LINE CO., LTD.",heunga,Osaka,40,,HONOR GLORY,,,,2618E,2618W,,,2026/06/03,17:09,2026/06/03,18:25,2026/06/04,06:17
"HEUNG A LINE CO., LTD.",heunga,Osaka,40,,HONOR OCEAN,,,,1057E,1057W,,,2026/06/05,06:23,2026/06/05,07:22,2026/06/05,14:25
"HEUNG A LINE CO., LTD.",heunga,Osaka,40,,HONOR GLORY,,,,2619E,2619W,,,2026/06/08,10:37,2026/06/08,11:35,2026/06/08,18:47
"HEUNG A LINE CO., LTD.",heunga,Osaka,40,,HONOR OCEAN,,,,1058E,1058W,,,2026/06/09,15:00,2026/06/10,07:24,2026/06/10,15:28
"HEUNG A LINE CO., LTD.",heunga,Osaka,40,,HONOR GLORY,,,,2620E,2620W,,,2026/06/13,06:05,2026/06/13,06:57,2026/06/13,14:59
"HEUNG A LINE CO., LTD.",heunga,Osaka,40,,HONOR OCEAN,,,,1059E,1059W,,,2026/06/15,06:24,2026/06/15,07:21,2026/06/15,15:49
"HEUNG A LINE CO., LTD.",heunga,Osaka,40,,HONOR GLORY,,,,2621E,2621W,,,2026/06/17,06:25,2026/06/17,07:20,2026/06/17,14:30
"HEUNG A LINE CO., LTD.",heunga,Osaka,40,,HONOR OCEAN,,,,1060E,1060W,,,2026/06/19,,2026/06/19,,2026/06/19,
"HEUNG A LINE CO., LTD.",heunga,Osaka,40,,HONOR GLORY,,,,2622E,2622W,,,2026/06/22,,2026/06/22,,2026/06/22,
"HEUNG A LINE CO., LTD.",heunga,Osaka,40,,HONOR OCEAN,,,,1061E,1061W,,,2026/06/24,,2026/06/24,,2026/06/24,
"HEUNG A LINE CO., LTD.",heunga,Osaka,40,,HONOR GLORY,,,,2623E,2623W,,,2026/06/26,,2026/06/26,,2026/06/26,
"HEUNG A LINE CO., LTD.",heunga,Osaka,40,,HONOR OCEAN,,,,1062E,1062W,,,2026/06/29,,2026/06/29,,2026/06/29,
"HEUNG A LINE CO., LTD.",heunga,Osaka,40,,HONOR GLORY,,,,2624E,2624W,,,2026/07/01,,2026/07/01,,2026/07/01,
"HEUNG A LINE CO., LTD.",heunga,Osaka,40,,HONOR OCEAN,,,,1063E,1063W,,,2026/07/03,,2026/07/03,,2026/07/03,
"HEUNG A LINE CO., LTD.",heunga,Kobe,41,,HONOR OCEAN,,,,1056E,1056W,,,2026/06/01,15:55,2026/06/01,17:31,2026/06/01,23:20
"HEUNG A LINE CO., LTD.",heunga,Kobe,41,,HONOR GLORY,,,,2618E,2618W,,,2026/06/04,07:05,2026/06/04,08:20,2026/06/04,14:47
"HEUNG A LINE CO., LTD.",heunga,Kobe,41,,HONOR OCEAN,,,,1057E,1057W,,,2026/06/05,15:05,2026/06/05,16:03,2026/06/05,23:11
"HEUNG A LINE CO., LTD.",heunga,Kobe,41,,HONOR GLORY,,,,2619E,2619W,,,2026/06/08,20:00,2026/06/09,07:16,2026/06/09,16:26
"HEUNG A LINE CO., LTD.",heunga,Kobe,41,,HONOR OCEAN,,,,1058E,1058W,,,2026/06/10,16:15,2026/06/10,17:35,2026/06/10,21:46
"HEUNG A LINE CO., LTD.",heunga,Kobe,41,,HONOR GLORY,,,,2620E,2620W,,,2026/06/13,15:50,2026/06/13,16:31,2026/06/13,23:00
"HEUNG A LINE CO., LTD.",heunga,Kobe,41,,HONOR OCEAN,,,,1059E,1059W,,,2026/06/15,17:30,2026/06/15,18:46,2026/06/16,01:14
"HEUNG A LINE CO., LTD.",heunga,Kobe,41,,HONOR GLORY,,,,2621E,2621W,,,2026/06/17,15:40,2026/06/17,16:40,2026/06/18,02:00
"HEUNG A LINE CO., LTD.",heunga,Kobe,41,,HONOR OCEAN,,,,1060E,1060W,,,2026/06/19,,2026/06/19,,2026/06/19,
"HEUNG A LINE CO., LTD.",heunga,Kobe,41,,HONOR GLORY,,,,2622E,2622W,,,2026/06/22,,2026/06/22,,2026/06/22,
"HEUNG A LINE CO., LTD.",heunga,Kobe,41,,HONOR OCEAN,,,,1061E,1061W,,,2026/06/24,,2026/06/24,,2026/06/24,
"HEUNG A LINE CO., LTD.",heunga,Kobe,41,,HONOR GLORY,,,,2623E,2623W,,,2026/06/26,,2026/06/26,,2026/06/26,
"HEUNG A LINE CO., LTD.",heunga,Kobe,41,,HONOR OCEAN,,,,1062E,1062W,,,2026/06/29,,2026/06/29,,2026/06/29,
"HEUNG A LINE CO., LTD.",heunga,Kobe,41,,HONOR GLORY,,,,2624E,2624W,,,2026/07/01,,2026/07/01,,2026/07/01,
"HEUNG A LINE CO., LTD.",heunga,Kobe,41,,HONOR OCEAN,,,,1063E,1063W,,,2026/07/03,,2026/07/03,,2026/07/03,
"HEUNG A LINE CO., LTD.",heunga,Mizushima,50,,PACIFIC BUSAN,,,,2622E,2622W,,,2026/06/03,07:04,2026/06/03,07:42,2026/06/03,12:34
"HEUNG A LINE CO., LTD.",heunga,Mizushima,50,,MOJI EXPRESS,,,,2634E,2634W,,,2026/06/05,23:48,2026/06/06,06:00,2026/06/06,10:06
"HEUNG A LINE CO., LTD.",heunga,Mizushima,50,,PACIFIC BUSAN,,,,2623E,2623W,,,2026/06/10,05:34,2026/06/10,06:12,2026/06/10,11:32
"HEUNG A LINE CO., LTD.",heunga,Mizushima,50,,HANSUNG WEIHAI,,,,2631E,2631W,,,2026/06/12,21:12,2026/06/13,06:00,2026/06/13,10:00
"HEUNG A LINE CO., LTD.",heunga,Mizushima,50,,PACIFIC BUSAN,,,,2624E,2624W,,,2026/06/17,05:01,2026/06/17,05:36,2026/06/17,12:30
"HEUNG A LINE CO., LTD.",heunga,Mizushima,50,,MOJI EXPRESS,,,,2637E,2637W,,,2026/06/20,,2026/06/20,,2026/06/21,
"HEUNG A LINE CO., LTD.",heunga,Mizushima,50,,PACIFIC BUSAN,,,,2625E,2625W,,,2026/06/24,,2026/06/24,,2026/06/24,
"HEUNG A LINE CO., LTD.",heunga,Mizushima,50,,HANSUNG WEIHAI,,,,2634E,2634W,,,2026/06/27,,2026/06/27,,2026/06/27,
"HEUNG A LINE CO., LTD.",heunga,Mizushima,50,,PACIFIC BUSAN,,,,2626E,2626W,,,2026/07/01,,2026/07/01,,2026/07/01,
"HEUNG A LINE CO., LTD.",heunga,Mizushima,50,,MOJI EXPRESS,,,,2640E,2640W,,,2026/07/04,,2026/07/04,,2026/07/04,
"HEUNG A LINE CO., LTD.",heunga,Hiroshima,51,,MOJI EXPRESS,,,,2633E,2633W,,,2026/06/01,11:54,2026/06/01,12:30,2026/06/01,16:24
"HEUNG A LINE CO., LTD.",heunga,Hiroshima,51,,PACIFIC TIANJIN,,,,2627E,2627W,,,2026/06/07,07:30,2026/06/07,16:00,2026/06/07,18:10
"HEUNG A LINE CO., LTD.",heunga,Hiroshima,51,,HANSUNG WEIHAI,,,,2630E,2630W,,,2026/06/09,07:26,2026/06/09,08:00,2026/06/09,14:20
"HEUNG A LINE CO., LTD.",heunga,Hiroshima,51,,MOJI EXPRESS,,,,2636E,2636W,,,2026/06/15,12:00,2026/06/15,12:30,2026/06/15,17:15
"HEUNG A LINE CO., LTD.",heunga,Hiroshima,51,,PACIFIC TIANJIN,,,,2628E,2628W,,,2026/06/19,,2026/06/19,,2026/06/19,
"HEUNG A LINE CO., LTD.",heunga,Hiroshima,51,,PACIFIC TIANJIN,,,,2629E,2629W,,,,,,,,
"HEUNG A LINE CO., LTD.",heunga,Hiroshima,51,,HANSUNG WEIHAI,,,,2633E,2633W,,,2026/06/23,,2026/06/23,,2026/06/23,
"HEUNG A LINE CO., LTD.",heunga,Hiroshima,51,,PACIFIC TIANJIN,,,,2630E,2630W,,,2026/06/26,,2026/06/26,,2026/06/26,
"HEUNG A LINE CO., LTD.",heunga,Hiroshima,51,,MOJI EXPRESS,,,,2639E,2639W,,,2026/06/29,,2026/06/29,,2026/06/29,
"HEUNG A LINE CO., LTD.",heunga,Hiroshima,51,,PACIFIC TIANJIN,,,,2631E,2631W,,,2026/07/03,,2026/07/03,,2026/07/03,
"HEUNG A LINE CO., LTD.",heunga,Mishimakawanoe,60,,PACIFIC TIANJIN,,,,2627E,2627W,,,2026/06/03,12:00,2026/06/04,07:20,2026/06/04,14:30
"HEUNG A LINE CO., LTD.",heunga,Mishimakawanoe,60,,HAKATA VOYAGER,,,,2621E,2621W,,,2026/06/05,06:50,2026/06/05,07:15,2026/06/05,10:20
"HEUNG A LINE CO., LTD.",heunga,Mishimakawanoe,60,,MOJI EXPRESS,,,,2634E,2634W,,,2026/06/06,13:52,2026/06/06,14:20,2026/06/06,17:10
"HEUNG A LINE CO., LTD.",heunga,Mishimakawanoe,60,,HANSUNG WEIHAI,,,,2631E,2631W,,,2026/06/13,12:09,2026/06/13,12:40,2026/06/13,16:10
"HEUNG A LINE CO., LTD.",heunga,Mishimakawanoe,60,,PACIFIC TIANJIN,,,,2628E,2628W,,,2026/06/15,12:42,2026/06/15,13:15,2026/06/15,16:40
"HEUNG A LINE CO., LTD.",heunga,Mishimakawanoe,60,,HAKATA VOYAGER,,,,2622E,2622W,,,2026/06/15,16:45,2026/06/16,07:30,2026/06/16,16:30
"HEUNG A LINE CO., LTD.",heunga,Mishimakawanoe,60,,PACIFIC TIANJIN,,,,2629E,2629W,,,,,,,,
"HEUNG A LINE CO., LTD.",heunga,Mishimakawanoe,60,,MOJI EXPRESS,,,,2637E,2637W,,,2026/06/21,,2026/06/21,,2026/06/21,
"HEUNG A LINE CO., LTD.",heunga,Mishimakawanoe,60,,HAKATA VOYAGER,,,,2623E,2623W,,,2026/06/21,,2026/06/21,,2026/06/22,
"HEUNG A LINE CO., LTD.",heunga,Mishimakawanoe,60,,PACIFIC TIANJIN,,,,2630E,2630W,,,2026/06/23,,2026/06/23,,2026/06/23,
"HEUNG A LINE CO., LTD.",heunga,Mishimakawanoe,60,,HANSUNG WEIHAI,,,,2634E,2634W,,,2026/06/27,,2026/06/27,,2026/06/27,
"HEUNG A LINE CO., LTD.",heunga,Mishimakawanoe,60,,HAKATA VOYAGER,,,,2624E,2624W,,,2026/06/27,,2026/06/27,,2026/06/28,
"HEUNG A LINE CO., LTD.",heunga,Mishimakawanoe,60,,PACIFIC TIANJIN,,,,2631E,2631W,,,2026/06/30,,2026/06/30,,2026/06/30,
"HEUNG A LINE CO., LTD.",heunga,Mishimakawanoe,60,,HAKATA VOYAGER,,,,2625E,2625W,,,2026/07/04,,2026/07/04,,2026/07/04,
"HEUNG A LINE CO., LTD.",heunga,Mishimakawanoe,60,,MOJI EXPRESS,,,,2640E,2640W,,,2026/07/04,,2026/07/04,,2026/07/04,
"HEUNG A LINE CO., LTD.",heunga,Matsuyama,61,,PACIFIC BUSAN,,,,2622E,,,,2026/06/02,14:34,2026/06/02,15:20,2026/06/02,17:20
"HEUNG A LINE CO., LTD.",heunga,Matsuyama,61,,PACIFIC BUSAN,,,,2622W,,,,2026/06/04,03:31,2026/06/04,04:30,2026/06/04,07:55
"HEUNG A LINE CO., LTD.",heunga,Matsuyama,61,,MOJI EXPRESS,,,,2634E,2634W,,,2026/06/05,12:23,2026/06/05,13:00,2026/06/05,15:40
"HEUNG A LINE CO., LTD.",heunga,Matsuyama,61,,PACIFIC BUSAN,,,,2623E,,,,2026/06/09,15:44,2026/06/09,16:30,2026/06/09,19:00
"HEUNG A LINE CO., LTD.",heunga,Matsuyama,61,,PACIFIC BUSAN,,,,2623W,,,,2026/06/11,03:54,2026/06/11,04:45,2026/06/11,07:55
"HEUNG A LINE CO., LTD.",heunga,Matsuyama,61,,HANSUNG WEIHAI,,,,2631E,2631W,,,2026/06/13,20:30,2026/06/15,07:00,2026/06/15,10:50
"HEUNG A LINE CO., LTD.",heunga,Matsuyama,61,,PACIFIC BUSAN,,,,2624E,2624W,,,2026/06/16,14:57,2026/06/16,15:40,2026/06/16,19:00
"HEUNG A LINE CO., LTD.",heunga,Matsuyama,61,,MOJI EXPRESS,,,,2637E,2637W,,,2026/06/20,,2026/06/20,,2026/06/20,
"HEUNG A LINE CO., LTD.",heunga,Matsuyama,61,,PACIFIC BUSAN,,,,2625E,2625W,,,2026/06/23,,2026/06/23,,2026/06/23,
"HEUNG A LINE CO., LTD.",heunga,Matsuyama,61,,HANSUNG WEIHAI,,,,2634E,2634W,,,2026/06/26,,2026/06/26,,2026/06/26,
"HEUNG A LINE CO., LTD.",heunga,Matsuyama,61,,PACIFIC BUSAN,,,,2626E,2626W,,,2026/06/30,,2026/06/30,,2026/06/30,
"HEUNG A LINE CO., LTD.",heunga,Matsuyama,61,,MOJI EXPRESS,,,,2640E,2640W,,,2026/07/03,,2026/07/03,,2026/07/03,
"HEUNG A LINE CO., LTD.",heunga,Tokuyamakudamatsu,62,,MOJI EXPRESS,,,,2633E,2633W,,,2026/06/02,02:20,2026/06/02,11:15,2026/06/02,16:15
"HEUNG A LINE CO., LTD.",heunga,Tokuyamakudamatsu,62,,HAKATA VOYAGER,,,,2621E,2621W,,,2026/06/04,02:40,2026/06/04,16:00,2026/06/04,20:10
"HEUNG A LINE CO., LTD.",heunga,Tokuyamakudamatsu,62,,HANSUNG WEIHAI,,,,2630E,2630W,,,2026/06/10,07:19,2026/06/10,08:10,2026/06/10,17:45
"HEUNG A LINE CO., LTD.",heunga,Tokuyamakudamatsu,62,,MOJI EXPRESS,,,,2636E,2636W,,,2026/06/16,12:09,2026/06/16,13:05,2026/06/16,19:00
"HEUNG A LINE CO., LTD.",heunga,Tokuyamakudamatsu,62,,HAKATA VOYAGER,,,,2622E,2622W,,,2026/06/17,03:50,2026/06/18,13:00,2026/06/18,16:00
"HEUNG A LINE CO., LTD.",heunga,Tokuyamakudamatsu,62,,HANSUNG WEIHAI,,,,2633E,2633W,,,2026/06/23,,2026/06/23,,2026/06/23,
"HEUNG A LINE CO., LTD.",heunga,Tokuyamakudamatsu,62,,HAKATA VOYAGER,,,,2623E,2623W,,,2026/06/23,,2026/06/23,,2026/06/23,
"HEUNG A LINE CO., LTD.",heunga,Tokuyamakudamatsu,62,,HAKATA VOYAGER,,,,2624E,2624W,,,2026/06/29,,2026/06/29,,2026/06/29,
"HEUNG A LINE CO., LTD.",heunga,Tokuyamakudamatsu,62,,MOJI EXPRESS,,,,2639E,2639W,,,2026/06/30,,2026/06/30,,2026/06/30,
"HEUNG A LINE CO., LTD.",heunga,Tokuyamakudamatsu,62,,HAKATA VOYAGER,,,,2625E,2625W,,,2026/07/05,,2026/07/05,,2026/07/05,
"HEUNG A LINE CO., LTD.",heunga,Imabari,63,,PACIFIC BUSAN,,,,2622E,2622W,,,2026/06/02,08:47,2026/06/02,09:10,2026/06/02,12:20
"HEUNG A LINE CO., LTD.",heunga,Imabari,63,,MOJI EXPRESS,,,,2634E,2634W,,,2026/06/05,17:39,2026/06/05,18:00,2026/06/05,20:20
"HEUNG A LINE CO., LTD.",heunga,Imabari,63,,PACIFIC BUSAN,,,,2623E,2623W,,,2026/06/09,09:10,2026/06/09,09:30,2026/06/09,13:00
"HEUNG A LINE CO., LTD.",heunga,Imabari,63,,HANSUNG WEIHAI,,,,2631E,2631W,,,2026/06/15,12:50,2026/06/15,13:25,2026/06/15,16:15
"HEUNG A LINE CO., LTD.",heunga,Imabari,63,,PACIFIC BUSAN,,,,2624E,2624W,,,2026/06/16,09:00,2026/06/16,10:00,2026/06/16,12:35
"HEUNG A LINE CO., LTD.",heunga,Imabari,63,,MOJI EXPRESS,,,,2637E,2637W,,,2026/06/18,17:00,2026/06/19,07:00,2026/06/19,11:00
"HEUNG A LINE CO., LTD.",heunga,Imabari,63,,PACIFIC BUSAN,,,,2625E,2625W,,,2026/06/23,,2026/06/23,,2026/06/23,
"HEUNG A LINE CO., LTD.",heunga,Imabari,63,,HANSUNG WEIHAI,,,,2634E,2634W,,,2026/06/26,,2026/06/26,,2026/06/26,
"HEUNG A LINE CO., LTD.",heunga,Imabari,63,,PACIFIC BUSAN,,,,2626E,2626W,,,2026/06/30,,2026/06/30,,2026/06/30,
"HEUNG A LINE CO., LTD.",heunga,Imabari,63,,MOJI EXPRESS,,,,2640E,2640W,,,2026/07/03,,2026/07/03,,2026/07/03,
"HEUNG A LINE CO., LTD.",heunga,Takamatsu,64,,PACIFIC BUSAN,,,,2622E,2622W,,,2026/06/03,14:38,2026/06/03,15:15,2026/06/03,18:00
"HEUNG A LINE CO., LTD.",heunga,Takamatsu,64,,HAKATA VOYAGER,,,,2621E,2621W,,,2026/06/05,13:59,2026/06/05,14:30,2026/06/05,17:30
"HEUNG A LINE CO., LTD.",heunga,Takamatsu,64,,PACIFIC BUSAN,,,,2623E,2623W,,,2026/06/10,13:40,2026/06/10,14:10,2026/06/10,17:55
"HEUNG A LINE CO., LTD.",heunga,Takamatsu,64,,HAKATA VOYAGER,,,,2622E,2622W,,,2026/06/13,11:06,2026/06/13,11:30,2026/06/13,16:06
"HEUNG A LINE CO., LTD.",heunga,Takamatsu,64,,PACIFIC BUSAN,,,,2624E,2624W,,,2026/06/17,14:00,2026/06/17,15:00,2026/06/17,19:00
"HEUNG A LINE CO., LTD.",heunga,Takamatsu,64,,HAKATA VOYAGER,,,,2623E,2623W,,,2026/06/22,,2026/06/22,,2026/06/22,
"HEUNG A LINE CO., LTD.",heunga,Takamatsu,64,,PACIFIC BUSAN,,,,2625E,2625W,,,2026/06/24,,2026/06/24,,2026/06/25,
"HEUNG A LINE CO., LTD.",heunga,Takamatsu,64,,HAKATA VOYAGER,,,,2624E,2624W,,,2026/06/28,,2026/06/28,,2026/06/28,
"HEUNG A LINE CO., LTD.",heunga,Takamatsu,64,,PACIFIC BUSAN,,,,2626E,2626W,,,2026/07/01,,2026/07/01,,2026/07/02,
"HEUNG A LINE CO., LTD.",heunga,Takamatsu,64,,HAKATA VOYAGER,,,,2625E,2625W,,,2026/07/04,,2026/07/04,,2026/07/04,
"HEUNG A LINE CO., LTD.",heunga,Tokushima komatsushi,65,,PACIFIC TIANJIN,,,,2627E,2627W,,,2026/06/05,07:34,2026/06/05,08:20,2026/06/05,16:50
"HEUNG A LINE CO., LTD.",heunga,Tokushima komatsushi,65,,PACIFIC TIANJIN,,,,2628E,2628W,,,2026/06/16,07:15,2026/06/17,08:20,2026/06/17,13:00
"HEUNG A LINE CO., LTD.",heunga,Tokushima komatsushi,65,,PACIFIC TIANJIN,,,,2629E,2629W,,,,,,,,
"HEUNG A LINE CO., LTD.",heunga,Tokushima komatsushi,65,,PACIFIC TIANJIN,,,,2630E,2630W,,,2026/06/24,,2026/06/24,,2026/06/24,
"HEUNG A LINE CO., LTD.",heunga,Tokushima komatsushi,65,,PACIFIC TIANJIN,,,,2631E,2631W,,,2026/07/01,,2026/07/01,,2026/07/01,
"HEUNG A LINE CO., LTD.",heunga,Fukuyama,67,,PACIFIC BUSAN,,,,2622E,2622W,,,2026/06/04,13:20,2026/06/04,14:15,2026/06/04,20:30
"HEUNG A LINE CO., LTD.",heunga,Fukuyama,67,,HAKATA VOYAGER,,,,2621E,2621W,,,2026/06/05,20:45,2026/06/08,07:30,2026/06/08,16:00
"HEUNG A LINE CO., LTD.",heunga,Fukuyama,67,,PACIFIC BUSAN,,,,2623E,2623W,,,2026/06/11,13:08,2026/06/11,13:50,2026/06/11,20:00
"HEUNG A LINE CO., LTD.",heunga,Fukuyama,67,,HAKATA VOYAGER,,,,2622E,2622W,,,2026/06/13,19:00,2026/06/15,07:35,2026/06/15,14:10
"HEUNG A LINE CO., LTD.",heunga,Fukuyama,67,,PACIFIC BUSAN,,,,2624E,2624W,,,2026/06/18,,2026/06/18,,2026/06/18,
"HEUNG A LINE CO., LTD.",heunga,Fukuyama,67,,HAKATA VOYAGER,,,,2623E,2623W,,,2026/06/21,,2026/06/21,,2026/06/21,
"HEUNG A LINE CO., LTD.",heunga,Fukuyama,67,,PACIFIC BUSAN,,,,2625E,2625W,,,2026/06/22,,2026/06/22,,2026/06/22,
"HEUNG A LINE CO., LTD.",heunga,Fukuyama,67,,HAKATA VOYAGER,,,,2624E,2624W,,,2026/06/27,,2026/06/27,,2026/06/27,
"HEUNG A LINE CO., LTD.",heunga,Fukuyama,67,,PACIFIC BUSAN,,,,2626E,2626W,,,2026/06/29,,2026/06/29,,2026/06/29,
"HEUNG A LINE CO., LTD.",heunga,Fukuyama,67,,HAKATA VOYAGER,,,,2625E,2625W,,,2026/07/03,,2026/07/03,,2026/07/03,
"HEUNG A LINE CO., LTD.",heunga,Iwakuni,69,,MOJI EXPRESS,,,,2633E,2633W,,,2026/06/01,17:28,2026/06/01,17:50,2026/06/01,21:35
"HEUNG A LINE CO., LTD.",heunga,Iwakuni,69,,PACIFIC TIANJIN,,,,2627E,2627W,,,2026/06/08,07:33,2026/06/08,07:55,2026/06/08,13:00
"HEUNG A LINE CO., LTD.",heunga,Iwakuni,69,,HANSUNG WEIHAI,,,,2630E,2630W,,,2026/06/09,18:25,2026/06/09,18:50,2026/06/09,22:20
"HEUNG A LINE CO., LTD.",heunga,Iwakuni,69,,MOJI EXPRESS,,,,2636E,2636W,,,2026/06/15,18:15,2026/06/15,18:40,2026/06/16,06:30
"HEUNG A LINE CO., LTD.",heunga,Iwakuni,69,,PACIFIC TIANJIN,,,,2628E,2628W,,,2026/06/19,,2026/06/19,,2026/06/19,
"HEUNG A LINE CO., LTD.",heunga,Iwakuni,69,,PACIFIC TIANJIN,,,,2629E,2629W,,,,,,,,
"HEUNG A LINE CO., LTD.",heunga,Iwakuni,69,,HANSUNG WEIHAI,,,,2633E,2633W,,,2026/06/23,,2026/06/23,,2026/06/23,
"HEUNG A LINE CO., LTD.",heunga,Iwakuni,69,,PACIFIC TIANJIN,,,,2630E,2630W,,,2026/06/26,,2026/06/26,,2026/06/26,
"HEUNG A LINE CO., LTD.",heunga,Iwakuni,69,,MOJI EXPRESS,,,,2639E,2639W,,,2026/06/29,,2026/06/29,,2026/06/29,
"HEUNG A LINE CO., LTD.",heunga,Iwakuni,69,,PACIFIC TIANJIN,,,,2631E,2631W,,,2026/07/03,,2026/07/03,,2026/07/03,
"HEUNG A LINE CO., LTD.",heunga,Kitakyushu,70,,HAKATA EXPRESS,,,,2643E,2643W,,,2026/06/01,13:00,2026/06/02,08:03,2026/06/02,14:12
"HEUNG A LINE CO., LTD.",heunga,Kitakyushu,70,,DONGJIN FIDES,,,,0708S,0708N,,,2026/06/04,06:52,2026/06/04,07:15,2026/06/04,11:50
"HEUNG A LINE CO., LTD.",heunga,Kitakyushu,70,,HAKATA EXPRESS,,,,2644E,2644W,,,2026/06/04,19:18,2026/06/05,07:30,2026/06/05,12:03
"HEUNG A LINE CO., LTD.",heunga,Kitakyushu,70,,HAKATA EXPRESS,,,,2645E,2645W,,,2026/06/08,00:12,2026/06/08,15:45,2026/06/08,19:40
"HEUNG A LINE CO., LTD.",heunga,Kitakyushu,70,,HAKATA EXPRESS,,,,2646E,2646W,,,2026/06/12,10:00,2026/06/12,11:54,2026/06/12,17:38
"HEUNG A LINE CO., LTD.",heunga,Kitakyushu,70,,DONGJIN FIDES,,,,0710S,0710N,,,2026/06/12,16:22,2026/06/12,18:10,2026/06/13,02:25
"HEUNG A LINE CO., LTD.",heunga,Kitakyushu,70,,HAKATA EXPRESS,,,,2647E,2647W,,,2026/06/16,23:48,2026/06/17,12:30,2026/06/17,17:00
"HEUNG A LINE CO., LTD.",heunga,Kitakyushu,70,,DONGJIN FIDES,,,,0712S,0712N,,,2026/06/19,,2026/06/19,,2026/06/19,
"HEUNG A LINE CO., LTD.",heunga,Kitakyushu,70,,HAKATA EXPRESS,,,,2648E,2648W,,,2026/06/20,,2026/06/20,,2026/06/20,
"HEUNG A LINE CO., LTD.",heunga,Kitakyushu,70,,HAKATA EXPRESS,,,,2649E,2649W,,,2026/06/22,,2026/06/22,,2026/06/22,
"HEUNG A LINE CO., LTD.",heunga,Kitakyushu,70,,DONGJIN FIDES,,,,0714S,0714N,,,2026/06/25,,2026/06/25,,2026/06/25,
"HEUNG A LINE CO., LTD.",heunga,Kitakyushu,70,,HAKATA EXPRESS,,,,2650E,2650W,,,2026/06/26,,2026/06/26,,2026/06/26,
"HEUNG A LINE CO., LTD.",heunga,Kitakyushu,70,,HAKATA EXPRESS,,,,2651E,2651W,,,2026/06/29,,2026/06/29,,2026/06/29,
"HEUNG A LINE CO., LTD.",heunga,Kitakyushu,70,,DONGJIN FIDES,,,,0716S,0716N,,,2026/07/01,,2026/07/01,,2026/07/01,
"HEUNG A LINE CO., LTD.",heunga,Kitakyushu,70,,HAKATA EXPRESS,,,,2652E,2652W,,,2026/07/02,,2026/07/02,,2026/07/02,
"HEUNG A LINE CO., LTD.",heunga,Kochi,76,,PACIFIC TIANJIN,,,,2627E,2627W,,,2026/06/06,07:23,2026/06/06,08:00,2026/06/06,15:40
"HEUNG A LINE CO., LTD.",heunga,Kochi,76,,PACIFIC TIANJIN,,,,2628E,2628W,,,2026/06/18,,2026/06/18,,2026/06/18,
"HEUNG A LINE CO., LTD.",heunga,Kochi,76,,PACIFIC TIANJIN,,,,2629E,2629W,,,,,,,,
"HEUNG A LINE CO., LTD.",heunga,Kochi,76,,PACIFIC TIANJIN,,,,2630E,2630W,,,2026/06/25,,2026/06/25,,2026/06/25,
"HEUNG A LINE CO., LTD.",heunga,Kochi,76,,PACIFIC TIANJIN,,,,2631E,2631W,,,2026/07/02,,2026/07/02,,2026/07/02,
"HEUNG A LINE CO., LTD.",heunga,Hakata,77,,HAKATA EXPRESS,,,,2643E,2643W,,,2026/06/02,21:45,2026/06/03,07:14,2026/06/03,11:59
"HEUNG A LINE CO., LTD.",heunga,Hakata,77,,HAKATA EXPRESS,,,,2644E,2644W,,,2026/06/06,04:50,2026/06/06,05:35,2026/06/06,12:10
"HEUNG A LINE CO., LTD.",heunga,Hakata,77,,DONGJIN FIDES,,,,0708S,0708N,,,2026/06/03,07:23,2026/06/03,07:57,2026/06/03,11:27
"HEUNG A LINE CO., LTD.",heunga,Hakata,77,,HAKATA VOYAGER,,,,2621E,2621W,,,2026/06/03,12:30,2026/06/03,13:18,2026/06/03,17:03
"HEUNG A LINE CO., LTD.",heunga,Hakata,77,,HAKATA EXPRESS,,,,2645E,2645W,,,2026/06/09,05:35,2026/06/09,06:29,2026/06/09,11:25
"HEUNG A LINE CO., LTD.",heunga,Hakata,77,,DONGJIN FIDES,,,,0710S,0710N,,,2026/06/11,16:54,2026/06/11,17:32,2026/06/11,21:11
"HEUNG A LINE CO., LTD.",heunga,Hakata,77,,HAKATA VOYAGER,,,,2622E,2622W,,,2026/06/11,06:24,2026/06/12,12:16,2026/06/12,15:58
"HEUNG A LINE CO., LTD.",heunga,Hakata,77,,HAKATA EXPRESS,,,,2646E,2646W,,,2026/06/12,21:54,2026/06/13,06:06,2026/06/13,10:54
"HEUNG A LINE CO., LTD.",heunga,Hakata,77,,HAKATA EXPRESS,,,,2647E,2647W,,,2026/06/16,13:15,2026/06/16,13:50,2026/06/16,18:26
"HEUNG A LINE CO., LTD.",heunga,Hakata,77,,DONGJIN FIDES,,,,0712S,0712N,,,2026/06/18,13:30,2026/06/18,14:30,2026/06/18,18:30
"HEUNG A LINE CO., LTD.",heunga,Hakata,77,,HAKATA EXPRESS,,,,2648E,2648W,,,2026/06/19,,2026/06/19,,2026/06/19,
"HEUNG A LINE CO., LTD.",heunga,Hakata,77,,HAKATA VOYAGER,,,,2623E,2623W,,,2026/06/20,,2026/06/20,,2026/06/20,
"HEUNG A LINE CO., LTD.",heunga,Hakata,77,,HAKATA EXPRESS,,,,2649E,2649W,,,2026/06/23,,2026/06/23,,2026/06/23,
"HEUNG A LINE CO., LTD.",heunga,Hakata,77,,DONGJIN FIDES,,,,0714S,0714N,,,2026/06/24,,2026/06/24,,2026/06/24,
"HEUNG A LINE CO., LTD.",heunga,Hakata,77,,HAKATA VOYAGER,,,,2624E,2624W,,,2026/06/26,,2026/06/26,,2026/06/26,
"HEUNG A LINE CO., LTD.",heunga,Hakata,77,,HAKATA EXPRESS,,,,2650E,2650W,,,2026/06/27,,2026/06/27,,2026/06/27,
"HEUNG A LINE CO., LTD.",heunga,Hakata,77,,HAKATA EXPRESS,,,,2651E,2651W,,,2026/06/30,,2026/06/30,,2026/06/30,
"HEUNG A LINE CO., LTD.",heunga,Hakata,77,,HAKATA VOYAGER,,,,2625E,2625W,,,2026/07/02,,2026/07/02,,2026/07/02,
"HEUNG A LINE CO., LTD.",heunga,Hakata,77,,HAKATA EXPRESS,,,,2652E,2652W,,,2026/07/03,,2026/07/03,,2026/07/03,
"HEUNG A LINE CO., LTD.",heunga,Hakata,77,,DONGJIN FIDES,,,,0716S,0716N,,,2026/06/30,,2026/06/30,,2026/06/30,
"HEUNG A LINE CO., LTD.",heunga,Oita,78,,HANSUNG WEIHAI,,,,2629E,2629W,,,2026/06/05,16:00,2026/06/06,07:35,2026/06/06,09:54
"HEUNG A LINE CO., LTD.",heunga,Oita,78,,MOJI EXPRESS,,,,2635E,2635W,,,2026/06/10,01:36,2026/06/10,07:30,2026/06/10,09:43
"HEUNG A LINE CO., LTD.",heunga,Oita,78,,HANSUNG WEIHAI,,,,2632E,2632W,,,2026/06/20,,2026/06/20,,2026/06/20,
"HEUNG A LINE CO., LTD.",heunga,Oita,78,,MOJI EXPRESS,,,,2638E,2638W,,,2026/06/24,,2026/06/24,,2026/06/24,
"HEUNG A LINE CO., LTD.",heunga,Oita,78,,HANSUNG WEIHAI,,,,2635E,2635W,,,2026/07/01,,2026/07/01,,2026/07/01,
"HEUNG A LINE CO., LTD.",heunga,Imari,87,,HANSUNG WEIHAI,,,,2629E,2629W,,,2026/06/02,11:48,2026/06/02,12:20,2026/06/02,15:15
"HEUNG A LINE CO., LTD.",heunga,Imari,87,,SINOKOR NIIGATA,,,,2621E,2621W,,,2026/06/06,07:41,2026/06/06,08:15,2026/06/06,11:25
"HEUNG A LINE CO., LTD.",heunga,Imari,87,,MOJI EXPRESS,,,,2635E,2635W,,,2026/06/09,10:50,2026/06/09,12:15,2026/06/09,15:40
"HEUNG A LINE CO., LTD.",heunga,Imari,87,,HAKATA EXPRESS,,,,2646E,2646W,,,2026/06/11,07:33,2026/06/11,08:05,2026/06/11,12:30
"HEUNG A LINE CO., LTD.",heunga,Imari,87,,SINOKOR NIIGATA,,,,2622E,2622W,,,2026/06/13,07:46,2026/06/13,08:20,2026/06/13,12:00
"HEUNG A LINE CO., LTD.",heunga,Imari,87,,HANSUNG WEIHAI,,,,2632E,2632W,,,2026/06/19,,2026/06/19,,2026/06/19,
"HEUNG A LINE CO., LTD.",heunga,Imari,87,,MOJI EXPRESS,,,,2638E,2638W,,,2026/06/23,,2026/06/23,,2026/06/23,
"HEUNG A LINE CO., LTD.",heunga,Imari,87,,SINOKOR NIIGATA,,,,2623E,2623W,,,2026/06/23,,2026/06/23,,2026/06/23,
"HEUNG A LINE CO., LTD.",heunga,Imari,87,,HANSUNG WEIHAI,,,,2635E,2635W,,,2026/06/30,,2026/06/30,,2026/06/30,
"HEUNG A LINE CO., LTD.",heunga,Imari,87,,SINOKOR NIIGATA,,,,2625E,2625W,,,,,,,,
"HEUNG A LINE CO., LTD.",heunga,Imari,87,,SINOKOR NIIGATA,,,,2624E,2624W,,,2026/06/30,,2026/06/30,,2026/06/30,
"HEUNG A LINE CO., LTD.",heunga,Hososhima,90,,HANSUNG WEIHAI,,,,2629E,2629W,,,2026/06/04,21:20,2026/06/05,05:10,2026/06/05,11:10
"HEUNG A LINE CO., LTD.",heunga,Hososhima,90,,MOJI EXPRESS,,,,2635E,2635W,,,2026/06/11,22:45,2026/06/12,05:10,2026/06/12,11:10
"HEUNG A LINE CO., LTD.",heunga,Hososhima,90,,HANSUNG WEIHAI,,,,2632E,2632W,,,2026/06/21,,2026/06/21,,2026/06/21,
"HEUNG A LINE CO., LTD.",heunga,Hososhima,90,,MOJI EXPRESS,,,,2638E,2638W,,,2026/06/26,,2026/06/26,,2026/06/26,
"HEUNG A LINE CO., LTD.",heunga,Hososhima,90,,HANSUNG WEIHAI,,,,2635E,2635W,,,2026/07/03,,2026/07/03,,2026/07/03,
"HEUNG A LINE CO., LTD.",heunga,Shibushi,91,,HANSUNG WEIHAI,,,,2629E,2629W,,,2026/06/04,06:34,2026/06/04,07:20,2026/06/04,15:45
"HEUNG A LINE CO., LTD.",heunga,Shibushi,91,,SINOKOR NIIGATA,,,,2622E,2622W,,,2026/06/09,03:00,2026/06/09,08:20,2026/06/09,14:40
"HEUNG A LINE CO., LTD.",heunga,Shibushi,91,,MOJI EXPRESS,,,,2635E,2635W,,,2026/06/10,18:15,2026/06/11,12:36,2026/06/11,17:40
"HEUNG A LINE CO., LTD.",heunga,Shibushi,91,,SINOKOR NIIGATA,,,,2623E,2623W,,,2026/06/17,14:00,2026/06/17,15:00,2026/06/17,18:30
"HEUNG A LINE CO., LTD.",heunga,Shibushi,91,,HANSUNG WEIHAI,,,,2632E,2632W,,,2026/06/21,,2026/06/21,,2026/06/21,
"HEUNG A LINE CO., LTD.",heunga,Shibushi,91,,MOJI EXPRESS,,,,2638E,2638W,,,2026/06/25,,2026/06/25,,2026/06/25,
"HEUNG A LINE CO., LTD.",heunga,Shibushi,91,,SINOKOR NIIGATA,,,,2624E,2624W,,,2026/06/26,,2026/06/26,,2026/06/26,
"HEUNG A LINE CO., LTD.",heunga,Shibushi,91,,SINOKOR NIIGATA,,,,2625E,2625W,,,,,,,,
"HEUNG A LINE CO., LTD.",heunga,Shibushi,91,,HANSUNG WEIHAI,,,,2635E,2635W,,,2026/07/02,,2026/07/02,,2026/07/02,
"HEUNG A LINE CO., LTD.",heunga,Shibushi,91,,SINOKOR NIIGATA,,,,2626E,2626W,,,2026/07/03,,2026/07/03,,2026/07/03,
"HEUNG A LINE CO., LTD.",heunga,Nagasaki,92,,SINOKOR NIIGATA,,,,2621E,2621W,,,2026/05/31,07:05,2026/06/01,08:30,2026/06/01,11:10
"HEUNG A LINE CO., LTD.",heunga,Nagasaki,92,,SINOKOR NIIGATA,,,,2622E,2622W,,,2026/06/12,06:58,2026/06/12,07:50,2026/06/12,11:40
"HEUNG A LINE CO., LTD.",heunga,Nagasaki,92,,SINOKOR NIIGATA,,,,2623E,2623W,,,2026/06/19,,2026/06/19,,2026/06/19,
"HEUNG A LINE CO., LTD.",heunga,Nagasaki,92,,SINOKOR NIIGATA,,,,2624E,2624W,,,2026/06/27,,2026/06/27,,2026/06/27,
"HEUNG A LINE CO., LTD.",heunga,Nagasaki,92,,SINOKOR NIIGATA,,,,2625E,2625W,,,,,,,,
"HEUNG A LINE CO., LTD.",heunga,Nagasaki,92,,SINOKOR NIIGATA,,,,2626E,2626W,,,2026/07/04,,2026/07/04,,2026/07/04,
"HEUNG A LINE CO., LTD.",heunga,Naha,93,,ITX EHIME,,,,0109S,0109S,,,2026/06/04,07:43,2026/06/04,08:20,2026/06/04,18:10
"HEUNG A LINE CO., LTD.",heunga,Naha,93,,ITX HIGO,,,,0264S,0264S,,,2026/06/07,01:50,2026/06/08,06:50,2026/06/09,15:00
"HEUNG A LINE CO., LTD.",heunga,Naha,93,,ITX EHIME,,,,0110N,0110N,,,2026/06/11,13:24,2026/06/11,14:00,2026/06/11,21:50
"HEUNG A LINE CO., LTD.",heunga,Naha,93,,ITX HIGO,,,,0265N,0265N,,,2026/06/15,06:13,2026/06/15,06:50,2026/06/15,11:30
"HEUNG A LINE CO., LTD.",heunga,Naha,93,,ITX EHIME,,,,0110S,0110S,,,2026/06/18,03:00,2026/06/18,09:00,2026/06/18,17:00
"HEUNG A LINE CO., LTD.",heunga,Naha,93,,ITX HIGO,,,,0265S,0265S,,,2026/06/22,15:00,2026/06/22,16:00,2026/06/22,22:00
"HEUNG A LINE CO., LTD.",heunga,Naha,93,,ITX HIGO,,,,0266N,0266N,,,2026/06/27,14:00,2026/06/27,15:00,2026/06/27,21:00
"HEUNG A LINE CO., LTD.",heunga,Naha,93,,ITX EHIME,,,,0111S,0111S,,,2026/06/30,01:00,2026/06/30,09:00,2026/06/30,15:00
"HEUNG A LINE CO., LTD.",heunga,Naha,93,,ITX EHIME,,,,0112N,0112N,,,2026/07/05,09:00,2026/07/05,10:00,2026/07/05,16:00
"HEUNG A LINE CO., LTD.",heunga,Kumamoto,95,,SINOKOR NIIGATA,,,,2621E,2621W,,,2026/06/04,04:40,2026/06/04,08:35,2026/06/04,12:30
"HEUNG A LINE CO., LTD.",heunga,Kumamoto,95,,SINOKOR NIIGATA,,,,2622E,2622W,,,2026/06/12,15:55,2026/06/12,16:45,2026/06/12,19:30
"HEUNG A LINE CO., LTD.",heunga,Kumamoto,95,,SINOKOR NIIGATA,,,,2623E,2623W,,,2026/06/18,,2026/06/18,,2026/06/18,
"HEUNG A LINE CO., LTD.",heunga,Kumamoto,95,,SINOKOR NIIGATA,,,,2624E,2624W,,,2026/06/27,,2026/06/27,,2026/06/27,
"HEUNG A LINE CO., LTD.",heunga,Kumamoto,95,,SINOKOR NIIGATA,,,,2625E,2625W,,,,,,,,
"HEUNG A LINE CO., LTD.",heunga,Kumamoto,95,,SINOKOR NIIGATA,,,,2626E,2626W,,,2026/07/04,,2026/07/04,,2026/07/04,
"HEUNG A LINE CO., LTD.",heunga,Yatsushiro,96,,SINOKOR NIIGATA,,,,2621E,2621W,,,2026/06/03,07:44,2026/06/03,08:40,2026/06/03,18:00
"HEUNG A LINE CO., LTD.",heunga,Yatsushiro,96,,SINOKOR NIIGATA,,,,2622E,2622W,,,2026/06/10,17:00,2026/06/11,07:50,2026/06/11,16:45
"HEUNG A LINE CO., LTD.",heunga,Yatsushiro,96,,SINOKOR NIIGATA,,,,2623E,2623W,,,2026/06/22,,2026/06/22,,2026/06/22,
"HEUNG A LINE CO., LTD.",heunga,Yatsushiro,96,,SINOKOR NIIGATA,,,,2624E,2624W,,,2026/06/29,,2026/06/29,,2026/06/29,
"HEUNG A LINE CO., LTD.",heunga,Yatsushiro,96,,SINOKOR NIIGATA,,,,2625E,2625W,,,,,,,,
"HEUNG A LINE CO., LTD.",heunga,Satsuma sendai,97,,SINOKOR NIIGATA,,,,2621E,2621W,,,2026/06/04,19:30,2026/06/05,10:48,2026/06/05,16:05
"HEUNG A LINE CO., LTD.",heunga,Satsuma sendai,97,,SINOKOR NIIGATA,,,,2622E,2622W,,,2026/06/10,08:12,2026/06/10,08:36,2026/06/10,12:35
"HEUNG A LINE CO., LTD.",heunga,Satsuma sendai,97,,SINOKOR NIIGATA,,,,2623E,2623W,,,2026/06/20,,2026/06/20,,2026/06/20,
"HEUNG A LINE CO., LTD.",heunga,Satsuma sendai,97,,SINOKOR NIIGATA,,,,2624E,2624W,,,2026/06/28,,2026/06/28,,2026/06/28,
"HEUNG A LINE CO., LTD.",heunga,Satsuma sendai,97,,SINOKOR NIIGATA,,,,2625E,2625W,,,,,,,,
"HEUNG A LINE CO., LTD.",heunga,Satsuma sendai,97,,SINOKOR NIIGATA,,,,2626E,2626W,,,2026/07/05,,2026/07/05,,2026/07/05,
"HEUNG A LINE CO., LTD.",heunga,Hibikinada,100,,HAKATA EXPRESS,,,,2643E,2643W,,,2026/06/02,14:12,2026/06/02,16:22,2026/06/02,18:31
"HEUNG A LINE CO., LTD.",heunga,Hibikinada,100,,HAKATA EXPRESS,,,,2645E,2645W,,,2026/06/09,15:10,2026/06/09,15:43,2026/06/09,18:12
"HEUNG A LINE CO., LTD.",heunga,Hibikinada,100,,HAKATA EXPRESS,,,,2647E,2647W,,,2026/06/16,07:25,2026/06/16,07:52,2026/06/16,10:13
"HEUNG A LINE CO., LTD.",heunga,Hibikinada,100,,HAKATA EXPRESS,,,,2649E,2649W,,,2026/06/22,,2026/06/22,,2026/06/22,
"HEUNG A LINE CO., LTD.",heunga,Hibikinada,100,,HAKATA EXPRESS,,,,2651E,2651W,,,2026/06/29,,2026/06/29,,2026/06/29,
"HMM CO., LTD.",hmm,Tomakomai,1,,TOYAMA TRADER,,,,2619E,2619W,,,,,,,,
"HMM CO., LTD.",hmm,Tomakomai,1,,HEUNG-A HAIPHONG,,,,2620E,2620W,,,2026/06/04,15:15,2026/06/06,13:20,2026/06/10,09:40
"HMM CO., LTD.",hmm,Tomakomai,1,,YONG SHUN,,,,26021E,26021W,,,2026/06/01,06:08,2026/06/01,07:00,2026/06/06,17:55
"HMM CO., LTD.",hmm,Tomakomai,1,,SUNNY DAISY,,,,2606E,2606W,,,2026/06/09,14:20,2026/06/10,11:10,2026/06/11,17:40
"HMM CO., LTD.",hmm,Tomakomai,1,,TOYAMA TRADER,,,,2620E,2620W,,,2026/06/12,06:47,2026/06/12,07:30,2026/06/13,20:00
"HMM CO., LTD.",hmm,Tomakomai,1,,YONG SHUN,,,,26022E,26022W,,,2026/06/14,05:58,2026/06/14,06:45,2026/06/16,10:50
"HMM CO., LTD.",hmm,Tomakomai,1,,STAR EXPRESS,,,,2607E,2607W,,,2026/06/14,11:49,2026/06/14,12:30,2026/06/15,18:10
"HMM CO., LTD.",hmm,Tomakomai,1,,STAR CHASER,,,,2606E,2606W,,,2026/06/16,12:27,2026/06/16,13:10,2026/06/17,16:00
"HMM CO., LTD.",hmm,Tomakomai,1,,HEUNG-A HAIPHONG,,,,2623E,2623W,,,2026/06/20,,2026/06/20,,2026/06/21,
"HMM CO., LTD.",hmm,Tomakomai,1,,YONG SHUN,,,,26024E,26024W,,,2026/06/22,,2026/06/22,,2026/06/26,
"HMM CO., LTD.",hmm,Tomakomai,1,,TOYAMA TRADER,,,,2621E,2621W,,,2026/06/23,,2026/06/23,,2026/06/24,
"HMM CO., LTD.",hmm,Tomakomai,1,,HEUNG-A HAIPHONG,,,,2624E,2624W,,,2026/06/29,,2026/06/29,,2026/06/30,
"HMM CO., LTD.",hmm,Tomakomai,1,,TOYAMA TRADER,,,,2622E,2622W,,,2026/06/29,,2026/06/30,,2026/07/01,
"HMM CO., LTD.",hmm,Tomakomai,1,,YONG SHUN,,,,26026E,26026W,,,2026/07/02,,2026/07/02,,2026/07/03,
"HMM CO., LTD.",hmm,Hachinohe,2,,HEUNG-A AKITA,,,,2620E,2620W,,,2026/06/07,08:49,2026/06/07,09:36,2026/06/07,18:10
"HMM CO., LTD.",hmm,Hachinohe,2,,HEUNG-A AKITA,,,,2621E,2621W,,,,,,,,
"HMM CO., LTD.",hmm,Hachinohe,2,,HEUNG-A XIAMEN,,,,2624E,2624W,,,2026/06/23,,2026/06/23,,2026/06/23,
"HMM CO., LTD.",hmm,Hachinohe,2,,HEUNG-A XIAMEN,,,,2625E,2625W,,,2026/07/01,,2026/07/01,,2026/07/01,
"HMM CO., LTD.",hmm,Sendai,3,,TOYAMA TRADER,,,,2618E,2618W,,,2026/06/01,11:16,2026/06/01,11:57,2026/06/02,16:03
"HMM CO., LTD.",hmm,Sendai,3,,TOYAMA TRADER,,,,2619E,2619W,,,,,,,,
"HMM CO., LTD.",hmm,Sendai,3,,HEUNG-A AKITA,,,,2620E,2620W,,,2026/06/08,08:00,2026/06/09,04:58,2026/06/09,16:47
"HMM CO., LTD.",hmm,Sendai,3,,TOYAMA TRADER,,,,2620E,2620W,,,2026/06/09,19:36,2026/06/10,05:04,2026/06/10,15:57
"HMM CO., LTD.",hmm,Sendai,3,,HEUNG-A AKITA,,,,2621E,2621W,,,,,,,,
"HMM CO., LTD.",hmm,Sendai,3,,TOYAMA TRADER,,,,2621E,2621W,,,2026/06/21,,2026/06/22,,2026/06/22,
"HMM CO., LTD.",hmm,Sendai,3,,HEUNG-A XIAMEN,,,,2624E,2624W,,,2026/06/22,,2026/06/22,,2026/06/22,
"HMM CO., LTD.",hmm,Sendai,3,,HEUNG-A XIAMEN,,,,2625E,2625W,,,2026/06/29,,2026/06/30,,2026/06/30,
"HMM CO., LTD.",hmm,Sendai,3,,TOYAMA TRADER,,,,2622E,2622W,,,2026/07/02,,2026/07/02,,2026/07/02,
"HMM CO., LTD.",hmm,Ishikari,7,,HEUNG-A HAIPHONG,,,,2620E,2620W,,,2026/06/02,14:45,2026/06/02,15:30,2026/06/03,18:10
"HMM CO., LTD.",hmm,Ishikari,7,,HEUNG-A HAIPHONG,,,,2623E,2623W,,,2026/06/19,,2026/06/19,,2026/06/19,
"HMM CO., LTD.",hmm,Ishikari,7,,HEUNG-A HAIPHONG,,,,2624E,2624W,,,2026/06/27,,2026/06/28,,2026/06/28,
"HMM CO., LTD.",hmm,Yokohama,11,,CONTRIVIA,,,,2621E,2621W,,,2026/05/31,08:18,2026/06/01,17:06,2026/06/02,05:00
"HMM CO., LTD.",hmm,Yokohama,11,,POS YOKOHAMA,,,,1587E,1587W,,,2026/06/02,17:50,2026/06/02,18:30,2026/06/02,22:15
"HMM CO., LTD.",hmm,Yokohama,11,,SUNRISE DRAGON,,,,2613N,2614S,,,2026/06/02,19:48,2026/06/04,07:20,2026/06/04,15:00
"HMM CO., LTD.",hmm,Yokohama,11,,ASL HAIPHONG,,,,2604E,2604W,,,2026/06/05,06:00,2026/06/05,19:00,2026/06/06,00:35
"HMM CO., LTD.",hmm,Yokohama,11,,XIN MING ZHOU 26,,,,2614E,2614W,,,2026/06/06,20:00,2026/06/06,20:54,2026/06/07,00:30
"HMM CO., LTD.",hmm,Yokohama,11,,STAR VOYAGER,,,,2622E,2622W,,,2026/06/06,19:24,2026/06/07,07:36,2026/06/07,14:50
"HMM CO., LTD.",hmm,Yokohama,11,,PACANDA,,,,2614E,2614W,,,,,,,,
"HMM CO., LTD.",hmm,Yokohama,11,,JI PENG,,,,6922E,6922W,,,2026/06/02,23:30,2026/06/04,06:48,2026/06/04,14:15
"HMM CO., LTD.",hmm,Yokohama,11,,MARTIN SCHULTE,,,,621N,623S,,,2026/06/05,07:10,2026/06/05,07:55,2026/06/05,12:40
"HMM CO., LTD.",hmm,Yokohama,11,,MSC VALENTINA,,,,FA617R,FA617R,,,2026/06/07,06:50,2026/06/07,07:40,2026/06/07,20:55
"HMM CO., LTD.",hmm,Yokohama,11,,VICTORY STAR,,,,2614E,2614W,,,2026/06/01,16:40,2026/06/01,17:12,2026/06/03,05:00
"HMM CO., LTD.",hmm,Yokohama,11,,POSORJA EXPRESS,,,,2620E,2620E,,,2026/06/04,12:25,2026/06/04,13:15,2026/06/05,03:30
"HMM CO., LTD.",hmm,Yokohama,11,,ONE DANIELLA,,,,0006N,0007S,,,2026/06/05,07:35,2026/06/05,18:45,2026/06/06,04:10
"HMM CO., LTD.",hmm,Yokohama,11,,GLORY GUANDONG,,,,2622E,2622W,,,2026/06/04,13:25,2026/06/04,14:00,2026/06/05,04:45
"HMM CO., LTD.",hmm,Yokohama,11,,HEUNG-A XIAMEN,,,,2622S,2622N,,,2026/06/05,18:20,2026/06/05,19:00,2026/06/06,01:40
"HMM CO., LTD.",hmm,Yokohama,11,,CONSCIENCE,,,,2620N,2623S,,,2026/06/08,06:30,2026/06/08,07:00,2026/06/08,16:50
"HMM CO., LTD.",hmm,Yokohama,11,,ONE SPARKLE,,,,2611W,2611W,,,2026/06/09,06:00,2026/06/09,06:55,2026/06/10,17:45
"HMM CO., LTD.",hmm,Yokohama,11,,MARTI STAR II,,,,2614E,2614W,,,2026/06/10,06:00,2026/06/10,06:42,2026/06/10,13:50
"HMM CO., LTD.",hmm,Yokohama,11,,HEUNG-A XIAMEN,,,,2623S,2623N,,,2026/06/11,06:20,2026/06/11,06:48,2026/06/11,16:10
"HMM CO., LTD.",hmm,Yokohama,11,,POS YOKOHAMA,,,,1588E,1588W,,,2026/06/11,17:00,2026/06/12,07:30,2026/06/12,10:45
"HMM CO., LTD.",hmm,Yokohama,11,,ONE SERENITY,,,,2612W,2612W,,,2026/06/13,17:10,2026/06/13,18:00,2026/06/14,16:05
"HMM CO., LTD.",hmm,Yokohama,11,,STAR VOYAGER,,,,2623E,2623W,,,2026/06/14,15:36,2026/06/14,17:54,2026/06/15,04:40
"HMM CO., LTD.",hmm,Yokohama,11,,SITC KEELUNG,,,,2613N,2614S,,,2026/06/10,07:00,2026/06/10,07:40,2026/06/10,18:15
"HMM CO., LTD.",hmm,Yokohama,11,,JI PENG,,,,6923E,6923W,,,2026/06/11,13:45,2026/06/11,14:18,2026/06/11,17:05
"HMM CO., LTD.",hmm,Yokohama,11,,NUUK MAERSK,,,,622N,624S,,,2026/06/12,10:55,2026/06/12,11:40,2026/06/12,17:15
"HMM CO., LTD.",hmm,Yokohama,11,,XIN MING ZHOU 22,,,,2615E,2615W,,,2026/06/13,18:45,2026/06/13,19:48,2026/06/14,05:25
"HMM CO., LTD.",hmm,Yokohama,11,,YOKOHAMA EXPRESS,,,,2621E,2621E,,,2026/06/11,21:40,2026/06/11,22:25,2026/06/12,15:25
"HMM CO., LTD.",hmm,Yokohama,11,,MSC CANDIDA,,,,FA618R,FA618R,,,2026/06/12,16:10,2026/06/12,17:15,2026/06/13,12:40
"HMM CO., LTD.",hmm,Yokohama,11,,SEABREEZE,,,,2155N,2156S,,,2026/06/12,19:10,2026/06/12,19:50,2026/06/13,04:15
"HMM CO., LTD.",hmm,Yokohama,11,,AKITA TRADER,,,,2622E,2622W,,,2026/06/15,17:50,2026/06/15,18:18,2026/06/16,03:50
"HMM CO., LTD.",hmm,Yokohama,11,,LOS ANDES BRIDGE,,,,0237N,0238S,,,2026/06/16,06:10,2026/06/16,06:45,2026/06/16,16:10
"HMM CO., LTD.",hmm,Yokohama,11,,SITC MACAO,,,,2611N,2612S,,,2026/06/17,19:30,2026/06/18,00:30,2026/06/18,13:00
"HMM CO., LTD.",hmm,Yokohama,11,,POS YOKOHAMA,,,,1589E,1589W,,,2026/06/19,,2026/06/19,,2026/06/19,
"HMM CO., LTD.",hmm,Yokohama,11,,MILD TUNE,,,,2622N,2625S,,,2026/06/20,,2026/06/20,,2026/06/20,
"HMM CO., LTD.",hmm,Yokohama,11,,STAR VOYAGER,,,,2624E,2624W,,,2026/06/21,,2026/06/21,,2026/06/21,
"HMM CO., LTD.",hmm,Yokohama,11,,ASL HAIPHONG,,,,2605E,2605W,,,2026/06/15,18:40,2026/06/15,19:20,2026/06/16,05:10
"HMM CO., LTD.",hmm,Yokohama,11,,GLORY ZHENDONG,,,,2623E,2623W,,,2026/06/16,17:35,2026/06/16,18:18,2026/06/17,10:00
"HMM CO., LTD.",hmm,Yokohama,11,,JI PENG,,,,6924E,6924W,,,2026/06/18,,2026/06/18,,2026/06/18,
"HMM CO., LTD.",hmm,Yokohama,11,,ONE SPIRIT,,,,2611W,2611W,,,2026/06/19,18:00,2026/06/19,19:00,2026/06/20,17:00
"HMM CO., LTD.",hmm,Yokohama,11,,ONE SHINE,,,,2613W,2613W,,,2026/06/20,17:00,2026/06/20,18:00,2026/06/21,18:00
"HMM CO., LTD.",hmm,Yokohama,11,,GLORY GUANDONG,,,,2624E,2624W,,,2026/06/21,15:00,2026/06/21,,2026/06/22,
"HMM CO., LTD.",hmm,Yokohama,11,,CONSERO,,,,2621N,2624S,,,2026/06/15,20:45,2026/06/15,21:36,2026/06/16,22:00
"HMM CO., LTD.",hmm,Yokohama,11,,HYUNDAI COURAGE,,,,123W,123W,,,2026/06/16,19:00,2026/06/16,20:00,2026/06/17,02:50
"HMM CO., LTD.",hmm,Yokohama,11,,MAERSK NAMSOS,,,,623N,625S,,,2026/06/18,18:00,2026/06/18,19:00,2026/06/19,01:00
"HMM CO., LTD.",hmm,Yokohama,11,,MARTI STAR II,,,,2615E,2615W,,,2026/06/20,18:15,2026/06/20,19:15,2026/06/20,23:00
"HMM CO., LTD.",hmm,Yokohama,11,,XIN MING ZHOU 18,,,,2616E,2616W,,,2026/06/21,18:15,2026/06/21,19:15,2026/06/21,23:00
"HMM CO., LTD.",hmm,Yokohama,11,,SEASPAN BRAVO,,,,0103E,0103E,,,2026/06/16,21:50,2026/06/16,22:45,2026/06/17,16:30
"HMM CO., LTD.",hmm,Yokohama,11,,OCEAN DIGNITY,,,,2615E,2615W,,,2026/06/18,18:45,2026/06/18,19:45,2026/06/18,23:40
"HMM CO., LTD.",hmm,Yokohama,11,,HEUNG-A XIAMEN,,,,2625S,2625N,,,,,,,,
"HMM CO., LTD.",hmm,Yokohama,11,,HEUNG-A AKITA,,,,2622S,2622N,,,2026/06/23,,2026/06/23,,2026/06/23,
"HMM CO., LTD.",hmm,Yokohama,11,,JI PENG,,,,6925E,6925W,,,2026/06/24,,2026/06/24,,2026/06/24,
"HMM CO., LTD.",hmm,Yokohama,11,,ASL HAIPHONG,,,,2606E,2606W,,,2026/06/25,,2026/06/25,,2026/06/25,
"HMM CO., LTD.",hmm,Yokohama,11,,ONE DANIELLA,,,,0007N,0008S,,,2026/06/26,08:00,2026/06/26,09:00,2026/06/26,18:00
"HMM CO., LTD.",hmm,Yokohama,11,,MSC PROCIDA,,,,FZ614R,FZ614R,,,2026/06/27,17:00,2026/06/27,18:00,2026/06/28,02:00
"HMM CO., LTD.",hmm,Yokohama,11,,STAR VOYAGER,,,,2625E,2625W,,,2026/06/28,,2026/06/28,,2026/06/28,
"HMM CO., LTD.",hmm,Yokohama,11,,MITRA BHUM,,,,2614E,2614W,,,2026/06/22,18:15,2026/06/22,19:15,2026/06/22,23:00
"HMM CO., LTD.",hmm,Yokohama,11,,IQUIQUE EXPRESS,,,,2623E,2623E,,,2026/06/23,21:00,2026/06/23,22:00,2026/06/24,08:00
"HMM CO., LTD.",hmm,Yokohama,11,,SITC JIANGSU,,,,2615N,2616S,,,2026/06/24,,2026/06/24,,2026/06/25,
"HMM CO., LTD.",hmm,Yokohama,11,,POS YOKOHAMA,,,,1590E,1590W,,,2026/06/25,,2026/06/25,,2026/06/25,
"HMM CO., LTD.",hmm,Yokohama,11,,MSC VIVIENNE,,,,FA620R,FA620R,,,2026/06/26,13:00,2026/06/26,14:00,2026/06/27,05:00
"HMM CO., LTD.",hmm,Yokohama,11,,CONSCIENCE,,,,2623N,2626S,,,2026/06/28,,2026/06/28,,2026/06/29,
"HMM CO., LTD.",hmm,Yokohama,11,,GLORY ZHENDONG,,,,2625E,2625W,,,2026/06/24,,2026/06/24,,2026/06/25,
"HMM CO., LTD.",hmm,Yokohama,11,,XIN MING ZHOU 26,,,,2616E,2616W,,,2026/06/25,,2026/06/25,,2026/06/25,
"HMM CO., LTD.",hmm,Yokohama,11,,MAERSK NARVIK,,,,624N,626S,,,2026/06/25,22:00,2026/06/25,23:00,2026/06/26,12:00
"HMM CO., LTD.",hmm,Yokohama,11,,GLORY GUANDONG,,,,2626E,2626W,,,2026/06/29,,2026/06/29,,2026/06/29,
"HMM CO., LTD.",hmm,Yokohama,11,,SUNRISE DRAGON,,,,2615N,2616S,,,,,,,,
"HMM CO., LTD.",hmm,Yokohama,11,,POS YOKOHAMA,,,,1591E,1591W,,,2026/07/01,,2026/07/01,,2026/07/01,
"HMM CO., LTD.",hmm,Yokohama,11,,MITRA BHUM,,,,2615E,2615W,,,2026/07/02,,2026/07/02,,2026/07/02,
"HMM CO., LTD.",hmm,Yokohama,11,,ONE SIMPLICITY,,,,2613W,2613W,,,2026/07/03,18:00,2026/07/03,19:00,2026/07/04,10:00
"HMM CO., LTD.",hmm,Yokohama,11,,RDO ACE,,,,2615W,2615W,,,2026/07/04,17:00,2026/07/04,18:00,2026/07/05,18:00
"HMM CO., LTD.",hmm,Yokohama,11,,SITC KEELUNG,,,,2615N,2616S,,,2026/07/05,,2026/07/05,,2026/07/05,
"HMM CO., LTD.",hmm,Yokohama,11,,MARTI STAR II,,,,2616E,2616W,,,2026/06/29,,2026/06/29,,2026/06/29,
"HMM CO., LTD.",hmm,Yokohama,11,,ACX CRYSTAL,,,,0328N,0329S,,,2026/06/30,08:00,2026/06/30,09:00,2026/06/30,18:00
"HMM CO., LTD.",hmm,Yokohama,11,,CONSERO,,,,2624N,2627S,,,2026/07/01,,2026/07/01,,2026/07/02,
"HMM CO., LTD.",hmm,Yokohama,11,,XIN MING ZHOU 22,,,,2617E,2617W,,,2026/07/02,,2026/07/02,,2026/07/02,
"HMM CO., LTD.",hmm,Yokohama,11,,HEUNG-A XIAMEN,,,,2626S,2626N,,,,,,,,
"HMM CO., LTD.",hmm,Yokohama,11,,ONE SPARKLE,,,,2624E,2624E,,,2026/07/01,17:00,2026/07/01,18:00,2026/07/02,10:00
"HMM CO., LTD.",hmm,Yokohama,11,,NORDAGER MAERSK,,,,625N,627S,,,2026/07/02,22:00,2026/07/02,23:00,2026/07/03,12:00
"HMM CO., LTD.",hmm,Yokohama,11,,HEUNG-A AKITA,,,,2623S,2623N,,,2026/06/29,,2026/06/29,,2026/06/29,
"HMM CO., LTD.",hmm,Yokohama,11,,AKITA TRADER,,,,2624E,2624W,,,2026/06/29,,2026/06/29,,2026/06/30,
"HMM CO., LTD.",hmm,Tokyo,13,,YM MANDATE,,,,603E,603E,,,2026/06/01,09:56,2026/06/01,10:46,2026/06/02,05:04
"HMM CO., LTD.",hmm,Tokyo,13,,POS YOKOHAMA,,,,1587E,1587W,,,2026/06/01,15:12,2026/06/02,07:13,2026/06/02,16:19
"HMM CO., LTD.",hmm,Tokyo,13,,PANCON SUCCESS,,,,2619E,2619W,,,,,,,,
"HMM CO., LTD.",hmm,Tokyo,13,,JI PENG,,,,6922E,6922W,,,2026/06/04,15:55,2026/06/04,16:41,2026/06/04,23:30
"HMM CO., LTD.",hmm,Tokyo,13,,GLORY GUANDONG,,,,2622E,2622W,,,2026/06/05,06:20,2026/06/05,07:05,2026/06/06,01:55
"HMM CO., LTD.",hmm,Tokyo,13,,YM MUTUALITY,,,,112W,112W,,,2026/06/06,06:51,2026/06/06,07:37,2026/06/07,16:24
"HMM CO., LTD.",hmm,Tokyo,13,,CONSCIENCE,,,,2620N,2623S,,,2026/06/06,14:30,2026/06/07,07:48,2026/06/08,04:54
"HMM CO., LTD.",hmm,Tokyo,13,,CONTRIVIA,,,,2621E,2621W,,,2026/06/02,06:44,2026/06/02,07:42,2026/06/03,06:15
"HMM CO., LTD.",hmm,Tokyo,13,,ASL HAIPHONG,,,,2604E,2604W,,,2026/06/04,16:47,2026/06/04,17:25,2026/06/05,04:18
"HMM CO., LTD.",hmm,Tokyo,13,,ONE OLYMPUS,,,,080W,080W,,,2026/06/05,06:35,2026/06/05,07:27,2026/06/06,04:42
"HMM CO., LTD.",hmm,Tokyo,13,,XIN MING ZHOU 26,,,,2614E,2614W,,,2026/06/06,07:06,2026/06/06,08:01,2026/06/06,18:22
"HMM CO., LTD.",hmm,Tokyo,13,,PACANDA,,,,2614E,2614W,,,2026/06/02,08:55,2026/06/02,09:45,2026/06/03,01:04
"HMM CO., LTD.",hmm,Tokyo,13,,ONE DANIELLA,,,,0006N,0007S,,,2026/06/04,17:05,2026/06/04,17:38,2026/06/05,05:13
"HMM CO., LTD.",hmm,Tokyo,13,,NAVIOS CYAN,,,,,001E,,,2026/06/05,07:03,2026/06/05,08:01,2026/06/06,04:54
"HMM CO., LTD.",hmm,Tokyo,13,,STAR VOYAGER,,,,2622E,2622W,,,2026/06/06,07:26,2026/06/06,08:20,2026/06/06,17:40
"HMM CO., LTD.",hmm,Tokyo,13,,SUNRISE DRAGON,,,,2613N,2614S,,,2026/06/02,09:04,2026/06/02,09:35,2026/06/02,17:58
"HMM CO., LTD.",hmm,Tokyo,13,,HEUNG-A XIAMEN,,,,2622S,2622N,,,2026/06/05,08:29,2026/06/05,09:13,2026/06/05,16:56
"HMM CO., LTD.",hmm,Tokyo,13,,PEGASUS PETA,,,,2612E,2612W,,,2026/06/02,14:57,2026/06/02,15:32,2026/06/03,01:32
"HMM CO., LTD.",hmm,Tokyo,13,,ONE REASSURANCE,,,,254W,254W,,,2026/06/08,10:50,2026/06/08,11:35,2026/06/09,05:29
"HMM CO., LTD.",hmm,Tokyo,13,,SITC KEELUNG,,,,2613N,2614S,,,2026/06/08,11:35,2026/06/09,07:30,2026/06/10,05:28
"HMM CO., LTD.",hmm,Tokyo,13,,TS PENANG,,,,2622E,2622W,,,2026/06/10,06:54,2026/06/10,18:06,2026/06/11,15:55
"HMM CO., LTD.",hmm,Tokyo,13,,POS YOKOHAMA,,,,1588E,1588W,,,2026/06/11,00:18,2026/06/11,07:32,2026/06/11,15:17
"HMM CO., LTD.",hmm,Tokyo,13,,HEUNG-A XIAMEN,,,,2623S,2623N,,,2026/06/11,17:54,2026/06/12,07:57,2026/06/12,15:59
"HMM CO., LTD.",hmm,Tokyo,13,,NYK OCEANUS,,,,081E,,,,2026/06/11,17:36,2026/06/13,07:48,2026/06/14,04:59
"HMM CO., LTD.",hmm,Tokyo,13,,CONSERO,,,,2621N,2624S,,,2026/06/14,05:12,2026/06/14,18:38,2026/06/15,18:29
"HMM CO., LTD.",hmm,Tokyo,13,,YM UNANIMITY,,,,085W,085W,,,2026/06/08,17:55,2026/06/08,18:42,2026/06/09,16:27
"HMM CO., LTD.",hmm,Tokyo,13,,MARTI STAR II,,,,2614E,2614W,,,2026/06/09,14:57,2026/06/09,15:32,2026/06/10,04:30
"HMM CO., LTD.",hmm,Tokyo,13,,JI PENG,,,,6923E,6923W,,,2026/06/11,06:17,2026/06/11,07:07,2026/06/11,12:01
"HMM CO., LTD.",hmm,Tokyo,13,,ONE ARCADIA,,,,077W,077W,,,2026/06/12,06:45,2026/06/12,07:25,2026/06/13,05:05
"HMM CO., LTD.",hmm,Tokyo,13,,XIN MING ZHOU 22,,,,2615E,2615W,,,2026/06/14,06:58,2026/06/14,07:45,2026/06/14,15:46
"HMM CO., LTD.",hmm,Tokyo,13,,YM MASCULINITY,,,,106E,106E,,,2026/06/09,17:43,2026/06/09,18:23,2026/06/10,10:55
"HMM CO., LTD.",hmm,Tokyo,13,,ONE MAESTRO,,,,,086E,,,2026/06/11,06:38,2026/06/11,07:15,2026/06/11,23:57
"HMM CO., LTD.",hmm,Tokyo,13,,SEABREEZE,,,,2155N,2156S,,,2026/06/12,07:09,2026/06/12,07:59,2026/06/12,17:44
"HMM CO., LTD.",hmm,Tokyo,13,,STAR VOYAGER,,,,2623E,2623W,,,2026/06/15,06:24,2026/06/15,07:10,2026/06/16,01:09
"HMM CO., LTD.",hmm,Tokyo,13,,ASL HAIPHONG,,,,2605E,2605W,,,2026/06/16,06:48,2026/06/16,07:26,2026/06/17,01:53
"HMM CO., LTD.",hmm,Tokyo,13,,GLORY ZHENDONG,,,,2623E,2623W,,,2026/06/17,11:30,2026/06/17,12:30,2026/06/18,04:00
"HMM CO., LTD.",hmm,Tokyo,13,,JI PENG,,,,6924E,6924W,,,2026/06/18,,2026/06/18,,2026/06/18,
"HMM CO., LTD.",hmm,Tokyo,13,,TS PENANG,,,,2623E,2623W,,,2026/06/19,,2026/06/19,,2026/06/20,
"HMM CO., LTD.",hmm,Tokyo,13,,STAR VOYAGER,,,,2624E,2624W,,,2026/06/20,,2026/06/20,,2026/06/21,
"HMM CO., LTD.",hmm,Tokyo,13,,PANCON SUCCESS,,,,2620E,2620W,,,2026/06/20,20:00,2026/06/21,08:00,2026/06/21,16:00
"HMM CO., LTD.",hmm,Tokyo,13,,AKITA TRADER,,,,2622E,2622W,,,2026/06/15,06:56,2026/06/15,07:37,2026/06/15,16:16
"HMM CO., LTD.",hmm,Tokyo,13,,PEGASUS TERA,,,,2612E,2612W,,,2026/06/16,16:16,2026/06/16,16:55,2026/06/17,01:29
"HMM CO., LTD.",hmm,Tokyo,13,,CHARLOTTE SCHULTE,,,,612E,612E,,,2026/06/17,12:00,2026/06/17,13:00,2026/06/18,05:00
"HMM CO., LTD.",hmm,Tokyo,13,,POS YOKOHAMA,,,,1589E,1589W,,,2026/06/18,,2026/06/18,,2026/06/19,
"HMM CO., LTD.",hmm,Tokyo,13,,YM PLUM,,,,194W,194W,,,2026/06/19,07:00,2026/06/19,08:00,2026/06/20,06:00
"HMM CO., LTD.",hmm,Tokyo,13,,MILD TUNE,,,,2622N,2625S,,,2026/06/20,05:00,2026/06/20,,2026/06/20,
"HMM CO., LTD.",hmm,Tokyo,13,,XIN MING ZHOU 18,,,,2616E,2616W,,,2026/06/21,07:00,2026/06/21,08:00,2026/06/21,17:00
"HMM CO., LTD.",hmm,Tokyo,13,,LOS ANDES BRIDGE,,,,0237N,0238S,,,2026/06/15,20:24,2026/06/15,21:11,2026/06/16,04:42
"HMM CO., LTD.",hmm,Tokyo,13,,SITC MACAO,,,,2611N,2612S,,,2026/06/16,18:08,2026/06/16,18:44,2026/06/17,18:00
"HMM CO., LTD.",hmm,Tokyo,13,,ONE MATRIX,,,,184W,185E,,,2026/06/18,07:00,2026/06/18,08:00,2026/06/19,09:00
"HMM CO., LTD.",hmm,Tokyo,13,,MARTI STAR II,,,,2615E,2615W,,,2026/06/20,07:00,2026/06/20,08:00,2026/06/20,17:00
"HMM CO., LTD.",hmm,Tokyo,13,,RUBY TOWER,,,,004W,004W,,,2026/06/21,07:00,2026/06/21,08:00,2026/06/22,02:00
"HMM CO., LTD.",hmm,Tokyo,13,,OCEAN DIGNITY,,,,2615E,2615W,,,2026/06/18,15:00,2026/06/18,16:00,2026/06/19,06:00
"HMM CO., LTD.",hmm,Tokyo,13,,HYUNDAI FORWARD,,,,169W,169W,,,2026/06/21,16:00,2026/06/21,18:00,2026/06/22,16:30
"HMM CO., LTD.",hmm,Tokyo,13,,MITRA BHUM,,,,2614E,2614W,,,2026/06/21,22:30,2026/06/22,08:00,2026/06/22,17:00
"HMM CO., LTD.",hmm,Tokyo,13,,ONE MISSION,,,,087W,,,,2026/06/23,11:00,2026/06/23,12:00,2026/06/25,01:00
"HMM CO., LTD.",hmm,Tokyo,13,,JI PENG,,,,6925E,6925W,,,2026/06/24,,2026/06/24,,2026/06/24,
"HMM CO., LTD.",hmm,Tokyo,13,,GLORY ZHENDONG,,,,2625E,2625W,,,2026/06/25,,2026/06/25,,2026/06/25,
"HMM CO., LTD.",hmm,Tokyo,13,,TS PENANG,,,,2624E,2624W,,,2026/06/27,,2026/06/27,,2026/06/28,
"HMM CO., LTD.",hmm,Tokyo,13,,BRIGHTON,,,,026E,026E,,,2026/06/28,07:00,2026/06/28,08:00,2026/06/28,22:00
"HMM CO., LTD.",hmm,Tokyo,13,,HEUNG-A XIAMEN,,,,2625S,2625N,,,,,,,,
"HMM CO., LTD.",hmm,Tokyo,13,,PANCON SUCCESS,,,,2621E,2621W,,,2026/06/24,,2026/06/24,,2026/06/24,
"HMM CO., LTD.",hmm,Tokyo,13,,XIN MING ZHOU 26,,,,2616E,2616W,,,2026/06/25,,2026/06/25,,2026/06/25,
"HMM CO., LTD.",hmm,Tokyo,13,,STAR VOYAGER,,,,2625E,2625W,,,2026/06/27,,2026/06/27,,2026/06/28,
"HMM CO., LTD.",hmm,Tokyo,13,,ONE HONOLULU,,,,230W,230W,,,2026/06/28,07:00,2026/06/28,08:00,2026/06/29,02:00
"HMM CO., LTD.",hmm,Tokyo,13,,AKITA TRADER,,,,2623E,2623W,,,2026/06/22,,2026/06/22,,2026/06/22,
"HMM CO., LTD.",hmm,Tokyo,13,,ASL HAIPHONG,,,,2606E,2606W,,,2026/06/24,,2026/06/24,,2026/06/24,
"HMM CO., LTD.",hmm,Tokyo,13,,PEGASUS PETA,,,,2614E,2614W,,,2026/06/25,,2026/06/25,,2026/06/25,
"HMM CO., LTD.",hmm,Tokyo,13,,CONSCIENCE,,,,2623N,2626S,,,2026/06/28,,2026/06/28,,2026/06/28,
"HMM CO., LTD.",hmm,Tokyo,13,,HEUNG-A AKITA,,,,2622S,2622N,,,2026/06/22,,2026/06/22,,2026/06/23,
"HMM CO., LTD.",hmm,Tokyo,13,,SITC JIANGSU,,,,2615N,2616S,,,2026/06/24,,2026/06/24,,2026/06/24,
"HMM CO., LTD.",hmm,Tokyo,13,,CARL SCHULTE,,,,014W,014W,,,2026/06/25,07:00,2026/06/25,08:00,2026/06/26,12:00
"HMM CO., LTD.",hmm,Tokyo,13,,YM MUTUALITY,,,,113E,113E,,,2026/06/22,17:00,2026/06/22,18:00,2026/06/23,16:00
"HMM CO., LTD.",hmm,Tokyo,13,,POS YOKOHAMA,,,,1590E,1590W,,,2026/06/24,,2026/06/24,,2026/06/25,
"HMM CO., LTD.",hmm,Tokyo,13,,ONE REASSURANCE,,,,255E,255E,,,2026/06/25,07:00,2026/06/25,08:00,2026/06/26,09:00
"HMM CO., LTD.",hmm,Tokyo,13,,GLORY GUANDONG,,,,2624E,2624W,,,2026/06/22,,2026/06/22,,2026/06/22,
"HMM CO., LTD.",hmm,Tokyo,13,,ONE DANIELLA,,,,0007N,0008S,,,2026/06/25,17:00,2026/06/25,18:00,2026/06/26,07:00
"HMM CO., LTD.",hmm,Tokyo,13,,AKITA TRADER,,,,2624E,2624W,,,2026/06/29,,2026/06/29,,2026/06/29,
"HMM CO., LTD.",hmm,Tokyo,13,,SUNRISE DRAGON,,,,2615N,2616S,,,,,,,,
"HMM CO., LTD.",hmm,Tokyo,13,,CONSERO,,,,2624N,2627S,,,2026/07/01,,2026/07/01,,2026/07/01,
"HMM CO., LTD.",hmm,Tokyo,13,,XIN MING ZHOU 22,,,,2617E,2617W,,,2026/07/02,,2026/07/02,,2026/07/02,
"HMM CO., LTD.",hmm,Tokyo,13,,STAR VOYAGER,,,,2626E,2626W,,,2026/07/03,,2026/07/03,,2026/07/04,
"HMM CO., LTD.",hmm,Tokyo,13,,SITC KEELUNG,,,,2615N,2616S,,,2026/07/04,,2026/07/04,,2026/07/05,
"HMM CO., LTD.",hmm,Tokyo,13,,TS PENANG,,,,2625E,2625W,,,2026/07/05,,2026/07/05,,2026/07/06,
"HMM CO., LTD.",hmm,Tokyo,13,,HEUNG-A XIAMEN,,,,2626S,2626N,,,,,,,,
"HMM CO., LTD.",hmm,Tokyo,13,,POS YOKOHAMA,,,,1591E,1591W,,,2026/06/30,,2026/06/30,,2026/07/01,
"HMM CO., LTD.",hmm,Tokyo,13,,MITRA BHUM,,,,2615E,2615W,,,2026/07/01,,2026/07/01,,2026/07/01,
"HMM CO., LTD.",hmm,Tokyo,13,,ONE MISSION,,,,,088E,,,2026/07/02,07:00,2026/07/02,08:00,2026/07/03,09:00
"HMM CO., LTD.",hmm,Tokyo,13,,HYUNDAI JUPITER,,,,049W,049W,,,2026/07/04,17:00,2026/07/04,18:00,2026/07/05,12:00
"HMM CO., LTD.",hmm,Tokyo,13,,YM PLUM,,,,195E,195E,,,2026/07/05,07:00,2026/07/05,08:00,2026/07/05,22:00
"HMM CO., LTD.",hmm,Tokyo,13,,HEUNG-A AKITA,,,,2623S,2623N,,,2026/06/29,,2026/06/29,,2026/06/29,
"HMM CO., LTD.",hmm,Tokyo,13,,HMM VANCOUVER,,,,305W,305W,,,2026/06/30,19:30,2026/06/30,20:30,2026/07/01,13:30
"HMM CO., LTD.",hmm,Tokyo,13,,PANCON SUCCESS,,,,2622E,2622W,,,2026/07/01,,2026/07/01,,2026/07/01,
"HMM CO., LTD.",hmm,Tokyo,13,,YM MANDATE,,,,603W,603W,,,2026/07/02,07:00,2026/07/02,08:00,2026/07/03,06:00
"HMM CO., LTD.",hmm,Tokyo,13,,MARTI STAR II,,,,2616E,2616W,,,2026/06/29,,2026/06/29,,2026/06/29,
"HMM CO., LTD.",hmm,Tokyo,13,,ONE ALTAIR,,,,073E,074W,,,2026/07/01,07:00,2026/07/01,08:00,2026/07/02,05:00
"HMM CO., LTD.",hmm,Tokyo,13,,GLORY GUANDONG,,,,2626E,2626W,,,2026/06/29,,2026/06/29,,2026/06/30,
"HMM CO., LTD.",hmm,Tokyo,13,,ONE MODERN,,,,080W,,,,2026/07/01,11:00,2026/07/01,12:00,2026/07/03,01:00
"HMM CO., LTD.",hmm,Tokyo,13,,ACX CRYSTAL,,,,0328N,0329S,,,2026/06/29,17:00,2026/06/29,18:00,2026/06/30,07:00
"HMM CO., LTD.",hmm,Sakata,17,,STAR RANGER,,,,2607E,2607W,,,2026/06/13,13:52,2026/06/13,14:30,2026/06/14,16:00
"HMM CO., LTD.",hmm,Hamada,18,,OSAKA VOYAGER,,,,2625E,2625W,,,2026/06/06,09:32,2026/06/06,10:10,2026/06/06,16:00
"HMM CO., LTD.",hmm,Akita,19,,ATLANTIC SOUTH,,,,2620E,2620W,,,2026/05/31,11:35,2026/06/01,08:00,2026/06/01,12:00
"HMM CO., LTD.",hmm,Akita,19,,HEUNG-A HAIPHONG,,,,2620E,2620W,,,2026/06/11,06:45,2026/06/11,07:30,2026/06/11,14:35
"HMM CO., LTD.",hmm,Akita,19,,JIA DE,,,,26022E,26022W,,,2026/06/14,09:00,2026/06/15,07:00,2026/06/15,11:50
"HMM CO., LTD.",hmm,Akita,19,,HEUNG-A HAIPHONG,,,,2623E,2623W,,,2026/06/22,,2026/06/22,,2026/06/22,
"HMM CO., LTD.",hmm,Akita,19,,JIA DE,,,,26023E,26023W,,,2026/06/24,,2026/06/24,,2026/06/24,
"HMM CO., LTD.",hmm,Akita,19,,HEUNG-A HAIPHONG,,,,2624E,2624W,,,2026/06/30,,2026/07/01,,2026/07/01,
"HMM CO., LTD.",hmm,Akita,19,,JIA DE,,,,26025E,26025W,,,2026/07/01,,2026/07/01,,2026/07/01,
"HMM CO., LTD.",hmm,Hitachinaka,21,,HEUNG-A AKITA,,,,2620E,2620W,,,2026/05/31,21:24,2026/06/01,07:42,2026/06/01,15:18
"HMM CO., LTD.",hmm,Hitachinaka,21,,HEUNG-A AKITA,,,,2621E,2621W,,,,,,,,
"HMM CO., LTD.",hmm,Hitachinaka,21,,HEUNG-A XIAMEN,,,,2625E,2625W,,,2026/06/29,,2026/06/29,,2026/06/29,
"HMM CO., LTD.",hmm,Niigata,24,,ATLANTIC SOUTH,,,,2620E,2620W,,,2026/06/02,04:52,2026/06/02,05:40,2026/06/02,17:20
"HMM CO., LTD.",hmm,Niigata,24,,OSAKA VOYAGER,,,,2625E,2625W,,,2026/06/03,05:51,2026/06/03,07:00,2026/06/03,17:10
"HMM CO., LTD.",hmm,Niigata,24,,SKY JADE,,,,2610E,2610W,,,2026/06/15,06:03,2026/06/15,06:50,2026/06/16,17:35
"HMM CO., LTD.",hmm,Niigata,24,,PANCON SUNSHINE,,,,2610E,2610W,,,2026/06/17,06:24,2026/06/17,07:10,2026/06/18,04:00
"HMM CO., LTD.",hmm,Niigata,24,,JIA DE,,,,26022E,26022W,,,2026/06/17,13:15,2026/06/17,14:15,2026/06/18,03:00
"HMM CO., LTD.",hmm,Niigata,24,,JIA DE,,,,26023E,26023W,,,2026/06/25,,2026/06/25,,2026/06/25,
"HMM CO., LTD.",hmm,Niigata,24,,SKY JADE,,,,2611E,2611W,,,2026/06/27,,2026/06/28,,2026/06/28,
"HMM CO., LTD.",hmm,Niigata,24,,PANCON SUNSHINE,,,,2611E,2611W,,,2026/07/01,,2026/07/01,,2026/07/02,
"HMM CO., LTD.",hmm,Niigata,24,,JIA DE,,,,26025E,26025W,,,2026/07/02,,2026/07/02,,2026/07/02,
"HMM CO., LTD.",hmm,Fushikitoyama,25,,OSAKA VOYAGER,,,,2625E,2625W,,,2026/06/04,07:49,2026/06/04,08:30,2026/06/04,13:50
"HMM CO., LTD.",hmm,Fushikitoyama,25,,JIA DE,,,,26022E,26022W,,,2026/06/16,11:44,2026/06/16,12:30,2026/06/16,20:15
"HMM CO., LTD.",hmm,Fushikitoyama,25,,JIA DE,,,,26023E,26023W,,,2026/06/23,,2026/06/23,,2026/06/23,
"HMM CO., LTD.",hmm,Fushikitoyama,25,,JIA DE,,,,26025E,26025W,,,2026/06/30,,2026/06/30,,2026/06/30,
"HMM CO., LTD.",hmm,Kanazawa,26,,PANCON SUNSHINE,,,,2609E,2609W,,,2026/06/01,06:51,2026/06/01,07:30,2026/06/01,16:30
"HMM CO., LTD.",hmm,Kanazawa,26,,PACIFIC NINGBO,,,,2621E,2621W,,,2026/06/03,08:37,2026/06/03,09:30,2026/06/03,16:55
"HMM CO., LTD.",hmm,Kanazawa,26,,OSAKA VOYAGER,,,,2625E,2625W,,,2026/06/05,07:35,2026/06/05,08:20,2026/06/05,13:15
"HMM CO., LTD.",hmm,Kanazawa,26,,PACIFIC NINGBO,,,,2625E,2625W,,,2026/06/25,,2026/06/25,,2026/06/25,
"HMM CO., LTD.",hmm,Tsuruga,27,,PACIFIC NINGBO,,,,2621E,2621W,,,2026/05/31,15:30,2026/06/01,07:40,2026/06/01,16:40
"HMM CO., LTD.",hmm,Tsuruga,27,,PACIFIC NINGBO,,,,2624E,2624W,,,2026/06/16,16:24,2026/06/16,17:00,2026/06/17,08:30
"HMM CO., LTD.",hmm,Tsuruga,27,,PACIFIC NINGBO,,,,2625E,2625W,,,2026/06/24,,2026/06/24,,2026/06/24,
"HMM CO., LTD.",hmm,Maizuru,28,,PACIFIC NINGBO,,,,2621E,2621W,,,2026/06/02,07:07,2026/06/02,08:00,2026/06/02,14:50
"HMM CO., LTD.",hmm,Maizuru,28,,PACIFIC NINGBO,,,,2623E,2623W,,,2026/06/11,06:57,2026/06/11,08:00,2026/06/11,15:10
"HMM CO., LTD.",hmm,Maizuru,28,,PACIFIC NINGBO,,,,2624E,2624W,,,2026/06/19,,2026/06/19,,2026/06/19,
"HMM CO., LTD.",hmm,Maizuru,28,,PACIFIC NINGBO,,,,2625E,2625W,,,2026/06/26,,2026/06/26,,2026/06/26,
"HMM CO., LTD.",hmm,Sakaiminato,29,,PACIFIC NINGBO,,,,2621E,2621W,,,2026/06/04,08:43,2026/06/04,09:20,2026/06/04,12:30
"HMM CO., LTD.",hmm,Sakaiminato,29,,PACIFIC NINGBO,,,,2624E,2624W,,,2026/06/20,,2026/06/20,,2026/06/20,
"HMM CO., LTD.",hmm,Sakaiminato,29,,PACIFIC NINGBO,,,,2625E,2625W,,,2026/06/27,,2026/06/27,,2026/06/27,
"HMM CO., LTD.",hmm,Shimizu,30,,PANCON SUCCESS,,,,2619E,2619W,,,,,,,,
"HMM CO., LTD.",hmm,Shimizu,30,,PACANDA,,,,2614E,2614W,,,2026/06/05,06:00,2026/06/05,06:35,2026/06/05,19:25
"HMM CO., LTD.",hmm,Shimizu,30,,DONGJIN FORTUNE,,,,0186S,0186N,,,2026/06/06,13:11,2026/06/06,13:36,2026/06/06,17:00
"HMM CO., LTD.",hmm,Shimizu,30,,ONE OLYMPUS,,,,080W,080W,,,,,,,,
"HMM CO., LTD.",hmm,Shimizu,30,,PEGASUS PETA,,,,2612E,2612W,,,2026/06/05,19:56,2026/06/05,20:18,2026/06/06,06:55
"HMM CO., LTD.",hmm,Shimizu,30,,ONE DANIELLA,,,,0006N,0007S,,,2026/06/02,00:25,2026/06/02,01:10,2026/06/02,11:40
"HMM CO., LTD.",hmm,Shimizu,30,,SEABREEZE,,,,2155N,2156S,,,2026/06/10,16:45,2026/06/10,17:29,2026/06/11,14:11
"HMM CO., LTD.",hmm,Shimizu,30,,MARTI STAR II,,,,2614E,2614W,,,2026/06/11,05:54,2026/06/11,06:24,2026/06/11,20:22
"HMM CO., LTD.",hmm,Shimizu,30,,DONGJIN FORTUNE,,,,0187S,0187N,,,,,,,,
"HMM CO., LTD.",hmm,Shimizu,30,,LOS ANDES BRIDGE,,,,0237N,0238S,,,2026/06/14,20:55,2026/06/14,22:18,2026/06/15,09:54
"HMM CO., LTD.",hmm,Shimizu,30,,PEGASUS TERA,,,,2612E,2612W,,,2026/06/17,10:40,2026/06/17,11:40,2026/06/18,02:00
"HMM CO., LTD.",hmm,Shimizu,30,,PEGASUS PETA,,,,2613E,2613W,,,,,,,,
"HMM CO., LTD.",hmm,Shimizu,30,,PANCON SUCCESS,,,,2620E,2620W,,,2026/06/19,18:00,2026/06/20,00:01,2026/06/20,12:00
"HMM CO., LTD.",hmm,Shimizu,30,,ASL HAIPHONG,,,,2605E,2605W,,,2026/06/17,22:00,2026/06/17,23:00,2026/06/18,17:30
"HMM CO., LTD.",hmm,Shimizu,30,,DONGJIN FORTUNE,,,,0188S,0188N,,,2026/06/22,,2026/06/22,,2026/06/22,
"HMM CO., LTD.",hmm,Shimizu,30,,PANCON SUCCESS,,,,2621E,2621W,,,2026/06/23,,2026/06/23,,2026/06/23,
"HMM CO., LTD.",hmm,Shimizu,30,,ONE DANIELLA,,,,0007N,0008S,,,2026/06/24,22:00,2026/06/24,23:00,2026/06/25,08:00
"HMM CO., LTD.",hmm,Shimizu,30,,PEGASUS PETA,,,,2614E,2614W,,,2026/06/25,,2026/06/25,,2026/06/26,
"HMM CO., LTD.",hmm,Shimizu,30,,ACX CRYSTAL,,,,0328N,0329S,,,2026/06/28,22:00,2026/06/28,23:00,2026/06/29,08:00
"HMM CO., LTD.",hmm,Shimizu,30,,PANCON SUCCESS,,,,2622E,2622W,,,2026/06/30,,2026/06/30,,2026/06/30,
"HMM CO., LTD.",hmm,Shimizu,30,,PEGASUS TERA,,,,2613E,2613W,,,2026/07/01,,2026/07/01,,2026/07/01,
"HMM CO., LTD.",hmm,Shimizu,30,,ASL HAIPHONG,,,,2607E,2607W,,,2026/07/05,,2026/07/05,,2026/07/05,
"HMM CO., LTD.",hmm,Shimizu,30,,LOS ANDES BRIDGE,,,,0238N,0239S,,,2026/07/05,22:00,2026/07/05,23:00,2026/07/06,08:00
"HMM CO., LTD.",hmm,Naoetsu,33,,SUNNY CLOVER,,,,2610E,2610W,,,2026/06/07,06:09,2026/06/07,06:54,2026/06/07,16:50
"HMM CO., LTD.",hmm,Naoetsu,33,,ATLANTIC SOUTH,,,,2622E,2622W,,,2026/06/07,15:10,2026/06/08,06:36,2026/06/08,18:36
"HMM CO., LTD.",hmm,Naoetsu,33,,ATLANTIC SOUTH,,,,2623E,2623W,,,2026/06/16,05:47,2026/06/16,06:48,2026/06/16,16:54
"HMM CO., LTD.",hmm,Naoetsu,33,,ATLANTIC SOUTH,,,,2624E,2624W,,,2026/06/23,,2026/06/23,,2026/06/23,
"HMM CO., LTD.",hmm,Naoetsu,33,,SKY FLOWER,,,,2611E,2611W,,,2026/06/26,,2026/06/26,,2026/06/26,
"HMM CO., LTD.",hmm,Naoetsu,33,,ATLANTIC SOUTH,,,,2626E,2626W,,,2026/07/01,,2026/07/02,,2026/07/02,
"HMM CO., LTD.",hmm,Naoetsu,33,,SUNNY CLOVER,,,,2612E,2612W,,,2026/07/04,,2026/07/04,,2026/07/04,
"HMM CO., LTD.",hmm,Nagoya,35,,PACANDA,,,,2614E,2614W,,,2026/05/31,22:06,2026/06/01,07:45,2026/06/01,17:10
"HMM CO., LTD.",hmm,Nagoya,35,,HEUNG-A XIAMEN,,,,2622S,2622N,,,2026/06/01,17:36,2026/06/02,08:00,2026/06/02,17:15
"HMM CO., LTD.",hmm,Nagoya,35,,JJ TOKYO,,,,2621E,2621W,,,2026/06/04,12:00,2026/06/04,13:20,2026/06/05,06:10
"HMM CO., LTD.",hmm,Nagoya,35,,POS YOKOHAMA,,,,1587E,1587W,,,2026/06/04,14:54,2026/06/05,07:30,2026/06/05,17:25
"HMM CO., LTD.",hmm,Nagoya,35,,AKITA TRADER,,,,2620E,2620W,,,2026/06/05,21:36,2026/06/06,13:30,2026/06/07,00:30
"HMM CO., LTD.",hmm,Nagoya,35,,SITC KEELUNG,,,,2613N,2614S,,,2026/06/07,06:25,2026/06/07,07:40,2026/06/07,17:30
"HMM CO., LTD.",hmm,Nagoya,35,,STAR VOYAGER,,,,2621E,2621W,,,2026/06/01,02:20,2026/06/01,03:50,2026/06/01,09:55
"HMM CO., LTD.",hmm,Nagoya,35,,PANCON SUCCESS,,,,2618E,2618W,,,2026/06/01,22:40,2026/06/02,07:55,2026/06/02,12:05
"HMM CO., LTD.",hmm,Nagoya,35,,XIN MING ZHOU 26,,,,2614E,2614W,,,2026/06/05,06:45,2026/06/05,08:00,2026/06/05,14:45
"HMM CO., LTD.",hmm,Nagoya,35,,MARTI STAR II,,,,2614E,2614W,,,,,,,,
"HMM CO., LTD.",hmm,Nagoya,35,,CHARLOTTE SCHULTE,,,,611W,611W,,,2026/06/01,09:10,2026/06/01,10:30,2026/06/01,19:45
"HMM CO., LTD.",hmm,Nagoya,35,,ASL HAIPHONG,,,,2604E,2604W,,,2026/06/02,12:15,2026/06/02,16:30,2026/06/03,19:25
"HMM CO., LTD.",hmm,Nagoya,35,,MARTIN SCHULTE,,,,621N,623S,,,2026/06/06,06:20,2026/06/06,07:35,2026/06/06,15:00
"HMM CO., LTD.",hmm,Nagoya,35,,NAVIOS CYAN,,,,,001E,,,2026/06/01,11:25,2026/06/01,12:35,2026/06/02,08:50
"HMM CO., LTD.",hmm,Nagoya,35,,MILD SYMPHONY,,,,2622N,2623S,,,2026/06/06,10:50,2026/06/06,12:10,2026/06/07,03:00
"HMM CO., LTD.",hmm,Nagoya,35,,PROGRESS,,,,2601E,2601W,,,2026/06/06,14:10,2026/06/06,15:35,2026/06/07,00:50
"HMM CO., LTD.",hmm,Nagoya,35,,ONE OLYMPUS,,,,080W,080W,,,2026/06/06,19:10,2026/06/06,20:40,2026/06/08,03:35
"HMM CO., LTD.",hmm,Nagoya,35,,YM MASCULINITY,,,,106E,106E,,,2026/06/07,11:12,2026/06/08,07:50,2026/06/08,17:20
"HMM CO., LTD.",hmm,Nagoya,35,,SEABREEZE,,,,2155N,2156S,,,2026/06/09,06:20,2026/06/09,07:30,2026/06/09,15:50
"HMM CO., LTD.",hmm,Nagoya,35,,PANCON SUCCESS,,,,2619E,2619W,,,2026/06/09,22:10,2026/06/10,00:10,2026/06/10,12:35
"HMM CO., LTD.",hmm,Nagoya,35,,MILD CONCERTO,,,,2621N,2624S,,,2026/06/11,15:50,2026/06/11,17:00,2026/06/12,15:05
"HMM CO., LTD.",hmm,Nagoya,35,,AN DA,,,,2623E,2623W,,,2026/06/12,07:10,2026/06/12,16:00,2026/06/13,14:20
"HMM CO., LTD.",hmm,Nagoya,35,,JJ TOKYO,,,,2623E,2623W,,,,,,,,
"HMM CO., LTD.",hmm,Nagoya,35,,STAR VOYAGER,,,,2623E,2623W,,,,,,,,
"HMM CO., LTD.",hmm,Nagoya,35,,ONE HANNOVER,,,,100E,,,,,,,,,
"HMM CO., LTD.",hmm,Nagoya,35,,NYK OCEANUS,,,,081E,,,,2026/06/10,06:10,2026/06/10,07:40,2026/06/10,22:20
"HMM CO., LTD.",hmm,Nagoya,35,,ONE REASSURANCE,,,,254W,254W,,,2026/06/11,20:30,2026/06/11,22:35,2026/06/12,10:50
"HMM CO., LTD.",hmm,Nagoya,35,,XIN MING ZHOU 22,,,,2615E,2615W,,,2026/06/12,18:00,2026/06/12,19:20,2026/06/13,02:55
"HMM CO., LTD.",hmm,Nagoya,35,,AKITA TRADER,,,,2621E,2621W,,,,,,,,
"HMM CO., LTD.",hmm,Nagoya,35,,HEUNG-A XIAMEN,,,,2623S,2623N,,,2026/06/14,08:00,2026/06/14,09:00,2026/06/14,16:20
"HMM CO., LTD.",hmm,Nagoya,35,,STAR VOYAGER,,,,2622E,2622W,,,2026/06/08,07:15,2026/06/08,08:45,2026/06/08,16:25
"HMM CO., LTD.",hmm,Nagoya,35,,XIN MING ZHOU 18,,,,2615E,2615W,,,2026/06/10,19:40,2026/06/10,21:15,2026/06/11,10:50
"HMM CO., LTD.",hmm,Nagoya,35,,NUUK MAERSK,,,,622N,624S,,,2026/06/13,06:25,2026/06/13,07:40,2026/06/13,13:55
"HMM CO., LTD.",hmm,Nagoya,35,,ASL HAIPHONG,,,,2605E,2605W,,,2026/06/14,13:45,2026/06/14,14:50,2026/06/15,03:25
"HMM CO., LTD.",hmm,Nagoya,35,,YM MUTUALITY,,,,112W,112W,,,2026/06/08,10:50,2026/06/08,12:15,2026/06/08,23:20
"HMM CO., LTD.",hmm,Nagoya,35,,POS YOKOHAMA,,,,1588E,1588W,,,2026/06/13,09:00,2026/06/13,11:40,2026/06/13,22:40
"HMM CO., LTD.",hmm,Nagoya,35,,JJ TOKYO,,,,2622E,2622W,,,2026/06/14,14:50,2026/06/14,17:20,2026/06/15,05:30
"HMM CO., LTD.",hmm,Nagoya,35,,ONE MAESTRO,,,,,086E,,,2026/06/08,19:00,2026/06/08,20:15,2026/06/10,04:25
"HMM CO., LTD.",hmm,Nagoya,35,,LOS ANDES BRIDGE,,,,0237N,0238S,,,2026/06/13,16:50,2026/06/13,18:05,2026/06/14,05:55
"HMM CO., LTD.",hmm,Nagoya,35,,ONE MATRIX,,,,184W,185E,,,2026/06/15,18:05,2026/06/15,19:30,2026/06/16,10:00
"HMM CO., LTD.",hmm,Nagoya,35,,CHARLOTTE SCHULTE,,,,612E,612E,,,2026/06/16,10:55,2026/06/16,12:25,2026/06/16,21:00
"HMM CO., LTD.",hmm,Nagoya,35,,OCEAN DIGNITY,,,,2615E,2615W,,,2026/06/17,16:30,2026/06/17,17:30,2026/06/18,05:00
"HMM CO., LTD.",hmm,Nagoya,35,,AN DA,,,,2624E,2624W,,,,,,,,
"HMM CO., LTD.",hmm,Nagoya,35,,POS YOKOHAMA,,,,1589E,1589W,,,2026/06/19,,2026/06/19,,2026/06/20,
"HMM CO., LTD.",hmm,Nagoya,35,,MITRA BHUM,,,,2614E,2614W,,,2026/06/20,07:00,2026/06/20,08:00,2026/06/20,16:00
"HMM CO., LTD.",hmm,Nagoya,35,,YM MUTUALITY,,,,113E,113E,,,2026/06/21,07:00,2026/06/21,08:00,2026/06/21,23:00
"HMM CO., LTD.",hmm,Nagoya,35,,AKITA TRADER,,,,2622E,2622W,,,2026/06/16,17:20,2026/06/16,18:25,2026/06/17,12:30
"HMM CO., LTD.",hmm,Nagoya,35,,MILD CHORUS,,,,2622N,2625S,,,2026/06/18,07:00,2026/06/18,08:00,2026/06/19,06:00
"HMM CO., LTD.",hmm,Nagoya,35,,MARTI STAR II,,,,2615E,2615W,,,2026/06/19,08:30,2026/06/19,09:30,2026/06/19,17:00
"HMM CO., LTD.",hmm,Nagoya,35,,MAERSK NAMSOS,,,,623N,625S,,,2026/06/20,07:30,2026/06/20,08:30,2026/06/20,17:00
"HMM CO., LTD.",hmm,Nagoya,35,,JJ TOKYO,,,,2624E,2624W,,,2026/06/21,,2026/06/21,,2026/06/21,
"HMM CO., LTD.",hmm,Nagoya,35,,PANCON SUCCESS,,,,2620E,2620W,,,2026/06/18,17:30,2026/06/18,18:30,2026/06/19,09:30
"HMM CO., LTD.",hmm,Nagoya,35,,XIN MING ZHOU 18,,,,2616E,2616W,,,2026/06/20,08:00,2026/06/20,09:00,2026/06/20,17:00
"HMM CO., LTD.",hmm,Nagoya,35,,HEUNG-A AKITA,,,,2621S,2621N,,,2026/06/18,17:30,2026/06/18,18:30,2026/06/19,06:00
"HMM CO., LTD.",hmm,Nagoya,35,,STAR VOYAGER,,,,2624E,2624W,,,2026/06/22,,2026/06/22,,2026/06/22,
"HMM CO., LTD.",hmm,Nagoya,35,,HEUNG-A XIAMEN,,,,2625S,2625N,,,,,,,,
"HMM CO., LTD.",hmm,Nagoya,35,,HEUNG-A AKITA,,,,2622S,2622N,,,2026/06/24,,2026/06/24,,2026/06/24,
"HMM CO., LTD.",hmm,Nagoya,35,,MILD SYMPHONY,,,,2623N,2626S,,,2026/06/25,,2026/06/25,,2026/06/26,
"HMM CO., LTD.",hmm,Nagoya,35,,PEGASUS PETA,,,,2614E,2614W,,,2026/06/26,,2026/06/26,,2026/06/26,
"HMM CO., LTD.",hmm,Nagoya,35,,MAERSK NARVIK,,,,624N,626S,,,2026/06/27,07:00,2026/06/27,08:00,2026/06/27,17:00
"HMM CO., LTD.",hmm,Nagoya,35,,AN DA,,,,2625E,2625W,,,,,,,,
"HMM CO., LTD.",hmm,Nagoya,35,,ASL HAIPHONG,,,,2606E,2606W,,,2026/06/23,,2026/06/23,,2026/06/23,
"HMM CO., LTD.",hmm,Nagoya,35,,XIN MING ZHOU 26,,,,2616E,2616W,,,2026/06/24,,2026/06/24,,2026/06/24,
"HMM CO., LTD.",hmm,Nagoya,35,,PANCON SUCCESS,,,,2621E,2621W,,,2026/06/25,,2026/06/25,,2026/06/26,
"HMM CO., LTD.",hmm,Nagoya,35,,POS YOKOHAMA,,,,1590E,1590W,,,,,,,,
"HMM CO., LTD.",hmm,Nagoya,35,,CARL SCHULTE,,,,014W,014W,,,2026/06/27,07:30,2026/06/27,08:30,2026/06/27,17:00
"HMM CO., LTD.",hmm,Nagoya,35,,YM PLUM,,,,194W,194W,,,2026/06/22,17:00,2026/06/22,18:00,2026/06/23,09:00
"HMM CO., LTD.",hmm,Nagoya,35,,ONE DANIELLA,,,,0007N,0008S,,,2026/06/23,17:00,2026/06/23,18:00,2026/06/24,04:00
"HMM CO., LTD.",hmm,Nagoya,35,,HYUNDAI MARS,,,,054E,,,,2026/06/25,07:00,2026/06/25,08:00,2026/06/26,03:00
"HMM CO., LTD.",hmm,Nagoya,35,,BRIGHTON,,,,026E,026E,,,2026/06/26,18:00,2026/06/26,19:00,2026/06/27,12:00
"HMM CO., LTD.",hmm,Nagoya,35,,ACX CRYSTAL,,,,0328N,0329S,,,2026/06/27,17:00,2026/06/27,18:00,2026/06/28,04:00
"HMM CO., LTD.",hmm,Nagoya,35,,ONE REASSURANCE,,,,255E,255E,,,2026/06/22,18:00,2026/06/22,19:00,2026/06/24,04:00
"HMM CO., LTD.",hmm,Nagoya,35,,JJ TOKYO,,,,2625E,2625W,,,2026/06/27,,2026/06/27,,2026/06/28,
"HMM CO., LTD.",hmm,Nagoya,35,,AN DA,,,,2626E,2626W,,,,,,,,
"HMM CO., LTD.",hmm,Nagoya,35,,HEUNG-A XIAMEN,,,,2626S,2626N,,,,,,,,
"HMM CO., LTD.",hmm,Nagoya,35,,XIN MING ZHOU 22,,,,2617E,2617W,,,2026/07/01,,2026/07/01,,2026/07/01,
"HMM CO., LTD.",hmm,Nagoya,35,,POS YOKOHAMA,,,,1591E,1591W,,,2026/07/02,,2026/07/02,,2026/07/02,
"HMM CO., LTD.",hmm,Nagoya,35,,ONE ALTAIR,,,,073E,074W,,,2026/07/03,07:00,2026/07/03,08:00,2026/07/04,03:00
"HMM CO., LTD.",hmm,Nagoya,35,,ASL HAIPHONG,,,,2607E,2607W,,,2026/07/04,,2026/07/04,,2026/07/04,
"HMM CO., LTD.",hmm,Nagoya,35,,STAR VOYAGER,,,,2626E,2626W,,,2026/07/05,,2026/07/05,,2026/07/05,
"HMM CO., LTD.",hmm,Nagoya,35,,STAR VOYAGER,,,,2625E,2625W,,,2026/06/29,,2026/06/29,,2026/06/29,
"HMM CO., LTD.",hmm,Nagoya,35,,AKITA TRADER,,,,2624E,2624W,,,2026/06/30,,2026/06/30,,2026/06/30,
"HMM CO., LTD.",hmm,Nagoya,35,,MILD CONCERTO,,,,2624N,2627S,,,2026/07/02,,2026/07/02,,2026/07/03,
"HMM CO., LTD.",hmm,Nagoya,35,,YM PLUM,,,,195E,195E,,,2026/07/03,17:00,2026/07/03,18:00,2026/07/04,07:00
"HMM CO., LTD.",hmm,Nagoya,35,,JJ TOKYO,,,,2626E,2626W,,,2026/07/04,,2026/07/04,,2026/07/04,
"HMM CO., LTD.",hmm,Nagoya,35,,ONE MISSION,,,,087W,088E,,,2026/06/29,18:00,2026/06/29,19:00,2026/07/01,04:00
"HMM CO., LTD.",hmm,Nagoya,35,,HEUNG-A AKITA,,,,2623S,2623N,,,2026/06/30,,2026/06/30,,2026/06/30,
"HMM CO., LTD.",hmm,Nagoya,35,,PANCON SUCCESS,,,,2622E,2622W,,,2026/07/02,,2026/07/02,,2026/07/03,
"HMM CO., LTD.",hmm,Nagoya,35,,NORDAGER MAERSK,,,,625N,627S,,,2026/07/04,07:00,2026/07/04,08:00,2026/07/04,17:00
"HMM CO., LTD.",hmm,Nagoya,35,,LOS ANDES BRIDGE,,,,0238N,0239S,,,2026/07/04,17:00,2026/07/04,18:00,2026/07/05,04:00
"HMM CO., LTD.",hmm,Yokkaichi,36,,ONE DANIELLA,,,,0006N,0007S,,,2026/06/01,07:00,2026/06/01,07:50,2026/06/01,15:20
"HMM CO., LTD.",hmm,Yokkaichi,36,,SEABREEZE,,,,2155N,2156S,,,2026/06/09,17:05,2026/06/09,17:50,2026/06/10,04:55
"HMM CO., LTD.",hmm,Yokkaichi,36,,LOS ANDES BRIDGE,,,,0237N,0238S,,,2026/06/14,07:05,2026/06/14,08:00,2026/06/14,11:50
"HMM CO., LTD.",hmm,Yokkaichi,36,,ONE DANIELLA,,,,0007N,0008S,,,2026/06/24,07:30,2026/06/24,08:30,2026/06/24,12:30
"HMM CO., LTD.",hmm,Yokkaichi,36,,ACX CRYSTAL,,,,0328N,0329S,,,2026/06/28,07:30,2026/06/28,08:30,2026/06/28,12:30
"HMM CO., LTD.",hmm,Yokkaichi,36,,LOS ANDES BRIDGE,,,,0238N,0239S,,,2026/07/05,07:30,2026/07/05,08:30,2026/07/05,12:30
"HMM CO., LTD.",hmm,Osaka,40,,HONOR OCEAN,,,,1056E,1056W,,,2026/05/31,18:30,2026/06/01,07:13,2026/06/01,15:07
"HMM CO., LTD.",hmm,Osaka,40,,XIN MING ZHOU 22,,,,2614E,2614W,,,2026/06/02,07:42,2026/06/02,08:38,2026/06/02,13:37
"HMM CO., LTD.",hmm,Osaka,40,,XIN MING ZHOU 26,,,,2614E,2614W,,,2026/06/03,15:11,2026/06/03,16:04,2026/06/04,06:10
"HMM CO., LTD.",hmm,Osaka,40,,SITC SHANGHAI,,,,2611N,2612S,,,2026/06/04,07:25,2026/06/04,08:13,2026/06/04,17:40
"HMM CO., LTD.",hmm,Osaka,40,,HONOR OCEAN,,,,1057E,1057W,,,2026/06/05,06:23,2026/06/05,07:22,2026/06/05,14:25
"HMM CO., LTD.",hmm,Osaka,40,,JJ SUN,,,,2620N,2623S,,,2026/06/06,10:54,2026/06/06,11:39,2026/06/07,06:05
"HMM CO., LTD.",hmm,Osaka,40,,ONE DANIELLA,,,,0006N,0007S,,,2026/06/07,06:58,2026/06/07,07:47,2026/06/08,06:05
"HMM CO., LTD.",hmm,Osaka,40,,NEW MINGZHOU 68,,,,2607N,2608S,,,2026/06/03,18:14,2026/06/03,19:05,2026/06/04,12:00
"HMM CO., LTD.",hmm,Osaka,40,,HONOR VOYAGER,,,,2622E,2622W,,,2026/06/04,14:45,2026/06/04,15:36,2026/06/04,21:15
"HMM CO., LTD.",hmm,Osaka,40,,VICTORY HONOR,,,,2631E,2632W,,,2026/06/06,16:37,2026/06/06,17:20,2026/06/06,23:11
"HMM CO., LTD.",hmm,Osaka,40,,MARTIN SCHULTE,,,,621N,623S,,,2026/06/07,12:00,2026/06/07,12:35,2026/06/08,06:10
"HMM CO., LTD.",hmm,Osaka,40,,PACIFIC MONACO,,,,2621E,2621W,,,2026/06/03,19:22,2026/06/03,20:10,2026/06/04,01:30
"HMM CO., LTD.",hmm,Osaka,40,,XIN MING ZHOU 18,,,,2615E,2615W,,,2026/06/09,06:38,2026/06/09,07:29,2026/06/09,18:31
"HMM CO., LTD.",hmm,Osaka,40,,HONOR VOYAGER,,,,2623E,2623W,,,2026/06/10,15:56,2026/06/10,16:44,2026/06/10,22:10
"HMM CO., LTD.",hmm,Osaka,40,,NEW MINGZHOU 60,,,,2607N,2608S,,,2026/06/11,15:19,2026/06/11,16:09,2026/06/12,11:17
"HMM CO., LTD.",hmm,Osaka,40,,GLORY SHANGHAI,,,,2621N,2624S,,,2026/06/12,06:45,2026/06/12,07:42,2026/06/12,19:05
"HMM CO., LTD.",hmm,Osaka,40,,HONOR GLORY,,,,2620E,2620W,,,2026/06/13,06:05,2026/06/13,06:57,2026/06/13,14:59
"HMM CO., LTD.",hmm,Osaka,40,,SEABREEZE,,,,2155N,2156S,,,2026/06/14,07:15,2026/06/14,08:12,2026/06/14,16:43
"HMM CO., LTD.",hmm,Osaka,40,,XIN MING ZHOU 22,,,,2615E,2615W,,,2026/06/11,16:45,2026/06/11,17:30,2026/06/11,23:10
"HMM CO., LTD.",hmm,Osaka,40,,NUUK MAERSK,,,,622N,624S,,,2026/06/14,08:00,2026/06/14,08:46,2026/06/14,14:47
"HMM CO., LTD.",hmm,Osaka,40,,KOTA NAZAR,,,,2621N,2624S,,,2026/06/11,20:24,2026/06/11,23:31,2026/06/13,02:50
"HMM CO., LTD.",hmm,Osaka,40,,VICTORY HONOR,,,,2633E,2636W,,,2026/06/13,09:30,2026/06/15,11:20,2026/06/16,05:46
"HMM CO., LTD.",hmm,Osaka,40,,XIN MING ZHOU 26,,,,2615E,2615W,,,2026/06/16,16:01,2026/06/16,16:52,2026/06/17,01:10
"HMM CO., LTD.",hmm,Osaka,40,,HONOR VOYAGER,,,,2624E,2624W,,,2026/06/17,06:16,2026/06/17,07:00,2026/06/17,14:45
"HMM CO., LTD.",hmm,Osaka,40,,HONG AN,,,,2614N,2615S,,,2026/06/18,,2026/06/18,,2026/06/18,
"HMM CO., LTD.",hmm,Osaka,40,,XIN MING ZHOU 18,,,,2616E,2616W,,,2026/06/19,00:01,2026/06/19,08:00,2026/06/19,12:00
"HMM CO., LTD.",hmm,Osaka,40,,HARRIER,,,,2622N,2625S,,,2026/06/20,22:00,2026/06/20,,2026/06/21,
"HMM CO., LTD.",hmm,Osaka,40,,MAERSK NAMSOS,,,,623N,625S,,,2026/06/21,09:00,2026/06/21,10:00,2026/06/21,16:30
"HMM CO., LTD.",hmm,Osaka,40,,HONOR OCEAN,,,,1059E,1059W,,,2026/06/15,06:24,2026/06/15,07:21,2026/06/15,15:49
"HMM CO., LTD.",hmm,Osaka,40,,LOS ANDES BRIDGE,,,,0237N,0238S,,,2026/06/17,17:00,2026/06/17,18:00,2026/06/18,06:15
"HMM CO., LTD.",hmm,Osaka,40,,NEW MINGZHOU 66,,,,2608N,2609S,,,2026/06/18,,2026/06/18,,2026/06/18,
"HMM CO., LTD.",hmm,Osaka,40,,XIN MING ZHOU 22,,,,2616E,2616W,,,2026/06/21,10:00,2026/06/21,11:00,2026/06/21,19:00
"HMM CO., LTD.",hmm,Osaka,40,,SITC SHANDONG,,,,2611N,2612S,,,2026/06/17,19:30,2026/06/17,20:30,2026/06/18,15:30
"HMM CO., LTD.",hmm,Osaka,40,,VICTORY HONOR,,,,2637E,2637W,,,2026/06/22,,2026/06/23,,2026/06/23,
"HMM CO., LTD.",hmm,Osaka,40,,HONOR VOYAGER,,,,2625E,2625W,,,2026/06/24,,2026/06/24,,2026/06/24,
"HMM CO., LTD.",hmm,Osaka,40,,SITC KANTO,,,,2613N,2614S,,,2026/06/25,,2026/06/25,,2026/06/25,
"HMM CO., LTD.",hmm,Osaka,40,,ONE DANIELLA,,,,0007N,0008S,,,2026/06/27,19:00,2026/06/27,20:00,2026/06/28,06:00
"HMM CO., LTD.",hmm,Osaka,40,,MAERSK NARVIK,,,,624N,626S,,,2026/06/28,09:00,2026/06/28,10:00,2026/06/28,18:00
"HMM CO., LTD.",hmm,Osaka,40,,XIN MING ZHOU 26,,,,2616E,2616W,,,2026/06/23,,2026/06/23,,2026/06/23,
"HMM CO., LTD.",hmm,Osaka,40,,SITC FUJIAN,,,,2615N,2616S,,,,,,,,
"HMM CO., LTD.",hmm,Osaka,40,,JJ SUN,,,,2623N,2626S,,,2026/06/25,,2026/06/25,,2026/06/26,
"HMM CO., LTD.",hmm,Osaka,40,,NEW MINGZHOU 68,,,,2608N,2609S,,,2026/06/24,08:00,2026/06/24,09:00,2026/06/24,17:00
"HMM CO., LTD.",hmm,Osaka,40,,KOTA NAZAR,,,,2624N,2627S,,,2026/06/29,,2026/06/29,,2026/06/30,
"HMM CO., LTD.",hmm,Osaka,40,,XIN MING ZHOU 22,,,,2617E,2617W,,,2026/06/30,,2026/06/30,,2026/06/30,
"HMM CO., LTD.",hmm,Osaka,40,,HONOR VOYAGER,,,,2626E,2626W,,,2026/07/01,,2026/07/01,,2026/07/01,
"HMM CO., LTD.",hmm,Osaka,40,,SITC SHANGHAI,,,,2613N,2614S,,,2026/07/02,,2026/07/02,,2026/07/02,
"HMM CO., LTD.",hmm,Osaka,40,,NORDAGER MAERSK,,,,625N,627S,,,2026/07/05,09:00,2026/07/05,10:00,2026/07/05,18:00
"HMM CO., LTD.",hmm,Osaka,40,,NEW MINGZHOU 60,,,,2608N,2609S,,,2026/07/01,,2026/07/01,,2026/07/01,
"HMM CO., LTD.",hmm,Osaka,40,,GLORY SHANGHAI,,,,2624N,2627S,,,2026/07/02,,2026/07/02,,2026/07/03,
"HMM CO., LTD.",hmm,Osaka,40,,ACX CRYSTAL,,,,0328N,0329S,,,2026/07/01,19:00,2026/07/01,20:00,2026/07/02,06:00
"HMM CO., LTD.",hmm,Kobe,41,,HARRIER,,,,2619N,2622S,,,2026/05/31,18:54,2026/06/01,07:05,2026/06/01,16:33
"HMM CO., LTD.",hmm,Kobe,41,,RUN SHENG,,,,2622E,2622W,,,,,,,,
"HMM CO., LTD.",hmm,Kobe,41,,XIN MING ZHOU 22,,,,2614E,2614W,,,2026/06/02,15:55,2026/06/03,12:10,2026/06/03,15:40
"HMM CO., LTD.",hmm,Kobe,41,,HONOR VOYAGER,,,,2622E,2622W,,,2026/06/03,20:00,2026/06/04,07:13,2026/06/04,13:33
"HMM CO., LTD.",hmm,Kobe,41,,SITC SHANGHAI,,,,2611N,2612S,,,2026/06/05,06:40,2026/06/05,07:40,2026/06/05,17:49
"HMM CO., LTD.",hmm,Kobe,41,,ONE MAESTRO,,,,,086E,,,2026/06/05,16:18,2026/06/06,07:36,2026/06/07,16:05
"HMM CO., LTD.",hmm,Kobe,41,,JJ SUN,,,,2620N,2623S,,,2026/06/07,06:45,2026/06/07,07:25,2026/06/07,14:53
"HMM CO., LTD.",hmm,Kobe,41,,HONOR OCEAN,,,,1056E,1056W,,,2026/06/01,15:55,2026/06/01,17:31,2026/06/01,23:20
"HMM CO., LTD.",hmm,Kobe,41,,RUN SHENG,,,,2621E,2621W,,,2026/06/02,11:25,2026/06/02,12:16,2026/06/02,16:10
"HMM CO., LTD.",hmm,Kobe,41,,XIN MING ZHOU 26,,,,2614E,2614W,,,2026/06/04,06:45,2026/06/04,08:00,2026/06/04,12:56
"HMM CO., LTD.",hmm,Kobe,41,,HONOR OCEAN,,,,1057E,1057W,,,2026/06/05,15:05,2026/06/05,16:03,2026/06/05,23:11
"HMM CO., LTD.",hmm,Kobe,41,,ONE HANNOVER,,,,100E,,,,,,,,,
"HMM CO., LTD.",hmm,Kobe,41,,MARTIN SCHULTE,,,,621N,623S,,,2026/06/07,07:00,2026/06/07,07:53,2026/06/07,11:05
"HMM CO., LTD.",hmm,Kobe,41,,RUN LONG,,,,2622E,2622W,,,2026/06/01,18:10,2026/06/01,19:08,2026/06/02,01:30
"HMM CO., LTD.",hmm,Kobe,41,,CHARLOTTE SCHULTE,,,,611W,611W,,,2026/06/04,12:35,2026/06/04,13:34,2026/06/05,02:01
"HMM CO., LTD.",hmm,Kobe,41,,JI PENG,,,,6922E,6922W,,,2026/06/06,07:00,2026/06/06,07:51,2026/06/06,09:54
"HMM CO., LTD.",hmm,Kobe,41,,NEW MINGZHOU 68,,,,2607N,2608S,,,2026/06/04,12:40,2026/06/04,13:59,2026/06/04,20:03
"HMM CO., LTD.",hmm,Kobe,41,,VICTORY HONOR,,,,2631E,2632W,,,2026/06/06,09:25,2026/06/06,10:35,2026/06/06,15:50
"HMM CO., LTD.",hmm,Kobe,41,,NYK OCEANUS,,,,081E,,,,2026/06/06,17:20,2026/06/08,07:48,2026/06/09,06:08
"HMM CO., LTD.",hmm,Kobe,41,,XIN MING ZHOU 18,,,,2615E,2615W,,,2026/06/09,19:05,2026/06/09,20:07,2026/06/10,00:03
"HMM CO., LTD.",hmm,Kobe,41,,RUN LONG,,,,2623E,2623W,,,2026/06/10,01:35,2026/06/10,09:55,2026/06/10,18:44
"HMM CO., LTD.",hmm,Kobe,41,,KOTA NAZAR,,,,2621N,2624S,,,2026/06/11,08:15,2026/06/11,09:07,2026/06/11,19:25
"HMM CO., LTD.",hmm,Kobe,41,,NEW MINGZHOU 60,,,,2607N,2608S,,,2026/06/12,11:55,2026/06/12,12:44,2026/06/12,20:54
"HMM CO., LTD.",hmm,Kobe,41,,ONE MATRIX,,,,184W,185E,,,2026/06/12,08:35,2026/06/13,21:08,2026/06/14,14:59
"HMM CO., LTD.",hmm,Kobe,41,,JI PENG,,,,6923E,6923W,,,2026/06/13,00:12,2026/06/14,07:16,2026/06/14,10:20
"HMM CO., LTD.",hmm,Kobe,41,,ONE DANIELLA,,,,0006N,0007S,,,2026/06/08,06:50,2026/06/08,07:20,2026/06/08,11:55
"HMM CO., LTD.",hmm,Kobe,41,,YM MUTUALITY,,,,112W,112W,,,2026/06/10,06:30,2026/06/10,07:35,2026/06/10,17:58
"HMM CO., LTD.",hmm,Kobe,41,,XIN MING ZHOU 22,,,,2615E,2615W,,,2026/06/11,11:50,2026/06/11,13:35,2026/06/11,15:56
"HMM CO., LTD.",hmm,Kobe,41,,GLORY SHANGHAI,,,,2621N,2624S,,,2026/06/12,19:45,2026/06/12,20:23,2026/06/13,02:20
"HMM CO., LTD.",hmm,Kobe,41,,ONE REASSURANCE,,,,254W,254W,,,2026/06/13,06:35,2026/06/13,07:29,2026/06/14,00:14
"HMM CO., LTD.",hmm,Kobe,41,,NUUK MAERSK,,,,622N,624S,,,2026/06/14,15:25,2026/06/14,16:33,2026/06/14,22:00
"HMM CO., LTD.",hmm,Kobe,41,,ONE OLYMPUS,,,,080W,080W,,,2026/06/08,18:10,2026/06/08,19:12,2026/06/09,16:40
"HMM CO., LTD.",hmm,Kobe,41,,HONOR VOYAGER,,,,2623E,2623W,,,2026/06/10,08:40,2026/06/10,09:55,2026/06/10,15:19
"HMM CO., LTD.",hmm,Kobe,41,,SEABREEZE,,,,2155N,2156S,,,2026/06/14,17:30,2026/06/14,18:10,2026/06/15,01:28
"HMM CO., LTD.",hmm,Kobe,41,,VICTORY HONOR,,,,2633E,2636W,,,2026/06/16,06:15,2026/06/16,07:09,2026/06/16,15:27
"HMM CO., LTD.",hmm,Kobe,41,,HONOR VOYAGER,,,,2624E,2624W,,,2026/06/17,15:50,2026/06/17,16:50,2026/06/17,21:30
"HMM CO., LTD.",hmm,Kobe,41,,SITC SHANDONG,,,,2611N,2612S,,,2026/06/18,,2026/06/18,,2026/06/19,
"HMM CO., LTD.",hmm,Kobe,41,,LOS ANDES BRIDGE,,,,0237N,0238S,,,2026/06/18,07:00,2026/06/19,08:00,2026/06/20,09:00
"HMM CO., LTD.",hmm,Kobe,41,,JI PENG,,,,6924E,6924W,,,2026/06/20,,2026/06/20,,2026/06/20,
"HMM CO., LTD.",hmm,Kobe,41,,HARRIER,,,,2622N,2625S,,,2026/06/21,,2026/06/21,,2026/06/21,
"HMM CO., LTD.",hmm,Kobe,41,,XIN MING ZHOU 26,,,,2615E,2615W,,,2026/06/16,06:20,2026/06/16,07:28,2026/06/16,15:07
"HMM CO., LTD.",hmm,Kobe,41,,HONG AN,,,,2614N,2615S,,,2026/06/18,,2026/06/18,,2026/06/19,
"HMM CO., LTD.",hmm,Kobe,41,,HONOR OCEAN,,,,1060E,1060W,,,2026/06/19,,2026/06/19,,2026/06/19,
"HMM CO., LTD.",hmm,Kobe,41,,ONE REASSURANCE,,,,255E,255E,,,2026/06/20,07:00,2026/06/20,08:00,2026/06/21,16:00
"HMM CO., LTD.",hmm,Kobe,41,,YM PLUM,,,,194W,194W,,,2026/06/21,07:00,2026/06/21,08:00,2026/06/21,23:00
"HMM CO., LTD.",hmm,Kobe,41,,RUN SHENG,,,,2624E,2624W,,,2026/06/16,17:45,2026/06/16,18:35,2026/06/17,12:00
"HMM CO., LTD.",hmm,Kobe,41,,NEW MINGZHOU 66,,,,2608N,2609S,,,2026/06/18,07:10,2026/06/18,08:10,2026/06/18,12:00
"HMM CO., LTD.",hmm,Kobe,41,,XIN MING ZHOU 18,,,,2616E,2616W,,,2026/06/19,13:00,2026/06/19,14:00,2026/06/19,17:00
"HMM CO., LTD.",hmm,Kobe,41,,MAERSK NAMSOS,,,,623N,625S,,,2026/06/21,17:30,2026/06/21,18:30,2026/06/22,01:00
"HMM CO., LTD.",hmm,Kobe,41,,XIN MING ZHOU 22,,,,2616E,2616W,,,2026/06/21,20:00,2026/06/21,21:00,2026/06/22,
"HMM CO., LTD.",hmm,Kobe,41,,HONOR GLORY,,,,2622E,2622W,,,2026/06/22,,2026/06/22,,2026/06/22,
"HMM CO., LTD.",hmm,Kobe,41,,XIN MING ZHOU 26,,,,2616E,2616W,,,2026/06/23,,2026/06/23,,2026/06/23,
"HMM CO., LTD.",hmm,Kobe,41,,HONOR VOYAGER,,,,2625E,2625W,,,2026/06/24,,2026/06/24,,2026/06/24,
"HMM CO., LTD.",hmm,Kobe,41,,SITC FUJIAN,,,,2615N,2616S,,,,,,,,
"HMM CO., LTD.",hmm,Kobe,41,,JI PENG,,,,6925E,6925W,,,2026/06/26,,2026/06/26,,2026/06/26,
"HMM CO., LTD.",hmm,Kobe,41,,ONE MISSION,,,,087W,088E,,,2026/06/27,07:00,2026/06/27,08:00,2026/06/28,16:00
"HMM CO., LTD.",hmm,Kobe,41,,CARL SCHULTE,,,,014W,014W,,,2026/06/28,11:00,2026/06/28,12:00,2026/06/29,09:00
"HMM CO., LTD.",hmm,Kobe,41,,VICTORY HONOR,,,,2637E,2637W,,,2026/06/23,,2026/06/23,,2026/06/24,
"HMM CO., LTD.",hmm,Kobe,41,,HYUNDAI FORWARD,,,,169W,169W,,,2026/06/24,11:00,2026/06/24,12:00,2026/06/25,01:00
"HMM CO., LTD.",hmm,Kobe,41,,SITC KANTO,,,,2613N,2614S,,,2026/06/25,,2026/06/25,,2026/06/26,
"HMM CO., LTD.",hmm,Kobe,41,,JJ SUN,,,,2623N,2626S,,,2026/06/26,,2026/06/26,,2026/06/26,
"HMM CO., LTD.",hmm,Kobe,41,,MAERSK NARVIK,,,,624N,626S,,,2026/06/28,21:00,2026/06/28,22:00,2026/06/29,04:00
"HMM CO., LTD.",hmm,Kobe,41,,HYUNDAI MARS,,,,054E,,,,2026/06/23,16:00,2026/06/23,17:00,2026/06/24,11:00
"HMM CO., LTD.",hmm,Kobe,41,,NEW MINGZHOU 68,,,,2608N,2609S,,,2026/06/24,18:00,2026/06/24,19:00,2026/06/25,09:00
"HMM CO., LTD.",hmm,Kobe,41,,HONOR OCEAN,,,,1062E,1062W,,,2026/06/29,,2026/06/29,,2026/06/29,
"HMM CO., LTD.",hmm,Kobe,41,,KOTA NAZAR,,,,2624N,2627S,,,2026/06/30,,2026/06/30,,2026/06/30,
"HMM CO., LTD.",hmm,Kobe,41,,HONOR VOYAGER,,,,2626E,2626W,,,2026/07/01,,2026/07/01,,2026/07/01,
"HMM CO., LTD.",hmm,Kobe,41,,SITC SHANGHAI,,,,2613N,2614S,,,2026/07/02,,2026/07/02,,2026/07/03,
"HMM CO., LTD.",hmm,Kobe,41,,HMM VANCOUVER,,,,305W,305W,,,2026/07/02,22:30,2026/07/03,02:30,2026/07/03,15:30
"HMM CO., LTD.",hmm,Kobe,41,,YM MANDATE,,,,603W,603W,,,2026/07/04,07:00,2026/07/04,08:00,2026/07/05,21:00
"HMM CO., LTD.",hmm,Kobe,41,,ONE ALTAIR,,,,073E,074W,,,2026/07/05,07:00,2026/07/05,08:00,2026/07/06,02:00
"HMM CO., LTD.",hmm,Kobe,41,,ONE DANIELLA,,,,0007N,0008S,,,,,,,,
"HMM CO., LTD.",hmm,Kobe,41,,RUN SHENG,,,,2626E,2626W,,,2026/06/30,,2026/06/30,,2026/06/30,
"HMM CO., LTD.",hmm,Kobe,41,,NEW MINGZHOU 60,,,,2608N,2609S,,,2026/07/01,,2026/07/01,,2026/07/01,
"HMM CO., LTD.",hmm,Kobe,41,,GLORY SHANGHAI,,,,2624N,2627S,,,2026/07/03,,2026/07/03,,2026/07/03,
"HMM CO., LTD.",hmm,Kobe,41,,ONE MODERN,,,,080W,081E,,,2026/07/04,07:00,2026/07/04,08:00,2026/07/05,16:00
"HMM CO., LTD.",hmm,Kobe,41,,NORDAGER MAERSK,,,,625N,627S,,,2026/07/05,21:00,2026/07/05,22:00,2026/07/06,04:00
"HMM CO., LTD.",hmm,Kobe,41,,XIN MING ZHOU 22,,,,2617E,2617W,,,2026/06/30,,2026/06/30,,2026/06/30,
"HMM CO., LTD.",hmm,Kobe,41,,ACX CRYSTAL,,,,0328N,0329S,,,2026/07/03,12:00,2026/07/03,13:00,2026/07/04,03:00
"HMM CO., LTD.",hmm,Mizushima,50,,INTEGRATIVE EARTH,,,,0141E,0141W,,,2026/06/05,06:49,2026/06/05,07:36,2026/06/05,15:00
"HMM CO., LTD.",hmm,Mizushima,50,,MOJI EXPRESS,,,,2634E,2634W,,,2026/06/05,23:48,2026/06/06,06:00,2026/06/06,10:06
"HMM CO., LTD.",hmm,Mizushima,50,,HONOR VOYAGER,,,,2622E,2622W,,,2026/06/05,12:44,2026/06/05,13:24,2026/06/05,17:55
"HMM CO., LTD.",hmm,Mizushima,50,,HONOR VOYAGER,,,,2623E,2623W,,,2026/06/11,12:30,2026/06/11,13:24,2026/06/11,18:39
"HMM CO., LTD.",hmm,Mizushima,50,,HONOR VOYAGER,,,,2624E,2624W,,,2026/06/18,14:30,2026/06/18,15:30,2026/06/18,19:00
"HMM CO., LTD.",hmm,Mizushima,50,,MOJI EXPRESS,,,,2637E,2637W,,,2026/06/20,,2026/06/20,,2026/06/21,
"HMM CO., LTD.",hmm,Mizushima,50,,HONOR VOYAGER,,,,2625E,2625W,,,2026/06/25,,2026/06/25,,2026/06/25,
"HMM CO., LTD.",hmm,Mizushima,50,,HANSUNG WEIHAI,,,,2634E,2634W,,,2026/06/27,,2026/06/27,,2026/06/27,
"HMM CO., LTD.",hmm,Mizushima,50,,HONOR VOYAGER,,,,2626E,2626W,,,2026/07/02,,2026/07/02,,2026/07/02,
"HMM CO., LTD.",hmm,Hiroshima,51,,MOJI EXPRESS,,,,2633E,2633W,,,2026/06/01,11:54,2026/06/01,12:30,2026/06/01,16:24
"HMM CO., LTD.",hmm,Hiroshima,51,,HONOR VOYAGER,,,,2622E,2622W,,,2026/06/02,12:59,2026/06/02,13:30,2026/06/02,17:00
"HMM CO., LTD.",hmm,Hiroshima,51,,MAGNA,,,,4661E,4661W,,,2026/06/02,22:48,2026/06/03,09:36,2026/06/03,17:25
"HMM CO., LTD.",hmm,Hiroshima,51,,INTEGRATIVE EARTH,,,,0141E,0141W,,,2026/06/06,07:15,2026/06/06,08:00,2026/06/06,14:00
"HMM CO., LTD.",hmm,Hiroshima,51,,PACIFIC TIANJIN,,,,2627E,2627W,,,2026/06/07,07:30,2026/06/07,16:00,2026/06/07,18:10
"HMM CO., LTD.",hmm,Hiroshima,51,,MAGNA,,,,4662E,4662W,,,2026/06/09,08:12,2026/06/09,09:06,2026/06/09,15:35
"HMM CO., LTD.",hmm,Hiroshima,51,,MAGNA,,,,4663E,4663W,,,2026/06/11,22:24,2026/06/12,08:06,2026/06/12,19:25
"HMM CO., LTD.",hmm,Hiroshima,51,,NEW MINGZHOU 60,,,,2607N,2608S,,,2026/06/13,10:12,2026/06/13,11:18,2026/06/13,16:20
"HMM CO., LTD.",hmm,Hiroshima,51,,HONOR VOYAGER,,,,2623E,2623W,,,2026/06/09,13:00,2026/06/09,15:00,2026/06/09,19:20
"HMM CO., LTD.",hmm,Hiroshima,51,,MAGNA,,,,4664E,4664W,,,,,,,,
"HMM CO., LTD.",hmm,Hiroshima,51,,MOJI EXPRESS,,,,2636E,2636W,,,2026/06/15,12:00,2026/06/15,12:30,2026/06/15,17:15
"HMM CO., LTD.",hmm,Hiroshima,51,,MAGNA,,,,4665E,4665W,,,2026/06/16,04:48,2026/06/16,10:00,2026/06/16,19:08
"HMM CO., LTD.",hmm,Hiroshima,51,,MAGNA,,,,4666E,4666W,,,2026/06/19,,2026/06/19,,2026/06/19,
"HMM CO., LTD.",hmm,Hiroshima,51,,HONOR VOYAGER,,,,2624E,2624W,,,2026/06/16,06:45,2026/06/16,07:36,2026/06/16,10:35
"HMM CO., LTD.",hmm,Hiroshima,51,,PACIFIC TIANJIN,,,,2628E,2628W,,,2026/06/19,,2026/06/19,,2026/06/19,
"HMM CO., LTD.",hmm,Hiroshima,51,,NEW MINGZHOU 66,,,,2608N,2609S,,,2026/06/19,01:00,2026/06/19,08:00,2026/06/19,12:00
"HMM CO., LTD.",hmm,Hiroshima,51,,PACIFIC TIANJIN,,,,2629E,2629W,,,,,,,,
"HMM CO., LTD.",hmm,Hiroshima,51,,HANSUNG WEIHAI,,,,2633E,2633W,,,2026/06/23,,2026/06/23,,2026/06/23,
"HMM CO., LTD.",hmm,Hiroshima,51,,NEW MINGZHOU 68,,,,2608N,2609S,,,2026/06/25,22:00,2026/06/26,08:00,2026/06/26,12:00
"HMM CO., LTD.",hmm,Hiroshima,51,,MAGNA,,,,4667E,4667W,,,2026/06/23,,2026/06/23,,2026/06/23,
"HMM CO., LTD.",hmm,Hiroshima,51,,MAGNA,,,,4668E,4668W,,,2026/06/26,,2026/06/26,,2026/06/26,
"HMM CO., LTD.",hmm,Hiroshima,51,,HONOR VOYAGER,,,,2625E,2625W,,,2026/06/23,,2026/06/23,,2026/06/23,
"HMM CO., LTD.",hmm,Hiroshima,51,,PACIFIC TIANJIN,,,,2630E,2630W,,,2026/06/26,,2026/06/26,,2026/06/26,
"HMM CO., LTD.",hmm,Hiroshima,51,,MAGNA,,,,4669E,4669W,,,2026/06/30,,2026/06/30,,2026/06/30,
"HMM CO., LTD.",hmm,Hiroshima,51,,HONOR VOYAGER,,,,2626E,2626W,,,2026/06/30,,2026/06/30,,2026/06/30,
"HMM CO., LTD.",hmm,Iyomishima,60,,PACIFIC TIANJIN,,,,2627E,2627W,,,2026/06/03,12:00,2026/06/04,07:20,2026/06/04,14:30
"HMM CO., LTD.",hmm,Iyomishima,60,,HAKATA VOYAGER,,,,2621E,2621W,,,2026/06/05,06:50,2026/06/05,07:15,2026/06/05,10:20
"HMM CO., LTD.",hmm,Iyomishima,60,,MOJI EXPRESS,,,,2634E,2634W,,,2026/06/06,13:52,2026/06/06,14:20,2026/06/06,17:10
"HMM CO., LTD.",hmm,Iyomishima,60,,PACIFIC TIANJIN,,,,2628E,2628W,,,2026/06/15,12:42,2026/06/15,13:15,2026/06/15,16:40
"HMM CO., LTD.",hmm,Iyomishima,60,,HAKATA VOYAGER,,,,2622E,2622W,,,2026/06/15,16:45,2026/06/16,07:30,2026/06/16,16:30
"HMM CO., LTD.",hmm,Iyomishima,60,,PACIFIC TIANJIN,,,,2629E,2629W,,,,,,,,
"HMM CO., LTD.",hmm,Iyomishima,60,,MOJI EXPRESS,,,,2637E,2637W,,,2026/06/21,,2026/06/21,,2026/06/21,
"HMM CO., LTD.",hmm,Iyomishima,60,,HAKATA VOYAGER,,,,2623E,2623W,,,2026/06/21,,2026/06/21,,2026/06/22,
"HMM CO., LTD.",hmm,Iyomishima,60,,PACIFIC TIANJIN,,,,2630E,2630W,,,2026/06/23,,2026/06/23,,2026/06/23,
"HMM CO., LTD.",hmm,Iyomishima,60,,HANSUNG WEIHAI,,,,2634E,2634W,,,2026/06/27,,2026/06/27,,2026/06/27,
"HMM CO., LTD.",hmm,Iyomishima,60,,HAKATA VOYAGER,,,,2625E,2625W,,,2026/07/04,,2026/07/04,,2026/07/04,
"HMM CO., LTD.",hmm,Matsuyama,61,,ITX EHIME,,,,108N,109S,,,2026/06/01,08:32,2026/06/01,09:30,2026/06/01,11:30
"HMM CO., LTD.",hmm,Matsuyama,61,,ITX HIGO,,,,263N,264S,,,2026/06/03,10:39,2026/06/03,11:35,2026/06/03,14:10
"HMM CO., LTD.",hmm,Matsuyama,61,,MOJI EXPRESS,,,,2634E,2634W,,,2026/06/05,12:23,2026/06/05,13:00,2026/06/05,15:40
"HMM CO., LTD.",hmm,Matsuyama,61,,ITX EHIME,,,,109N,110S,,,,,,,,
"HMM CO., LTD.",hmm,Matsuyama,61,,ITX HIGO,,,,264N,265S,,,2026/06/18,18:00,2026/06/19,09:00,2026/06/19,12:00
"HMM CO., LTD.",hmm,Matsuyama,61,,MOJI EXPRESS,,,,2637E,2637W,,,2026/06/20,,2026/06/20,,2026/06/20,
"HMM CO., LTD.",hmm,Matsuyama,61,,HANSUNG WEIHAI,,,,2634E,2634W,,,2026/06/26,,2026/06/26,,2026/06/26,
"HMM CO., LTD.",hmm,Matsuyama,61,,ITX EHIME,,,,110N,111S,,,2026/06/26,12:00,2026/06/26,13:00,2026/06/26,18:00
"HMM CO., LTD.",hmm,Tokuyama,62,,MOJI EXPRESS,,,,2633E,2633W,,,2026/06/02,02:20,2026/06/02,11:15,2026/06/02,16:15
"HMM CO., LTD.",hmm,Tokuyama,62,,MAGNA,,,,4661E,4661W,,,2026/06/04,01:45,2026/06/04,10:00,2026/06/04,15:40
"HMM CO., LTD.",hmm,Tokuyama,62,,MAGNA,,,,4662E,4662W,,,2026/06/08,18:04,2026/06/08,19:10,2026/06/09,01:35
"HMM CO., LTD.",hmm,Tokuyama,62,,MAGNA,,,,4665E,4665W,,,2026/06/15,13:47,2026/06/15,14:30,2026/06/15,21:00
"HMM CO., LTD.",hmm,Tokuyama,62,,MOJI EXPRESS,,,,2636E,2636W,,,2026/06/16,12:09,2026/06/16,13:05,2026/06/16,19:00
"HMM CO., LTD.",hmm,Tokuyama,62,,MAGNA,,,,4667E,4667W,,,2026/06/22,,2026/06/22,,2026/06/22,
"HMM CO., LTD.",hmm,Tokuyama,62,,HANSUNG WEIHAI,,,,2633E,2633W,,,2026/06/23,,2026/06/23,,2026/06/23,
"HMM CO., LTD.",hmm,Tokuyama,62,,MAGNA,,,,4669E,4669W,,,2026/06/29,,2026/06/29,,2026/06/29,
"HMM CO., LTD.",hmm,Imabari,63,,MOJI EXPRESS,,,,2634E,2634W,,,2026/06/05,17:39,2026/06/05,18:00,2026/06/05,20:20
"HMM CO., LTD.",hmm,Imabari,63,,MOJI EXPRESS,,,,2637E,2637W,,,2026/06/18,17:00,2026/06/19,07:00,2026/06/19,11:00
"HMM CO., LTD.",hmm,Imabari,63,,HANSUNG WEIHAI,,,,2634E,2634W,,,2026/06/26,,2026/06/26,,2026/06/26,
"HMM CO., LTD.",hmm,Takamatsu,64,,HONOR VOYAGER,,,,2622E,2622W,,,2026/06/05,07:16,2026/06/05,07:45,2026/06/05,11:00
"HMM CO., LTD.",hmm,Takamatsu,64,,HONOR VOYAGER,,,,2623E,2623W,,,2026/06/11,07:17,2026/06/11,07:50,2026/06/11,10:35
"HMM CO., LTD.",hmm,Takamatsu,64,,HONOR VOYAGER,,,,2624E,2624W,,,2026/06/18,,2026/06/18,,2026/06/18,
"HMM CO., LTD.",hmm,Takamatsu,64,,HONOR VOYAGER,,,,2625E,2625W,,,2026/06/25,,2026/06/25,,2026/06/25,
"HMM CO., LTD.",hmm,Takamatsu,64,,HONOR VOYAGER,,,,2626E,2626W,,,2026/07/02,,2026/07/02,,2026/07/02,
"HMM CO., LTD.",hmm,Tokushima,65,,PACIFIC TIANJIN,,,,2627E,2627W,,,2026/06/05,07:34,2026/06/05,08:20,2026/06/05,16:50
"HMM CO., LTD.",hmm,Tokushima,65,,PACIFIC TIANJIN,,,,2628E,2628W,,,2026/06/16,07:15,2026/06/17,08:20,2026/06/17,13:00
"HMM CO., LTD.",hmm,Tokushima,65,,PACIFIC TIANJIN,,,,2629E,2629W,,,,,,,,
"HMM CO., LTD.",hmm,Tokushima,65,,PACIFIC TIANJIN,,,,2630E,2630W,,,2026/06/24,,2026/06/24,,2026/06/24,
"HMM CO., LTD.",hmm,Mitajirinakanoseki,66,,MAGNA,,,,4662E,4662W,,,2026/06/08,13:55,2026/06/08,14:45,2026/06/08,16:40
"HMM CO., LTD.",hmm,Mitajirinakanoseki,66,,MAGNA,,,,4664E,4664W,,,,,,,,
"HMM CO., LTD.",hmm,Mitajirinakanoseki,66,,MAGNA,,,,4666E,4666W,,,2026/06/20,,2026/06/20,,2026/06/20,
"HMM CO., LTD.",hmm,Mitajirinakanoseki,66,,MAGNA,,,,4668E,4668W,,,2026/06/25,,2026/06/25,,2026/06/25,
"HMM CO., LTD.",hmm,Fukuyama,67,,INTEGRATIVE EARTH,,,,0141E,0141W,,,2026/06/05,16:08,2026/06/05,16:40,2026/06/05,22:10
"HMM CO., LTD.",hmm,Fukuyama,67,,REGAINING EARTH,,,,0134E,0134W,,,2026/06/18,,2026/06/18,,2026/06/18,
"HMM CO., LTD.",hmm,Fukuyama,67,,INTEGRATIVE EARTH,,,,0143E,0143W,,,2026/06/22,,2026/06/22,,2026/06/22,
"HMM CO., LTD.",hmm,Iwakuni,69,,MOJI EXPRESS,,,,2633E,2633W,,,2026/06/01,17:28,2026/06/01,17:50,2026/06/01,21:35
"HMM CO., LTD.",hmm,Iwakuni,69,,PACIFIC TIANJIN,,,,2627E,2627W,,,2026/06/08,07:33,2026/06/08,07:55,2026/06/08,13:00
"HMM CO., LTD.",hmm,Iwakuni,69,,HANSUNG WEIHAI,,,,2630E,2630W,,,2026/06/09,18:25,2026/06/09,18:50,2026/06/09,22:20
"HMM CO., LTD.",hmm,Iwakuni,69,,MOJI EXPRESS,,,,2636E,2636W,,,2026/06/15,18:15,2026/06/15,18:40,2026/06/16,06:30
"HMM CO., LTD.",hmm,Iwakuni,69,,PACIFIC TIANJIN,,,,2628E,2628W,,,2026/06/19,,2026/06/19,,2026/06/19,
"HMM CO., LTD.",hmm,Iwakuni,69,,PACIFIC TIANJIN,,,,2629E,2629W,,,,,,,,
"HMM CO., LTD.",hmm,Iwakuni,69,,HANSUNG WEIHAI,,,,2633E,2633W,,,2026/06/23,,2026/06/23,,2026/06/23,
"HMM CO., LTD.",hmm,Iwakuni,69,,PACIFIC TIANJIN,,,,2630E,2630W,,,2026/06/26,,2026/06/26,,2026/06/26,
"HMM CO., LTD.",hmm,Moji,70,,XIU HONG,,,,2621E,2621W,,,2026/05/31,00:18,2026/06/01,08:28,2026/06/01,18:50
"HMM CO., LTD.",hmm,Moji,70,,NORDAGER MAERSK,,,,620N,622S,,,2026/06/01,20:03,2026/06/02,13:45,2026/06/02,19:02
"HMM CO., LTD.",hmm,Moji,70,,XIN MING ZHOU 22,,,,2614E,2614W,,,2026/06/04,08:41,2026/06/04,09:25,2026/06/04,16:04
"HMM CO., LTD.",hmm,Moji,70,,MAGNA,,,,4661E,4661W,,,2026/05/31,18:30,2026/06/01,12:30,2026/06/02,12:17
"HMM CO., LTD.",hmm,Moji,70,,XIN MING ZHOU 18,,,,2615E,2615W,,,2026/06/07,15:21,2026/06/08,07:37,2026/06/08,12:25
"HMM CO., LTD.",hmm,Moji,70,,GLORY ZHENDONG,,,,2622N,2622S,,,2026/06/09,09:55,2026/06/09,11:45,2026/06/09,19:28
"HMM CO., LTD.",hmm,Moji,70,,MAGNA,,,,4663E,4663W,,,,,,,,
"HMM CO., LTD.",hmm,Moji,70,,XIU HONG,,,,2622E,2622W,,,2026/06/11,23:12,2026/06/12,06:50,2026/06/12,14:16
"HMM CO., LTD.",hmm,Moji,70,,MAGNA,,,,4662E,4662W,,,2026/06/07,17:24,2026/06/08,07:56,2026/06/08,11:13
"HMM CO., LTD.",hmm,Moji,70,,MARTIN SCHULTE,,,,621N,623S,,,2026/06/09,19:29,2026/06/09,20:05,2026/06/10,05:17
"HMM CO., LTD.",hmm,Moji,70,,XIN MING ZHOU 26,,,,2615E,2615W,,,2026/06/14,15:16,2026/06/15,07:48,2026/06/15,11:42
"HMM CO., LTD.",hmm,Moji,70,,NUUK MAERSK,,,,622N,624S,,,2026/06/16,07:00,2026/06/16,07:36,2026/06/16,17:57
"HMM CO., LTD.",hmm,Moji,70,,XIN MING ZHOU 22,,,,2616E,2616W,,,2026/06/20,14:00,2026/06/20,15:00,2026/06/20,17:30
"HMM CO., LTD.",hmm,Moji,70,,GLORY ZHENDONG,,,,2624N,2624S,,,,,,,,
"HMM CO., LTD.",hmm,Moji,70,,MAGNA,,,,4665E,4665W,,,2026/06/15,05:06,2026/06/15,06:53,2026/06/15,10:21
"HMM CO., LTD.",hmm,Moji,70,,XIU HONG,,,,2624E,2624W,,,2026/06/21,,2026/06/21,,2026/06/21,
"HMM CO., LTD.",hmm,Moji,70,,GLORY GUANDONG,,,,2623N,2623S,,,2026/06/15,05:36,2026/06/15,07:15,2026/06/15,15:35
"HMM CO., LTD.",hmm,Moji,70,,MAGNA,,,,4667E,4667W,,,2026/06/22,,2026/06/22,,2026/06/22,
"HMM CO., LTD.",hmm,Moji,70,,MAERSK NAMSOS,,,,623N,625S,,,2026/06/23,08:00,2026/06/23,09:00,2026/06/23,19:00
"HMM CO., LTD.",hmm,Moji,70,,XIU HONG,,,,2626E,2626W,,,,,,,,
"HMM CO., LTD.",hmm,Moji,70,,GLORY GUANDONG,,,,2625N,2625S,,,2026/06/28,,2026/06/28,,2026/06/28,
"HMM CO., LTD.",hmm,Moji,70,,MAGNA,,,,4669E,4669W,,,2026/06/29,,2026/06/29,,2026/06/29,
"HMM CO., LTD.",hmm,Moji,70,,GLORY ZHENDONG,,,,2626N,2626S,,,2026/06/30,,2026/06/30,,2026/06/30,
"HMM CO., LTD.",hmm,Moji,70,,XIU HONG,,,,2625E,2625W,,,2026/06/29,,2026/06/29,,2026/06/29,
"HMM CO., LTD.",hmm,Moji,70,,MAERSK NARVIK,,,,624N,626S,,,2026/06/30,07:00,2026/06/30,08:00,2026/07/01,04:00
"HMM CO., LTD.",hmm,Kochi,76,,PACIFIC TIANJIN,,,,2627E,2627W,,,2026/06/06,07:23,2026/06/06,08:00,2026/06/06,15:40
"HMM CO., LTD.",hmm,Kochi,76,,PACIFIC TIANJIN,,,,2628E,2628W,,,2026/06/18,,2026/06/18,,2026/06/18,
"HMM CO., LTD.",hmm,Kochi,76,,PACIFIC TIANJIN,,,,2629E,2629W,,,,,,,,
"HMM CO., LTD.",hmm,Kochi,76,,PACIFIC TIANJIN,,,,2630E,2630W,,,2026/06/25,,2026/06/25,,2026/06/25,
"HMM CO., LTD.",hmm,Hakata,77,,NEW CAMELLIA,,,,3652S,3652N,,,2026/06/01,05:22,2026/06/01,06:00,2026/06/01,12:11
"HMM CO., LTD.",hmm,Hakata,77,,NEW CAMELLIA,,,,3653S,3653N,,,2026/06/02,05:18,2026/06/02,06:00,2026/06/02,12:13
"HMM CO., LTD.",hmm,Hakata,77,,NEW CAMELLIA,,,,3654S,3654N,,,2026/06/03,05:20,2026/06/03,05:58,2026/06/03,12:07
"HMM CO., LTD.",hmm,Hakata,77,,NEW CAMELLIA,,,,3655S,3655N,,,2026/06/04,05:19,2026/06/04,05:58,2026/06/04,12:03
"HMM CO., LTD.",hmm,Hakata,77,,XIN MING ZHOU 22,,,,2614E,2614W,,,2026/06/04,22:10,2026/06/05,07:40,2026/06/05,16:14
"HMM CO., LTD.",hmm,Hakata,77,,NEW CAMELLIA,,,,3657S,3657N,,,2026/06/06,05:20,2026/06/06,06:00,2026/06/06,12:14
"HMM CO., LTD.",hmm,Hakata,77,,XIN MING ZHOU 18,,,,2615E,2615W,,,2026/06/07,06:58,2026/06/07,07:43,2026/06/07,10:43
"HMM CO., LTD.",hmm,Hakata,77,,NEW MINGZHOU 68,,,,2607N,2608S,,,2026/06/02,13:50,2026/06/02,14:26,2026/06/02,19:05
"HMM CO., LTD.",hmm,Hakata,77,,NEW CAMELLIA,,,,3656S,3656N,,,2026/06/05,05:19,2026/06/05,05:58,2026/06/05,12:19
"HMM CO., LTD.",hmm,Hakata,77,,NORDAGER MAERSK,,,,620N,622S,,,2026/06/06,11:39,2026/06/06,12:40,2026/06/06,21:04
"HMM CO., LTD.",hmm,Hakata,77,,GLORY ZHENDONG,,,,2622N,2622S,,,2026/06/07,14:30,2026/06/08,06:12,2026/06/08,20:48
"HMM CO., LTD.",hmm,Hakata,77,,NEW CAMELLIA,,,,3660S,3660N,,,2026/06/09,05:18,2026/06/09,05:59,2026/06/09,12:12
"HMM CO., LTD.",hmm,Hakata,77,,NEW CAMELLIA,,,,3661S,3661N,,,2026/06/10,05:19,2026/06/10,05:58,2026/06/10,12:08
"HMM CO., LTD.",hmm,Hakata,77,,XIU HONG,,,,2622E,2622W,,,2026/06/10,22:36,2026/06/11,11:24,2026/06/11,17:42
"HMM CO., LTD.",hmm,Hakata,77,,NEW CAMELLIA,,,,3663S,3663N,,,2026/06/12,05:45,2026/06/12,06:21,2026/06/12,12:09
"HMM CO., LTD.",hmm,Hakata,77,,MARTIN SCHULTE,,,,621N,623S,,,2026/06/12,23:40,2026/06/13,00:30,2026/06/13,07:43
"HMM CO., LTD.",hmm,Hakata,77,,XIN MING ZHOU 26,,,,2615E,2615W,,,2026/06/14,05:00,2026/06/14,05:46,2026/06/14,11:00
"HMM CO., LTD.",hmm,Hakata,77,,NEW CAMELLIA,,,,3659S,3659N,,,2026/06/08,05:19,2026/06/08,05:58,2026/06/08,12:08
"HMM CO., LTD.",hmm,Hakata,77,,NEW MINGZHOU 60,,,,2607N,2608S,,,2026/06/10,10:55,2026/06/10,11:38,2026/06/10,17:18
"HMM CO., LTD.",hmm,Hakata,77,,NEW CAMELLIA,,,,3662S,3662N,,,2026/06/11,05:19,2026/06/11,05:58,2026/06/11,12:08
"HMM CO., LTD.",hmm,Hakata,77,,NEW CAMELLIA,,,,3664S,3664N,,,2026/06/13,05:22,2026/06/13,06:00,2026/06/13,12:07
"HMM CO., LTD.",hmm,Hakata,77,,GLORY GUANDONG,,,,2623N,2623S,,,2026/06/13,06:48,2026/06/13,07:29,2026/06/14,14:11
"HMM CO., LTD.",hmm,Hakata,77,,NEW CAMELLIA,,,,3666S,3666N,,,2026/06/15,05:22,2026/06/15,06:00,2026/06/15,12:15
"HMM CO., LTD.",hmm,Hakata,77,,NEW CAMELLIA,,,,3667S,3667N,,,2026/06/16,05:23,2026/06/16,06:00,2026/06/16,12:10
"HMM CO., LTD.",hmm,Hakata,77,,NEW CAMELLIA,,,,3668S,3668N,,,2026/06/17,05:16,2026/06/17,05:58,2026/06/17,12:30
"HMM CO., LTD.",hmm,Hakata,77,,NEW CAMELLIA,,,,3669S,3669N,,,2026/06/18,05:00,2026/06/18,06:00,2026/06/18,12:30
"HMM CO., LTD.",hmm,Hakata,77,,NEW CAMELLIA,,,,3670S,3670N,,,2026/06/19,,2026/06/19,,2026/06/19,
"HMM CO., LTD.",hmm,Hakata,77,,NEW CAMELLIA,,,,3671S,3671N,,,2026/06/20,,2026/06/20,,2026/06/20,
"HMM CO., LTD.",hmm,Hakata,77,,NUUK MAERSK,,,,622N,624S,,,2026/06/21,16:00,2026/06/21,17:00,2026/06/22,01:00
"HMM CO., LTD.",hmm,Hakata,77,,NEW MINGZHOU 66,,,,2608N,2609S,,,2026/06/16,14:03,2026/06/16,14:46,2026/06/16,20:08
"HMM CO., LTD.",hmm,Hakata,77,,HAKATA VOYAGER,,,,2623E,2623W,,,2026/06/20,,2026/06/20,,2026/06/20,
"HMM CO., LTD.",hmm,Hakata,77,,GLORY ZHENDONG,,,,2624N,2624S,,,,,,,,
"HMM CO., LTD.",hmm,Hakata,77,,XIN MING ZHOU 22,,,,2616E,2616W,,,2026/06/20,04:00,2026/06/20,05:00,2026/06/20,10:00
"HMM CO., LTD.",hmm,Hakata,77,,XIU HONG,,,,2624E,2624W,,,2026/06/20,13:00,2026/06/20,14:00,2026/06/20,
"HMM CO., LTD.",hmm,Hakata,77,,NEW CAMELLIA,,,,3673S,3673N,,,2026/06/22,,2026/06/22,,2026/06/22,
"HMM CO., LTD.",hmm,Hakata,77,,NEW CAMELLIA,,,,3674S,3674N,,,2026/06/23,,2026/06/23,,2026/06/23,
"HMM CO., LTD.",hmm,Hakata,77,,NEW CAMELLIA,,,,3675S,3675N,,,2026/06/24,,2026/06/24,,2026/06/24,
"HMM CO., LTD.",hmm,Hakata,77,,XIU HONG,,,,2626E,2626W,,,,,,,,
"HMM CO., LTD.",hmm,Hakata,77,,NEW CAMELLIA,,,,3677S,3677N,,,2026/06/26,,2026/06/26,,2026/06/26,
"HMM CO., LTD.",hmm,Hakata,77,,NEW CAMELLIA,,,,3678S,3678N,,,2026/06/27,,2026/06/27,,2026/06/27,
"HMM CO., LTD.",hmm,Hakata,77,,NEW MINGZHOU 68,,,,2608N,2609S,,,2026/06/23,04:00,2026/06/23,05:00,2026/06/23,10:00
"HMM CO., LTD.",hmm,Hakata,77,,NEW CAMELLIA,,,,3676S,3676N,,,2026/06/25,,2026/06/25,,2026/06/25,
"HMM CO., LTD.",hmm,Hakata,77,,XIU HONG,,,,2625E,2625W,,,2026/06/26,,2026/06/26,,2026/06/27,
"HMM CO., LTD.",hmm,Hakata,77,,GLORY GUANDONG,,,,2625N,2625S,,,2026/06/27,,2026/06/27,,2026/06/28,
"HMM CO., LTD.",hmm,Hakata,77,,NEW CAMELLIA,,,,3680S,3680N,,,2026/06/29,,2026/06/29,,2026/06/29,
"HMM CO., LTD.",hmm,Hakata,77,,NEW CAMELLIA,,,,3681S,3681N,,,2026/06/30,,2026/06/30,,2026/06/30,
"HMM CO., LTD.",hmm,Hakata,77,,NEW CAMELLIA,,,,3682S,3682N,,,2026/07/01,,2026/07/01,,2026/07/01,
"HMM CO., LTD.",hmm,Hakata,77,,NEW CAMELLIA,,,,3683S,3683N,,,2026/07/02,,2026/07/02,,2026/07/02,
"HMM CO., LTD.",hmm,Hakata,77,,GLORY ZHENDONG,,,,2626N,2626S,,,2026/06/29,,2026/06/29,,2026/06/29,
"HMM CO., LTD.",hmm,Hakata,77,,NEW MINGZHOU 60,,,,2608N,2609S,,,2026/06/30,,2026/06/30,,2026/06/30,
"HMM CO., LTD.",hmm,Oita,78,,ITX EHIME,,,,108N,109S,,,2026/06/01,15:40,2026/06/01,16:06,2026/06/02,11:40
"HMM CO., LTD.",hmm,Oita,78,,ITX HIGO,,,,263N,264S,,,2026/06/03,19:12,2026/06/04,07:18,2026/06/04,11:30
"HMM CO., LTD.",hmm,Oita,78,,ITX EHIME,,,,109N,110S,,,,,,,,
"HMM CO., LTD.",hmm,Oita,78,,ITX HIGO,,,,264N,265S,,,2026/06/19,17:00,2026/06/20,09:00,2026/06/20,15:00
"HMM CO., LTD.",hmm,Oita,78,,HANSUNG WEIHAI,,,,2632E,2632W,,,2026/06/20,,2026/06/20,,2026/06/20,
"HMM CO., LTD.",hmm,Oita,78,,MOJI EXPRESS,,,,2638E,2638W,,,2026/06/24,,2026/06/24,,2026/06/24,
"HMM CO., LTD.",hmm,Oita,78,,ITX EHIME,,,,110N,111S,,,2026/06/26,23:00,2026/06/27,09:00,2026/06/27,18:00
"HMM CO., LTD.",hmm,Oita,78,,HANSUNG WEIHAI,,,,2635E,2635W,,,2026/07/01,,2026/07/01,,2026/07/01,
"HMM CO., LTD.",hmm,Imari,87,,SINOKOR NIIGATA,,,,2621E,2621W,,,2026/06/06,07:41,2026/06/06,08:15,2026/06/06,11:25
"HMM CO., LTD.",hmm,Imari,87,,MOJI EXPRESS,,,,2635E,2635W,,,2026/06/09,10:50,2026/06/09,12:15,2026/06/09,15:40
"HMM CO., LTD.",hmm,Imari,87,,HAKATA EXPRESS,,,,2646E,2646W,,,2026/06/11,07:33,2026/06/11,08:05,2026/06/11,12:30
"HMM CO., LTD.",hmm,Imari,87,,HANSUNG WEIHAI,,,,2632E,2632W,,,2026/06/19,,2026/06/19,,2026/06/19,
"HMM CO., LTD.",hmm,Imari,87,,SINOKOR NIIGATA,,,,2623E,2623W,,,2026/06/23,,2026/06/23,,2026/06/23,
"HMM CO., LTD.",hmm,Imari,87,,MOJI EXPRESS,,,,2638E,2638W,,,2026/06/23,,2026/06/23,,2026/06/23,
"HMM CO., LTD.",hmm,Imari,87,,HANSUNG WEIHAI,,,,2635E,2635W,,,2026/06/30,,2026/06/30,,2026/06/30,
"HMM CO., LTD.",hmm,Imari,87,,SINOKOR NIIGATA,,,,2624E,2624W,,,2026/06/30,,2026/06/30,,2026/06/30,
"HMM CO., LTD.",hmm,Hososhima,90,,ITX HIGO,,,,263N,264S,,,2026/06/04,17:42,2026/06/04,18:45,2026/06/04,22:50
"HMM CO., LTD.",hmm,Hososhima,90,,HANSUNG WEIHAI,,,,2629E,2629W,,,2026/06/04,21:20,2026/06/05,05:10,2026/06/05,11:10
"HMM CO., LTD.",hmm,Hososhima,90,,MOJI EXPRESS,,,,2635E,2635W,,,2026/06/11,22:45,2026/06/12,05:10,2026/06/12,11:10
"HMM CO., LTD.",hmm,Hososhima,90,,ITX HIGO,,,,264N,265S,,,2026/06/20,21:00,2026/06/20,22:00,2026/06/20,23:59
"HMM CO., LTD.",hmm,Hososhima,90,,HANSUNG WEIHAI,,,,2632E,2632W,,,2026/06/21,,2026/06/21,,2026/06/21,
"HMM CO., LTD.",hmm,Hososhima,90,,MOJI EXPRESS,,,,2638E,2638W,,,2026/06/26,,2026/06/26,,2026/06/26,
"HMM CO., LTD.",hmm,Hososhima,90,,HANSUNG WEIHAI,,,,2635E,2635W,,,2026/07/03,,2026/07/03,,2026/07/03,
"HMM CO., LTD.",hmm,Shibushi,91,,SUNNY PALM,,,,2622E,2622W,,,2026/06/04,02:05,2026/06/04,08:00,2026/06/04,13:10
"HMM CO., LTD.",hmm,Shibushi,91,,ITX HIGO,,,,263N,264S,,,2026/06/05,07:25,2026/06/05,08:10,2026/06/05,16:30
"HMM CO., LTD.",hmm,Shibushi,91,,MOJI EXPRESS,,,,2635E,2635W,,,2026/06/10,18:15,2026/06/11,12:36,2026/06/11,17:40
"HMM CO., LTD.",hmm,Shibushi,91,,BLOOMING EARTH,,,,0122E,0122W,,,2026/06/12,12:40,2026/06/12,13:25,2026/06/13,11:10
"HMM CO., LTD.",hmm,Shibushi,91,,ITX EHIME,,,,109N,110S,,,2026/06/15,15:30,2026/06/16,13:20,2026/06/16,22:20
"HMM CO., LTD.",hmm,Shibushi,91,,REGAINING EARTH,,,,0134E,0134W,,,2026/06/19,,2026/06/19,,2026/06/19,
"HMM CO., LTD.",hmm,Shibushi,91,,HANSUNG WEIHAI,,,,2632E,2632W,,,2026/06/21,,2026/06/21,,2026/06/21,
"HMM CO., LTD.",hmm,Shibushi,91,,ITX HIGO,,,,264N,265S,,,2026/06/21,07:00,2026/06/21,09:00,2026/06/21,13:00
"HMM CO., LTD.",hmm,Shibushi,91,,MOJI EXPRESS,,,,2638E,2638W,,,2026/06/25,,2026/06/25,,2026/06/25,
"HMM CO., LTD.",hmm,Shibushi,91,,SINOKOR NIIGATA,,,,2624E,2624W,,,2026/06/26,,2026/06/26,,2026/06/26,
"HMM CO., LTD.",hmm,Shibushi,91,,ITX EHIME,,,,110N,111S,,,2026/06/28,07:00,2026/06/28,08:00,2026/06/28,18:00
"HMM CO., LTD.",hmm,Shibushi,91,,HANSUNG WEIHAI,,,,2635E,2635W,,,2026/07/02,,2026/07/02,,2026/07/02,
"HMM CO., LTD.",hmm,Shibushi,91,,SINOKOR NIIGATA,,,,2626E,2626W,,,2026/07/03,,2026/07/03,,2026/07/03,
"HMM CO., LTD.",hmm,Nagasaki,92,,SINOKOR NIIGATA,,,,2621E,2621W,,,2026/05/31,07:05,2026/06/01,08:30,2026/06/01,11:10
"HMM CO., LTD.",hmm,Nagasaki,92,,SINOKOR NIIGATA,,,,2624E,2624W,,,2026/06/27,,2026/06/27,,2026/06/27,
"HMM CO., LTD.",hmm,Kumamoto,95,,SINOKOR NIIGATA,,,,2621E,2621W,,,2026/06/04,04:40,2026/06/04,08:35,2026/06/04,12:30
"HMM CO., LTD.",hmm,Kumamoto,95,,SINOKOR NIIGATA,,,,2624E,2624W,,,2026/06/27,,2026/06/27,,2026/06/27,
"HMM CO., LTD.",hmm,Yatsushiro,96,,SINOKOR NIIGATA,,,,2621E,2621W,,,2026/06/03,07:44,2026/06/03,08:40,2026/06/03,18:00
"HMM CO., LTD.",hmm,Yatsushiro,96,,SINOKOR NIIGATA,,,,2624E,2624W,,,2026/06/29,,2026/06/29,,2026/06/29,
"HMM CO., LTD.",hmm,Satsuma sendai,97,,SINOKOR NIIGATA,,,,2621E,2621W,,,2026/06/04,19:30,2026/06/05,10:48,2026/06/05,16:05
"HMM CO., LTD.",hmm,Satsuma sendai,97,,SINOKOR NIIGATA,,,,2622E,2622W,,,2026/06/10,08:12,2026/06/10,08:36,2026/06/10,12:35
"HMM CO., LTD.",hmm,Satsuma sendai,97,,SINOKOR NIIGATA,,,,2624E,2624W,,,2026/06/28,,2026/06/28,,2026/06/28,
"HMM CO., LTD.",hmm,Hibikinada,100,,XIU HONG,,,,2627E,2627W,,,2026/07/05,,2026/07/05,,2026/07/05,
"NAMSUNG SHIPPING CO., LTD.",namsung,Tomakomai,1,,STAR SKIPPER,,,,2610E,2610W,,,2026/06/04,17:45,2026/06/06,19:00,2026/06/09,21:30
"NAMSUNG SHIPPING CO., LTD.",namsung,Tomakomai,1,,SUNNY VIOLET,,,,2606E,2606W,,,2026/06/07,03:40,2026/06/07,18:55,2026/06/10,16:40
"NAMSUNG SHIPPING CO., LTD.",namsung,Tomakomai,1,,SUNNY LAUREL,,,,2610E,2610W,,,2026/06/07,19:40,2026/06/10,09:15,2026/06/11,16:20
"NAMSUNG SHIPPING CO., LTD.",namsung,Tomakomai,1,,STAR RANGER,,,,2607E,2607W,,,2026/06/11,10:30,2026/06/11,18:45,2026/06/12,19:45
"NAMSUNG SHIPPING CO., LTD.",namsung,Tomakomai,1,,STAR EXPRESS,,,,2607E,2607W,,,2026/06/14,11:49,2026/06/14,12:30,2026/06/15,18:10
"NAMSUNG SHIPPING CO., LTD.",namsung,Tomakomai,1,,SUNNY DAISY,,,,2606E,2606W,,,2026/06/09,14:20,2026/06/10,11:10,2026/06/11,17:40
"NAMSUNG SHIPPING CO., LTD.",namsung,Tomakomai,1,,STAR CHASER,,,,2606E,2606W,,,2026/06/16,12:27,2026/06/16,13:10,2026/06/17,16:00
"NAMSUNG SHIPPING CO., LTD.",namsung,Tomakomai,1,,SUNNY LAUREL,,,,2611E,2611W,,,2026/06/23,,2026/06/23,,2026/06/23,
"NAMSUNG SHIPPING CO., LTD.",namsung,Tomakomai,1,,STAR SKIPPER,,,,2611E,2611W,,,2026/06/24,,2026/06/24,,2026/06/24,
"NAMSUNG SHIPPING CO., LTD.",namsung,Tomakomai,1,,SUNNY IVY,,,,2608E,2608W,,,2026/06/25,,2026/06/25,,2026/06/26,
"NAMSUNG SHIPPING CO., LTD.",namsung,Tomakomai,1,,STAR RANGER,,,,2608E,2608W,,,2026/06/28,,2026/06/28,,2026/06/28,
"NAMSUNG SHIPPING CO., LTD.",namsung,Tomakomai,1,,SUNNY DAISY,,,,2607E,2607W,,,2026/06/23,,2026/06/23,,2026/06/24,
"NAMSUNG SHIPPING CO., LTD.",namsung,Tomakomai,1,,SUNNY VIOLET,,,,2607E,2607W,,,2026/06/29,,2026/06/29,,2026/06/29,
"NAMSUNG SHIPPING CO., LTD.",namsung,Tomakomai,1,,STAR EXPRESS,,,,2608E,2608W,,,2026/07/05,,2026/07/05,,2026/07/05,
"NAMSUNG SHIPPING CO., LTD.",namsung,Tomakomai,1,,SUNNY LAUREL,,,,2612E,2612W,,,2026/07/05,,2026/07/05,,2026/07/05,
"NAMSUNG SHIPPING CO., LTD.",namsung,Tomakomai,1,,STAR CHASER,,,,2607E,2607W,,,2026/07/05,,2026/07/05,,2026/07/06,
"NAMSUNG SHIPPING CO., LTD.",namsung,Hachinohe,2,,SUNNY IVY,,,,2607E,2607W,,,2026/06/02,14:17,2026/06/02,15:00,2026/06/03,16:20
"NAMSUNG SHIPPING CO., LTD.",namsung,Hachinohe,2,,SUNNY VIOLET,,,,2606E,2606W,,,2026/06/11,07:44,2026/06/11,08:30,2026/06/11,18:40
"NAMSUNG SHIPPING CO., LTD.",namsung,Hachinohe,2,,STAR EXPRESS,,,,2607E,2607W,,,2026/06/16,03:50,2026/06/16,15:30,2026/06/16,21:40
"NAMSUNG SHIPPING CO., LTD.",namsung,Hachinohe,2,,SUNNY IVY,,,,2608E,2608W,,,2026/06/26,,2026/06/26,,2026/06/27,
"NAMSUNG SHIPPING CO., LTD.",namsung,Hachinohe,2,,SUNNY VIOLET,,,,2607E,2607W,,,2026/06/30,,2026/06/30,,2026/06/30,
"NAMSUNG SHIPPING CO., LTD.",namsung,"Sendai, miyagi",3,,STAR CLIPPER,,,,2607E,2607W,,,2026/06/02,04:10,2026/06/02,04:56,2026/06/02,17:11
"NAMSUNG SHIPPING CO., LTD.",namsung,"Sendai, miyagi",3,,SUNNY IVY,,,,2607E,2607W,,,2026/06/07,10:30,2026/06/07,11:08,2026/06/07,18:00
"NAMSUNG SHIPPING CO., LTD.",namsung,"Sendai, miyagi",3,,STAR RANGER,,,,2607E,2607W,,,2026/06/08,05:13,2026/06/08,05:48,2026/06/08,15:23
"NAMSUNG SHIPPING CO., LTD.",namsung,"Sendai, miyagi",3,,SUNNY CAMELLIA,,,,2607E,2607W,,,2026/06/12,03:30,2026/06/12,04:36,2026/06/12,16:41
"NAMSUNG SHIPPING CO., LTD.",namsung,"Sendai, miyagi",3,,SUNNY DAISY,,,,2606E,2606W,,,2026/06/12,19:42,2026/06/13,04:49,2026/06/13,14:18
"NAMSUNG SHIPPING CO., LTD.",namsung,"Sendai, miyagi",3,,SUNNY VIOLET,,,,2606E,2606W,,,2026/06/12,07:54,2026/06/14,04:24,2026/06/14,15:53
"NAMSUNG SHIPPING CO., LTD.",namsung,"Sendai, miyagi",3,,STAR CHASER,,,,2606E,2606W,,,2026/06/13,05:18,2026/06/15,07:27,2026/06/15,15:50
"NAMSUNG SHIPPING CO., LTD.",namsung,"Sendai, miyagi",3,,STAR EXPRESS,,,,2607E,2607W,,,2026/06/17,12:00,2026/06/19,08:00,2026/06/19,18:00
"NAMSUNG SHIPPING CO., LTD.",namsung,"Sendai, miyagi",3,,SUNNY CANNA,,,,2607E,2607W,,,2026/06/19,04:30,2026/06/19,05:30,2026/06/19,17:00
"NAMSUNG SHIPPING CO., LTD.",namsung,"Sendai, miyagi",3,,SUNNY DAISY,,,,2607E,2607W,,,2026/06/21,,2026/06/22,,2026/06/22,
"NAMSUNG SHIPPING CO., LTD.",namsung,"Sendai, miyagi",3,,STAR RANGER,,,,2608E,2608W,,,2026/06/26,,2026/06/26,,2026/06/26,
"NAMSUNG SHIPPING CO., LTD.",namsung,"Sendai, miyagi",3,,SUNNY IVY,,,,2608E,2608W,,,2026/06/27,,2026/06/27,,2026/06/28,
"NAMSUNG SHIPPING CO., LTD.",namsung,"Sendai, miyagi",3,,STAR CLIPPER,,,,2608E,2608W,,,2026/06/22,,2026/06/22,,2026/06/22,
"NAMSUNG SHIPPING CO., LTD.",namsung,"Sendai, miyagi",3,,SUNNY CAMELLIA,,,,2608E,2608W,,,2026/06/30,,2026/06/30,,2026/06/30,
"NAMSUNG SHIPPING CO., LTD.",namsung,"Sendai, miyagi",3,,SUNNY VIOLET,,,,2607E,2607W,,,2026/07/01,,2026/07/01,,2026/07/01,
"NAMSUNG SHIPPING CO., LTD.",namsung,"Sendai, miyagi",3,,STAR CHASER,,,,2607E,2607W,,,2026/07/03,,2026/07/03,,2026/07/04,
"NAMSUNG SHIPPING CO., LTD.",namsung,Onahama,5,,SUNNY CAMELLIA,,,,2607E,2607W,,,2026/06/10,05:26,2026/06/10,06:42,2026/06/11,16:10
"NAMSUNG SHIPPING CO., LTD.",namsung,Onahama,5,,SUNNY CANNA,,,,2607E,2607W,,,2026/06/16,10:35,2026/06/16,11:12,2026/06/17,15:00
"NAMSUNG SHIPPING CO., LTD.",namsung,Onahama,5,,STAR CLIPPER,,,,2608E,2608W,,,2026/06/20,,2026/06/21,,2026/06/21,
"NAMSUNG SHIPPING CO., LTD.",namsung,Onahama,5,,SUNNY CAMELLIA,,,,2608E,2608W,,,2026/06/29,,2026/06/29,,2026/06/29,
"NAMSUNG SHIPPING CO., LTD.",namsung,Ishikari,7,,SUNNY LAUREL,,,,2610E,2610W,,,,,,,,
"NAMSUNG SHIPPING CO., LTD.",namsung,Ishikari,7,,SUNNY DAISY,,,,2606E,2606W,,,2026/06/07,15:58,2026/06/07,16:40,2026/06/08,11:20
"NAMSUNG SHIPPING CO., LTD.",namsung,Ishikari,7,,STAR RANGER,,,,2607E,2607W,,,2026/06/10,06:54,2026/06/10,07:24,2026/06/10,11:55
"NAMSUNG SHIPPING CO., LTD.",namsung,Ishikari,7,,STAR SKIPPER,,,,2610E,2610W,,,2026/06/13,22:10,2026/06/14,07:30,2026/06/14,16:00
"NAMSUNG SHIPPING CO., LTD.",namsung,Ishikari,7,,STAR CHASER,,,,2606E,2606W,,,2026/06/18,13:00,2026/06/18,14:00,2026/06/19,15:30
"NAMSUNG SHIPPING CO., LTD.",namsung,Ishikari,7,,SUNNY LAUREL,,,,2611E,2611W,,,2026/06/24,,2026/06/24,,2026/06/24,
"NAMSUNG SHIPPING CO., LTD.",namsung,Ishikari,7,,SUNNY DAISY,,,,2607E,2607W,,,2026/06/25,,2026/06/25,,2026/06/26,
"NAMSUNG SHIPPING CO., LTD.",namsung,Ishikari,7,,STAR SKIPPER,,,,2611E,2611W,,,2026/06/28,,2026/06/28,,2026/06/28,
"NAMSUNG SHIPPING CO., LTD.",namsung,Ishikari,7,,STAR RANGER,,,,2608E,2608W,,,2026/06/30,,2026/06/30,,2026/06/30,
"NAMSUNG SHIPPING CO., LTD.",namsung,Kushiro,8,,STAR SKIPPER,,,,2610E,2610W,,,2026/06/10,10:00,2026/06/11,07:20,2026/06/12,15:30
"NAMSUNG SHIPPING CO., LTD.",namsung,Kushiro,8,,SUNNY LAUREL,,,,2610E,2610W,,,2026/06/12,10:20,2026/06/13,07:30,2026/06/14,13:30
"NAMSUNG SHIPPING CO., LTD.",namsung,Kushiro,8,,SUNNY LAUREL,,,,2611E,2611W,,,2026/06/21,,2026/06/21,,2026/06/22,
"NAMSUNG SHIPPING CO., LTD.",namsung,Kushiro,8,,STAR SKIPPER,,,,2611E,2611W,,,2026/06/25,,2026/06/25,,2026/06/26,
"NAMSUNG SHIPPING CO., LTD.",namsung,Kushiro,8,,SUNNY LAUREL,,,,2612E,2612W,,,2026/07/03,,2026/07/03,,2026/07/04,
"NAMSUNG SHIPPING CO., LTD.",namsung,Yokohama,11,,PEGASUS PETA,,,,2612E,2612W,,,2026/06/02,06:20,2026/06/02,06:48,2026/06/02,13:40
"NAMSUNG SHIPPING CO., LTD.",namsung,Yokohama,11,,JOSCO BRIGHT,,,,2614E,2614W,,,2026/06/05,06:05,2026/06/05,06:48,2026/06/05,16:20
"NAMSUNG SHIPPING CO., LTD.",namsung,Yokohama,11,,STAR VOYAGER,,,,2622E,2622W,,,2026/06/06,19:24,2026/06/07,07:36,2026/06/07,14:50
"NAMSUNG SHIPPING CO., LTD.",namsung,Yokohama,11,,JOSCO CORA,,,,2614E,2614W,,,2026/06/02,10:15,2026/06/02,10:54,2026/06/02,16:25
"NAMSUNG SHIPPING CO., LTD.",namsung,Yokohama,11,,JIANG YUAN YUAN BO,,,,2612E,2612W,,,2026/06/05,06:35,2026/06/05,07:12,2026/06/05,15:55
"NAMSUNG SHIPPING CO., LTD.",namsung,Yokohama,11,,DONGJIN FORTUNE,,,,0186S,0186N,,,2026/06/07,03:42,2026/06/07,07:36,2026/06/07,14:20
"NAMSUNG SHIPPING CO., LTD.",namsung,Yokohama,11,,POS YOKOHAMA,,,,1587E,1587W,,,2026/06/02,17:50,2026/06/02,18:30,2026/06/02,22:15
"NAMSUNG SHIPPING CO., LTD.",namsung,Yokohama,11,,HEUNG-A XIAMEN,,,,2622S,2622N,,,2026/06/05,18:20,2026/06/05,19:00,2026/06/06,01:40
"NAMSUNG SHIPPING CO., LTD.",namsung,Yokohama,11,,AKITA TRADER,,,,2620E,2620W,,,2026/06/07,15:46,2026/06/08,07:30,2026/06/08,15:35
"NAMSUNG SHIPPING CO., LTD.",namsung,Yokohama,11,,JOSCO ALMA,,,,2612E,2613S,,,2026/06/09,20:54,2026/06/11,01:00,2026/06/11,03:55
"NAMSUNG SHIPPING CO., LTD.",namsung,Yokohama,11,,POS YOKOHAMA,,,,1588E,1588W,,,2026/06/11,17:00,2026/06/12,07:30,2026/06/12,10:45
"NAMSUNG SHIPPING CO., LTD.",namsung,Yokohama,11,,DONGJIN FORTUNE,,,,0187S,0187N,,,2026/06/14,08:50,2026/06/14,09:18,2026/06/14,16:20
"NAMSUNG SHIPPING CO., LTD.",namsung,Yokohama,11,,JOSCO JANE,,,,2614E,2614W,,,2026/06/10,13:36,2026/06/11,07:12,2026/06/11,16:45
"NAMSUNG SHIPPING CO., LTD.",namsung,Yokohama,11,,AKITA TRADER,,,,2621E,2621W,,,,,,,,
"NAMSUNG SHIPPING CO., LTD.",namsung,Yokohama,11,,STAR VOYAGER,,,,2623E,2623W,,,2026/06/14,15:36,2026/06/14,17:54,2026/06/15,04:40
"NAMSUNG SHIPPING CO., LTD.",namsung,Yokohama,11,,HEUNG-A XIAMEN,,,,2623S,2623N,,,2026/06/11,06:20,2026/06/11,06:48,2026/06/11,16:10
"NAMSUNG SHIPPING CO., LTD.",namsung,Yokohama,11,,JIANG YUAN XING FU,,,,2611E,2611W,,,2026/06/11,17:55,2026/06/11,18:54,2026/06/12,04:55
"NAMSUNG SHIPPING CO., LTD.",namsung,Yokohama,11,,AKITA TRADER,,,,2622E,2622W,,,2026/06/15,17:50,2026/06/15,18:18,2026/06/16,03:50
"NAMSUNG SHIPPING CO., LTD.",namsung,Yokohama,11,,PEGASUS TERA,,,,2612E,2612W,,,2026/06/16,06:30,2026/06/16,07:00,2026/06/16,14:50
"NAMSUNG SHIPPING CO., LTD.",namsung,Yokohama,11,,PEGASUS PETA,,,,2613E,2613W,,,,,,,,
"NAMSUNG SHIPPING CO., LTD.",namsung,Yokohama,11,,JOSCO HELEN,,,,2615E,2615W,,,2026/06/18,,2026/06/18,,2026/06/18,
"NAMSUNG SHIPPING CO., LTD.",namsung,Yokohama,11,,POS YOKOHAMA,,,,1589E,1589W,,,2026/06/19,,2026/06/19,,2026/06/19,
"NAMSUNG SHIPPING CO., LTD.",namsung,Yokohama,11,,DONGJIN FORTUNE,,,,0188S,0188N,,,2026/06/21,,2026/06/21,,2026/06/21,
"NAMSUNG SHIPPING CO., LTD.",namsung,Yokohama,11,,HEUNG-A AKITA,,,,2621S,2621N,,,2026/06/17,06:20,2026/06/17,07:00,2026/06/17,16:00
"NAMSUNG SHIPPING CO., LTD.",namsung,Yokohama,11,,STAR VOYAGER,,,,2624E,2624W,,,2026/06/21,,2026/06/21,,2026/06/21,
"NAMSUNG SHIPPING CO., LTD.",namsung,Yokohama,11,,JOSCO BRIGHT,,,,2615E,2615W,,,2026/06/17,19:30,2026/06/17,20:30,2026/06/18,05:00
"NAMSUNG SHIPPING CO., LTD.",namsung,Yokohama,11,,JOSCO JANE,,,,2615E,2615W,,,,,,,,
"NAMSUNG SHIPPING CO., LTD.",namsung,Yokohama,11,,HEUNG-A AKITA,,,,2622S,2622N,,,2026/06/23,,2026/06/23,,2026/06/23,
"NAMSUNG SHIPPING CO., LTD.",namsung,Yokohama,11,,PEGASUS PETA,,,,2614E,2614W,,,2026/06/24,,2026/06/24,,2026/06/25,
"NAMSUNG SHIPPING CO., LTD.",namsung,Yokohama,11,,POS YOKOHAMA,,,,1590E,1590W,,,2026/06/25,,2026/06/25,,2026/06/25,
"NAMSUNG SHIPPING CO., LTD.",namsung,Yokohama,11,,STAR VOYAGER,,,,2625E,2625W,,,2026/06/28,,2026/06/28,,2026/06/28,
"NAMSUNG SHIPPING CO., LTD.",namsung,Yokohama,11,,JIANG YUAN YUAN BO,,,,2613E,2613W,,,2026/06/22,,2026/06/22,,2026/06/22,
"NAMSUNG SHIPPING CO., LTD.",namsung,Yokohama,11,,JIANG YUAN YUAN DA,,,,2612E,2612W,,,2026/06/24,,2026/06/24,,2026/06/25,
"NAMSUNG SHIPPING CO., LTD.",namsung,Yokohama,11,,DONGJIN FORTUNE,,,,0189S,0189N,,,2026/06/28,,2026/06/28,,2026/06/28,
"NAMSUNG SHIPPING CO., LTD.",namsung,Yokohama,11,,AKITA TRADER,,,,2623E,2623W,,,2026/06/22,,2026/06/22,,2026/06/23,
"NAMSUNG SHIPPING CO., LTD.",namsung,Yokohama,11,,HEUNG-A AKITA,,,,2623S,2623N,,,2026/06/29,,2026/06/29,,2026/06/29,
"NAMSUNG SHIPPING CO., LTD.",namsung,Yokohama,11,,PEGASUS TERA,,,,2613E,2613W,,,2026/06/29,,2026/06/30,,2026/06/30,
"NAMSUNG SHIPPING CO., LTD.",namsung,Yokohama,11,,POS YOKOHAMA,,,,1591E,1591W,,,2026/07/01,,2026/07/01,,2026/07/01,
"NAMSUNG SHIPPING CO., LTD.",namsung,Yokohama,11,,STAR VOYAGER,,,,2626E,2626W,,,2026/07/04,,2026/07/04,,2026/07/04,
"NAMSUNG SHIPPING CO., LTD.",namsung,Yokohama,11,,JIANG YUAN XING FU,,,,2612E,2612W,,,2026/06/29,,2026/06/29,,2026/06/29,
"NAMSUNG SHIPPING CO., LTD.",namsung,Yokohama,11,,JOSCO BRIGHT,,,,2617E,2617W,,,2026/07/01,,2026/07/01,,2026/07/02,
"NAMSUNG SHIPPING CO., LTD.",namsung,Yokohama,11,,DONGJIN FORTUNE,,,,0190S,0190N,,,2026/07/04,,2026/07/04,,2026/07/04,
"NAMSUNG SHIPPING CO., LTD.",namsung,Yokohama,11,,JOSCO HELEN,,,,2616E,2616W,,,2026/06/29,,2026/06/29,,2026/06/29,
"NAMSUNG SHIPPING CO., LTD.",namsung,Yokohama,11,,AKITA TRADER,,,,2624E,2624W,,,2026/06/29,,2026/06/29,,2026/06/30,
"NAMSUNG SHIPPING CO., LTD.",namsung,Kawasaki,12,,STAR CHASER,,,,2606E,2606W,,,,,,,,
"NAMSUNG SHIPPING CO., LTD.",namsung,Kawasaki,12,,STAR RANGER,,,,2607E,2607W,,,2026/06/06,07:25,2026/06/06,08:06,2026/06/06,19:15
"NAMSUNG SHIPPING CO., LTD.",namsung,Kawasaki,12,,SUNNY DAISY,,,,2607E,2607W,,,2026/06/20,,2026/06/20,,2026/06/20,
"NAMSUNG SHIPPING CO., LTD.",namsung,Kawasaki,12,,STAR CHASER,,,,2607E,2607W,,,2026/07/01,,2026/07/01,,2026/07/02,
"NAMSUNG SHIPPING CO., LTD.",namsung,Tokyo,13,,POS YOKOHAMA,,,,1587E,1587W,,,2026/06/01,15:12,2026/06/02,07:13,2026/06/02,16:19
"NAMSUNG SHIPPING CO., LTD.",namsung,Tokyo,13,,JOSCO CORA,,,,2614E,2614W,,,2026/06/02,18:06,2026/06/04,07:50,2026/06/04,23:59
"NAMSUNG SHIPPING CO., LTD.",namsung,Tokyo,13,,HEUNG-A XIAMEN,,,,2622S,2622N,,,2026/06/05,08:29,2026/06/05,09:13,2026/06/05,16:56
"NAMSUNG SHIPPING CO., LTD.",namsung,Tokyo,13,,STAR VOYAGER,,,,2622E,2622W,,,2026/06/06,07:26,2026/06/06,08:20,2026/06/06,17:40
"NAMSUNG SHIPPING CO., LTD.",namsung,Tokyo,13,,JIANG YUAN YUAN BO,,,,2612E,2612W,,,2026/06/05,17:42,2026/06/07,07:45,2026/06/07,23:26
"NAMSUNG SHIPPING CO., LTD.",namsung,Tokyo,13,,PEGASUS PETA,,,,2612E,2612W,,,2026/06/02,14:57,2026/06/02,15:32,2026/06/03,01:32
"NAMSUNG SHIPPING CO., LTD.",namsung,Tokyo,13,,JOSCO BRIGHT,,,,2614E,2614W,,,2026/06/04,06:40,2026/06/04,07:29,2026/06/05,04:45
"NAMSUNG SHIPPING CO., LTD.",namsung,Tokyo,13,,DONGJIN FORTUNE,,,,0186S,0186N,,,2026/06/07,15:53,2026/06/07,16:45,2026/06/07,22:00
"NAMSUNG SHIPPING CO., LTD.",namsung,Tokyo,13,,AKITA TRADER,,,,2620E,2620W,,,2026/06/08,16:53,2026/06/08,17:39,2026/06/09,04:33
"NAMSUNG SHIPPING CO., LTD.",namsung,Tokyo,13,,JOSCO ALMA,,,,2612E,2613S,,,2026/06/09,07:00,2026/06/09,07:46,2026/06/09,19:06
"NAMSUNG SHIPPING CO., LTD.",namsung,Tokyo,13,,AKITA TRADER,,,,2621E,2621W,,,,,,,,
"NAMSUNG SHIPPING CO., LTD.",namsung,Tokyo,13,,HEUNG-A XIAMEN,,,,2623S,2623N,,,2026/06/11,17:54,2026/06/12,07:57,2026/06/12,15:59
"NAMSUNG SHIPPING CO., LTD.",namsung,Tokyo,13,,DONGJIN FORTUNE,,,,0187S,0187N,,,2026/06/14,17:56,2026/06/14,18:42,2026/06/15,01:45
"NAMSUNG SHIPPING CO., LTD.",namsung,Tokyo,13,,POS YOKOHAMA,,,,1588E,1588W,,,2026/06/11,00:18,2026/06/11,07:32,2026/06/11,15:17
"NAMSUNG SHIPPING CO., LTD.",namsung,Tokyo,13,,JOSCO JANE,,,,2614E,2614W,,,2026/06/11,18:36,2026/06/12,18:22,2026/06/13,04:05
"NAMSUNG SHIPPING CO., LTD.",namsung,Tokyo,13,,JIANG YUAN XING FU,,,,2611E,2611W,,,2026/06/12,07:00,2026/06/12,18:43,2026/06/13,04:16
"NAMSUNG SHIPPING CO., LTD.",namsung,Tokyo,13,,STAR VOYAGER,,,,2623E,2623W,,,2026/06/15,06:24,2026/06/15,07:10,2026/06/16,01:09
"NAMSUNG SHIPPING CO., LTD.",namsung,Tokyo,13,,JOSCO BRIGHT,,,,2615E,2615W,,,2026/06/16,03:00,2026/06/16,18:54,2026/06/17,18:00
"NAMSUNG SHIPPING CO., LTD.",namsung,Tokyo,13,,PEGASUS PETA,,,,2613E,2613W,,,,,,,,
"NAMSUNG SHIPPING CO., LTD.",namsung,Tokyo,13,,JOSCO HELEN,,,,2615E,2615W,,,2026/06/19,,2026/06/19,,2026/06/19,
"NAMSUNG SHIPPING CO., LTD.",namsung,Tokyo,13,,JIANG YUAN YUAN BO,,,,2613E,2613W,,,2026/06/20,,2026/06/20,,2026/06/21,
"NAMSUNG SHIPPING CO., LTD.",namsung,Tokyo,13,,DONGJIN FORTUNE,,,,0188S,0188N,,,2026/06/21,,2026/06/21,,2026/06/22,
"NAMSUNG SHIPPING CO., LTD.",namsung,Tokyo,13,,AKITA TRADER,,,,2622E,2622W,,,2026/06/15,06:56,2026/06/15,07:37,2026/06/15,16:16
"NAMSUNG SHIPPING CO., LTD.",namsung,Tokyo,13,,PEGASUS TERA,,,,2612E,2612W,,,2026/06/16,16:16,2026/06/16,16:55,2026/06/17,01:29
"NAMSUNG SHIPPING CO., LTD.",namsung,Tokyo,13,,POS YOKOHAMA,,,,1589E,1589W,,,2026/06/18,,2026/06/18,,2026/06/19,
"NAMSUNG SHIPPING CO., LTD.",namsung,Tokyo,13,,JIANG YUAN YUAN DA,,,,2611E,2611W,,,2026/06/19,,2026/06/19,,2026/06/19,
"NAMSUNG SHIPPING CO., LTD.",namsung,Tokyo,13,,STAR VOYAGER,,,,2624E,2624W,,,2026/06/20,,2026/06/20,,2026/06/21,
"NAMSUNG SHIPPING CO., LTD.",namsung,Tokyo,13,,JOSCO JANE,,,,2615E,2615W,,,2026/06/21,,2026/06/21,,2026/06/22,
"NAMSUNG SHIPPING CO., LTD.",namsung,Tokyo,13,,HEUNG-A AKITA,,,,2621S,2621N,,,2026/06/16,18:56,2026/06/16,19:42,2026/06/17,04:48
"NAMSUNG SHIPPING CO., LTD.",namsung,Tokyo,13,,AKITA TRADER,,,,2623E,2623W,,,2026/06/22,,2026/06/22,,2026/06/22,
"NAMSUNG SHIPPING CO., LTD.",namsung,Tokyo,13,,JIANG YUAN YUAN DA,,,,2612E,2612W,,,2026/06/24,,2026/06/24,,2026/06/24,
"NAMSUNG SHIPPING CO., LTD.",namsung,Tokyo,13,,PEGASUS PETA,,,,2614E,2614W,,,2026/06/25,,2026/06/25,,2026/06/25,
"NAMSUNG SHIPPING CO., LTD.",namsung,Tokyo,13,,JIANG YUAN XING FU,,,,2612E,2612W,,,2026/06/27,,2026/06/27,,2026/06/28,
"NAMSUNG SHIPPING CO., LTD.",namsung,Tokyo,13,,DONGJIN FORTUNE,,,,0189S,0189N,,,2026/06/28,,2026/06/28,,2026/06/28,
"NAMSUNG SHIPPING CO., LTD.",namsung,Tokyo,13,,HEUNG-A AKITA,,,,2622S,2622N,,,2026/06/22,,2026/06/22,,2026/06/23,
"NAMSUNG SHIPPING CO., LTD.",namsung,Tokyo,13,,POS YOKOHAMA,,,,1590E,1590W,,,2026/06/24,,2026/06/24,,2026/06/25,
"NAMSUNG SHIPPING CO., LTD.",namsung,Tokyo,13,,STAR VOYAGER,,,,2625E,2625W,,,2026/06/27,,2026/06/27,,2026/06/28,
"NAMSUNG SHIPPING CO., LTD.",namsung,Tokyo,13,,JOSCO HELEN,,,,2616E,2616W,,,2026/06/28,,2026/06/28,,2026/06/29,
"NAMSUNG SHIPPING CO., LTD.",namsung,Tokyo,13,,HEUNG-A AKITA,,,,2623S,2623N,,,2026/06/29,,2026/06/29,,2026/06/29,
"NAMSUNG SHIPPING CO., LTD.",namsung,Tokyo,13,,POS YOKOHAMA,,,,1591E,1591W,,,2026/06/30,,2026/06/30,,2026/07/01,
"NAMSUNG SHIPPING CO., LTD.",namsung,Tokyo,13,,JOSCO BRIGHT,,,,2617E,2617W,,,2026/07/01,,2026/07/01,,2026/07/01,
"NAMSUNG SHIPPING CO., LTD.",namsung,Tokyo,13,,STAR VOYAGER,,,,2626E,2626W,,,2026/07/03,,2026/07/03,,2026/07/04,
"NAMSUNG SHIPPING CO., LTD.",namsung,Tokyo,13,,JIANG YUAN YUAN BO,,,,2614E,2614W,,,2026/07/04,,2026/07/04,,2026/07/05,
"NAMSUNG SHIPPING CO., LTD.",namsung,Tokyo,13,,AKITA TRADER,,,,2624E,2624W,,,2026/06/29,,2026/06/29,,2026/06/29,
"NAMSUNG SHIPPING CO., LTD.",namsung,Tokyo,13,,PEGASUS TERA,,,,2613E,2613W,,,2026/06/30,,2026/06/30,,2026/07/01,
"NAMSUNG SHIPPING CO., LTD.",namsung,Tokyo,13,,DONGJIN FORTUNE,,,,0190S,0190N,,,2026/07/04,,2026/07/04,,2026/07/05,
"NAMSUNG SHIPPING CO., LTD.",namsung,Kamaishi,16,,STAR CLIPPER,,,,2607E,2607W,,,2026/06/03,04:58,2026/06/03,05:40,2026/06/03,14:20
"NAMSUNG SHIPPING CO., LTD.",namsung,Kamaishi,16,,SUNNY CAMELLIA,,,,2607E,2607W,,,,,,,,
"NAMSUNG SHIPPING CO., LTD.",namsung,Kamaishi,16,,SUNNY CANNA,,,,2607E,2607W,,,2026/06/20,08:00,2026/06/20,09:00,2026/06/20,17:00
"NAMSUNG SHIPPING CO., LTD.",namsung,Kamaishi,16,,SUNNY CAMELLIA,,,,2608E,2608W,,,2026/07/01,,2026/07/01,,2026/07/01,
"NAMSUNG SHIPPING CO., LTD.",namsung,Sakata,17,,SUNNY DAISY,,,,2606E,2606W,,,2026/06/05,16:13,2026/06/05,17:00,2026/06/06,14:30
"NAMSUNG SHIPPING CO., LTD.",namsung,Sakata,17,,STAR RANGER,,,,2607E,2607W,,,2026/06/13,13:52,2026/06/13,14:30,2026/06/14,16:00
"NAMSUNG SHIPPING CO., LTD.",namsung,Sakata,17,,STAR CHASER,,,,2606E,2606W,,,2026/06/20,,2026/06/20,,2026/06/20,
"NAMSUNG SHIPPING CO., LTD.",namsung,Sakata,17,,SUNNY DAISY,,,,2607E,2607W,,,2026/06/27,,2026/06/27,,2026/06/27,
"NAMSUNG SHIPPING CO., LTD.",namsung,Sakata,17,,STAR RANGER,,,,2608E,2608W,,,2026/07/02,,2026/07/02,,2026/07/02,
"NAMSUNG SHIPPING CO., LTD.",namsung,Akita,19,,SUNNY VIOLET,,,,2606E,2606W,,,2026/06/06,01:40,2026/06/06,09:40,2026/06/06,11:40
"NAMSUNG SHIPPING CO., LTD.",namsung,Akita,19,,SUNNY LAUREL,,,,2610E,2610W,,,,,,,,
"NAMSUNG SHIPPING CO., LTD.",namsung,Akita,19,,STAR EXPRESS,,,,2607E,2607W,,,2026/06/13,16:18,2026/06/13,17:30,2026/06/13,21:40
"NAMSUNG SHIPPING CO., LTD.",namsung,Akita,19,,STAR SKIPPER,,,,2610E,2610W,,,2026/06/15,12:32,2026/06/15,13:20,2026/06/16,14:35
"NAMSUNG SHIPPING CO., LTD.",namsung,Akita,19,,SUNNY LAUREL,,,,2611E,2611W,,,,,,,,
"NAMSUNG SHIPPING CO., LTD.",namsung,Akita,19,,SUNNY IVY,,,,2608E,2608W,,,2026/06/24,,2026/06/25,,2026/06/25,
"NAMSUNG SHIPPING CO., LTD.",namsung,Akita,19,,SUNNY VIOLET,,,,2607E,2607W,,,2026/06/27,,2026/06/28,,2026/06/28,
"NAMSUNG SHIPPING CO., LTD.",namsung,Akita,19,,STAR SKIPPER,,,,2611E,2611W,,,2026/06/29,,2026/06/29,,2026/06/29,
"NAMSUNG SHIPPING CO., LTD.",namsung,Akita,19,,STAR EXPRESS,,,,2608E,2608W,,,2026/07/04,,2026/07/04,,2026/07/04,
"NAMSUNG SHIPPING CO., LTD.",namsung,Hitachinaka,21,,SUNNY VIOLET,,,,2606E,2606W,,,,,,,,
"NAMSUNG SHIPPING CO., LTD.",namsung,Hitachinaka,21,,STAR RANGER,,,,2607E,2607W,,,2026/06/07,09:45,2026/06/07,10:30,2026/06/07,18:48
"NAMSUNG SHIPPING CO., LTD.",namsung,Hitachinaka,21,,SUNNY IVY,,,,2607E,2607W,,,2026/06/08,03:25,2026/06/08,08:35,2026/06/09,18:48
"NAMSUNG SHIPPING CO., LTD.",namsung,Hitachinaka,21,,STAR CHASER,,,,2606E,2606W,,,2026/06/12,07:20,2026/06/12,08:15,2026/06/12,19:42
"NAMSUNG SHIPPING CO., LTD.",namsung,Hitachinaka,21,,SUNNY DAISY,,,,2606E,2606W,,,2026/06/14,07:05,2026/06/14,08:06,2026/06/14,16:30
"NAMSUNG SHIPPING CO., LTD.",namsung,Hitachinaka,21,,STAR EXPRESS,,,,2607E,2607W,,,2026/06/20,,2026/06/20,,2026/06/20,
"NAMSUNG SHIPPING CO., LTD.",namsung,Hitachinaka,21,,SUNNY DAISY,,,,2607E,2607W,,,2026/06/21,,2026/06/21,,2026/06/21,
"NAMSUNG SHIPPING CO., LTD.",namsung,Hitachinaka,21,,STAR RANGER,,,,2608E,2608W,,,2026/06/25,,2026/06/25,,2026/06/25,
"NAMSUNG SHIPPING CO., LTD.",namsung,Hitachinaka,21,,SUNNY VIOLET,,,,2607E,2607W,,,2026/07/02,,2026/07/02,,2026/07/02,
"NAMSUNG SHIPPING CO., LTD.",namsung,Hitachinaka,21,,STAR CHASER,,,,2607E,2607W,,,2026/07/02,,2026/07/02,,2026/07/03,
"NAMSUNG SHIPPING CO., LTD.",namsung,Niigata,24,,SUNNY CANNA,,,,2606E,2606W,,,2026/06/02,07:17,2026/06/02,08:10,2026/06/02,16:40
"NAMSUNG SHIPPING CO., LTD.",namsung,Niigata,24,,STAR EXPRESS,,,,2607E,2607W,,,,,,,,
"NAMSUNG SHIPPING CO., LTD.",namsung,Niigata,24,,STAR CLIPPER,,,,2607E,2607W,,,2026/06/04,20:30,2026/06/05,08:50,2026/06/05,18:20
"NAMSUNG SHIPPING CO., LTD.",namsung,Niigata,24,,SUNNY VIOLET,,,,2606E,2606W,,,2026/06/05,09:18,2026/06/05,10:20,2026/06/05,15:10
"NAMSUNG SHIPPING CO., LTD.",namsung,Niigata,24,,HARMONIZED EARTH,,,,0129E,0129W,,,2026/06/12,06:28,2026/06/12,07:30,2026/06/12,19:30
"NAMSUNG SHIPPING CO., LTD.",namsung,Niigata,24,,SUNNY CAMELLIA,,,,2607E,2607W,,,2026/06/14,06:51,2026/06/14,07:50,2026/06/14,16:30
"NAMSUNG SHIPPING CO., LTD.",namsung,Niigata,24,,SKY JADE,,,,2610E,2610W,,,2026/06/15,06:03,2026/06/15,06:50,2026/06/16,17:35
"NAMSUNG SHIPPING CO., LTD.",namsung,Niigata,24,,PANCON SUNSHINE,,,,2610E,2610W,,,2026/06/17,06:24,2026/06/17,07:10,2026/06/18,04:00
"NAMSUNG SHIPPING CO., LTD.",namsung,Niigata,24,,PROACTIVE EARTH,,,,0127E,0127W,,,2026/06/18,,2026/06/18,,2026/06/18,
"NAMSUNG SHIPPING CO., LTD.",namsung,Niigata,24,,SUNNY CANNA,,,,2607E,2607W,,,2026/06/22,,2026/06/22,,2026/06/22,
"NAMSUNG SHIPPING CO., LTD.",namsung,Niigata,24,,SUNNY IVY,,,,2608E,2608W,,,2026/06/23,,2026/06/23,,2026/06/23,
"NAMSUNG SHIPPING CO., LTD.",namsung,Niigata,24,,STAR CLIPPER,,,,2608E,2608W,,,2026/06/24,,2026/06/24,,2026/06/24,
"NAMSUNG SHIPPING CO., LTD.",namsung,Niigata,24,,SKY JADE,,,,2611E,2611W,,,2026/06/27,,2026/06/28,,2026/06/28,
"NAMSUNG SHIPPING CO., LTD.",namsung,Niigata,24,,PANCON SUNSHINE,,,,2611E,2611W,,,2026/07/01,,2026/07/01,,2026/07/02,
"NAMSUNG SHIPPING CO., LTD.",namsung,Niigata,24,,STAR EXPRESS,,,,2608E,2608W,,,2026/07/03,,2026/07/03,,2026/07/03,
"NAMSUNG SHIPPING CO., LTD.",namsung,Niigata,24,,SUNNY CAMELLIA,,,,2608E,2608W,,,2026/07/03,,2026/07/03,,2026/07/03,
"NAMSUNG SHIPPING CO., LTD.",namsung,Toyamashinko,25,,SKY JADE,,,,2610E,2610W,,,2026/06/17,06:09,2026/06/17,06:50,2026/06/17,14:00
"NAMSUNG SHIPPING CO., LTD.",namsung,Toyamashinko,25,,PANCON SUNSHINE,,,,2610E,2610W,,,2026/06/18,,2026/06/19,,2026/06/19,
"NAMSUNG SHIPPING CO., LTD.",namsung,Toyamashinko,25,,SKY JADE,,,,2611E,2611W,,,2026/06/29,,2026/06/29,,2026/06/29,
"NAMSUNG SHIPPING CO., LTD.",namsung,Toyamashinko,25,,PANCON SUNSHINE,,,,2611E,2611W,,,2026/07/03,,2026/07/03,,2026/07/03,
"NAMSUNG SHIPPING CO., LTD.",namsung,Kanazawa,26,,PANCON SUNSHINE,,,,2609E,2609W,,,2026/06/01,06:51,2026/06/01,07:30,2026/06/01,16:30
"NAMSUNG SHIPPING CO., LTD.",namsung,Kanazawa,26,,STAR SKIPPER,,,,2610E,2610W,,,2026/06/02,17:13,2026/06/02,18:00,2026/06/03,09:50
"NAMSUNG SHIPPING CO., LTD.",namsung,Kanazawa,26,,SUNNY LAUREL,,,,2610E,2610W,,,2026/06/06,07:26,2026/06/06,08:10,2026/06/06,10:45
"NAMSUNG SHIPPING CO., LTD.",namsung,Kanazawa,26,,SUNNY LAUREL,,,,2611E,2611W,,,,,,,,
"NAMSUNG SHIPPING CO., LTD.",namsung,Kanazawa,26,,SKY JADE,,,,2610E,2610W,,,2026/06/19,,2026/06/19,,2026/06/19,
"NAMSUNG SHIPPING CO., LTD.",namsung,Kanazawa,26,,PANCON SUNSHINE,,,,2610E,2610W,,,2026/06/20,,2026/06/20,,2026/06/20,
"NAMSUNG SHIPPING CO., LTD.",namsung,Kanazawa,26,,STAR SKIPPER,,,,2611E,2611W,,,2026/06/22,,2026/06/22,,2026/06/22,
"NAMSUNG SHIPPING CO., LTD.",namsung,Kanazawa,26,,SKY JADE,,,,2611E,2611W,,,2026/06/30,,2026/06/30,,2026/06/30,
"NAMSUNG SHIPPING CO., LTD.",namsung,Kanazawa,26,,PANCON SUNSHINE,,,,2611E,2611W,,,2026/07/04,,2026/07/04,,2026/07/04,
"NAMSUNG SHIPPING CO., LTD.",namsung,Kanazawa,26,,SUNNY LAUREL,,,,2612E,2612W,,,2026/06/30,,2026/06/30,,2026/07/01,
"NAMSUNG SHIPPING CO., LTD.",namsung,Sakaiminato,29,,SUNNY CANNA,,,,2606E,2606W,,,2026/06/03,16:39,2026/06/03,17:20,2026/06/03,19:10
"NAMSUNG SHIPPING CO., LTD.",namsung,Sakaiminato,29,,STAR CLIPPER,,,,2607E,2607W,,,2026/06/06,18:20,2026/06/07,07:00,2026/06/07,12:35
"NAMSUNG SHIPPING CO., LTD.",namsung,Sakaiminato,29,,SUNNY CAMELLIA,,,,2607E,2607W,,,2026/06/16,06:51,2026/06/16,07:50,2026/06/16,14:40
"NAMSUNG SHIPPING CO., LTD.",namsung,Sakaiminato,29,,SUNNY CANNA,,,,2607E,2607W,,,2026/06/23,,2026/06/23,,2026/06/23,
"NAMSUNG SHIPPING CO., LTD.",namsung,Sakaiminato,29,,STAR CLIPPER,,,,2608E,2608W,,,2026/06/25,,2026/06/25,,2026/06/25,
"NAMSUNG SHIPPING CO., LTD.",namsung,Sakaiminato,29,,SUNNY CAMELLIA,,,,2608E,2608W,,,2026/07/04,,2026/07/04,,2026/07/04,
"NAMSUNG SHIPPING CO., LTD.",namsung,Shimizu,30,,PEGASUS PETA,,,,2612E,2612W,,,2026/06/05,19:56,2026/06/05,20:18,2026/06/06,06:55
"NAMSUNG SHIPPING CO., LTD.",namsung,Shimizu,30,,SUNNY CAMELLIA,,,,2607E,2607W,,,2026/06/08,06:22,2026/06/08,07:00,2026/06/09,10:44
"NAMSUNG SHIPPING CO., LTD.",namsung,Shimizu,30,,SUNNY CANNA,,,,2607E,2607W,,,2026/06/15,10:26,2026/06/15,11:00,2026/06/15,15:41
"NAMSUNG SHIPPING CO., LTD.",namsung,Shimizu,30,,PEGASUS TERA,,,,2612E,2612W,,,2026/06/17,10:40,2026/06/17,11:40,2026/06/18,02:00
"NAMSUNG SHIPPING CO., LTD.",namsung,Shimizu,30,,PEGASUS PETA,,,,2613E,2613W,,,,,,,,
"NAMSUNG SHIPPING CO., LTD.",namsung,Shimizu,30,,STAR CLIPPER,,,,2608E,2608W,,,2026/06/19,,2026/06/19,,2026/06/20,
"NAMSUNG SHIPPING CO., LTD.",namsung,Shimizu,30,,PEGASUS PETA,,,,2614E,2614W,,,2026/06/25,,2026/06/25,,2026/06/26,
"NAMSUNG SHIPPING CO., LTD.",namsung,Shimizu,30,,SUNNY CAMELLIA,,,,2608E,2608W,,,2026/06/28,,2026/06/28,,2026/06/28,
"NAMSUNG SHIPPING CO., LTD.",namsung,Shimizu,30,,PEGASUS TERA,,,,2613E,2613W,,,2026/07/01,,2026/07/01,,2026/07/01,
"NAMSUNG SHIPPING CO., LTD.",namsung,Shimizu,30,,SUNNY CANNA,,,,2608E,2608W,,,2026/07/04,,2026/07/04,,2026/07/05,
"NAMSUNG SHIPPING CO., LTD.",namsung,Nagoya,35,,JOSCO CORA,,,,2614E,2614W,,,2026/05/31,23:54,2026/06/01,11:05,2026/06/01,20:00
"NAMSUNG SHIPPING CO., LTD.",namsung,Nagoya,35,,HEUNG-A XIAMEN,,,,2622S,2622N,,,2026/06/01,17:36,2026/06/02,08:00,2026/06/02,17:15
"NAMSUNG SHIPPING CO., LTD.",namsung,Nagoya,35,,POS YOKOHAMA,,,,1587E,1587W,,,2026/06/04,14:54,2026/06/05,07:30,2026/06/05,17:25
"NAMSUNG SHIPPING CO., LTD.",namsung,Nagoya,35,,AKITA TRADER,,,,2620E,2620W,,,2026/06/05,21:36,2026/06/06,13:30,2026/06/07,00:30
"NAMSUNG SHIPPING CO., LTD.",namsung,Nagoya,35,,JOSCO ALMA,,,,2612E,2613S,,,2026/06/06,20:00,2026/06/07,08:05,2026/06/07,15:25
"NAMSUNG SHIPPING CO., LTD.",namsung,Nagoya,35,,STAR VOYAGER,,,,2621E,2621W,,,2026/06/01,02:20,2026/06/01,03:50,2026/06/01,09:55
"NAMSUNG SHIPPING CO., LTD.",namsung,Nagoya,35,,JOSCO BRIGHT,,,,2614E,2614W,,,2026/06/06,06:20,2026/06/06,07:25,2026/06/06,12:45
"NAMSUNG SHIPPING CO., LTD.",namsung,Nagoya,35,,PEGASUS PETA,,,,2612E,2612W,,,2026/06/07,00:45,2026/06/07,01:55,2026/06/07,05:50
"NAMSUNG SHIPPING CO., LTD.",namsung,Nagoya,35,,STAR VOYAGER,,,,2622E,2622W,,,2026/06/08,07:15,2026/06/08,08:45,2026/06/08,16:25
"NAMSUNG SHIPPING CO., LTD.",namsung,Nagoya,35,,JIANG YUAN YUAN BO,,,,2612E,2612W,,,2026/06/08,14:06,2026/06/09,09:40,2026/06/09,16:45
"NAMSUNG SHIPPING CO., LTD.",namsung,Nagoya,35,,AKITA TRADER,,,,2621E,2621W,,,,,,,,
"NAMSUNG SHIPPING CO., LTD.",namsung,Nagoya,35,,JOSCO JANE,,,,2614E,2614W,,,2026/06/13,17:24,2026/06/14,08:10,2026/06/14,19:30
"NAMSUNG SHIPPING CO., LTD.",namsung,Nagoya,35,,DONGJIN FORTUNE,,,,0186S,0186N,,,2026/06/08,19:51,2026/06/08,21:00,2026/06/09,03:55
"NAMSUNG SHIPPING CO., LTD.",namsung,Nagoya,35,,POS YOKOHAMA,,,,1588E,1588W,,,2026/06/13,09:00,2026/06/13,11:40,2026/06/13,22:40
"NAMSUNG SHIPPING CO., LTD.",namsung,Nagoya,35,,JIANG YUAN XING FU,,,,2611E,2611W,,,2026/06/13,19:54,2026/06/14,12:25,2026/06/14,15:55
"NAMSUNG SHIPPING CO., LTD.",namsung,Nagoya,35,,STAR VOYAGER,,,,2623E,2623W,,,,,,,,
"NAMSUNG SHIPPING CO., LTD.",namsung,Nagoya,35,,HEUNG-A XIAMEN,,,,2623S,2623N,,,2026/06/14,08:00,2026/06/14,09:00,2026/06/14,16:20
"NAMSUNG SHIPPING CO., LTD.",namsung,Nagoya,35,,JOSCO BRIGHT,,,,2615E,2615W,,,2026/06/14,21:15,2026/06/14,22:25,2026/06/15,11:10
"NAMSUNG SHIPPING CO., LTD.",namsung,Nagoya,35,,DONGJIN FORTUNE,,,,0187S,0187N,,,2026/06/15,18:18,2026/06/16,01:45,2026/06/16,07:20
"NAMSUNG SHIPPING CO., LTD.",namsung,Nagoya,35,,PEGASUS TERA,,,,2612E,2612W,,,2026/06/18,11:30,2026/06/18,18:00,2026/06/19,01:00
"NAMSUNG SHIPPING CO., LTD.",namsung,Nagoya,35,,PEGASUS PETA,,,,2613E,2613W,,,,,,,,
"NAMSUNG SHIPPING CO., LTD.",namsung,Nagoya,35,,JOSCO JANE,,,,2615E,2615W,,,2026/06/20,,2026/06/20,,2026/06/21,
"NAMSUNG SHIPPING CO., LTD.",namsung,Nagoya,35,,AKITA TRADER,,,,2622E,2622W,,,2026/06/16,17:20,2026/06/16,18:25,2026/06/17,12:30
"NAMSUNG SHIPPING CO., LTD.",namsung,Nagoya,35,,HEUNG-A AKITA,,,,2621S,2621N,,,2026/06/18,17:30,2026/06/18,18:30,2026/06/19,06:00
"NAMSUNG SHIPPING CO., LTD.",namsung,Nagoya,35,,JOSCO HELEN,,,,2615E,2615W,,,2026/06/19,,2026/06/19,,2026/06/20,
"NAMSUNG SHIPPING CO., LTD.",namsung,Nagoya,35,,POS YOKOHAMA,,,,1589E,1589W,,,2026/06/19,,2026/06/19,,2026/06/20,
"NAMSUNG SHIPPING CO., LTD.",namsung,Nagoya,35,,STAR VOYAGER,,,,2624E,2624W,,,2026/06/22,,2026/06/22,,2026/06/22,
"NAMSUNG SHIPPING CO., LTD.",namsung,Nagoya,35,,JIANG YUAN YUAN BO,,,,2613E,2613W,,,2026/06/23,,2026/06/23,,2026/06/23,
"NAMSUNG SHIPPING CO., LTD.",namsung,Nagoya,35,,HEUNG-A AKITA,,,,2622S,2622N,,,2026/06/24,,2026/06/24,,2026/06/24,
"NAMSUNG SHIPPING CO., LTD.",namsung,Nagoya,35,,JIANG YUAN YUAN DA,,,,2612E,2612W,,,2026/06/25,,2026/06/25,,2026/06/26,
"NAMSUNG SHIPPING CO., LTD.",namsung,Nagoya,35,,PEGASUS PETA,,,,2614E,2614W,,,2026/06/26,,2026/06/26,,2026/06/26,
"NAMSUNG SHIPPING CO., LTD.",namsung,Nagoya,35,,JOSCO HELEN,,,,2616E,2616W,,,2026/06/27,,2026/06/27,,2026/06/28,
"NAMSUNG SHIPPING CO., LTD.",namsung,Nagoya,35,,DONGJIN FORTUNE,,,,0188S,0188N,,,2026/06/23,,2026/06/23,,2026/06/23,
"NAMSUNG SHIPPING CO., LTD.",namsung,Nagoya,35,,POS YOKOHAMA,,,,1590E,1590W,,,,,,,,
"NAMSUNG SHIPPING CO., LTD.",namsung,Nagoya,35,,AKITA TRADER,,,,2623E,2623W,,,2026/06/23,,2026/06/23,,2026/06/23,
"NAMSUNG SHIPPING CO., LTD.",namsung,Nagoya,35,,STAR VOYAGER,,,,2625E,2625W,,,2026/06/29,,2026/06/29,,2026/06/29,
"NAMSUNG SHIPPING CO., LTD.",namsung,Nagoya,35,,AKITA TRADER,,,,2624E,2624W,,,2026/06/30,,2026/06/30,,2026/06/30,
"NAMSUNG SHIPPING CO., LTD.",namsung,Nagoya,35,,POS YOKOHAMA,,,,1591E,1591W,,,2026/07/02,,2026/07/02,,2026/07/02,
"NAMSUNG SHIPPING CO., LTD.",namsung,Nagoya,35,,STAR VOYAGER,,,,2626E,2626W,,,2026/07/05,,2026/07/05,,2026/07/05,
"NAMSUNG SHIPPING CO., LTD.",namsung,Nagoya,35,,DONGJIN FORTUNE,,,,0189S,0189N,,,2026/06/29,,2026/06/29,,2026/06/29,
"NAMSUNG SHIPPING CO., LTD.",namsung,Nagoya,35,,JIANG YUAN XING FU,,,,2612E,2612W,,,2026/06/30,,2026/06/30,,2026/06/30,
"NAMSUNG SHIPPING CO., LTD.",namsung,Nagoya,35,,PEGASUS TERA,,,,2613E,2613W,,,2026/07/02,,2026/07/02,,2026/07/02,
"NAMSUNG SHIPPING CO., LTD.",namsung,Nagoya,35,,DONGJIN FORTUNE,,,,0190S,0190N,,,2026/07/05,,2026/07/05,,2026/07/06,
"NAMSUNG SHIPPING CO., LTD.",namsung,Nagoya,35,,HEUNG-A AKITA,,,,2623S,2623N,,,2026/06/30,,2026/06/30,,2026/06/30,
"NAMSUNG SHIPPING CO., LTD.",namsung,Nagoya,35,,JOSCO BRIGHT,,,,2617E,2617W,,,2026/07/02,,2026/07/02,,2026/07/03,
"NAMSUNG SHIPPING CO., LTD.",namsung,Osaka,40,,HONOR OCEAN,,,,1056E,1056W,,,2026/05/31,18:30,2026/06/01,07:13,2026/06/01,15:07
"NAMSUNG SHIPPING CO., LTD.",namsung,Osaka,40,,JIANG YUAN YUAN BO,,,,2612E,2612W,,,2026/06/02,05:36,2026/06/03,17:54,2026/06/03,23:18
"NAMSUNG SHIPPING CO., LTD.",namsung,Osaka,40,,HONOR OCEAN,,,,1057E,1057W,,,2026/06/05,06:23,2026/06/05,07:22,2026/06/05,14:25
"NAMSUNG SHIPPING CO., LTD.",namsung,Osaka,40,,JOSCO JANE,,,,2613E,2613W,,,2026/06/01,09:29,2026/06/01,10:06,2026/06/01,23:59
"NAMSUNG SHIPPING CO., LTD.",namsung,Osaka,40,,HONOR GLORY,,,,2618E,2618W,,,2026/06/03,17:09,2026/06/03,18:25,2026/06/04,06:17
"NAMSUNG SHIPPING CO., LTD.",namsung,Osaka,40,,HONOR GLORY,,,,2619E,2619W,,,2026/06/08,10:37,2026/06/08,11:35,2026/06/08,18:47
"NAMSUNG SHIPPING CO., LTD.",namsung,Osaka,40,,JIANG YUAN XING FU,,,,2611E,2611W,,,2026/06/09,19:56,2026/06/09,20:30,2026/06/10,06:17
"NAMSUNG SHIPPING CO., LTD.",namsung,Osaka,40,,HONOR OCEAN,,,,1058E,1058W,,,2026/06/09,15:00,2026/06/10,07:24,2026/06/10,15:28
"NAMSUNG SHIPPING CO., LTD.",namsung,Osaka,40,,JOSCO CORA,,,,2615E,2615W,,,2026/06/11,18:10,2026/06/11,18:50,2026/06/12,11:52
"NAMSUNG SHIPPING CO., LTD.",namsung,Osaka,40,,HONOR GLORY,,,,2620E,2620W,,,2026/06/13,06:05,2026/06/13,06:57,2026/06/13,14:59
"NAMSUNG SHIPPING CO., LTD.",namsung,Osaka,40,,HONOR OCEAN,,,,1059E,1059W,,,2026/06/15,06:24,2026/06/15,07:21,2026/06/15,15:49
"NAMSUNG SHIPPING CO., LTD.",namsung,Osaka,40,,HONOR GLORY,,,,2621E,2621W,,,2026/06/17,06:25,2026/06/17,07:20,2026/06/17,14:30
"NAMSUNG SHIPPING CO., LTD.",namsung,Osaka,40,,JIANG YUAN YUAN DA,,,,2611E,2611W,,,2026/06/18,,2026/06/18,,2026/06/18,
"NAMSUNG SHIPPING CO., LTD.",namsung,Osaka,40,,HONOR OCEAN,,,,1060E,1060W,,,2026/06/19,,2026/06/19,,2026/06/19,
"NAMSUNG SHIPPING CO., LTD.",namsung,Osaka,40,,PREMIER,,,,2651E,2651W,,,2026/06/18,,2026/06/18,,2026/06/18,
"NAMSUNG SHIPPING CO., LTD.",namsung,Osaka,40,,JIANG YUAN YUAN BO,,,,2613E,2613W,,,2026/06/19,,2026/06/19,,2026/06/19,
"NAMSUNG SHIPPING CO., LTD.",namsung,Osaka,40,,HONOR GLORY,,,,2622E,2622W,,,2026/06/22,,2026/06/22,,2026/06/22,
"NAMSUNG SHIPPING CO., LTD.",namsung,Osaka,40,,HONOR OCEAN,,,,1061E,1061W,,,2026/06/24,,2026/06/24,,2026/06/24,
"NAMSUNG SHIPPING CO., LTD.",namsung,Osaka,40,,HONOR GLORY,,,,2623E,2623W,,,2026/06/26,,2026/06/26,,2026/06/26,
"NAMSUNG SHIPPING CO., LTD.",namsung,Osaka,40,,JOSCO BRIGHT,,,,2616E,2616W,,,2026/06/22,,2026/06/22,,2026/06/23,
"NAMSUNG SHIPPING CO., LTD.",namsung,Osaka,40,,JIANG YUAN XING FU,,,,2612E,2612W,,,2026/06/26,,2026/06/26,,2026/06/26,
"NAMSUNG SHIPPING CO., LTD.",namsung,Osaka,40,,HONOR OCEAN,,,,1062E,1062W,,,2026/06/29,,2026/06/29,,2026/06/29,
"NAMSUNG SHIPPING CO., LTD.",namsung,Osaka,40,,HONOR GLORY,,,,2624E,2624W,,,2026/07/01,,2026/07/01,,2026/07/01,
"NAMSUNG SHIPPING CO., LTD.",namsung,Osaka,40,,JIANG YUAN YUAN BO,,,,2614E,2614W,,,2026/07/03,,2026/07/03,,2026/07/03,
"NAMSUNG SHIPPING CO., LTD.",namsung,Osaka,40,,JOSCO JANE,,,,2616E,2616W,,,2026/06/29,,2026/06/29,,2026/06/30,
"NAMSUNG SHIPPING CO., LTD.",namsung,Osaka,40,,HONOR OCEAN,,,,1063E,1063W,,,2026/07/03,,2026/07/03,,2026/07/03,
"NAMSUNG SHIPPING CO., LTD.",namsung,Kobe,41,,HONOR OCEAN,,,,1056E,1056W,,,2026/06/01,15:55,2026/06/01,17:31,2026/06/01,23:20
"NAMSUNG SHIPPING CO., LTD.",namsung,Kobe,41,,JOSCO JANE,,,,2613E,2613W,,,2026/06/02,01:12,2026/06/02,07:04,2026/06/02,11:44
"NAMSUNG SHIPPING CO., LTD.",namsung,Kobe,41,,HONOR GLORY,,,,2618E,2618W,,,2026/06/04,07:05,2026/06/04,08:20,2026/06/04,14:47
"NAMSUNG SHIPPING CO., LTD.",namsung,Kobe,41,,HONOR OCEAN,,,,1057E,1057W,,,2026/06/05,15:05,2026/06/05,16:03,2026/06/05,23:11
"NAMSUNG SHIPPING CO., LTD.",namsung,Kobe,41,,HONOR GLORY,,,,2619E,2619W,,,2026/06/08,20:00,2026/06/09,07:16,2026/06/09,16:26
"NAMSUNG SHIPPING CO., LTD.",namsung,Kobe,41,,JIANG YUAN XING FU,,,,2611E,2611W,,,2026/06/10,06:55,2026/06/10,07:40,2026/06/10,10:58
"NAMSUNG SHIPPING CO., LTD.",namsung,Kobe,41,,JOSCO CORA,,,,2615E,2615W,,,2026/06/11,11:20,2026/06/11,12:20,2026/06/11,16:16
"NAMSUNG SHIPPING CO., LTD.",namsung,Kobe,41,,HONOR GLORY,,,,2620E,2620W,,,2026/06/13,15:50,2026/06/13,16:31,2026/06/13,23:00
"NAMSUNG SHIPPING CO., LTD.",namsung,Kobe,41,,HONOR OCEAN,,,,1058E,1058W,,,2026/06/10,16:15,2026/06/10,17:35,2026/06/10,21:46
"NAMSUNG SHIPPING CO., LTD.",namsung,Kobe,41,,HONOR OCEAN,,,,1059E,1059W,,,2026/06/15,17:30,2026/06/15,18:46,2026/06/16,01:14
"NAMSUNG SHIPPING CO., LTD.",namsung,Kobe,41,,HONOR GLORY,,,,2621E,2621W,,,2026/06/17,15:40,2026/06/17,16:40,2026/06/18,02:00
"NAMSUNG SHIPPING CO., LTD.",namsung,Kobe,41,,JIANG YUAN YUAN DA,,,,2611E,2611W,,,2026/06/18,,2026/06/18,,2026/06/18,
"NAMSUNG SHIPPING CO., LTD.",namsung,Kobe,41,,HONOR OCEAN,,,,1060E,1060W,,,2026/06/19,,2026/06/19,,2026/06/19,
"NAMSUNG SHIPPING CO., LTD.",namsung,Kobe,41,,PREMIER,,,,2651E,2651W,,,2026/06/18,,2026/06/18,,2026/06/18,
"NAMSUNG SHIPPING CO., LTD.",namsung,Kobe,41,,JIANG YUAN YUAN BO,,,,2613E,2613W,,,2026/06/19,,2026/06/19,,2026/06/19,
"NAMSUNG SHIPPING CO., LTD.",namsung,Kobe,41,,HONOR GLORY,,,,2622E,2622W,,,2026/06/22,,2026/06/22,,2026/06/22,
"NAMSUNG SHIPPING CO., LTD.",namsung,Kobe,41,,JOSCO BRIGHT,,,,2616E,2616W,,,2026/06/23,,2026/06/23,,2026/06/23,
"NAMSUNG SHIPPING CO., LTD.",namsung,Kobe,41,,HONOR OCEAN,,,,1061E,1061W,,,2026/06/24,,2026/06/24,,2026/06/24,
"NAMSUNG SHIPPING CO., LTD.",namsung,Kobe,41,,HONOR GLORY,,,,2623E,2623W,,,2026/06/26,,2026/06/26,,2026/06/26,
"NAMSUNG SHIPPING CO., LTD.",namsung,Kobe,41,,JIANG YUAN XING FU,,,,2612E,2612W,,,2026/06/26,,2026/06/26,,2026/06/26,
"NAMSUNG SHIPPING CO., LTD.",namsung,Kobe,41,,HONOR OCEAN,,,,1062E,1062W,,,2026/06/29,,2026/06/29,,2026/06/29,
"NAMSUNG SHIPPING CO., LTD.",namsung,Kobe,41,,JOSCO JANE,,,,2616E,2616W,,,2026/06/30,,2026/06/30,,2026/06/30,
"NAMSUNG SHIPPING CO., LTD.",namsung,Kobe,41,,HONOR GLORY,,,,2624E,2624W,,,2026/07/01,,2026/07/01,,2026/07/01,
"NAMSUNG SHIPPING CO., LTD.",namsung,Kobe,41,,JIANG YUAN YUAN BO,,,,2614E,2614W,,,2026/07/03,,2026/07/03,,2026/07/03,
"NAMSUNG SHIPPING CO., LTD.",namsung,Kobe,41,,HONOR OCEAN,,,,1063E,1063W,,,2026/07/03,,2026/07/03,,2026/07/03,
"NAMSUNG SHIPPING CO., LTD.",namsung,Mizushima,50,,SUNNY CALLA,,,,2622E,2622W,,,,,,,,
"NAMSUNG SHIPPING CO., LTD.",namsung,Mizushima,50,,STAR CHALLENGER,,,,2622E,2622W,,,2026/06/03,14:23,2026/06/03,14:54,2026/06/03,17:14
"NAMSUNG SHIPPING CO., LTD.",namsung,Mizushima,50,,WECAN,,,,2619E,2619W,,,2026/06/04,19:00,2026/06/05,06:24,2026/06/05,12:14
"NAMSUNG SHIPPING CO., LTD.",namsung,Mizushima,50,,SUNNY CALLA,,,,2623E,2623W,,,,,,,,
"NAMSUNG SHIPPING CO., LTD.",namsung,Mizushima,50,,STAR CHALLENGER,,,,2623E,2623W,,,2026/06/10,13:48,2026/06/10,14:30,2026/06/10,17:55
"NAMSUNG SHIPPING CO., LTD.",namsung,Mizushima,50,,WECAN,,,,2620E,2620W,,,2026/06/12,13:45,2026/06/12,14:18,2026/06/12,18:31
"NAMSUNG SHIPPING CO., LTD.",namsung,Mizushima,50,,STAR CHALLENGER,,,,2624E,2624W,,,2026/06/17,14:00,2026/06/17,15:00,2026/06/17,18:30
"NAMSUNG SHIPPING CO., LTD.",namsung,Mizushima,50,,WECAN,,,,2621E,2621W,,,2026/06/19,,2026/06/19,,2026/06/19,
"NAMSUNG SHIPPING CO., LTD.",namsung,Mizushima,50,,STAR CHALLENGER,,,,2625E,2625W,,,2026/06/24,,2026/06/24,,2026/06/24,
"NAMSUNG SHIPPING CO., LTD.",namsung,Mizushima,50,,WECAN,,,,2622E,2622W,,,2026/06/25,,2026/06/25,,2026/06/25,
"NAMSUNG SHIPPING CO., LTD.",namsung,Mizushima,50,,WECAN,,,,2623E,2623W,,,2026/07/01,,2026/07/01,,2026/07/01,
"NAMSUNG SHIPPING CO., LTD.",namsung,Mizushima,50,,STAR CHALLENGER,,,,2626E,2626W,,,2026/07/01,,2026/07/01,,2026/07/01,
"NAMSUNG SHIPPING CO., LTD.",namsung,Hiroshima,51,,SUNNY CALLA,,,,2622E,2622W,,,,,,,,
"NAMSUNG SHIPPING CO., LTD.",namsung,Hiroshima,51,,STAR CHALLENGER,,,,2623E,2623W,,,2026/06/06,16:50,2026/06/06,17:36,2026/06/06,23:25
"NAMSUNG SHIPPING CO., LTD.",namsung,Hiroshima,51,,WECAN,,,,2619E,2619W,,,2026/06/05,20:14,2026/06/07,08:06,2026/06/07,15:20
"NAMSUNG SHIPPING CO., LTD.",namsung,Hiroshima,51,,SUNNY CALLA,,,,2623E,2623W,,,,,,,,
"NAMSUNG SHIPPING CO., LTD.",namsung,Hiroshima,51,,STAR CHALLENGER,,,,2624E,2624W,,,2026/06/14,07:19,2026/06/14,07:48,2026/06/14,11:40
"NAMSUNG SHIPPING CO., LTD.",namsung,Hiroshima,51,,WECAN,,,,2620E,2620W,,,2026/06/14,12:50,2026/06/14,13:24,2026/06/14,19:00
"NAMSUNG SHIPPING CO., LTD.",namsung,Hiroshima,51,,WECAN,,,,2621E,2621W,,,2026/06/20,,2026/06/20,,2026/06/20,
"NAMSUNG SHIPPING CO., LTD.",namsung,Hiroshima,51,,STAR CHALLENGER,,,,2625E,2625W,,,2026/06/20,,2026/06/20,,2026/06/21,
"NAMSUNG SHIPPING CO., LTD.",namsung,Hiroshima,51,,WECAN,,,,2622E,2622W,,,2026/06/26,,2026/06/26,,2026/06/27,
"NAMSUNG SHIPPING CO., LTD.",namsung,Hiroshima,51,,STAR CHALLENGER,,,,2626E,2626W,,,2026/06/27,,2026/06/27,,2026/06/28,
"NAMSUNG SHIPPING CO., LTD.",namsung,Hiroshima,51,,WECAN,,,,2623E,2623W,,,2026/07/02,,2026/07/02,,2026/07/02,
"NAMSUNG SHIPPING CO., LTD.",namsung,Hiroshima,51,,STAR CHALLENGER,,,,2627E,2627W,,,2026/07/04,,2026/07/04,,2026/07/05,
"NAMSUNG SHIPPING CO., LTD.",namsung,Iyomishima,60,,STAR CHALLENGER,,,,2622E,,,,2026/06/01,06:30,2026/06/01,07:20,2026/06/01,14:30
"NAMSUNG SHIPPING CO., LTD.",namsung,Iyomishima,60,,STAR CHALLENGER,,,,,2622W,,,2026/06/02,19:45,2026/06/03,07:55,2026/06/03,12:18
"NAMSUNG SHIPPING CO., LTD.",namsung,Iyomishima,60,,SUNNY DAHLIA,,,,2622E,2622W,,,2026/06/05,07:00,2026/06/05,12:30,2026/06/05,16:40
"NAMSUNG SHIPPING CO., LTD.",namsung,Iyomishima,60,,STAR CHALLENGER,,,,2623E,,,,2026/06/07,14:40,2026/06/08,07:20,2026/06/08,15:30
"NAMSUNG SHIPPING CO., LTD.",namsung,Iyomishima,60,,STAR CHALLENGER,,,,,2623W,,,2026/06/10,06:53,2026/06/10,07:20,2026/06/10,11:10
"NAMSUNG SHIPPING CO., LTD.",namsung,Iyomishima,60,,SUNNY DAHLIA,,,,2623E,2623W,,,2026/06/12,06:56,2026/06/12,07:30,2026/06/12,12:10
"NAMSUNG SHIPPING CO., LTD.",namsung,Iyomishima,60,,STAR CHALLENGER,,,,2624E,,,,2026/06/14,17:55,2026/06/15,07:30,2026/06/15,10:42
"NAMSUNG SHIPPING CO., LTD.",namsung,Iyomishima,60,,STAR CHALLENGER,,,,,2624W,,,2026/06/16,21:00,2026/06/17,07:18,2026/06/17,11:15
"NAMSUNG SHIPPING CO., LTD.",namsung,Iyomishima,60,,SUNNY DAHLIA,,,,2624E,2624W,,,2026/06/19,,2026/06/19,,2026/06/19,
"NAMSUNG SHIPPING CO., LTD.",namsung,Iyomishima,60,,STAR CHALLENGER,,,,2625E,,,,2026/06/22,,2026/06/22,,2026/06/22,
"NAMSUNG SHIPPING CO., LTD.",namsung,Iyomishima,60,,STAR CHALLENGER,,,,,2625W,,,2026/06/24,,2026/06/24,,2026/06/24,
"NAMSUNG SHIPPING CO., LTD.",namsung,Iyomishima,60,,SUNNY DAHLIA,,,,2625E,2625W,,,2026/06/26,,2026/06/26,,2026/06/26,
"NAMSUNG SHIPPING CO., LTD.",namsung,Iyomishima,60,,STAR CHALLENGER,,,,2626E,,,,2026/06/29,,2026/06/29,,2026/06/29,
"NAMSUNG SHIPPING CO., LTD.",namsung,Iyomishima,60,,STAR CHALLENGER,,,,,2626W,,,2026/07/01,,2026/07/01,,2026/07/01,
"NAMSUNG SHIPPING CO., LTD.",namsung,Iyomishima,60,,SUNNY DAHLIA,,,,2626E,2626W,,,2026/07/03,,2026/07/03,,2026/07/03,
"NAMSUNG SHIPPING CO., LTD.",namsung,Matsuyama,61,,STAR CHALLENGER,,,,2622E,2622W,,,2026/06/01,18:05,2026/06/01,18:40,2026/06/02,10:55
"NAMSUNG SHIPPING CO., LTD.",namsung,Matsuyama,61,,SUNNY DAHLIA,,,,2622E,2622W,,,2026/06/06,12:51,2026/06/06,13:40,2026/06/06,18:30
"NAMSUNG SHIPPING CO., LTD.",namsung,Matsuyama,61,,STAR CHALLENGER,,,,2623E,2623W,,,2026/06/08,20:00,2026/06/09,07:35,2026/06/09,14:00
"NAMSUNG SHIPPING CO., LTD.",namsung,Matsuyama,61,,SUNNY DAHLIA,,,,2623E,2623W,,,2026/06/13,12:58,2026/06/13,13:40,2026/06/13,17:20
"NAMSUNG SHIPPING CO., LTD.",namsung,Matsuyama,61,,STAR CHALLENGER,,,,2624E,2624W,,,2026/06/15,15:00,2026/06/16,07:25,2026/06/16,11:20
"NAMSUNG SHIPPING CO., LTD.",namsung,Matsuyama,61,,SUNNY DAHLIA,,,,2624E,2624W,,,2026/06/20,,2026/06/20,,2026/06/20,
"NAMSUNG SHIPPING CO., LTD.",namsung,Matsuyama,61,,STAR CHALLENGER,,,,2625E,2625W,,,2026/06/23,,2026/06/23,,2026/06/23,
"NAMSUNG SHIPPING CO., LTD.",namsung,Matsuyama,61,,SUNNY DAHLIA,,,,2625E,2625W,,,2026/06/27,,2026/06/27,,2026/06/27,
"NAMSUNG SHIPPING CO., LTD.",namsung,Matsuyama,61,,STAR CHALLENGER,,,,2626E,2626W,,,2026/06/30,,2026/06/30,,2026/06/30,
"NAMSUNG SHIPPING CO., LTD.",namsung,Matsuyama,61,,SUNNY DAHLIA,,,,2626E,2626W,,,2026/07/04,,2026/07/04,,2026/07/04,
"NAMSUNG SHIPPING CO., LTD.",namsung,Imabari,63,,STAR CHALLENGER,,,,2622E,2622W,,,2026/06/02,13:25,2026/06/02,13:45,2026/06/02,17:30
"NAMSUNG SHIPPING CO., LTD.",namsung,Imabari,63,,SUNNY DAHLIA,,,,2622E,2622W,,,2026/06/05,19:00,2026/06/06,07:10,2026/06/06,10:10
"NAMSUNG SHIPPING CO., LTD.",namsung,Imabari,63,,STAR CHALLENGER,,,,2623E,2623W,,,2026/06/09,16:09,2026/06/09,16:30,2026/06/09,21:30
"NAMSUNG SHIPPING CO., LTD.",namsung,Imabari,63,,SUNNY DAHLIA,,,,2623E,2623W,,,2026/06/12,14:30,2026/06/13,06:50,2026/06/13,10:40
"NAMSUNG SHIPPING CO., LTD.",namsung,Imabari,63,,STAR CHALLENGER,,,,2624E,2624W,,,2026/06/16,13:59,2026/06/16,14:20,2026/06/16,18:30
"NAMSUNG SHIPPING CO., LTD.",namsung,Imabari,63,,SUNNY DAHLIA,,,,2624E,2624W,,,2026/06/20,,2026/06/20,,2026/06/20,
"NAMSUNG SHIPPING CO., LTD.",namsung,Imabari,63,,STAR CHALLENGER,,,,2625E,2625W,,,2026/06/23,,2026/06/23,,2026/06/23,
"NAMSUNG SHIPPING CO., LTD.",namsung,Imabari,63,,SUNNY DAHLIA,,,,2625E,2625W,,,2026/06/27,,2026/06/27,,2026/06/27,
"NAMSUNG SHIPPING CO., LTD.",namsung,Imabari,63,,STAR CHALLENGER,,,,2626E,2626W,,,2026/06/30,,2026/06/30,,2026/06/30,
"NAMSUNG SHIPPING CO., LTD.",namsung,Imabari,63,,SUNNY DAHLIA,,,,2626E,2626W,,,2026/07/04,,2026/07/04,,2026/07/04,
"NAMSUNG SHIPPING CO., LTD.",namsung,Moji,70,,DONGJIN FIDES,,,,0707S,0707N,,,2026/05/30,16:05,2026/06/01,06:50,2026/06/01,11:56
"NAMSUNG SHIPPING CO., LTD.",namsung,Moji,70,,JOSCO JANE,,,,2613E,2613W,,,2026/06/03,07:10,2026/06/03,07:51,2026/06/03,14:20
"NAMSUNG SHIPPING CO., LTD.",namsung,Moji,70,,DONGJIN FIDES,,,,0708S,0708N,,,2026/06/04,06:52,2026/06/04,07:15,2026/06/04,11:50
"NAMSUNG SHIPPING CO., LTD.",namsung,Moji,70,,DONGJIN FIDES,,,,0709S,0709N,,,2026/06/08,22:40,2026/06/09,07:48,2026/06/09,11:10
"NAMSUNG SHIPPING CO., LTD.",namsung,Moji,70,,DONGJIN FIDES,,,,0710S,0710N,,,2026/06/12,16:22,2026/06/12,18:10,2026/06/13,02:25
"NAMSUNG SHIPPING CO., LTD.",namsung,Moji,70,,JOSCO CORA,,,,2615E,2615W,,,2026/06/13,06:15,2026/06/13,06:50,2026/06/13,12:41
"NAMSUNG SHIPPING CO., LTD.",namsung,Moji,70,,DONGJIN FIDES,,,,0711S,0711N,,,2026/06/15,09:50,2026/06/15,11:27,2026/06/15,16:41
"NAMSUNG SHIPPING CO., LTD.",namsung,Moji,70,,DONGJIN FIDES,,,,0712S,0712N,,,2026/06/19,,2026/06/19,,2026/06/19,
"NAMSUNG SHIPPING CO., LTD.",namsung,Moji,70,,DONGJIN FIDES,,,,0713S,0713N,,,2026/06/21,,2026/06/21,,2026/06/21,
"NAMSUNG SHIPPING CO., LTD.",namsung,Moji,70,,PREMIER,,,,2651E,2651W,,,2026/06/19,,2026/06/19,,2026/06/19,
"NAMSUNG SHIPPING CO., LTD.",namsung,Moji,70,,JOSCO BRIGHT,,,,2616E,2616W,,,2026/06/24,,2026/06/24,,2026/06/24,
"NAMSUNG SHIPPING CO., LTD.",namsung,Moji,70,,DONGJIN FIDES,,,,0714S,0714N,,,2026/06/25,,2026/06/25,,2026/06/25,
"NAMSUNG SHIPPING CO., LTD.",namsung,Moji,70,,DONGJIN FIDES,,,,0715S,0715N,,,2026/06/27,,2026/06/27,,2026/06/27,
"NAMSUNG SHIPPING CO., LTD.",namsung,Moji,70,,JOSCO JANE,,,,2616E,2616W,,,2026/07/01,,2026/07/01,,2026/07/01,
"NAMSUNG SHIPPING CO., LTD.",namsung,Moji,70,,DONGJIN FIDES,,,,0717S,0717N,,,2026/07/03,,2026/07/03,,2026/07/03,
"NAMSUNG SHIPPING CO., LTD.",namsung,Moji,70,,DONGJIN FIDES,,,,0716S,0716N,,,2026/07/01,,2026/07/01,,2026/07/01,
"NAMSUNG SHIPPING CO., LTD.",namsung,Hakata,77,,STAR SKIPPER,,,,2610E,2610W,,,2026/06/01,13:00,2026/06/01,13:40,2026/06/01,15:49
"NAMSUNG SHIPPING CO., LTD.",namsung,Hakata,77,,DONGJIN FIDES,,,,0708S,0708N,,,2026/06/03,07:23,2026/06/03,07:57,2026/06/03,11:27
"NAMSUNG SHIPPING CO., LTD.",namsung,Hakata,77,,STAR CHALLENGER,,,,2622E,2622W,,,2026/06/04,11:59,2026/06/04,12:35,2026/06/04,15:58
"NAMSUNG SHIPPING CO., LTD.",namsung,Hakata,77,,DONGJIN FIDES,,,,0707S,0707N,,,2026/06/01,16:52,2026/06/01,17:27,2026/06/01,20:55
"NAMSUNG SHIPPING CO., LTD.",namsung,Hakata,77,,JOSCO JANE,,,,2613E,2613W,,,2026/06/03,18:25,2026/06/03,19:07,2026/06/03,21:34
"NAMSUNG SHIPPING CO., LTD.",namsung,Hakata,77,,DONGJIN FIDES,,,,0709S,0709N,,,2026/06/08,01:45,2026/06/08,12:27,2026/06/08,17:34
"NAMSUNG SHIPPING CO., LTD.",namsung,Hakata,77,,STAR CHALLENGER,,,,2623E,2623W,,,2026/06/11,09:55,2026/06/11,10:33,2026/06/11,15:41
"NAMSUNG SHIPPING CO., LTD.",namsung,Hakata,77,,SUNNY LAUREL,,,,2611E,2611W,,,,,,,,
"NAMSUNG SHIPPING CO., LTD.",namsung,Hakata,77,,DONGJIN FIDES,,,,0710S,0710N,,,2026/06/11,16:54,2026/06/11,17:32,2026/06/11,21:11
"NAMSUNG SHIPPING CO., LTD.",namsung,Hakata,77,,JOSCO CORA,,,,2615E,2615W,,,2026/06/13,17:18,2026/06/15,07:11,2026/06/15,12:50
"NAMSUNG SHIPPING CO., LTD.",namsung,Hakata,77,,DONGJIN FIDES,,,,0711S,0711N,,,2026/06/16,05:27,2026/06/16,06:05,2026/06/16,11:41
"NAMSUNG SHIPPING CO., LTD.",namsung,Hakata,77,,JIANG YUAN YUAN DA,,,,2611E,2611W,,,2026/06/14,20:25,2026/06/17,18:00,2026/06/17,22:00
"NAMSUNG SHIPPING CO., LTD.",namsung,Hakata,77,,STAR CHALLENGER,,,,2624E,2624W,,,2026/06/18,12:00,2026/06/18,13:00,2026/06/18,17:00
"NAMSUNG SHIPPING CO., LTD.",namsung,Hakata,77,,PREMIER,,,,2651E,2651W,,,2026/06/19,,2026/06/19,,2026/06/19,
"NAMSUNG SHIPPING CO., LTD.",namsung,Hakata,77,,STAR SKIPPER,,,,2611E,2611W,,,2026/06/20,,2026/06/20,,2026/06/20,
"NAMSUNG SHIPPING CO., LTD.",namsung,Hakata,77,,DONGJIN FIDES,,,,0712S,0712N,,,2026/06/18,13:30,2026/06/18,14:30,2026/06/18,18:30
"NAMSUNG SHIPPING CO., LTD.",namsung,Hakata,77,,DONGJIN FIDES,,,,0713S,0713N,,,2026/06/22,,2026/06/22,,2026/06/22,
"NAMSUNG SHIPPING CO., LTD.",namsung,Hakata,77,,DONGJIN FIDES,,,,0714S,0714N,,,2026/06/24,,2026/06/24,,2026/06/24,
"NAMSUNG SHIPPING CO., LTD.",namsung,Hakata,77,,STAR CHALLENGER,,,,2625E,2625W,,,2026/06/25,,2026/06/25,,2026/06/25,
"NAMSUNG SHIPPING CO., LTD.",namsung,Hakata,77,,DONGJIN FIDES,,,,0715S,0715N,,,2026/06/28,,2026/06/28,,2026/06/28,
"NAMSUNG SHIPPING CO., LTD.",namsung,Hakata,77,,JOSCO BRIGHT,,,,2616E,2616W,,,2026/06/24,,2026/06/24,,2026/06/24,
"NAMSUNG SHIPPING CO., LTD.",namsung,Hakata,77,,SUNNY LAUREL,,,,2612E,2612W,,,2026/06/29,,2026/06/29,,2026/06/29,
"NAMSUNG SHIPPING CO., LTD.",namsung,Hakata,77,,DONGJIN FIDES,,,,0716S,0716N,,,2026/06/30,,2026/06/30,,2026/06/30,
"NAMSUNG SHIPPING CO., LTD.",namsung,Hakata,77,,JOSCO JANE,,,,2616E,2616W,,,2026/07/01,,2026/07/01,,2026/07/01,
"NAMSUNG SHIPPING CO., LTD.",namsung,Hakata,77,,STAR CHALLENGER,,,,2626E,2626W,,,2026/07/02,,2026/07/02,,2026/07/02,
"NAMSUNG SHIPPING CO., LTD.",namsung,Hakata,77,,STAR SKIPPER,,,,2612E,2612W,,,2026/07/04,,2026/07/04,,2026/07/04,
"NAMSUNG SHIPPING CO., LTD.",namsung,Hakata,77,,DONGJIN FIDES,,,,0717S,0717N,,,2026/07/04,,2026/07/04,,2026/07/04,
"NAMSUNG SHIPPING CO., LTD.",namsung,Oita,78,,STAR VOYAGER,,,,2621E,2621W,,,,,,,,
"NAMSUNG SHIPPING CO., LTD.",namsung,Oita,78,,SUNNY CALLA,,,,2622E,2622W,,,,,,,,
"NAMSUNG SHIPPING CO., LTD.",namsung,Oita,78,,WECAN,,,,2619E,2619W,,,2026/06/07,22:44,2026/06/08,06:48,2026/06/08,15:04
"NAMSUNG SHIPPING CO., LTD.",namsung,Oita,78,,STAR VOYAGER,,,,2622E,2622W,,,2026/06/09,19:48,2026/06/10,06:54,2026/06/10,12:20
"NAMSUNG SHIPPING CO., LTD.",namsung,Oita,78,,WECAN,,,,2621E,2621W,,,2026/06/22,,2026/06/22,,2026/06/22,
"NAMSUNG SHIPPING CO., LTD.",namsung,Oita,78,,STAR VOYAGER,,,,2624E,2624W,,,2026/06/23,,2026/06/24,,2026/06/24,
"NAMSUNG SHIPPING CO., LTD.",namsung,Oita,78,,STAR VOYAGER,,,,2625E,2625W,,,,,,,,
"NAMSUNG SHIPPING CO., LTD.",namsung,Oita,78,,WECAN,,,,2623E,2623W,,,2026/07/03,,2026/07/03,,2026/07/03,
"NAMSUNG SHIPPING CO., LTD.",namsung,Hososhima,90,,REGAINING EARTH,,,,0132E,0132W,,,2026/06/05,11:28,2026/06/05,12:10,2026/06/05,18:10
"NAMSUNG SHIPPING CO., LTD.",namsung,Shibushi,91,,SUNNY PALM,,,,2622E,2622W,,,2026/06/04,02:05,2026/06/04,08:00,2026/06/04,13:10
"NAMSUNG SHIPPING CO., LTD.",namsung,Shibushi,91,,SUNNY PALM,,,,2623E,2623W,,,2026/06/11,12:17,2026/06/11,13:10,2026/06/11,17:20
"NAMSUNG SHIPPING CO., LTD.",namsung,Shibushi,91,,SUNNY PALM,,,,2624E,2624W,,,2026/06/18,,2026/06/18,,2026/06/18,
"NAMSUNG SHIPPING CO., LTD.",namsung,Shibushi,91,,SUNNY PALM,,,,2625E,2625W,,,2026/06/25,,2026/06/25,,2026/06/25,
"NAMSUNG SHIPPING CO., LTD.",namsung,Shibushi,91,,JI XIANG,,,,2602E,2602W,,,2026/07/02,,2026/07/02,,2026/07/02,
"PAN CONTINENTAL SHIPPING CO., LTD.",pancon,Yokohama,11,,VICTORY STAR,,,,2614E,2614W,,,2026/06/01,16:40,2026/06/01,17:12,2026/06/03,05:00
"PAN CONTINENTAL SHIPPING CO., LTD.",pancon,Yokohama,11,,SUNNY ROSE,,,,2607N,2607S,,,2026/06/03,05:12,2026/06/04,07:48,2026/06/04,15:40
"PAN CONTINENTAL SHIPPING CO., LTD.",pancon,Yokohama,11,,AKITA TRADER,,,,2620E,2620W,,,2026/06/07,15:46,2026/06/08,07:30,2026/06/08,15:35
"PAN CONTINENTAL SHIPPING CO., LTD.",pancon,Yokohama,11,,TY INCHEON,,,,2614E,2614W,,,2026/06/09,07:35,2026/06/09,08:18,2026/06/09,11:45
"PAN CONTINENTAL SHIPPING CO., LTD.",pancon,Yokohama,11,,ATLANTIC BRIDGE,,,,2616E,2616W,,,2026/06/10,06:30,2026/06/10,07:12,2026/06/10,12:55
"PAN CONTINENTAL SHIPPING CO., LTD.",pancon,Yokohama,11,,AKITA TRADER,,,,2621E,2621W,,,,,,,,
"PAN CONTINENTAL SHIPPING CO., LTD.",pancon,Yokohama,11,,VICTORY STAR,,,,2615E,2615W,,,2026/06/14,05:42,2026/06/14,17:06,2026/06/15,04:55
"PAN CONTINENTAL SHIPPING CO., LTD.",pancon,Yokohama,11,,ATLANTIC BRIDGE,,,,2617E,2617W,,,,,,,,
"PAN CONTINENTAL SHIPPING CO., LTD.",pancon,Yokohama,11,,SUNNY FREESIA,,,,2615N,2615S,,,2026/06/09,17:45,2026/06/09,18:24,2026/06/10,04:45
"PAN CONTINENTAL SHIPPING CO., LTD.",pancon,Yokohama,11,,AKITA TRADER,,,,2622E,2622W,,,2026/06/15,17:50,2026/06/15,18:18,2026/06/16,03:50
"PAN CONTINENTAL SHIPPING CO., LTD.",pancon,Yokohama,11,,TY INCHEON,,,,2615E,2615W,,,2026/06/17,16:30,2026/06/17,17:30,2026/06/18,
"PAN CONTINENTAL SHIPPING CO., LTD.",pancon,Yokohama,11,,SUNNY LAVENDER,,,,2608N,2608S,,,2026/06/18,06:30,2026/06/18,07:30,2026/06/18,16:00
"PAN CONTINENTAL SHIPPING CO., LTD.",pancon,Yokohama,11,,ATLANTIC BRIDGE,,,,2618E,2618W,,,2026/06/19,,2026/06/19,,2026/06/20,
"PAN CONTINENTAL SHIPPING CO., LTD.",pancon,Yokohama,11,,AKITA TRADER,,,,2623E,2623W,,,2026/06/22,,2026/06/22,,2026/06/23,
"PAN CONTINENTAL SHIPPING CO., LTD.",pancon,Yokohama,11,,VICTORY STAR,,,,2616E,2616W,,,2026/06/24,,2026/06/24,,2026/06/24,
"PAN CONTINENTAL SHIPPING CO., LTD.",pancon,Yokohama,11,,SUNNY ROSE,,,,2608N,2608S,,,2026/06/26,,2026/06/26,,2026/06/26,
"PAN CONTINENTAL SHIPPING CO., LTD.",pancon,Yokohama,11,,TY INCHEON,,,,2616E,2616W,,,2026/06/27,,2026/06/27,,2026/06/28,
"PAN CONTINENTAL SHIPPING CO., LTD.",pancon,Yokohama,11,,ATLANTIC BRIDGE,,,,2619E,2619W,,,2026/06/29,,2026/06/29,,2026/06/29,
"PAN CONTINENTAL SHIPPING CO., LTD.",pancon,Yokohama,11,,VICTORY STAR,,,,2617E,2617W,,,2026/07/01,,2026/07/01,,2026/07/01,
"PAN CONTINENTAL SHIPPING CO., LTD.",pancon,Yokohama,11,,TY INCHEON,,,,2617E,2617W,,,2026/07/03,,2026/07/03,,2026/07/03,
"PAN CONTINENTAL SHIPPING CO., LTD.",pancon,Yokohama,11,,AKITA TRADER,,,,2624E,2624W,,,2026/06/29,,2026/06/29,,2026/06/30,
"PAN CONTINENTAL SHIPPING CO., LTD.",pancon,Yokohama,11,,SUNNY FREESIA,,,,2616N,2616S,,,2026/07/01,,2026/07/01,,2026/07/01,
"PAN CONTINENTAL SHIPPING CO., LTD.",pancon,Tokyo,13,,VICTORY STAR,,,,2614E,2614W,,,2026/06/01,06:34,2026/06/01,07:31,2026/06/01,14:58
"PAN CONTINENTAL SHIPPING CO., LTD.",pancon,Tokyo,13,,SUNNY ROSE,,,,2607N,2607S,,,2026/06/01,16:06,2026/06/02,07:52,2026/06/02,18:49
"PAN CONTINENTAL SHIPPING CO., LTD.",pancon,Tokyo,13,,PANCON SUCCESS,,,,2619E,2619W,,,,,,,,
"PAN CONTINENTAL SHIPPING CO., LTD.",pancon,Tokyo,13,,ATLANTIC BRIDGE,,,,2617E,2617W,,,,,,,,
"PAN CONTINENTAL SHIPPING CO., LTD.",pancon,Tokyo,13,,ATLANTIC BRIDGE,,,,2616E,2616W,,,2026/06/09,10:58,2026/06/09,12:03,2026/06/09,20:30
"PAN CONTINENTAL SHIPPING CO., LTD.",pancon,Tokyo,13,,SUNNY FREESIA,,,,2615N,2615S,,,2026/06/10,06:36,2026/06/10,07:31,2026/06/10,18:24
"PAN CONTINENTAL SHIPPING CO., LTD.",pancon,Tokyo,13,,AKITA TRADER,,,,2621E,2621W,,,,,,,,
"PAN CONTINENTAL SHIPPING CO., LTD.",pancon,Tokyo,13,,AKITA TRADER,,,,2620E,2620W,,,2026/06/08,16:53,2026/06/08,17:39,2026/06/09,04:33
"PAN CONTINENTAL SHIPPING CO., LTD.",pancon,Tokyo,13,,TY INCHEON,,,,2614E,2614W,,,2026/06/09,13:56,2026/06/09,18:42,2026/06/10,03:46
"PAN CONTINENTAL SHIPPING CO., LTD.",pancon,Tokyo,13,,VICTORY STAR,,,,2615E,2615W,,,2026/06/15,06:36,2026/06/15,07:38,2026/06/15,17:30
"PAN CONTINENTAL SHIPPING CO., LTD.",pancon,Tokyo,13,,TY INCHEON,,,,2615E,2615W,,,2026/06/17,06:34,2026/06/17,07:27,2026/06/17,15:00
"PAN CONTINENTAL SHIPPING CO., LTD.",pancon,Tokyo,13,,ATLANTIC BRIDGE,,,,2618E,2618W,,,2026/06/19,,2026/06/19,,2026/06/19,
"PAN CONTINENTAL SHIPPING CO., LTD.",pancon,Tokyo,13,,PANCON SUCCESS,,,,2620E,2620W,,,2026/06/20,20:00,2026/06/21,08:00,2026/06/21,16:00
"PAN CONTINENTAL SHIPPING CO., LTD.",pancon,Tokyo,13,,AKITA TRADER,,,,2622E,2622W,,,2026/06/15,06:56,2026/06/15,07:37,2026/06/15,16:16
"PAN CONTINENTAL SHIPPING CO., LTD.",pancon,Tokyo,13,,SUNNY LAVENDER,,,,2608N,2608S,,,2026/06/17,06:53,2026/06/17,07:58,2026/06/18,05:00
"PAN CONTINENTAL SHIPPING CO., LTD.",pancon,Tokyo,13,,AKITA TRADER,,,,2623E,2623W,,,2026/06/22,,2026/06/22,,2026/06/22,
"PAN CONTINENTAL SHIPPING CO., LTD.",pancon,Tokyo,13,,VICTORY STAR,,,,2616E,2616W,,,2026/06/23,,2026/06/23,,2026/06/24,
"PAN CONTINENTAL SHIPPING CO., LTD.",pancon,Tokyo,13,,PANCON SUCCESS,,,,2621E,2621W,,,2026/06/24,,2026/06/24,,2026/06/24,
"PAN CONTINENTAL SHIPPING CO., LTD.",pancon,Tokyo,13,,SUNNY ROSE,,,,2608N,2608S,,,2026/06/25,,2026/06/25,,2026/06/25,
"PAN CONTINENTAL SHIPPING CO., LTD.",pancon,Tokyo,13,,TY INCHEON,,,,2616E,2616W,,,2026/06/27,,2026/06/27,,2026/06/27,
"PAN CONTINENTAL SHIPPING CO., LTD.",pancon,Tokyo,13,,AKITA TRADER,,,,2624E,2624W,,,2026/06/29,,2026/06/29,,2026/06/29,
"PAN CONTINENTAL SHIPPING CO., LTD.",pancon,Tokyo,13,,SUNNY FREESIA,,,,2616N,2616S,,,2026/06/30,,2026/06/30,,2026/06/30,
"PAN CONTINENTAL SHIPPING CO., LTD.",pancon,Tokyo,13,,PANCON SUCCESS,,,,2622E,2622W,,,2026/07/01,,2026/07/01,,2026/07/01,
"PAN CONTINENTAL SHIPPING CO., LTD.",pancon,Tokyo,13,,TY INCHEON,,,,2617E,2617W,,,2026/07/03,,2026/07/03,,2026/07/03,
"PAN CONTINENTAL SHIPPING CO., LTD.",pancon,Tokyo,13,,ATLANTIC BRIDGE,,,,2619E,2619W,,,2026/06/29,,2026/06/29,,2026/06/29,
"PAN CONTINENTAL SHIPPING CO., LTD.",pancon,Tokyo,13,,VICTORY STAR,,,,2617E,2617W,,,2026/07/01,,2026/07/01,,2026/07/01,
"PAN CONTINENTAL SHIPPING CO., LTD.",pancon,Chiba,14,,SUNNY ROSE,,,,2607N,2607S,,,2026/06/02,20:10,2026/06/02,20:54,2026/06/03,03:20
"PAN CONTINENTAL SHIPPING CO., LTD.",pancon,Chiba,14,,SUNNY FREESIA,,,,2615N,2615S,,,2026/06/09,07:10,2026/06/09,08:00,2026/06/09,15:50
"PAN CONTINENTAL SHIPPING CO., LTD.",pancon,Chiba,14,,ATLANTIC BRIDGE,,,,2616E,2616W,,,2026/06/09,21:55,2026/06/09,23:00,2026/06/10,03:00
"PAN CONTINENTAL SHIPPING CO., LTD.",pancon,Chiba,14,,VICTORY STAR,,,,2615E,2615W,,,2026/06/15,19:00,2026/06/15,19:42,2026/06/16,00:01
"PAN CONTINENTAL SHIPPING CO., LTD.",pancon,Chiba,14,,TY INCHEON,,,,2615E,2615W,,,2026/06/18,,2026/06/18,,2026/06/18,
"PAN CONTINENTAL SHIPPING CO., LTD.",pancon,Chiba,14,,ATLANTIC BRIDGE,,,,2618E,2618W,,,2026/06/20,,2026/06/20,,2026/06/20,
"PAN CONTINENTAL SHIPPING CO., LTD.",pancon,Chiba,14,,SUNNY LAVENDER,,,,2608N,2608S,,,2026/06/18,18:30,2026/06/18,19:30,2026/06/19,04:00
"PAN CONTINENTAL SHIPPING CO., LTD.",pancon,Chiba,14,,SUNNY ROSE,,,,2608N,2608S,,,2026/06/25,,2026/06/25,,2026/06/25,
"PAN CONTINENTAL SHIPPING CO., LTD.",pancon,Chiba,14,,SUNNY FREESIA,,,,2616N,2616S,,,2026/06/30,,2026/06/30,,2026/07/01,
"PAN CONTINENTAL SHIPPING CO., LTD.",pancon,Chiba,14,,VICTORY STAR,,,,2617E,2617W,,,2026/07/01,,2026/07/01,,2026/07/01,
"PAN CONTINENTAL SHIPPING CO., LTD.",pancon,Chiba,14,,TY INCHEON,,,,2617E,2617W,,,2026/07/03,,2026/07/03,,2026/07/03,
"PAN CONTINENTAL SHIPPING CO., LTD.",pancon,Niigata,24,,OSAKA VOYAGER,,,,2625E,2625W,,,2026/06/03,05:51,2026/06/03,07:00,2026/06/03,17:10
"PAN CONTINENTAL SHIPPING CO., LTD.",pancon,Niigata,24,,SUNNY CLOVER,,,,2610E,2610W,,,2026/06/05,06:05,2026/06/05,07:10,2026/06/06,15:30
"PAN CONTINENTAL SHIPPING CO., LTD.",pancon,Niigata,24,,SKY FLOWER,,,,2610E,2610W,,,2026/06/11,05:53,2026/06/11,06:50,2026/06/11,18:40
"PAN CONTINENTAL SHIPPING CO., LTD.",pancon,Niigata,24,,VOSTOCHNY VOYAGER,,,,2633E,2633W,,,2026/06/12,07:38,2026/06/12,08:55,2026/06/12,17:05
"PAN CONTINENTAL SHIPPING CO., LTD.",pancon,Niigata,24,,SKY JADE,,,,2610E,2610W,,,2026/06/15,06:03,2026/06/15,06:50,2026/06/16,17:35
"PAN CONTINENTAL SHIPPING CO., LTD.",pancon,Niigata,24,,PANCON SUNSHINE,,,,2610E,2610W,,,2026/06/17,06:24,2026/06/17,07:10,2026/06/18,04:00
"PAN CONTINENTAL SHIPPING CO., LTD.",pancon,Niigata,24,,OSAKA VOYAGER,,,,2628E,2628W,,,2026/06/19,,2026/06/19,,2026/06/19,
"PAN CONTINENTAL SHIPPING CO., LTD.",pancon,Niigata,24,,SUNNY CLOVER,,,,2611E,2611W,,,2026/06/20,,2026/06/20,,2026/06/21,
"PAN CONTINENTAL SHIPPING CO., LTD.",pancon,Niigata,24,,VOSTOCHNY VOYAGER,,,,2636E,2636W,,,2026/06/23,,2026/06/24,,2026/06/24,
"PAN CONTINENTAL SHIPPING CO., LTD.",pancon,Niigata,24,,SKY JADE,,,,2611E,2611W,,,2026/06/27,,2026/06/28,,2026/06/28,
"PAN CONTINENTAL SHIPPING CO., LTD.",pancon,Niigata,24,,SKY FLOWER,,,,2611E,2611W,,,2026/06/24,,2026/06/24,,2026/06/24,
"PAN CONTINENTAL SHIPPING CO., LTD.",pancon,Niigata,24,,OSAKA VOYAGER,,,,2631E,2631W,,,2026/06/30,,2026/07/01,,2026/07/01,
"PAN CONTINENTAL SHIPPING CO., LTD.",pancon,Niigata,24,,SUNNY CLOVER,,,,2612E,2612W,,,2026/07/02,,2026/07/02,,2026/07/03,
"PAN CONTINENTAL SHIPPING CO., LTD.",pancon,Niigata,24,,SKY FLOWER,,,,2612E,2612W,,,2026/07/04,,2026/07/04,,2026/07/04,
"PAN CONTINENTAL SHIPPING CO., LTD.",pancon,Niigata,24,,PANCON SUNSHINE,,,,2611E,2611W,,,2026/07/01,,2026/07/01,,2026/07/02,
"PAN CONTINENTAL SHIPPING CO., LTD.",pancon,Toyama shinko,25,,OSAKA VOYAGER,,,,2625E,2625W,,,2026/06/04,07:49,2026/06/04,08:30,2026/06/04,13:50
"PAN CONTINENTAL SHIPPING CO., LTD.",pancon,Toyama shinko,25,,SUNNY CLOVER,,,,2610E,2610W,,,2026/06/08,05:41,2026/06/08,06:30,2026/06/08,15:50
"PAN CONTINENTAL SHIPPING CO., LTD.",pancon,Toyama shinko,25,,VOSTOCHNY VOYAGER,,,,2633E,2633W,,,2026/06/11,06:17,2026/06/11,07:00,2026/06/11,15:00
"PAN CONTINENTAL SHIPPING CO., LTD.",pancon,Toyama shinko,25,,SKY FLOWER,,,,2610E,2610W,,,2026/06/12,06:14,2026/06/12,07:00,2026/06/12,11:50
"PAN CONTINENTAL SHIPPING CO., LTD.",pancon,Toyama shinko,25,,SKY JADE,,,,2610E,2610W,,,2026/06/17,06:09,2026/06/17,06:50,2026/06/17,14:00
"PAN CONTINENTAL SHIPPING CO., LTD.",pancon,Toyama shinko,25,,OSAKA VOYAGER,,,,2628E,2628W,,,2026/06/18,07:00,2026/06/18,08:00,2026/06/18,18:00
"PAN CONTINENTAL SHIPPING CO., LTD.",pancon,Toyama shinko,25,,PANCON SUNSHINE,,,,2610E,2610W,,,2026/06/18,,2026/06/19,,2026/06/19,
"PAN CONTINENTAL SHIPPING CO., LTD.",pancon,Toyama shinko,25,,SUNNY CLOVER,,,,2611E,2611W,,,2026/06/22,,2026/06/22,,2026/06/22,
"PAN CONTINENTAL SHIPPING CO., LTD.",pancon,Toyama shinko,25,,SKY FLOWER,,,,2611E,2611W,,,2026/06/25,,2026/06/25,,2026/06/25,
"PAN CONTINENTAL SHIPPING CO., LTD.",pancon,Toyama shinko,25,,VOSTOCHNY VOYAGER,,,,2636E,2636W,,,2026/06/25,,2026/06/25,,2026/06/25,
"PAN CONTINENTAL SHIPPING CO., LTD.",pancon,Toyama shinko,25,,SKY JADE,,,,2611E,2611W,,,2026/06/29,,2026/06/29,,2026/06/29,
"PAN CONTINENTAL SHIPPING CO., LTD.",pancon,Toyama shinko,25,,OSAKA VOYAGER,,,,2631E,2631W,,,2026/07/02,,2026/07/02,,2026/07/02,
"PAN CONTINENTAL SHIPPING CO., LTD.",pancon,Toyama shinko,25,,PANCON SUNSHINE,,,,2611E,2611W,,,2026/07/03,,2026/07/03,,2026/07/03,
"PAN CONTINENTAL SHIPPING CO., LTD.",pancon,Toyama shinko,25,,SKY FLOWER,,,,2612E,2612W,,,2026/07/05,,2026/07/05,,2026/07/05,
"PAN CONTINENTAL SHIPPING CO., LTD.",pancon,Toyama shinko,25,,SUNNY CLOVER,,,,2612E,2612W,,,2026/07/03,,2026/07/03,,2026/07/04,
"PAN CONTINENTAL SHIPPING CO., LTD.",pancon,Kanazawa,26,,PANCON SUNSHINE,,,,2609E,2609W,,,2026/06/01,06:51,2026/06/01,07:30,2026/06/01,16:30
"PAN CONTINENTAL SHIPPING CO., LTD.",pancon,Kanazawa,26,,OSAKA VOYAGER,,,,2625E,2625W,,,2026/06/05,07:35,2026/06/05,08:20,2026/06/05,13:15
"PAN CONTINENTAL SHIPPING CO., LTD.",pancon,Kanazawa,26,,VOSTOCHNY VOYAGER,,,,2633E,2633W,,,2026/06/13,07:40,2026/06/13,08:30,2026/06/13,13:00
"PAN CONTINENTAL SHIPPING CO., LTD.",pancon,Kanazawa,26,,SKY JADE,,,,2610E,2610W,,,2026/06/19,,2026/06/19,,2026/06/19,
"PAN CONTINENTAL SHIPPING CO., LTD.",pancon,Kanazawa,26,,OSAKA VOYAGER,,,,2628E,2628W,,,2026/06/20,,2026/06/20,,2026/06/20,
"PAN CONTINENTAL SHIPPING CO., LTD.",pancon,Kanazawa,26,,PANCON SUNSHINE,,,,2610E,2610W,,,2026/06/20,,2026/06/20,,2026/06/20,
"PAN CONTINENTAL SHIPPING CO., LTD.",pancon,Kanazawa,26,,VOSTOCHNY VOYAGER,,,,2636E,2636W,,,2026/06/26,,2026/06/26,,2026/06/26,
"PAN CONTINENTAL SHIPPING CO., LTD.",pancon,Kanazawa,26,,SKY JADE,,,,2611E,2611W,,,2026/06/30,,2026/06/30,,2026/06/30,
"PAN CONTINENTAL SHIPPING CO., LTD.",pancon,Kanazawa,26,,OSAKA VOYAGER,,,,2631E,2631W,,,2026/07/03,,2026/07/03,,2026/07/03,
"PAN CONTINENTAL SHIPPING CO., LTD.",pancon,Kanazawa,26,,PANCON SUNSHINE,,,,2611E,2611W,,,2026/07/04,,2026/07/04,,2026/07/04,
"PAN CONTINENTAL SHIPPING CO., LTD.",pancon,Shimizu,30,,PANCON SUCCESS,,,,2619E,2619W,,,,,,,,
"PAN CONTINENTAL SHIPPING CO., LTD.",pancon,Shimizu,30,,VICTORY STAR,,,,2614E,2614W,,,2026/06/04,10:23,2026/06/04,10:42,2026/06/04,17:00
"PAN CONTINENTAL SHIPPING CO., LTD.",pancon,Shimizu,30,,PROGRESS,,,,2601E,2601W,,,2026/06/05,14:45,2026/06/05,15:40,2026/06/06,04:00
"PAN CONTINENTAL SHIPPING CO., LTD.",pancon,Shimizu,30,,ATLANTIC BRIDGE,,,,2617E,2617W,,,,,,,,
"PAN CONTINENTAL SHIPPING CO., LTD.",pancon,Shimizu,30,,TY INCHEON,,,,2614E,2614W,,,2026/06/10,13:35,2026/06/10,14:10,2026/06/10,19:25
"PAN CONTINENTAL SHIPPING CO., LTD.",pancon,Shimizu,30,,PROGRESS,,,,2602E,2602W,,,2026/06/13,18:35,2026/06/13,19:15,2026/06/14,15:18
"PAN CONTINENTAL SHIPPING CO., LTD.",pancon,Shimizu,30,,PROGRESS,,,,2603E,2603W,,,,,,,,
"PAN CONTINENTAL SHIPPING CO., LTD.",pancon,Shimizu,30,,PANCON SUCCESS,,,,2620E,2620W,,,2026/06/19,18:00,2026/06/20,00:00,2026/06/20,12:00
"PAN CONTINENTAL SHIPPING CO., LTD.",pancon,Shimizu,30,,PROGRESS,,,,2604E,2604W,,,2026/06/21,,2026/06/21,,2026/06/21,
"PAN CONTINENTAL SHIPPING CO., LTD.",pancon,Shimizu,30,,PANCON SUCCESS,,,,2621E,2621W,,,2026/06/23,,2026/06/23,,2026/06/23,
"PAN CONTINENTAL SHIPPING CO., LTD.",pancon,Shimizu,30,,TY INCHEON,,,,2616E,2616W,,,2026/06/26,,2026/06/26,,2026/06/27,
"PAN CONTINENTAL SHIPPING CO., LTD.",pancon,Shimizu,30,,PROGRESS,,,,2605E,2605W,,,2026/06/27,,2026/06/27,,2026/06/28,
"PAN CONTINENTAL SHIPPING CO., LTD.",pancon,Shimizu,30,,ATLANTIC BRIDGE,,,,2619E,2619W,,,2026/06/28,,2026/06/28,,2026/06/28,
"PAN CONTINENTAL SHIPPING CO., LTD.",pancon,Shimizu,30,,VICTORY STAR,,,,2616E,2616W,,,2026/06/23,,2026/06/23,,2026/06/23,
"PAN CONTINENTAL SHIPPING CO., LTD.",pancon,Shimizu,30,,PANCON SUCCESS,,,,2622E,2622W,,,2026/06/30,,2026/06/30,,2026/06/30,
"PAN CONTINENTAL SHIPPING CO., LTD.",pancon,Shimizu,30,,PROGRESS,,,,2606E,2606W,,,2026/07/04,,2026/07/04,,2026/07/04,
"PAN CONTINENTAL SHIPPING CO., LTD.",pancon,Shimizu,30,,VICTORY STAR,,,,2618E,2618W,,,2026/07/05,,2026/07/05,,2026/07/05,
"PAN CONTINENTAL SHIPPING CO., LTD.",pancon,Nagoya,35,,PANCON SUCCESS,,,,2618E,2618W,,,2026/06/01,22:40,2026/06/02,07:55,2026/06/02,12:05
"PAN CONTINENTAL SHIPPING CO., LTD.",pancon,Nagoya,35,,VICTORY STAR,,,,2614E,2614W,,,2026/06/05,05:30,2026/06/05,06:55,2026/06/05,16:00
"PAN CONTINENTAL SHIPPING CO., LTD.",pancon,Nagoya,35,,AKITA TRADER,,,,2620E,2620W,,,2026/06/05,21:36,2026/06/06,13:30,2026/06/07,00:30
"PAN CONTINENTAL SHIPPING CO., LTD.",pancon,Nagoya,35,,PROGRESS,,,,2601E,2601W,,,2026/06/06,14:10,2026/06/06,15:35,2026/06/07,00:50
"PAN CONTINENTAL SHIPPING CO., LTD.",pancon,Nagoya,35,,ATLANTIC BRIDGE,,,,2617E,2617W,,,,,,,,
"PAN CONTINENTAL SHIPPING CO., LTD.",pancon,Nagoya,35,,PANCON SUCCESS,,,,2619E,2619W,,,2026/06/09,22:10,2026/06/10,00:10,2026/06/10,12:35
"PAN CONTINENTAL SHIPPING CO., LTD.",pancon,Nagoya,35,,TY INCHEON,,,,2614E,2614W,,,2026/06/11,08:06,2026/06/11,12:30,2026/06/11,21:45
"PAN CONTINENTAL SHIPPING CO., LTD.",pancon,Nagoya,35,,AKITA TRADER,,,,2621E,2621W,,,,,,,,
"PAN CONTINENTAL SHIPPING CO., LTD.",pancon,Nagoya,35,,PROGRESS,,,,2602E,2602W,,,2026/06/15,12:45,2026/06/15,13:55,2026/06/16,03:15
"PAN CONTINENTAL SHIPPING CO., LTD.",pancon,Nagoya,35,,AKITA TRADER,,,,2622E,2622W,,,2026/06/16,17:20,2026/06/16,18:25,2026/06/17,12:30
"PAN CONTINENTAL SHIPPING CO., LTD.",pancon,Nagoya,35,,PANCON SUCCESS,,,,2620E,2620W,,,2026/06/18,17:30,2026/06/18,18:30,2026/06/19,09:30
"PAN CONTINENTAL SHIPPING CO., LTD.",pancon,Nagoya,35,,PROGRESS,,,,2603E,2603W,,,,,,,,
"PAN CONTINENTAL SHIPPING CO., LTD.",pancon,Nagoya,35,,PROGRESS,,,,2604E,2604W,,,2026/06/22,,2026/06/22,,2026/06/22,
"PAN CONTINENTAL SHIPPING CO., LTD.",pancon,Nagoya,35,,AKITA TRADER,,,,2623E,2623W,,,2026/06/23,,2026/06/23,,2026/06/23,
"PAN CONTINENTAL SHIPPING CO., LTD.",pancon,Nagoya,35,,VICTORY STAR,,,,2616E,2616W,,,2026/06/25,,2026/06/25,,2026/06/25,
"PAN CONTINENTAL SHIPPING CO., LTD.",pancon,Nagoya,35,,TY INCHEON,,,,2616E,2616W,,,2026/06/28,,2026/06/28,,2026/06/28,
"PAN CONTINENTAL SHIPPING CO., LTD.",pancon,Nagoya,35,,PANCON SUCCESS,,,,2621E,2621W,,,2026/06/25,,2026/06/25,,2026/06/26,
"PAN CONTINENTAL SHIPPING CO., LTD.",pancon,Nagoya,35,,PROGRESS,,,,2605E,2605W,,,2026/06/28,,2026/06/28,,2026/06/28,
"PAN CONTINENTAL SHIPPING CO., LTD.",pancon,Nagoya,35,,AKITA TRADER,,,,2624E,2624W,,,2026/06/30,,2026/06/30,,2026/06/30,
"PAN CONTINENTAL SHIPPING CO., LTD.",pancon,Nagoya,35,,PANCON SUCCESS,,,,2622E,2622W,,,2026/07/02,,2026/07/02,,2026/07/03,
"PAN CONTINENTAL SHIPPING CO., LTD.",pancon,Nagoya,35,,PROGRESS,,,,2606E,2606W,,,2026/07/04,,2026/07/04,,2026/07/05,
"PAN CONTINENTAL SHIPPING CO., LTD.",pancon,Nagoya,35,,ATLANTIC BRIDGE,,,,2619E,2619W,,,2026/06/30,,2026/06/30,,2026/06/30,
"PAN CONTINENTAL SHIPPING CO., LTD.",pancon,Yokkaichi,36,,PANCON SUCCESS,,,,2618E,2618W,,,2026/06/01,15:35,2026/06/01,16:25,2026/06/01,21:55
"PAN CONTINENTAL SHIPPING CO., LTD.",pancon,Yokkaichi,36,,PROGRESS,,,,2601E,2601W,,,2026/06/07,14:50,2026/06/07,15:25,2026/06/07,21:00
"PAN CONTINENTAL SHIPPING CO., LTD.",pancon,Yokkaichi,36,,PANCON SUCCESS,,,,2619E,2619W,,,2026/06/09,15:25,2026/06/09,16:20,2026/06/09,21:30
"PAN CONTINENTAL SHIPPING CO., LTD.",pancon,Yokkaichi,36,,PROGRESS,,,,2602E,2602W,,,2026/06/15,06:25,2026/06/15,07:10,2026/06/15,11:55
"PAN CONTINENTAL SHIPPING CO., LTD.",pancon,Yokkaichi,36,,PANCON SUCCESS,,,,2620E,2620W,,,2026/06/18,12:00,2026/06/18,13:00,2026/06/18,17:00
"PAN CONTINENTAL SHIPPING CO., LTD.",pancon,Yokkaichi,36,,PROGRESS,,,,2603E,2603W,,,,,,,,
"PAN CONTINENTAL SHIPPING CO., LTD.",pancon,Yokkaichi,36,,PROGRESS,,,,2604E,2604W,,,2026/06/22,,2026/06/22,,2026/06/22,
"PAN CONTINENTAL SHIPPING CO., LTD.",pancon,Yokkaichi,36,,PANCON SUCCESS,,,,2621E,2621W,,,2026/06/25,,2026/06/25,,2026/06/25,
"PAN CONTINENTAL SHIPPING CO., LTD.",pancon,Yokkaichi,36,,PROGRESS,,,,2605E,2605W,,,2026/06/28,,2026/06/28,,2026/06/29,
"PAN CONTINENTAL SHIPPING CO., LTD.",pancon,Yokkaichi,36,,PANCON SUCCESS,,,,2622E,2622W,,,2026/07/02,,2026/07/02,,2026/07/02,
"PAN CONTINENTAL SHIPPING CO., LTD.",pancon,Yokkaichi,36,,PROGRESS,,,,2606E,2606W,,,2026/07/05,,2026/07/05,,2026/07/05,
"PAN CONTINENTAL SHIPPING CO., LTD.",pancon,Toyohashi,39,,PANCON SUCCESS,,,,2618E,2618W,,,2026/06/04,07:18,2026/06/04,07:57,2026/06/04,11:56
"PAN CONTINENTAL SHIPPING CO., LTD.",pancon,Toyohashi,39,,PROGRESS,,,,2601E,2601W,,,2026/06/07,06:55,2026/06/07,07:37,2026/06/07,11:11
"PAN CONTINENTAL SHIPPING CO., LTD.",pancon,Toyohashi,39,,PANCON SUCCESS,,,,2619E,2619W,,,2026/06/08,16:45,2026/06/09,08:00,2026/06/09,11:51
"PAN CONTINENTAL SHIPPING CO., LTD.",pancon,Toyohashi,39,,PROGRESS,,,,2602E,2602W,,,2026/06/16,07:19,2026/06/16,07:58,2026/06/16,10:00
"PAN CONTINENTAL SHIPPING CO., LTD.",pancon,Toyohashi,39,,PROGRESS,,,,2603E,2603W,,,,,,,,
"PAN CONTINENTAL SHIPPING CO., LTD.",pancon,Toyohashi,39,,PANCON SUCCESS,,,,2620E,2620W,,,2026/06/19,07:00,2026/06/19,08:00,2026/06/19,11:00
"PAN CONTINENTAL SHIPPING CO., LTD.",pancon,Toyohashi,39,,PROGRESS,,,,2604E,2604W,,,2026/06/22,,2026/06/22,,2026/06/22,
"PAN CONTINENTAL SHIPPING CO., LTD.",pancon,Toyohashi,39,,PANCON SUCCESS,,,,2621E,2621W,,,2026/06/25,,2026/06/25,,2026/06/25,
"PAN CONTINENTAL SHIPPING CO., LTD.",pancon,Toyohashi,39,,PROGRESS,,,,2605E,2605W,,,2026/06/29,,2026/06/29,,2026/06/29,
"PAN CONTINENTAL SHIPPING CO., LTD.",pancon,Toyohashi,39,,PANCON SUCCESS,,,,2622E,2622W,,,2026/07/02,,2026/07/02,,2026/07/02,
"PAN CONTINENTAL SHIPPING CO., LTD.",pancon,Toyohashi,39,,PROGRESS,,,,2606E,2606W,,,2026/07/05,,2026/07/05,,2026/07/05,
"PAN CONTINENTAL SHIPPING CO., LTD.",pancon,Osaka,40,,WECAN,,,,2619E,2619W,,,2026/06/02,07:00,2026/06/02,07:51,2026/06/02,16:02
"PAN CONTINENTAL SHIPPING CO., LTD.",pancon,Osaka,40,,PACIFIC MONACO,,,,2621E,2621W,,,2026/06/03,19:22,2026/06/03,20:10,2026/06/04,01:30
"PAN CONTINENTAL SHIPPING CO., LTD.",pancon,Osaka,40,,HONOR VOYAGER,,,,2622E,2622W,,,2026/06/04,14:45,2026/06/04,15:36,2026/06/04,21:15
"PAN CONTINENTAL SHIPPING CO., LTD.",pancon,Osaka,40,,HONOR VOYAGER,,,,2623E,2623W,,,2026/06/10,15:56,2026/06/10,16:44,2026/06/10,22:10
"PAN CONTINENTAL SHIPPING CO., LTD.",pancon,Osaka,40,,PACIFIC MONACO,,,,2622E,2622W,,,2026/06/11,17:40,2026/06/11,18:35,2026/06/11,23:47
"PAN CONTINENTAL SHIPPING CO., LTD.",pancon,Osaka,40,,PACIFIC MONACO,,,,2623E,2623W,,,,,,,,
"PAN CONTINENTAL SHIPPING CO., LTD.",pancon,Osaka,40,,WECAN,,,,2620E,2620W,,,2026/06/13,06:19,2026/06/13,07:15,2026/06/13,15:08
"PAN CONTINENTAL SHIPPING CO., LTD.",pancon,Osaka,40,,HONOR VOYAGER,,,,2624E,2624W,,,2026/06/17,06:16,2026/06/17,07:00,2026/06/17,14:45
"PAN CONTINENTAL SHIPPING CO., LTD.",pancon,Osaka,40,,WECAN,,,,2621E,2621W,,,2026/06/18,07:30,2026/06/18,08:30,2026/06/18,16:30
"PAN CONTINENTAL SHIPPING CO., LTD.",pancon,Osaka,40,,PACIFIC MONACO,,,,2624E,2624W,,,2026/06/19,,2026/06/19,,2026/06/19,
"PAN CONTINENTAL SHIPPING CO., LTD.",pancon,Osaka,40,,WECAN,,,,2622E,2622W,,,2026/06/24,,2026/06/24,,2026/06/24,
"PAN CONTINENTAL SHIPPING CO., LTD.",pancon,Osaka,40,,PACIFIC MONACO,,,,2625E,2625W,,,2026/06/26,,2026/06/26,,2026/06/26,
"PAN CONTINENTAL SHIPPING CO., LTD.",pancon,Osaka,40,,HONOR VOYAGER,,,,2625E,2625W,,,2026/06/24,,2026/06/24,,2026/06/24,
"PAN CONTINENTAL SHIPPING CO., LTD.",pancon,Osaka,40,,WECAN,,,,2623E,2623W,,,2026/06/30,,2026/06/30,,2026/06/30,
"PAN CONTINENTAL SHIPPING CO., LTD.",pancon,Osaka,40,,HONOR VOYAGER,,,,2626E,2626W,,,2026/07/01,,2026/07/01,,2026/07/01,
"PAN CONTINENTAL SHIPPING CO., LTD.",pancon,Osaka,40,,PACIFIC MONACO,,,,2626E,2626W,,,2026/07/03,,2026/07/03,,2026/07/03,
"PAN CONTINENTAL SHIPPING CO., LTD.",pancon,Kobe,41,,WECAN,,,,2619E,2619W,,,2026/06/01,16:35,2026/06/01,17:36,2026/06/02,06:15
"PAN CONTINENTAL SHIPPING CO., LTD.",pancon,Kobe,41,,PACIFIC MONACO,,,,2621E,2621W,,,2026/06/03,12:40,2026/06/03,14:05,2026/06/03,18:43
"PAN CONTINENTAL SHIPPING CO., LTD.",pancon,Kobe,41,,HONOR VOYAGER,,,,2622E,2622W,,,2026/06/03,20:00,2026/06/04,07:13,2026/06/04,13:33
"PAN CONTINENTAL SHIPPING CO., LTD.",pancon,Kobe,41,,HONOR VOYAGER,,,,2623E,2623W,,,2026/06/10,08:40,2026/06/10,09:55,2026/06/10,15:19
"PAN CONTINENTAL SHIPPING CO., LTD.",pancon,Kobe,41,,PACIFIC MONACO,,,,2622E,2622W,,,2026/06/11,11:50,2026/06/11,13:10,2026/06/11,17:01
"PAN CONTINENTAL SHIPPING CO., LTD.",pancon,Kobe,41,,PACIFIC MONACO,,,,2623E,2623W,,,,,,,,
"PAN CONTINENTAL SHIPPING CO., LTD.",pancon,Kobe,41,,WECAN,,,,2620E,2620W,,,2026/06/13,15:50,2026/06/13,16:37,2026/06/13,22:06
"PAN CONTINENTAL SHIPPING CO., LTD.",pancon,Kobe,41,,HONOR VOYAGER,,,,2624E,2624W,,,2026/06/17,15:50,2026/06/17,16:50,2026/06/17,21:30
"PAN CONTINENTAL SHIPPING CO., LTD.",pancon,Kobe,41,,WECAN,,,,2621E,2621W,,,2026/06/18,17:00,2026/06/18,18:00,2026/06/18,23:30
"PAN CONTINENTAL SHIPPING CO., LTD.",pancon,Kobe,41,,PACIFIC MONACO,,,,2624E,2624W,,,2026/06/19,,2026/06/19,,2026/06/19,
"PAN CONTINENTAL SHIPPING CO., LTD.",pancon,Kobe,41,,HONOR VOYAGER,,,,2625E,2625W,,,2026/06/24,,2026/06/24,,2026/06/24,
"PAN CONTINENTAL SHIPPING CO., LTD.",pancon,Kobe,41,,PACIFIC MONACO,,,,2625E,2625W,,,2026/06/26,,2026/06/26,,2026/06/26,
"PAN CONTINENTAL SHIPPING CO., LTD.",pancon,Kobe,41,,WECAN,,,,2622E,2622W,,,2026/06/24,,2026/06/24,,2026/06/25,
"PAN CONTINENTAL SHIPPING CO., LTD.",pancon,Kobe,41,,WECAN,,,,2623E,2623W,,,2026/06/30,,2026/06/30,,2026/07/01,
"PAN CONTINENTAL SHIPPING CO., LTD.",pancon,Kobe,41,,HONOR VOYAGER,,,,2626E,2626W,,,2026/07/01,,2026/07/01,,2026/07/01,
"PAN CONTINENTAL SHIPPING CO., LTD.",pancon,Kobe,41,,PACIFIC MONACO,,,,2626E,2626W,,,2026/07/03,,2026/07/03,,2026/07/03,
"PAN CONTINENTAL SHIPPING CO., LTD.",pancon,Mizushima,50,,PACIFIC MONACO,,,,2621E,2621W,,,2026/06/04,10:55,2026/06/04,11:42,2026/06/04,16:52
"PAN CONTINENTAL SHIPPING CO., LTD.",pancon,Mizushima,50,,WECAN,,,,2619E,2619W,,,2026/06/04,19:00,2026/06/05,06:24,2026/06/05,12:14
"PAN CONTINENTAL SHIPPING CO., LTD.",pancon,Mizushima,50,,HONOR VOYAGER,,,,2622E,2622W,,,2026/06/05,12:44,2026/06/05,13:24,2026/06/05,17:55
"PAN CONTINENTAL SHIPPING CO., LTD.",pancon,Mizushima,50,,HONOR VOYAGER,,,,2623E,2623W,,,2026/06/11,12:30,2026/06/11,13:24,2026/06/11,18:39
"PAN CONTINENTAL SHIPPING CO., LTD.",pancon,Mizushima,50,,PACIFIC MONACO,,,,2622E,2622W,,,2026/06/12,07:44,2026/06/12,08:36,2026/06/12,12:10
"PAN CONTINENTAL SHIPPING CO., LTD.",pancon,Mizushima,50,,PACIFIC MONACO,,,,2623E,2623W,,,,,,,,
"PAN CONTINENTAL SHIPPING CO., LTD.",pancon,Mizushima,50,,WECAN,,,,2620E,2620W,,,2026/06/12,13:45,2026/06/12,14:18,2026/06/12,18:31
"PAN CONTINENTAL SHIPPING CO., LTD.",pancon,Mizushima,50,,HONOR VOYAGER,,,,2624E,2624W,,,2026/06/18,14:30,2026/06/18,15:30,2026/06/18,19:00
"PAN CONTINENTAL SHIPPING CO., LTD.",pancon,Mizushima,50,,WECAN,,,,2621E,2621W,,,2026/06/19,,2026/06/19,,2026/06/19,
"PAN CONTINENTAL SHIPPING CO., LTD.",pancon,Mizushima,50,,PACIFIC MONACO,,,,2624E,2624W,,,2026/06/20,,2026/06/20,,2026/06/20,
"PAN CONTINENTAL SHIPPING CO., LTD.",pancon,Mizushima,50,,HONOR VOYAGER,,,,2625E,2625W,,,2026/06/25,,2026/06/25,,2026/06/25,
"PAN CONTINENTAL SHIPPING CO., LTD.",pancon,Mizushima,50,,PACIFIC MONACO,,,,2625E,2625W,,,2026/06/27,,2026/06/27,,2026/06/27,
"PAN CONTINENTAL SHIPPING CO., LTD.",pancon,Mizushima,50,,WECAN,,,,2622E,2622W,,,2026/06/25,,2026/06/25,,2026/06/25,
"PAN CONTINENTAL SHIPPING CO., LTD.",pancon,Mizushima,50,,WECAN,,,,2623E,2623W,,,2026/07/01,,2026/07/01,,2026/07/01,
"PAN CONTINENTAL SHIPPING CO., LTD.",pancon,Mizushima,50,,HONOR VOYAGER,,,,2626E,2626W,,,2026/07/02,,2026/07/02,,2026/07/02,
"PAN CONTINENTAL SHIPPING CO., LTD.",pancon,Mizushima,50,,PACIFIC MONACO,,,,2626E,2626W,,,2026/07/04,,2026/07/04,,2026/07/04,
"PAN CONTINENTAL SHIPPING CO., LTD.",pancon,Hiroshima,51,,HONOR VOYAGER,,,,2622E,2622W,,,2026/06/02,12:59,2026/06/02,13:30,2026/06/02,17:00
"PAN CONTINENTAL SHIPPING CO., LTD.",pancon,Hiroshima,51,,WECAN,,,,2619E,2619W,,,2026/06/05,20:14,2026/06/07,08:06,2026/06/07,15:20
"PAN CONTINENTAL SHIPPING CO., LTD.",pancon,Hiroshima,51,,HONOR VOYAGER,,,,2623E,2623W,,,2026/06/09,13:00,2026/06/09,15:00,2026/06/09,19:20
"PAN CONTINENTAL SHIPPING CO., LTD.",pancon,Hiroshima,51,,WECAN,,,,2620E,2620W,,,2026/06/14,12:50,2026/06/14,13:24,2026/06/14,19:00
"PAN CONTINENTAL SHIPPING CO., LTD.",pancon,Hiroshima,51,,HONOR VOYAGER,,,,2624E,2624W,,,2026/06/16,06:45,2026/06/16,07:36,2026/06/16,10:35
"PAN CONTINENTAL SHIPPING CO., LTD.",pancon,Hiroshima,51,,WECAN,,,,2621E,2621W,,,2026/06/20,,2026/06/20,,2026/06/20,
"PAN CONTINENTAL SHIPPING CO., LTD.",pancon,Hiroshima,51,,HONOR VOYAGER,,,,2625E,2625W,,,2026/06/23,,2026/06/23,,2026/06/23,
"PAN CONTINENTAL SHIPPING CO., LTD.",pancon,Hiroshima,51,,WECAN,,,,2622E,2622W,,,2026/06/26,,2026/06/26,,2026/06/27,
"PAN CONTINENTAL SHIPPING CO., LTD.",pancon,Hiroshima,51,,HONOR VOYAGER,,,,2626E,2626W,,,2026/06/30,,2026/06/30,,2026/06/30,
"PAN CONTINENTAL SHIPPING CO., LTD.",pancon,Hiroshima,51,,WECAN,,,,2623E,2623W,,,2026/07/02,,2026/07/02,,2026/07/02,
"PAN CONTINENTAL SHIPPING CO., LTD.",pancon,Takamatsu,64,,HONOR VOYAGER,,,,2622E,2622W,,,2026/06/05,07:16,2026/06/05,07:45,2026/06/05,11:00
"PAN CONTINENTAL SHIPPING CO., LTD.",pancon,Takamatsu,64,,HONOR VOYAGER,,,,2623E,2623W,,,2026/06/11,07:17,2026/06/11,07:50,2026/06/11,10:35
"PAN CONTINENTAL SHIPPING CO., LTD.",pancon,Takamatsu,64,,HONOR VOYAGER,,,,2624E,2624W,,,2026/06/18,,2026/06/18,,2026/06/18,
"PAN CONTINENTAL SHIPPING CO., LTD.",pancon,Takamatsu,64,,HONOR VOYAGER,,,,2625E,2625W,,,2026/06/25,,2026/06/25,,2026/06/25,
"PAN CONTINENTAL SHIPPING CO., LTD.",pancon,Takamatsu,64,,HONOR VOYAGER,,,,2626E,2626W,,,2026/07/02,,2026/07/02,,2026/07/02,
SHANDONG MARINE CORPORATION,smc,Yokohama,11,,SMC COLUMBUS,,,,2622E,2622W,,,2026/06/01,18:45,2026/06/01,19:12,2026/06/02,05:15
SHANDONG MARINE CORPORATION,smc,Yokohama,11,,SMC MAGELLAN,,,,2623E,2623W,,,2026/06/12,06:20,2026/06/12,07:00,2026/06/12,17:15
SHANDONG MARINE CORPORATION,smc,Yokohama,11,,SMC MAGELLAN,,,,2624E,2624W,,,2026/06/19,17:00,2026/06/19,,2026/06/19,
SHANDONG MARINE CORPORATION,smc,Yokohama,11,,SMC MAGELLAN,,,,2625E,2625W,,,,,,,,
SHANDONG MARINE CORPORATION,smc,Yokohama,11,,SMC MAGELLAN,,,,2626E,2626W,,,2026/06/29,,2026/06/29,,2026/06/30,
SHANDONG MARINE CORPORATION,smc,Tokyo,13,,SMC COLUMBUS,,,,2622E,2622W,,,2026/06/02,06:48,2026/06/02,07:28,2026/06/03,21:10
SHANDONG MARINE CORPORATION,smc,Tokyo,13,,SMC MAGELLAN,,,,2623E,2623W,,,2026/06/11,16:48,2026/06/11,17:30,2026/06/12,05:08
SHANDONG MARINE CORPORATION,smc,Tokyo,13,,SMC MAGELLAN,,,,2624E,2624W,,,2026/06/19,,2026/06/19,,2026/06/19,
SHANDONG MARINE CORPORATION,smc,Tokyo,13,,SMC MAGELLAN,,,,2625E,2625W,,,,,,,,
SHANDONG MARINE CORPORATION,smc,Tokyo,13,,SMC MAGELLAN,,,,2626E,2626W,,,2026/06/30,,2026/06/30,,2026/06/30,
SHANDONG MARINE CORPORATION,smc,Nagoya,35,,A ATAGO,,,,2622E,2622W,,,2026/06/04,06:25,2026/06/04,08:00,2026/06/05,05:45
SHANDONG MARINE CORPORATION,smc,Nagoya,35,,A ATAGO,,,,2623E,2623W,,,2026/06/10,19:30,2026/06/10,20:40,2026/06/11,20:00
SHANDONG MARINE CORPORATION,smc,Nagoya,35,,A ATAGO,,,,2624E,2624W,,,2026/06/17,20:30,2026/06/18,07:30,2026/06/19,18:00
SHANDONG MARINE CORPORATION,smc,Nagoya,35,,A ATAGO,,,,2625E,2625W,,,2026/06/23,,2026/06/23,,2026/06/23,
SHANDONG MARINE CORPORATION,smc,Nagoya,35,,A ATAGO,,,,2626E,2626W,,,2026/06/30,,2026/06/30,,2026/06/30,
SHANDONG MARINE CORPORATION,smc,Osaka,40,,SMC MAGELLAN,,,,2622E,2622W,,,2026/06/05,07:01,2026/06/05,08:00,2026/06/05,19:36
SHANDONG MARINE CORPORATION,smc,Osaka,40,,CONTESSA,,,,244E,,,,2026/06/09,06:42,2026/06/09,07:44,2026/06/09,17:24
SHANDONG MARINE CORPORATION,smc,Osaka,40,,SMC COLUMBUS,,,,2623E,2623W,,,2026/06/10,07:14,2026/06/10,07:56,2026/06/10,19:10
SHANDONG MARINE CORPORATION,smc,Osaka,40,,CONTESSA,,,,245E,,,,2026/06/16,06:29,2026/06/16,07:26,2026/06/16,15:50
SHANDONG MARINE CORPORATION,smc,Osaka,40,,SMC COLUMBUS,,,,2624E,2624W,,,2026/06/16,22:22,2026/06/16,22:50,2026/06/17,19:00
SHANDONG MARINE CORPORATION,smc,Osaka,40,,CONTESSA,,,,246E,,,,2026/06/22,,2026/06/22,,2026/06/22,
SHANDONG MARINE CORPORATION,smc,Osaka,40,,SMC COLUMBUS,,,,2625E,2625W,,,2026/06/22,,2026/06/22,,2026/06/23,
SHANDONG MARINE CORPORATION,smc,Osaka,40,,SMC COLUMBUS,,,,2626E,2626W,,,2026/06/29,,2026/06/29,,2026/06/30,
SHANDONG MARINE CORPORATION,smc,Kobe,41,,SMC MAGELLAN,,,,2622E,2622W,,,2026/06/04,17:00,2026/06/04,17:57,2026/06/05,06:08
SHANDONG MARINE CORPORATION,smc,Kobe,41,,SMC COLUMBUS,,,,2623E,2623W,,,2026/06/10,19:40,2026/06/10,20:20,2026/06/11,11:36
SHANDONG MARINE CORPORATION,smc,Kobe,41,,SMC COLUMBUS,,,,2624E,2624W,,,2026/06/16,13:45,2026/06/16,14:33,2026/06/16,21:43
SHANDONG MARINE CORPORATION,smc,Kobe,41,,SMC COLUMBUS,,,,2625E,2625W,,,2026/06/23,,2026/06/23,,2026/06/23,
SHANDONG MARINE CORPORATION,smc,Kobe,41,,SMC COLUMBUS,,,,2626E,2626W,,,2026/06/30,,2026/06/30,,2026/06/30,
SHANDONG MARINE CORPORATION,smc,Moji,70,,SMC YANTAI,,,,2622E,2622W,,,2026/06/08,20:40,2026/06/09,07:08,2026/06/09,15:12
SHANDONG MARINE CORPORATION,smc,Moji,70,,SMC YANTAI,,,,2624E,2624W,,,,,,,,
SHANDONG MARINE CORPORATION,smc,Moji,70,,SMC YANTAI,,,,2623E,2623W,,,2026/06/15,20:35,2026/06/16,08:15,2026/06/16,16:55
SHANDONG MARINE CORPORATION,smc,Moji,70,,SMC YANTAI,,,,2625E,2625W,,,2026/06/23,,2026/06/23,,2026/06/23,
SHANDONG MARINE CORPORATION,smc,Moji,70,,SMC YANTAI,,,,2626E,2626W,,,2026/06/30,,2026/06/30,,2026/06/30,
SHANDONG MARINE CORPORATION,smc,Hakata,77,,SMC YANTAI,,,,2621E,2621W,,,2026/05/30,23:45,2026/06/01,08:01,2026/06/01,16:07
SHANDONG MARINE CORPORATION,smc,Hakata,77,,SMC YANTAI,,,,2622E,2622W,,,2026/06/07,19:45,2026/06/08,07:40,2026/06/08,12:59
SHANDONG MARINE CORPORATION,smc,Hakata,77,,SMC YANTAI,,,,2624E,2624W,,,,,,,,
SHANDONG MARINE CORPORATION,smc,Hakata,77,,SMC YANTAI,,,,2623E,2623W,,,2026/06/15,06:20,2026/06/15,07:12,2026/06/15,14:05
SHANDONG MARINE CORPORATION,smc,Hakata,77,,SMC YANTAI,,,,2625E,2625W,,,2026/06/22,,2026/06/22,,2026/06/22,
SHANDONG MARINE CORPORATION,smc,Hakata,77,,SMC YANTAI,,,,2626E,2626W,,,2026/06/29,,2026/06/29,,2026/06/29,
"SHANGHAI HAI HUA SHIPPING CO., LTD.",hasco,Yokohama,11,,SITC TAICANG,,,,2637E,2637E,,,2026/06/01,06:15,2026/06/01,07:06,2026/06/01,14:30
"SHANGHAI HAI HUA SHIPPING CO., LTD.",hasco,Yokohama,11,,SUNRISE DRAGON,,,,2613N,2614S,,,2026/06/02,19:48,2026/06/04,07:20,2026/06/04,15:00
"SHANGHAI HAI HUA SHIPPING CO., LTD.",hasco,Yokohama,11,,SITC OSAKA,,,,2625E,2625E,,,2026/06/07,17:50,2026/06/07,18:42,2026/06/08,05:25
"SHANGHAI HAI HUA SHIPPING CO., LTD.",hasco,Yokohama,11,,CONTRIVIA,,,,2621E,2621W,,,2026/05/31,08:18,2026/06/01,17:06,2026/06/02,05:00
"SHANGHAI HAI HUA SHIPPING CO., LTD.",hasco,Yokohama,11,,GLORY GUANDONG,,,,2622E,2622W,,,2026/06/04,13:25,2026/06/04,14:00,2026/06/05,04:45
"SHANGHAI HAI HUA SHIPPING CO., LTD.",hasco,Yokohama,11,,CONSCIENCE,,,,2620N,2623S,,,2026/06/08,06:30,2026/06/08,07:00,2026/06/08,16:50
"SHANGHAI HAI HUA SHIPPING CO., LTD.",hasco,Yokohama,11,,SITC KEELUNG,,,,2613N,2614S,,,2026/06/10,07:00,2026/06/10,07:40,2026/06/10,18:15
"SHANGHAI HAI HUA SHIPPING CO., LTD.",hasco,Yokohama,11,,ERASMUS OASIS,,,,2629E,2629E,,,2026/06/15,19:20,2026/06/15,20:06,2026/06/15,23:35
"SHANGHAI HAI HUA SHIPPING CO., LTD.",hasco,Yokohama,11,,GLORY ZHENDONG,,,,2623E,2623W,,,2026/06/16,17:35,2026/06/16,18:18,2026/06/17,10:00
"SHANGHAI HAI HUA SHIPPING CO., LTD.",hasco,Yokohama,11,,SITC MACAO,,,,2611N,2612S,,,2026/06/17,19:30,2026/06/18,00:30,2026/06/18,13:00
"SHANGHAI HAI HUA SHIPPING CO., LTD.",hasco,Yokohama,11,,MILD TUNE,,,,2622N,2625S,,,2026/06/20,,2026/06/20,,2026/06/20,
"SHANGHAI HAI HUA SHIPPING CO., LTD.",hasco,Yokohama,11,,GLORY GUANDONG,,,,2624E,2624W,,,2026/06/21,15:00,2026/06/21,,2026/06/22,
"SHANGHAI HAI HUA SHIPPING CO., LTD.",hasco,Yokohama,11,,CONSERO,,,,2621N,2624S,,,2026/06/15,20:45,2026/06/15,21:36,2026/06/16,22:00
"SHANGHAI HAI HUA SHIPPING CO., LTD.",hasco,Yokohama,11,,SITC JIANGSU,,,,2615N,2616S,,,2026/06/24,,2026/06/24,,2026/06/25,
"SHANGHAI HAI HUA SHIPPING CO., LTD.",hasco,Yokohama,11,,CONSCIENCE,,,,2623N,2626S,,,2026/06/28,,2026/06/28,,2026/06/29,
"SHANGHAI HAI HUA SHIPPING CO., LTD.",hasco,Yokohama,11,,SITC TAICANG,,,,2641E,2641E,,,2026/06/24,06:00,2026/06/24,07:00,2026/06/24,15:00
"SHANGHAI HAI HUA SHIPPING CO., LTD.",hasco,Yokohama,11,,GLORY ZHENDONG,,,,2625E,2625W,,,2026/06/24,,2026/06/24,,2026/06/25,
"SHANGHAI HAI HUA SHIPPING CO., LTD.",hasco,Yokohama,11,,GLORY GUANDONG,,,,2626E,2626W,,,2026/06/29,,2026/06/29,,2026/06/29,
"SHANGHAI HAI HUA SHIPPING CO., LTD.",hasco,Yokohama,11,,CONSERO,,,,2624N,2627S,,,2026/07/01,,2026/07/01,,2026/07/02,
"SHANGHAI HAI HUA SHIPPING CO., LTD.",hasco,Yokohama,11,,SITC KEELUNG,,,,2615N,2616S,,,2026/07/05,,2026/07/05,,2026/07/05,
"SHANGHAI HAI HUA SHIPPING CO., LTD.",hasco,Yokohama,11,,SITC OSAKA,,,,2629E,2629E,,,2026/06/29,,2026/06/29,,2026/06/29,
"SHANGHAI HAI HUA SHIPPING CO., LTD.",hasco,Yokohama,11,,SITC MACAO,,,,2613N,2614S,,,2026/06/29,,2026/06/29,,2026/06/29,
"SHANGHAI HAI HUA SHIPPING CO., LTD.",hasco,Tokyo,13,,SITC TAICANG,,,,2637E,2637E,,,2026/06/01,15:51,2026/06/01,16:32,2026/06/02,05:44
"SHANGHAI HAI HUA SHIPPING CO., LTD.",hasco,Tokyo,13,,CONTRIVIA,,,,2621E,2621W,,,2026/06/02,06:44,2026/06/02,07:42,2026/06/03,06:15
"SHANGHAI HAI HUA SHIPPING CO., LTD.",hasco,Tokyo,13,,GLORY GUANDONG,,,,2622E,2622W,,,2026/06/05,06:20,2026/06/05,07:05,2026/06/06,01:55
"SHANGHAI HAI HUA SHIPPING CO., LTD.",hasco,Tokyo,13,,CONSCIENCE,,,,2620N,2623S,,,2026/06/06,14:30,2026/06/07,07:48,2026/06/08,04:54
"SHANGHAI HAI HUA SHIPPING CO., LTD.",hasco,Tokyo,13,,SUNRISE DRAGON,,,,2613N,2614S,,,2026/06/02,09:04,2026/06/02,09:35,2026/06/02,17:58
"SHANGHAI HAI HUA SHIPPING CO., LTD.",hasco,Tokyo,13,,SITC OSAKA,,,,2625E,2625E,,,2026/06/08,07:08,2026/06/08,08:00,2026/06/08,19:03
"SHANGHAI HAI HUA SHIPPING CO., LTD.",hasco,Tokyo,13,,SITC KEELUNG,,,,2613N,2614S,,,2026/06/08,11:35,2026/06/09,07:30,2026/06/10,05:28
"SHANGHAI HAI HUA SHIPPING CO., LTD.",hasco,Tokyo,13,,CONSERO,,,,2621N,2624S,,,2026/06/14,05:12,2026/06/14,18:38,2026/06/15,18:29
"SHANGHAI HAI HUA SHIPPING CO., LTD.",hasco,Tokyo,13,,ERASMUS OASIS,,,,2629E,2629E,,,2026/06/15,06:41,2026/06/15,07:42,2026/06/15,16:59
"SHANGHAI HAI HUA SHIPPING CO., LTD.",hasco,Tokyo,13,,SITC MACAO,,,,2611N,2612S,,,2026/06/16,18:08,2026/06/16,18:44,2026/06/17,18:00
"SHANGHAI HAI HUA SHIPPING CO., LTD.",hasco,Tokyo,13,,GLORY ZHENDONG,,,,2623E,2623W,,,2026/06/17,11:30,2026/06/17,12:30,2026/06/18,04:00
"SHANGHAI HAI HUA SHIPPING CO., LTD.",hasco,Tokyo,13,,MILD TUNE,,,,2622N,2625S,,,2026/06/20,05:00,2026/06/20,,2026/06/20,
"SHANGHAI HAI HUA SHIPPING CO., LTD.",hasco,Tokyo,13,,GLORY GUANDONG,,,,2624E,2624W,,,2026/06/22,,2026/06/22,,2026/06/22,
"SHANGHAI HAI HUA SHIPPING CO., LTD.",hasco,Tokyo,13,,SITC TAICANG,,,,2641E,2641E,,,2026/06/23,18:00,2026/06/23,19:00,2026/06/24,04:00
"SHANGHAI HAI HUA SHIPPING CO., LTD.",hasco,Tokyo,13,,SITC JIANGSU,,,,2615N,2616S,,,2026/06/24,,2026/06/24,,2026/06/24,
"SHANGHAI HAI HUA SHIPPING CO., LTD.",hasco,Tokyo,13,,GLORY ZHENDONG,,,,2625E,2625W,,,2026/06/25,,2026/06/25,,2026/06/25,
"SHANGHAI HAI HUA SHIPPING CO., LTD.",hasco,Tokyo,13,,CONSCIENCE,,,,2623N,2626S,,,2026/06/28,,2026/06/28,,2026/06/28,
"SHANGHAI HAI HUA SHIPPING CO., LTD.",hasco,Tokyo,13,,SITC OSAKA,,,,2629E,2629E,,,2026/06/28,,2026/06/28,,2026/06/29,
"SHANGHAI HAI HUA SHIPPING CO., LTD.",hasco,Tokyo,13,,SITC MACAO,,,,2613N,2614S,,,2026/06/28,,2026/06/28,,2026/06/29,
"SHANGHAI HAI HUA SHIPPING CO., LTD.",hasco,Tokyo,13,,GLORY GUANDONG,,,,2626E,2626W,,,2026/06/29,,2026/06/29,,2026/06/30,
"SHANGHAI HAI HUA SHIPPING CO., LTD.",hasco,Tokyo,13,,CONSERO,,,,2624N,2627S,,,2026/07/01,,2026/07/01,,2026/07/01,
"SHANGHAI HAI HUA SHIPPING CO., LTD.",hasco,Tokyo,13,,SITC KEELUNG,,,,2615N,2616S,,,2026/07/04,,2026/07/04,,2026/07/05,
"SHANGHAI HAI HUA SHIPPING CO., LTD.",hasco,Nagoya,35,,AN DA,,,,2622E,2622W,,,2026/06/02,06:05,2026/06/02,07:30,2026/06/03,15:25
"SHANGHAI HAI HUA SHIPPING CO., LTD.",hasco,Nagoya,35,,JJ TOKYO,,,,2621E,2621W,,,2026/06/04,12:00,2026/06/04,13:20,2026/06/05,06:10
"SHANGHAI HAI HUA SHIPPING CO., LTD.",hasco,Nagoya,35,,MILD SYMPHONY,,,,2622N,2623S,,,2026/06/06,10:50,2026/06/06,12:10,2026/06/07,03:00
"SHANGHAI HAI HUA SHIPPING CO., LTD.",hasco,Nagoya,35,,MILD CONCERTO,,,,2621N,2624S,,,2026/06/11,15:50,2026/06/11,17:00,2026/06/12,15:05
"SHANGHAI HAI HUA SHIPPING CO., LTD.",hasco,Nagoya,35,,AN DA,,,,2623E,2623W,,,2026/06/12,07:10,2026/06/12,16:00,2026/06/13,14:20
"SHANGHAI HAI HUA SHIPPING CO., LTD.",hasco,Nagoya,35,,JJ TOKYO,,,,2622E,2622W,,,2026/06/14,14:50,2026/06/14,17:20,2026/06/15,05:30
"SHANGHAI HAI HUA SHIPPING CO., LTD.",hasco,Nagoya,35,,MILD CHORUS,,,,2622N,2625S,,,2026/06/18,07:00,2026/06/18,08:00,2026/06/19,06:00
"SHANGHAI HAI HUA SHIPPING CO., LTD.",hasco,Nagoya,35,,JJ TOKYO,,,,2624E,2624W,,,2026/06/21,,2026/06/21,,2026/06/21,
"SHANGHAI HAI HUA SHIPPING CO., LTD.",hasco,Nagoya,35,,GLORY GUANGZHOU,,,,2625E,2625W,,,2026/06/22,,2026/06/22,,2026/06/22,
"SHANGHAI HAI HUA SHIPPING CO., LTD.",hasco,Nagoya,35,,MILD SYMPHONY,,,,2623N,2626S,,,2026/06/25,,2026/06/25,,2026/06/26,
"SHANGHAI HAI HUA SHIPPING CO., LTD.",hasco,Nagoya,35,,JJ TOKYO,,,,2625E,2625W,,,2026/06/27,,2026/06/27,,2026/06/28,
"SHANGHAI HAI HUA SHIPPING CO., LTD.",hasco,Nagoya,35,,GLORY GUANGZHOU,,,,2626E,2626W,,,2026/06/29,,2026/06/29,,2026/06/29,
"SHANGHAI HAI HUA SHIPPING CO., LTD.",hasco,Nagoya,35,,MILD CONCERTO,,,,2624N,2627S,,,2026/07/02,,2026/07/02,,2026/07/03,
"SHANGHAI HAI HUA SHIPPING CO., LTD.",hasco,Nagoya,35,,JJ TOKYO,,,,2626E,2626W,,,2026/07/04,,2026/07/04,,2026/07/04,
"SHANGHAI HAI HUA SHIPPING CO., LTD.",hasco,Osaka,40,,SITC SHANGHAI,,,,2611N,2612S,,,2026/06/04,07:25,2026/06/04,08:13,2026/06/04,17:40
"SHANGHAI HAI HUA SHIPPING CO., LTD.",hasco,Osaka,40,,SITC FUJIAN,,,,2613N,2614S,,,2026/06/05,06:50,2026/06/05,07:43,2026/06/05,19:15
"SHANGHAI HAI HUA SHIPPING CO., LTD.",hasco,Osaka,40,,JJ SUN,,,,2620N,2623S,,,2026/06/06,10:54,2026/06/06,11:39,2026/06/07,06:05
"SHANGHAI HAI HUA SHIPPING CO., LTD.",hasco,Osaka,40,,VICTORY HONOR,,,,2631E,2632W,,,2026/06/06,16:37,2026/06/06,17:20,2026/06/06,23:11
"SHANGHAI HAI HUA SHIPPING CO., LTD.",hasco,Osaka,40,,SITC JUNDE,,,,2611N,2612S,,,2026/06/10,06:38,2026/06/10,07:23,2026/06/10,15:25
"SHANGHAI HAI HUA SHIPPING CO., LTD.",hasco,Osaka,40,,KOTA NAZAR,,,,2621N,2624S,,,2026/06/11,20:24,2026/06/11,23:31,2026/06/13,02:50
"SHANGHAI HAI HUA SHIPPING CO., LTD.",hasco,Osaka,40,,GLORY SHANGHAI,,,,2621N,2624S,,,2026/06/12,06:45,2026/06/12,07:42,2026/06/12,19:05
"SHANGHAI HAI HUA SHIPPING CO., LTD.",hasco,Osaka,40,,VICTORY HONOR,,,,2633E,2634W,,,2026/06/13,09:30,2026/06/15,11:20,2026/06/16,05:46
"SHANGHAI HAI HUA SHIPPING CO., LTD.",hasco,Osaka,40,,SITC SHANDONG,,,,2611N,2612S,,,2026/06/17,19:30,2026/06/17,20:30,2026/06/18,15:30
"SHANGHAI HAI HUA SHIPPING CO., LTD.",hasco,Osaka,40,,HONG AN,,,,2614N,2615S,,,2026/06/18,,2026/06/18,,2026/06/18,
"SHANGHAI HAI HUA SHIPPING CO., LTD.",hasco,Osaka,40,,HARRIER,,,,2622N,2625S,,,2026/06/20,22:00,2026/06/20,,2026/06/21,
"SHANGHAI HAI HUA SHIPPING CO., LTD.",hasco,Osaka,40,,SITC TIANJIN,,,,2626W,2626W,,,2026/06/20,23:00,2026/06/21,00:00,2026/06/21,08:00
"SHANGHAI HAI HUA SHIPPING CO., LTD.",hasco,Osaka,40,,HF SPIRIT,,,,2615N,2616S,,,2026/06/23,,2026/06/23,,2026/06/24,
"SHANGHAI HAI HUA SHIPPING CO., LTD.",hasco,Osaka,40,,SITC KANTO,,,,2613N,2614S,,,2026/06/25,,2026/06/25,,2026/06/25,
"SHANGHAI HAI HUA SHIPPING CO., LTD.",hasco,Osaka,40,,SITC TIANJIN,,,,2627E,2628W,,,2026/06/27,,2026/06/27,,2026/06/28,
"SHANGHAI HAI HUA SHIPPING CO., LTD.",hasco,Osaka,40,,JJ SUN,,,,2623N,2626S,,,2026/06/25,,2026/06/25,,2026/06/26,
"SHANGHAI HAI HUA SHIPPING CO., LTD.",hasco,Osaka,40,,KOTA NAZAR,,,,2624N,2627S,,,2026/06/29,,2026/06/29,,2026/06/30,
"SHANGHAI HAI HUA SHIPPING CO., LTD.",hasco,Osaka,40,,SITC TIANJIN,,,,2629E,2630W,,,2026/07/01,,2026/07/01,,2026/07/01,
"SHANGHAI HAI HUA SHIPPING CO., LTD.",hasco,Osaka,40,,SITC SHANGHAI,,,,2613N,2614S,,,2026/07/02,,2026/07/02,,2026/07/02,
"SHANGHAI HAI HUA SHIPPING CO., LTD.",hasco,Osaka,40,,GLORY SHANGHAI,,,,2624N,2627S,,,2026/07/02,,2026/07/02,,2026/07/03,
"SHANGHAI HAI HUA SHIPPING CO., LTD.",hasco,Kobe,41,,HARRIER,,,,2619N,2622S,,,2026/05/31,18:54,2026/06/01,07:05,2026/06/01,16:33
"SHANGHAI HAI HUA SHIPPING CO., LTD.",hasco,Kobe,41,,SITC SHANGHAI,,,,2611N,2612S,,,2026/06/05,06:40,2026/06/05,07:40,2026/06/05,17:49
"SHANGHAI HAI HUA SHIPPING CO., LTD.",hasco,Kobe,41,,VICTORY HONOR,,,,2631E,2632W,,,2026/06/06,09:25,2026/06/06,10:35,2026/06/06,15:50
"SHANGHAI HAI HUA SHIPPING CO., LTD.",hasco,Kobe,41,,JJ SUN,,,,2620N,2623S,,,2026/06/07,06:45,2026/06/07,07:25,2026/06/07,14:53
"SHANGHAI HAI HUA SHIPPING CO., LTD.",hasco,Kobe,41,,SITC FUJIAN,,,,2613N,2614S,,,2026/06/05,19:50,2026/06/05,20:41,2026/06/06,12:56
"SHANGHAI HAI HUA SHIPPING CO., LTD.",hasco,Kobe,41,,SITC JUNDE,,,,2611N,2612S,,,2026/06/10,16:05,2026/06/10,17:14,2026/06/11,00:55
"SHANGHAI HAI HUA SHIPPING CO., LTD.",hasco,Kobe,41,,KOTA NAZAR,,,,2621N,2624S,,,2026/06/11,08:15,2026/06/11,09:07,2026/06/11,19:25
"SHANGHAI HAI HUA SHIPPING CO., LTD.",hasco,Kobe,41,,GLORY SHANGHAI,,,,2621N,2624S,,,2026/06/12,19:45,2026/06/12,20:23,2026/06/13,02:20
"SHANGHAI HAI HUA SHIPPING CO., LTD.",hasco,Kobe,41,,VICTORY HONOR,,,,2633E,2634W,,,2026/06/16,06:15,2026/06/16,07:09,2026/06/16,15:27
"SHANGHAI HAI HUA SHIPPING CO., LTD.",hasco,Kobe,41,,HONG AN,,,,2614N,2615S,,,2026/06/18,,2026/06/18,,2026/06/19,
"SHANGHAI HAI HUA SHIPPING CO., LTD.",hasco,Kobe,41,,HARRIER,,,,2622N,2625S,,,2026/06/21,,2026/06/21,,2026/06/21,
"SHANGHAI HAI HUA SHIPPING CO., LTD.",hasco,Kobe,41,,SITC SHANDONG,,,,2611N,2612S,,,2026/06/18,,2026/06/18,,2026/06/19,
"SHANGHAI HAI HUA SHIPPING CO., LTD.",hasco,Kobe,41,,SITC TIANJIN,,,,2626W,2626W,,,2026/06/21,10:00,2026/06/21,11:00,2026/06/21,18:00
"SHANGHAI HAI HUA SHIPPING CO., LTD.",hasco,Kobe,41,,HF SPIRIT,,,,2615N,2616S,,,2026/06/24,,2026/06/24,,2026/06/25,
"SHANGHAI HAI HUA SHIPPING CO., LTD.",hasco,Kobe,41,,SITC KANTO,,,,2613N,2614S,,,2026/06/25,,2026/06/25,,2026/06/26,
"SHANGHAI HAI HUA SHIPPING CO., LTD.",hasco,Kobe,41,,JJ SUN,,,,2623N,2626S,,,2026/06/26,,2026/06/26,,2026/06/26,
"SHANGHAI HAI HUA SHIPPING CO., LTD.",hasco,Kobe,41,,SITC TIANJIN,,,,2627E,2628W,,,2026/06/28,,2026/06/28,,2026/06/28,
"SHANGHAI HAI HUA SHIPPING CO., LTD.",hasco,Kobe,41,,KOTA NAZAR,,,,2624N,2627S,,,2026/06/30,,2026/06/30,,2026/06/30,
"SHANGHAI HAI HUA SHIPPING CO., LTD.",hasco,Kobe,41,,SITC TIANJIN,,,,2629E,2630W,,,2026/07/01,,2026/07/01,,2026/07/02,
"SHANGHAI HAI HUA SHIPPING CO., LTD.",hasco,Kobe,41,,SITC SHANGHAI,,,,2613N,2614S,,,2026/07/02,,2026/07/02,,2026/07/03,
"SHANGHAI HAI HUA SHIPPING CO., LTD.",hasco,Kobe,41,,GLORY SHANGHAI,,,,2624N,2627S,,,2026/07/03,,2026/07/03,,2026/07/03,
"SHANGHAI HAI HUA SHIPPING CO., LTD.",hasco,Moji,70,,XIU HONG,,,,2621E,2621W,,,2026/05/31,00:18,2026/06/01,08:28,2026/06/01,18:50
"SHANGHAI HAI HUA SHIPPING CO., LTD.",hasco,Moji,70,,GLORY ZHENDONG,,,,2622N,2622S,,,2026/06/09,09:55,2026/06/09,11:45,2026/06/09,19:28
"SHANGHAI HAI HUA SHIPPING CO., LTD.",hasco,Moji,70,,XIU HONG,,,,2622E,2622W,,,2026/06/11,23:12,2026/06/12,06:50,2026/06/12,14:16
"SHANGHAI HAI HUA SHIPPING CO., LTD.",hasco,Moji,70,,GLORY GUANDONG,,,,2623N,2623S,,,2026/06/15,05:36,2026/06/15,07:15,2026/06/15,15:35
"SHANGHAI HAI HUA SHIPPING CO., LTD.",hasco,Moji,70,,XIU HONG,,,,2624E,2624W,,,2026/06/21,,2026/06/21,,2026/06/21,
"SHANGHAI HAI HUA SHIPPING CO., LTD.",hasco,Moji,70,,GLORY GUANDONG,,,,2625N,2625S,,,2026/06/28,,2026/06/28,,2026/06/28,
"SHANGHAI HAI HUA SHIPPING CO., LTD.",hasco,Moji,70,,XIU HONG,,,,2625E,2625W,,,2026/06/29,,2026/06/29,,2026/06/29,
"SHANGHAI HAI HUA SHIPPING CO., LTD.",hasco,Moji,70,,GLORY ZHENDONG,,,,2626N,2626S,,,2026/06/30,,2026/06/30,,2026/06/30,
"SHANGHAI HAI HUA SHIPPING CO., LTD.",hasco,Moji,70,,XIU HONG,,,,2627E,2627W,,,2026/07/05,,2026/07/05,,2026/07/05,
"SHANGHAI HAI HUA SHIPPING CO., LTD.",hasco,Hakata,77,,GLORY ZHENDONG,,,,2622N,2622S,,,2026/06/07,14:30,2026/06/08,06:12,2026/06/08,20:48
"SHANGHAI HAI HUA SHIPPING CO., LTD.",hasco,Hakata,77,,XIU HONG,,,,2622E,2622W,,,2026/06/10,22:36,2026/06/11,11:24,2026/06/11,17:42
"SHANGHAI HAI HUA SHIPPING CO., LTD.",hasco,Hakata,77,,GLORY GUANDONG,,,,2623N,2623S,,,2026/06/13,06:48,2026/06/13,07:29,2026/06/14,14:11
"SHANGHAI HAI HUA SHIPPING CO., LTD.",hasco,Hakata,77,,XIU HONG,,,,2624E,2624W,,,2026/06/20,13:00,2026/06/20,14:00,2026/06/20,
"SHANGHAI HAI HUA SHIPPING CO., LTD.",hasco,Hakata,77,,XIU HONG,,,,2625E,2625W,,,2026/06/26,,2026/06/26,,2026/06/27,
"SHANGHAI HAI HUA SHIPPING CO., LTD.",hasco,Hakata,77,,GLORY GUANDONG,,,,2625N,2625S,,,2026/06/27,,2026/06/27,,2026/06/28,
"SHANGHAI HAI HUA SHIPPING CO., LTD.",hasco,Hakata,77,,GLORY ZHENDONG,,,,2626N,2626S,,,2026/06/29,,2026/06/29,,2026/06/29,
"SHANGHAI HAI HUA SHIPPING CO., LTD.",hasco,Hakata,77,,XIU HONG,,,,2627E,2627W,,,2026/07/04,,2026/07/04,,2026/07/04,
"SHANGHAI HAI HUA SHIPPING CO., LTD.",hasco,Hibiki,100,,XIU HONG,,,,2627E,2627W,,,2026/07/05,,2026/07/05,,2026/07/05,
"SINOKOR MERCHANT MARINE CO., LTD.",sinokor,Tomakomai,1,,TOYAMA TRADER,,,,2619E,2619W,,,,,,,,
"SINOKOR MERCHANT MARINE CO., LTD.",sinokor,Tomakomai,1,,HEUNG-A HAIPHONG,,,,2620E,2620W,,,2026/06/04,15:15,2026/06/06,13:20,2026/06/10,09:40
"SINOKOR MERCHANT MARINE CO., LTD.",sinokor,Tomakomai,1,,HEUNG-A HAIPHONG,,,,2621E,2621W,,,,,,,,
"SINOKOR MERCHANT MARINE CO., LTD.",sinokor,Tomakomai,1,,TOYAMA TRADER,,,,2620E,2620W,,,2026/06/12,06:47,2026/06/12,07:30,2026/06/13,20:00
"SINOKOR MERCHANT MARINE CO., LTD.",sinokor,Tomakomai,1,,HEUNG-A HAIPHONG,,,,2623E,2623W,,,2026/06/20,,2026/06/20,,2026/06/21,
"SINOKOR MERCHANT MARINE CO., LTD.",sinokor,Tomakomai,1,,TOYAMA TRADER,,,,2621E,2621W,,,2026/06/23,,2026/06/23,,2026/06/24,
"SINOKOR MERCHANT MARINE CO., LTD.",sinokor,Tomakomai,1,,HEUNG-A HAIPHONG,,,,2624E,2624W,,,2026/06/29,,2026/06/29,,2026/06/30,
"SINOKOR MERCHANT MARINE CO., LTD.",sinokor,Tomakomai,1,,TOYAMA TRADER,,,,2622E,2622W,,,2026/06/29,,2026/06/30,,2026/07/01,
"SINOKOR MERCHANT MARINE CO., LTD.",sinokor,Tomakomai,1,,TOYAMA TRADER,,,,2623E,2623W,,,,,,,,
"SINOKOR MERCHANT MARINE CO., LTD.",sinokor,Tomakomai,1,,HEUNG-A HAIPHONG,,,,2625E,2625W,,,,,,,,
"SINOKOR MERCHANT MARINE CO., LTD.",sinokor,Hachinohe,2,,HEUNG-A AKITA,,,,2620E,2620W,,,2026/06/07,08:49,2026/06/07,09:36,2026/06/07,18:10
"SINOKOR MERCHANT MARINE CO., LTD.",sinokor,Hachinohe,2,,HEUNG-A XIAMEN,,,,2624E,2624W,,,2026/06/23,,2026/06/23,,2026/06/23,
"SINOKOR MERCHANT MARINE CO., LTD.",sinokor,Hachinohe,2,,HEUNG-A XIAMEN,,,,2625E,2625W,,,2026/07/01,,2026/07/01,,2026/07/01,
"SINOKOR MERCHANT MARINE CO., LTD.",sinokor,Sendaishiogama,3,,TOYAMA TRADER,,,,2618E,2618W,,,2026/06/01,11:16,2026/06/01,11:57,2026/06/02,16:03
"SINOKOR MERCHANT MARINE CO., LTD.",sinokor,Sendaishiogama,3,,TOYAMA TRADER,,,,2619E,2619W,,,,,,,,
"SINOKOR MERCHANT MARINE CO., LTD.",sinokor,Sendaishiogama,3,,HEUNG-A AKITA,,,,2620E,2620W,,,2026/06/08,08:00,2026/06/09,04:58,2026/06/09,16:47
"SINOKOR MERCHANT MARINE CO., LTD.",sinokor,Sendaishiogama,3,,TOYAMA TRADER,,,,2620E,2620W,,,2026/06/09,19:36,2026/06/10,05:04,2026/06/10,15:57
"SINOKOR MERCHANT MARINE CO., LTD.",sinokor,Sendaishiogama,3,,TOYAMA TRADER,,,,2621E,2621W,,,2026/06/21,,2026/06/22,,2026/06/22,
"SINOKOR MERCHANT MARINE CO., LTD.",sinokor,Sendaishiogama,3,,HEUNG-A XIAMEN,,,,2624E,2624W,,,2026/06/22,,2026/06/22,,2026/06/22,
"SINOKOR MERCHANT MARINE CO., LTD.",sinokor,Sendaishiogama,3,,HEUNG-A XIAMEN,,,,2625E,2625W,,,2026/06/29,,2026/06/30,,2026/06/30,
"SINOKOR MERCHANT MARINE CO., LTD.",sinokor,Sendaishiogama,3,,TOYAMA TRADER,,,,2622E,2622W,,,2026/07/02,,2026/07/02,,2026/07/02,
"SINOKOR MERCHANT MARINE CO., LTD.",sinokor,Sendaishiogama,3,,TOYAMA TRADER,,,,2623E,2623W,,,,,,,,
"SINOKOR MERCHANT MARINE CO., LTD.",sinokor,Ishikariwanshinko,7,,HEUNG-A HAIPHONG,,,,2620E,2620W,,,2026/06/02,14:45,2026/06/02,15:30,2026/06/03,18:10
"SINOKOR MERCHANT MARINE CO., LTD.",sinokor,Ishikariwanshinko,7,,HEUNG-A HAIPHONG,,,,2621E,2621W,,,,,,,,
"SINOKOR MERCHANT MARINE CO., LTD.",sinokor,Ishikariwanshinko,7,,HEUNG-A HAIPHONG,,,,2623E,2623W,,,2026/06/19,,2026/06/19,,2026/06/19,
"SINOKOR MERCHANT MARINE CO., LTD.",sinokor,Ishikariwanshinko,7,,HEUNG-A HAIPHONG,,,,2624E,2624W,,,2026/06/27,,2026/06/28,,2026/06/28,
"SINOKOR MERCHANT MARINE CO., LTD.",sinokor,Ishikariwanshinko,7,,HEUNG-A HAIPHONG,,,,2625E,2625W,,,,,,,,
"SINOKOR MERCHANT MARINE CO., LTD.",sinokor,Yokohama,11,,POS YOKOHAMA,,,,1587E,1587W,,,2026/06/02,17:50,2026/06/02,18:30,2026/06/02,22:15
"SINOKOR MERCHANT MARINE CO., LTD.",sinokor,Yokohama,11,,HEUNG-A XIAMEN,,,,2622S,2622N,,,2026/06/05,18:20,2026/06/05,19:00,2026/06/06,01:40
"SINOKOR MERCHANT MARINE CO., LTD.",sinokor,Yokohama,11,,STAR VOYAGER,,,,2622E,2622W,,,2026/06/06,19:24,2026/06/07,07:36,2026/06/07,14:50
"SINOKOR MERCHANT MARINE CO., LTD.",sinokor,Yokohama,11,,AKITA TRADER,,,,2620E,2620W,,,2026/06/07,15:46,2026/06/08,07:30,2026/06/08,15:35
"SINOKOR MERCHANT MARINE CO., LTD.",sinokor,Yokohama,11,,HEUNG-A XIAMEN,,,,2623S,2623N,,,2026/06/11,06:20,2026/06/11,06:48,2026/06/11,16:10
"SINOKOR MERCHANT MARINE CO., LTD.",sinokor,Yokohama,11,,POS YOKOHAMA,,,,1588E,1588W,,,2026/06/11,17:00,2026/06/12,07:30,2026/06/12,10:45
"SINOKOR MERCHANT MARINE CO., LTD.",sinokor,Yokohama,11,,STAR VOYAGER,,,,2623E,2623W,,,2026/06/14,15:36,2026/06/14,17:54,2026/06/15,04:40
"SINOKOR MERCHANT MARINE CO., LTD.",sinokor,Yokohama,11,,AKITA TRADER,,,,2621E,2621W,,,,,,,,
"SINOKOR MERCHANT MARINE CO., LTD.",sinokor,Yokohama,11,,AKITA TRADER,,,,2622E,2622W,,,2026/06/15,17:50,2026/06/15,18:18,2026/06/16,03:50
"SINOKOR MERCHANT MARINE CO., LTD.",sinokor,Yokohama,11,,HEUNG-A AKITA,,,,2621S,2621N,,,2026/06/17,06:20,2026/06/17,07:00,2026/06/17,16:00
"SINOKOR MERCHANT MARINE CO., LTD.",sinokor,Yokohama,11,,POS YOKOHAMA,,,,1589E,1589W,,,2026/06/19,,2026/06/19,,2026/06/19,
"SINOKOR MERCHANT MARINE CO., LTD.",sinokor,Yokohama,11,,STAR VOYAGER,,,,2624E,2624W,,,2026/06/21,,2026/06/21,,2026/06/21,
"SINOKOR MERCHANT MARINE CO., LTD.",sinokor,Yokohama,11,,AKITA TRADER,,,,2623E,2623W,,,2026/06/22,,2026/06/22,,2026/06/23,
"SINOKOR MERCHANT MARINE CO., LTD.",sinokor,Yokohama,11,,HEUNG-A AKITA,,,,2622S,2622N,,,2026/06/23,,2026/06/23,,2026/06/23,
"SINOKOR MERCHANT MARINE CO., LTD.",sinokor,Yokohama,11,,POS YOKOHAMA,,,,1590E,1590W,,,2026/06/25,,2026/06/25,,2026/06/25,
"SINOKOR MERCHANT MARINE CO., LTD.",sinokor,Yokohama,11,,STAR VOYAGER,,,,2625E,2625W,,,2026/06/28,,2026/06/28,,2026/06/28,
"SINOKOR MERCHANT MARINE CO., LTD.",sinokor,Yokohama,11,,HEUNG-A AKITA,,,,2623S,2623N,,,2026/06/29,,2026/06/29,,2026/06/29,
"SINOKOR MERCHANT MARINE CO., LTD.",sinokor,Yokohama,11,,POS YOKOHAMA,,,,1591E,1591W,,,2026/07/01,,2026/07/01,,2026/07/01,
"SINOKOR MERCHANT MARINE CO., LTD.",sinokor,Yokohama,11,,STAR VOYAGER,,,,2626E,2626W,,,2026/07/04,,2026/07/04,,2026/07/04,
"SINOKOR MERCHANT MARINE CO., LTD.",sinokor,Yokohama,11,,AKITA TRADER,,,,2624E,2624W,,,2026/06/29,,2026/06/29,,2026/06/30,
"SINOKOR MERCHANT MARINE CO., LTD.",sinokor,Tokyo,13,,POS YOKOHAMA,,,,1587E,1587W,,,2026/06/01,15:12,2026/06/02,07:13,2026/06/02,16:19
"SINOKOR MERCHANT MARINE CO., LTD.",sinokor,Tokyo,13,,HEUNG-A XIAMEN,,,,2622S,2622N,,,2026/06/05,08:29,2026/06/05,09:13,2026/06/05,16:56
"SINOKOR MERCHANT MARINE CO., LTD.",sinokor,Tokyo,13,,STAR VOYAGER,,,,2622E,2622W,,,2026/06/06,07:26,2026/06/06,08:20,2026/06/06,17:40
"SINOKOR MERCHANT MARINE CO., LTD.",sinokor,Tokyo,13,,AKITA TRADER,,,,2620E,2620W,,,2026/06/08,16:53,2026/06/08,17:39,2026/06/09,04:33
"SINOKOR MERCHANT MARINE CO., LTD.",sinokor,Tokyo,13,,AKITA TRADER,,,,2621E,2621W,,,,,,,,
"SINOKOR MERCHANT MARINE CO., LTD.",sinokor,Tokyo,13,,HEUNG-A XIAMEN,,,,2623S,2623N,,,2026/06/11,17:54,2026/06/12,07:57,2026/06/12,15:59
"SINOKOR MERCHANT MARINE CO., LTD.",sinokor,Tokyo,13,,POS YOKOHAMA,,,,1588E,1588W,,,2026/06/11,00:18,2026/06/11,07:32,2026/06/11,15:17
"SINOKOR MERCHANT MARINE CO., LTD.",sinokor,Tokyo,13,,STAR VOYAGER,,,,2623E,2623W,,,2026/06/15,06:24,2026/06/15,07:10,2026/06/16,01:09
"SINOKOR MERCHANT MARINE CO., LTD.",sinokor,Tokyo,13,,HEUNG-A AKITA,,,,2621S,2621N,,,2026/06/16,18:56,2026/06/16,19:42,2026/06/17,04:48
"SINOKOR MERCHANT MARINE CO., LTD.",sinokor,Tokyo,13,,POS YOKOHAMA,,,,1589E,1589W,,,2026/06/18,,2026/06/18,,2026/06/19,
"SINOKOR MERCHANT MARINE CO., LTD.",sinokor,Tokyo,13,,STAR VOYAGER,,,,2624E,2624W,,,2026/06/20,,2026/06/20,,2026/06/21,
"SINOKOR MERCHANT MARINE CO., LTD.",sinokor,Tokyo,13,,AKITA TRADER,,,,2622E,2622W,,,2026/06/15,06:56,2026/06/15,07:37,2026/06/15,16:16
"SINOKOR MERCHANT MARINE CO., LTD.",sinokor,Tokyo,13,,AKITA TRADER,,,,2623E,2623W,,,2026/06/22,,2026/06/22,,2026/06/22,
"SINOKOR MERCHANT MARINE CO., LTD.",sinokor,Tokyo,13,,POS YOKOHAMA,,,,1590E,1590W,,,2026/06/24,,2026/06/24,,2026/06/25,
"SINOKOR MERCHANT MARINE CO., LTD.",sinokor,Tokyo,13,,STAR VOYAGER,,,,2625E,2625W,,,2026/06/27,,2026/06/27,,2026/06/28,
"SINOKOR MERCHANT MARINE CO., LTD.",sinokor,Tokyo,13,,HEUNG-A AKITA,,,,2622S,2622N,,,2026/06/22,,2026/06/22,,2026/06/23,
"SINOKOR MERCHANT MARINE CO., LTD.",sinokor,Tokyo,13,,HEUNG-A AKITA,,,,2623S,2623N,,,2026/06/29,,2026/06/29,,2026/06/29,
"SINOKOR MERCHANT MARINE CO., LTD.",sinokor,Tokyo,13,,POS YOKOHAMA,,,,1591E,1591W,,,2026/06/30,,2026/06/30,,2026/07/01,
"SINOKOR MERCHANT MARINE CO., LTD.",sinokor,Tokyo,13,,STAR VOYAGER,,,,2626E,2626W,,,2026/07/03,,2026/07/03,,2026/07/04,
"SINOKOR MERCHANT MARINE CO., LTD.",sinokor,Tokyo,13,,AKITA TRADER,,,,2624E,2624W,,,2026/06/29,,2026/06/29,,2026/06/29,
"SINOKOR MERCHANT MARINE CO., LTD.",sinokor,Hamada,18,,VOSTOCHNY VOYAGER,,,,2630E,2630W,,,2026/06/01,10:55,2026/06/01,11:18,2026/06/01,16:20
"SINOKOR MERCHANT MARINE CO., LTD.",sinokor,Hamada,18,,OSAKA VOYAGER,,,,2625E,2625W,,,2026/06/06,09:32,2026/06/06,10:10,2026/06/06,16:00
"SINOKOR MERCHANT MARINE CO., LTD.",sinokor,Hamada,18,,VOSTOCHNY VOYAGER,,,,2633E,2633W,,,2026/06/14,10:50,2026/06/14,11:30,2026/06/14,18:40
"SINOKOR MERCHANT MARINE CO., LTD.",sinokor,Hamada,18,,OSAKA VOYAGER,,,,2628E,2628W,,,2026/06/21,,2026/06/21,,2026/06/21,
"SINOKOR MERCHANT MARINE CO., LTD.",sinokor,Hamada,18,,VOSTOCHNY VOYAGER,,,,2636E,2636W,,,2026/06/27,,2026/06/27,,2026/06/27,
"SINOKOR MERCHANT MARINE CO., LTD.",sinokor,Hamada,18,,OSAKA VOYAGER,,,,2631E,2631W,,,2026/07/04,,2026/07/04,,2026/07/04,
"SINOKOR MERCHANT MARINE CO., LTD.",sinokor,Akita,19,,ATLANTIC SOUTH,,,,2620E,2620W,,,2026/05/31,11:35,2026/06/01,08:00,2026/06/01,12:00
"SINOKOR MERCHANT MARINE CO., LTD.",sinokor,Akita,19,,ATLANTIC SOUTH,,,,2621E,2621W,,,,,,,,
"SINOKOR MERCHANT MARINE CO., LTD.",sinokor,Akita,19,,ATLANTIC SOUTH,,,,2622E,2622W,,,2026/06/09,08:41,2026/06/09,09:30,2026/06/09,15:20
"SINOKOR MERCHANT MARINE CO., LTD.",sinokor,Akita,19,,HEUNG-A HAIPHONG,,,,2621E,2621W,,,,,,,,
"SINOKOR MERCHANT MARINE CO., LTD.",sinokor,Akita,19,,HEUNG-A HAIPHONG,,,,2620E,2620W,,,2026/06/11,06:45,2026/06/11,07:30,2026/06/11,14:35
"SINOKOR MERCHANT MARINE CO., LTD.",sinokor,Akita,19,,ATLANTIC SOUTH,,,,2623E,2623W,,,2026/06/17,07:31,2026/06/17,08:30,2026/06/17,11:30
"SINOKOR MERCHANT MARINE CO., LTD.",sinokor,Akita,19,,HEUNG-A HAIPHONG,,,,2623E,2623W,,,2026/06/22,,2026/06/22,,2026/06/22,
"SINOKOR MERCHANT MARINE CO., LTD.",sinokor,Akita,19,,ATLANTIC SOUTH,,,,2624E,2624W,,,2026/06/24,,2026/06/25,,2026/06/25,
"SINOKOR MERCHANT MARINE CO., LTD.",sinokor,Akita,19,,ATLANTIC SOUTH,,,,2625E,2625W,,,,,,,,
"SINOKOR MERCHANT MARINE CO., LTD.",sinokor,Akita,19,,HEUNG-A HAIPHONG,,,,2624E,2624W,,,2026/06/30,,2026/07/01,,2026/07/01,
"SINOKOR MERCHANT MARINE CO., LTD.",sinokor,Akita,19,,ATLANTIC SOUTH,,,,2626E,2626W,,,2026/07/03,,2026/07/03,,2026/07/03,
"SINOKOR MERCHANT MARINE CO., LTD.",sinokor,Hitachinaka,21,,HEUNG-A AKITA,,,,2620E,2620W,,,2026/05/31,21:24,2026/06/01,07:42,2026/06/01,15:18
"SINOKOR MERCHANT MARINE CO., LTD.",sinokor,Hitachinaka,21,,HEUNG-A XIAMEN,,,,2624E,2624W,,,2026/06/21,,2026/06/21,,2026/06/21,
"SINOKOR MERCHANT MARINE CO., LTD.",sinokor,Hitachinaka,21,,HEUNG-A XIAMEN,,,,2625E,2625W,,,2026/06/29,,2026/06/29,,2026/06/29,
"SINOKOR MERCHANT MARINE CO., LTD.",sinokor,Niigata,24,,ATLANTIC SOUTH,,,,2620E,2620W,,,2026/06/02,04:52,2026/06/02,05:40,2026/06/02,17:20
"SINOKOR MERCHANT MARINE CO., LTD.",sinokor,Niigata,24,,OSAKA VOYAGER,,,,2625E,2625W,,,2026/06/03,05:51,2026/06/03,07:00,2026/06/03,17:10
"SINOKOR MERCHANT MARINE CO., LTD.",sinokor,Niigata,24,,SUNNY CLOVER,,,,2610E,2610W,,,2026/06/05,06:05,2026/06/05,07:10,2026/06/06,15:30
"SINOKOR MERCHANT MARINE CO., LTD.",sinokor,Niigata,24,,ATLANTIC SOUTH,,,,2621E,2621W,,,,,,,,
"SINOKOR MERCHANT MARINE CO., LTD.",sinokor,Niigata,24,,ATLANTIC SOUTH,,,,2622E,2622W,,,2026/06/10,06:44,2026/06/10,07:40,2026/06/10,16:30
"SINOKOR MERCHANT MARINE CO., LTD.",sinokor,Niigata,24,,SKY FLOWER,,,,2610E,2610W,,,2026/06/11,05:53,2026/06/11,06:50,2026/06/11,18:40
"SINOKOR MERCHANT MARINE CO., LTD.",sinokor,Niigata,24,,VOSTOCHNY VOYAGER,,,,2633E,2633W,,,2026/06/12,07:38,2026/06/12,08:55,2026/06/12,17:05
"SINOKOR MERCHANT MARINE CO., LTD.",sinokor,Niigata,24,,ATLANTIC SOUTH,,,,2623E,2623W,,,2026/06/18,,2026/06/18,,2026/06/18,
"SINOKOR MERCHANT MARINE CO., LTD.",sinokor,Niigata,24,,OSAKA VOYAGER,,,,2628E,2628W,,,2026/06/19,,2026/06/19,,2026/06/19,
"SINOKOR MERCHANT MARINE CO., LTD.",sinokor,Niigata,24,,SUNNY CLOVER,,,,2611E,2611W,,,2026/06/20,,2026/06/20,,2026/06/21,
"SINOKOR MERCHANT MARINE CO., LTD.",sinokor,Niigata,24,,VOSTOCHNY VOYAGER,,,,2636E,2636W,,,2026/06/23,,2026/06/24,,2026/06/24,
"SINOKOR MERCHANT MARINE CO., LTD.",sinokor,Niigata,24,,ATLANTIC SOUTH,,,,2624E,2624W,,,2026/06/26,,2026/06/26,,2026/06/26,
"SINOKOR MERCHANT MARINE CO., LTD.",sinokor,Niigata,24,,SKY FLOWER,,,,2611E,2611W,,,2026/06/24,,2026/06/24,,2026/06/24,
"SINOKOR MERCHANT MARINE CO., LTD.",sinokor,Niigata,24,,OSAKA VOYAGER,,,,2631E,2631W,,,2026/06/30,,2026/07/01,,2026/07/01,
"SINOKOR MERCHANT MARINE CO., LTD.",sinokor,Niigata,24,,SUNNY CLOVER,,,,2612E,2612W,,,2026/07/02,,2026/07/02,,2026/07/03,
"SINOKOR MERCHANT MARINE CO., LTD.",sinokor,Niigata,24,,ATLANTIC SOUTH,,,,2626E,2626W,,,2026/07/04,,2026/07/04,,2026/07/04,
"SINOKOR MERCHANT MARINE CO., LTD.",sinokor,Niigata,24,,ATLANTIC SOUTH,,,,2625E,2625W,,,,,,,,
"SINOKOR MERCHANT MARINE CO., LTD.",sinokor,Fushikitoyama,25,,OSAKA VOYAGER,,,,2625E,2625W,,,2026/06/04,07:49,2026/06/04,08:30,2026/06/04,13:50
"SINOKOR MERCHANT MARINE CO., LTD.",sinokor,Fushikitoyama,25,,SUNNY CLOVER,,,,2610E,2610W,,,2026/06/08,05:41,2026/06/08,06:30,2026/06/08,15:50
"SINOKOR MERCHANT MARINE CO., LTD.",sinokor,Fushikitoyama,25,,VOSTOCHNY VOYAGER,,,,2633E,2633W,,,2026/06/11,06:17,2026/06/11,07:00,2026/06/11,15:00
"SINOKOR MERCHANT MARINE CO., LTD.",sinokor,Fushikitoyama,25,,SKY FLOWER,,,,2610E,2610W,,,2026/06/12,06:14,2026/06/12,07:00,2026/06/12,11:50
"SINOKOR MERCHANT MARINE CO., LTD.",sinokor,Fushikitoyama,25,,OSAKA VOYAGER,,,,2628E,2628W,,,2026/06/18,07:00,2026/06/18,08:00,2026/06/18,18:00
"SINOKOR MERCHANT MARINE CO., LTD.",sinokor,Fushikitoyama,25,,SUNNY CLOVER,,,,2611E,2611W,,,2026/06/22,,2026/06/22,,2026/06/22,
"SINOKOR MERCHANT MARINE CO., LTD.",sinokor,Fushikitoyama,25,,VOSTOCHNY VOYAGER,,,,2636E,2636W,,,2026/06/25,,2026/06/25,,2026/06/25,
"SINOKOR MERCHANT MARINE CO., LTD.",sinokor,Fushikitoyama,25,,SKY FLOWER,,,,2611E,2611W,,,2026/06/25,,2026/06/25,,2026/06/25,
"SINOKOR MERCHANT MARINE CO., LTD.",sinokor,Fushikitoyama,25,,OSAKA VOYAGER,,,,2631E,2631W,,,2026/07/02,,2026/07/02,,2026/07/02,
"SINOKOR MERCHANT MARINE CO., LTD.",sinokor,Fushikitoyama,25,,SUNNY CLOVER,,,,2612E,2612W,,,2026/07/03,,2026/07/03,,2026/07/04,
"SINOKOR MERCHANT MARINE CO., LTD.",sinokor,Kanazawa,26,,PACIFIC NINGBO,,,,2621E,2621W,,,2026/06/03,08:37,2026/06/03,09:30,2026/06/03,16:55
"SINOKOR MERCHANT MARINE CO., LTD.",sinokor,Kanazawa,26,,OSAKA VOYAGER,,,,2625E,2625W,,,2026/06/05,07:35,2026/06/05,08:20,2026/06/05,13:15
"SINOKOR MERCHANT MARINE CO., LTD.",sinokor,Kanazawa,26,,PACIFIC NINGBO,,,,2622E,2622W,,,,,,,,
"SINOKOR MERCHANT MARINE CO., LTD.",sinokor,Kanazawa,26,,PACIFIC NINGBO,,,,2623E,2623W,,,2026/06/10,06:04,2026/06/10,06:48,2026/06/10,13:10
"SINOKOR MERCHANT MARINE CO., LTD.",sinokor,Kanazawa,26,,VOSTOCHNY VOYAGER,,,,2633E,2633W,,,2026/06/13,07:40,2026/06/13,08:30,2026/06/13,13:00
"SINOKOR MERCHANT MARINE CO., LTD.",sinokor,Kanazawa,26,,PACIFIC NINGBO,,,,2624E,2624W,,,2026/06/18,,2026/06/18,,2026/06/18,
"SINOKOR MERCHANT MARINE CO., LTD.",sinokor,Kanazawa,26,,OSAKA VOYAGER,,,,2628E,2628W,,,2026/06/20,,2026/06/20,,2026/06/20,
"SINOKOR MERCHANT MARINE CO., LTD.",sinokor,Kanazawa,26,,PACIFIC NINGBO,,,,2625E,2625W,,,2026/06/25,,2026/06/25,,2026/06/25,
"SINOKOR MERCHANT MARINE CO., LTD.",sinokor,Kanazawa,26,,VOSTOCHNY VOYAGER,,,,2636E,2636W,,,2026/06/26,,2026/06/26,,2026/06/26,
"SINOKOR MERCHANT MARINE CO., LTD.",sinokor,Kanazawa,26,,PACIFIC NINGBO,,,,2626E,2626W,,,2026/07/02,,2026/07/02,,2026/07/02,
"SINOKOR MERCHANT MARINE CO., LTD.",sinokor,Kanazawa,26,,OSAKA VOYAGER,,,,2631E,2631W,,,2026/07/03,,2026/07/03,,2026/07/03,
"SINOKOR MERCHANT MARINE CO., LTD.",sinokor,Tsuruga,27,,PACIFIC NINGBO,,,,2621E,2621W,,,2026/05/31,15:30,2026/06/01,07:40,2026/06/01,16:40
"SINOKOR MERCHANT MARINE CO., LTD.",sinokor,Tsuruga,27,,PACIFIC NINGBO,,,,2622E,2622W,,,,,,,,
"SINOKOR MERCHANT MARINE CO., LTD.",sinokor,Tsuruga,27,,PACIFIC NINGBO,,,,2623E,2623W,,,2026/06/08,10:04,2026/06/08,10:40,2026/06/09,11:20
"SINOKOR MERCHANT MARINE CO., LTD.",sinokor,Tsuruga,27,,PACIFIC NINGBO,,,,2624E,2624W,,,2026/06/16,16:24,2026/06/16,17:00,2026/06/17,08:30
"SINOKOR MERCHANT MARINE CO., LTD.",sinokor,Tsuruga,27,,PACIFIC NINGBO,,,,2625E,2625W,,,2026/06/24,,2026/06/24,,2026/06/24,
"SINOKOR MERCHANT MARINE CO., LTD.",sinokor,Tsuruga,27,,PACIFIC NINGBO,,,,2626E,2626W,,,2026/07/01,,2026/07/01,,2026/07/01,
"SINOKOR MERCHANT MARINE CO., LTD.",sinokor,Maizuru,28,,PACIFIC NINGBO,,,,2621E,2621W,,,2026/06/02,07:07,2026/06/02,08:00,2026/06/02,14:50
"SINOKOR MERCHANT MARINE CO., LTD.",sinokor,Maizuru,28,,PACIFIC NINGBO,,,,2622E,2622W,,,,,,,,
"SINOKOR MERCHANT MARINE CO., LTD.",sinokor,Maizuru,28,,PACIFIC NINGBO,,,,2623E,2623W,,,2026/06/11,06:57,2026/06/11,08:00,2026/06/11,15:10
"SINOKOR MERCHANT MARINE CO., LTD.",sinokor,Maizuru,28,,PACIFIC NINGBO,,,,2624E,2624W,,,2026/06/19,,2026/06/19,,2026/06/19,
"SINOKOR MERCHANT MARINE CO., LTD.",sinokor,Maizuru,28,,PACIFIC NINGBO,,,,2625E,2625W,,,2026/06/26,,2026/06/26,,2026/06/26,
"SINOKOR MERCHANT MARINE CO., LTD.",sinokor,Maizuru,28,,PACIFIC NINGBO,,,,2626E,2626W,,,2026/07/03,,2026/07/03,,2026/07/03,
"SINOKOR MERCHANT MARINE CO., LTD.",sinokor,Sakaiminato,29,,PACIFIC NINGBO,,,,2621E,2621W,,,2026/06/04,08:43,2026/06/04,09:20,2026/06/04,12:30
"SINOKOR MERCHANT MARINE CO., LTD.",sinokor,Sakaiminato,29,,PACIFIC NINGBO,,,,2622E,2622W,,,,,,,,
"SINOKOR MERCHANT MARINE CO., LTD.",sinokor,Sakaiminato,29,,PACIFIC NINGBO,,,,2623E,2623W,,,2026/06/12,07:04,2026/06/12,07:45,2026/06/12,17:20
"SINOKOR MERCHANT MARINE CO., LTD.",sinokor,Sakaiminato,29,,PACIFIC NINGBO,,,,2624E,2624W,,,2026/06/20,,2026/06/20,,2026/06/20,
"SINOKOR MERCHANT MARINE CO., LTD.",sinokor,Sakaiminato,29,,PACIFIC NINGBO,,,,2625E,2625W,,,2026/06/27,,2026/06/27,,2026/06/27,
"SINOKOR MERCHANT MARINE CO., LTD.",sinokor,Sakaiminato,29,,PACIFIC NINGBO,,,,2626E,2626W,,,2026/07/04,,2026/07/04,,2026/07/04,
"SINOKOR MERCHANT MARINE CO., LTD.",sinokor,Naoetsu,33,,ATLANTIC SOUTH,,,,2621E,2621W,,,,,,,,
"SINOKOR MERCHANT MARINE CO., LTD.",sinokor,Naoetsu,33,,SUNNY CLOVER,,,,2610E,2610W,,,2026/06/07,06:09,2026/06/07,06:54,2026/06/07,16:50
"SINOKOR MERCHANT MARINE CO., LTD.",sinokor,Naoetsu,33,,ATLANTIC SOUTH,,,,2622E,2622W,,,2026/06/07,15:10,2026/06/08,06:36,2026/06/08,18:36
"SINOKOR MERCHANT MARINE CO., LTD.",sinokor,Naoetsu,33,,SKY FLOWER,,,,2610E,2610W,,,2026/06/13,06:07,2026/06/13,07:00,2026/06/13,14:50
"SINOKOR MERCHANT MARINE CO., LTD.",sinokor,Naoetsu,33,,ATLANTIC SOUTH,,,,2623E,2623W,,,2026/06/16,05:47,2026/06/16,06:48,2026/06/16,16:54
"SINOKOR MERCHANT MARINE CO., LTD.",sinokor,Naoetsu,33,,ATLANTIC SOUTH,,,,2624E,2624W,,,2026/06/23,,2026/06/23,,2026/06/23,
"SINOKOR MERCHANT MARINE CO., LTD.",sinokor,Naoetsu,33,,SKY FLOWER,,,,2611E,2611W,,,2026/06/26,,2026/06/26,,2026/06/26,
"SINOKOR MERCHANT MARINE CO., LTD.",sinokor,Naoetsu,33,,SUNNY CLOVER,,,,2611E,2611W,,,2026/06/23,,2026/06/23,,2026/06/23,
"SINOKOR MERCHANT MARINE CO., LTD.",sinokor,Naoetsu,33,,ATLANTIC SOUTH,,,,2625E,2625W,,,,,,,,
"SINOKOR MERCHANT MARINE CO., LTD.",sinokor,Naoetsu,33,,ATLANTIC SOUTH,,,,2626E,2626W,,,2026/07/01,,2026/07/02,,2026/07/02,
"SINOKOR MERCHANT MARINE CO., LTD.",sinokor,Nagoya,35,,STAR VOYAGER,,,,2621E,2621W,,,2026/06/01,02:20,2026/06/01,03:50,2026/06/01,09:55
"SINOKOR MERCHANT MARINE CO., LTD.",sinokor,Nagoya,35,,HEUNG-A XIAMEN,,,,2622S,2622N,,,2026/06/01,17:36,2026/06/02,08:00,2026/06/02,17:15
"SINOKOR MERCHANT MARINE CO., LTD.",sinokor,Nagoya,35,,POS YOKOHAMA,,,,1587E,1587W,,,2026/06/04,14:54,2026/06/05,07:30,2026/06/05,17:25
"SINOKOR MERCHANT MARINE CO., LTD.",sinokor,Nagoya,35,,AKITA TRADER,,,,2620E,2620W,,,2026/06/05,21:36,2026/06/06,13:30,2026/06/07,00:30
"SINOKOR MERCHANT MARINE CO., LTD.",sinokor,Nagoya,35,,STAR VOYAGER,,,,2622E,2622W,,,2026/06/08,07:15,2026/06/08,08:45,2026/06/08,16:25
"SINOKOR MERCHANT MARINE CO., LTD.",sinokor,Nagoya,35,,AKITA TRADER,,,,2621E,2621W,,,,,,,,
"SINOKOR MERCHANT MARINE CO., LTD.",sinokor,Nagoya,35,,STAR VOYAGER,,,,2623E,2623W,,,,,,,,
"SINOKOR MERCHANT MARINE CO., LTD.",sinokor,Nagoya,35,,POS YOKOHAMA,,,,1588E,1588W,,,2026/06/13,09:00,2026/06/13,11:40,2026/06/13,22:40
"SINOKOR MERCHANT MARINE CO., LTD.",sinokor,Nagoya,35,,HEUNG-A XIAMEN,,,,2623S,2623N,,,2026/06/14,08:00,2026/06/14,09:00,2026/06/14,16:20
"SINOKOR MERCHANT MARINE CO., LTD.",sinokor,Nagoya,35,,AKITA TRADER,,,,2622E,2622W,,,2026/06/16,17:20,2026/06/16,18:25,2026/06/17,12:30
"SINOKOR MERCHANT MARINE CO., LTD.",sinokor,Nagoya,35,,HEUNG-A AKITA,,,,2621S,2621N,,,2026/06/18,17:30,2026/06/18,18:30,2026/06/19,06:00
"SINOKOR MERCHANT MARINE CO., LTD.",sinokor,Nagoya,35,,POS YOKOHAMA,,,,1589E,1589W,,,2026/06/19,,2026/06/19,,2026/06/20,
"SINOKOR MERCHANT MARINE CO., LTD.",sinokor,Nagoya,35,,STAR VOYAGER,,,,2624E,2624W,,,2026/06/22,,2026/06/22,,2026/06/22,
"SINOKOR MERCHANT MARINE CO., LTD.",sinokor,Nagoya,35,,AKITA TRADER,,,,2623E,2623W,,,2026/06/23,,2026/06/23,,2026/06/23,
"SINOKOR MERCHANT MARINE CO., LTD.",sinokor,Nagoya,35,,HEUNG-A AKITA,,,,2622S,2622N,,,2026/06/24,,2026/06/24,,2026/06/24,
"SINOKOR MERCHANT MARINE CO., LTD.",sinokor,Nagoya,35,,POS YOKOHAMA,,,,1590E,1590W,,,,,,,,
"SINOKOR MERCHANT MARINE CO., LTD.",sinokor,Nagoya,35,,STAR VOYAGER,,,,2625E,2625W,,,2026/06/29,,2026/06/29,,2026/06/29,
"SINOKOR MERCHANT MARINE CO., LTD.",sinokor,Nagoya,35,,HEUNG-A AKITA,,,,2623S,2623N,,,2026/06/30,,2026/06/30,,2026/06/30,
"SINOKOR MERCHANT MARINE CO., LTD.",sinokor,Nagoya,35,,POS YOKOHAMA,,,,1591E,1591W,,,2026/07/02,,2026/07/02,,2026/07/02,
"SINOKOR MERCHANT MARINE CO., LTD.",sinokor,Nagoya,35,,STAR VOYAGER,,,,2626E,2626W,,,2026/07/05,,2026/07/05,,2026/07/05,
"SINOKOR MERCHANT MARINE CO., LTD.",sinokor,Nagoya,35,,AKITA TRADER,,,,2624E,2624W,,,2026/06/30,,2026/06/30,,2026/06/30,
"SINOKOR MERCHANT MARINE CO., LTD.",sinokor,Osaka,40,,HONOR OCEAN,,,,1056E,1056W,,,2026/05/31,18:30,2026/06/01,07:13,2026/06/01,15:07
"SINOKOR MERCHANT MARINE CO., LTD.",sinokor,Osaka,40,,HONOR GLORY,,,,2618E,2618W,,,2026/06/03,17:09,2026/06/03,18:25,2026/06/04,06:17
"SINOKOR MERCHANT MARINE CO., LTD.",sinokor,Osaka,40,,HONOR OCEAN,,,,1057E,1057W,,,2026/06/05,06:23,2026/06/05,07:22,2026/06/05,14:25
"SINOKOR MERCHANT MARINE CO., LTD.",sinokor,Osaka,40,,HONOR GLORY,,,,2619E,2619W,,,2026/06/08,10:37,2026/06/08,11:35,2026/06/08,18:47
"SINOKOR MERCHANT MARINE CO., LTD.",sinokor,Osaka,40,,HONOR OCEAN,,,,1058E,1058W,,,2026/06/09,15:00,2026/06/10,07:24,2026/06/10,15:28
"SINOKOR MERCHANT MARINE CO., LTD.",sinokor,Osaka,40,,HONOR GLORY,,,,2620E,2620W,,,2026/06/13,06:05,2026/06/13,06:57,2026/06/13,14:59
"SINOKOR MERCHANT MARINE CO., LTD.",sinokor,Osaka,40,,HONOR OCEAN,,,,1059E,1059W,,,2026/06/15,06:24,2026/06/15,07:21,2026/06/15,15:49
"SINOKOR MERCHANT MARINE CO., LTD.",sinokor,Osaka,40,,HONOR GLORY,,,,2621E,2621W,,,2026/06/17,06:25,2026/06/17,07:20,2026/06/17,14:30
"SINOKOR MERCHANT MARINE CO., LTD.",sinokor,Osaka,40,,HONOR OCEAN,,,,1060E,1060W,,,2026/06/19,,2026/06/19,,2026/06/19,
"SINOKOR MERCHANT MARINE CO., LTD.",sinokor,Osaka,40,,HONOR GLORY,,,,2622E,2622W,,,2026/06/22,,2026/06/22,,2026/06/22,
"SINOKOR MERCHANT MARINE CO., LTD.",sinokor,Osaka,40,,HONOR OCEAN,,,,1061E,1061W,,,2026/06/24,,2026/06/24,,2026/06/24,
"SINOKOR MERCHANT MARINE CO., LTD.",sinokor,Osaka,40,,HONOR GLORY,,,,2623E,2623W,,,2026/06/26,,2026/06/26,,2026/06/26,
"SINOKOR MERCHANT MARINE CO., LTD.",sinokor,Osaka,40,,HONOR OCEAN,,,,1062E,1062W,,,2026/06/29,,2026/06/29,,2026/06/29,
"SINOKOR MERCHANT MARINE CO., LTD.",sinokor,Osaka,40,,HONOR GLORY,,,,2624E,2624W,,,2026/07/01,,2026/07/01,,2026/07/01,
"SINOKOR MERCHANT MARINE CO., LTD.",sinokor,Osaka,40,,HONOR OCEAN,,,,1063E,1063W,,,2026/07/03,,2026/07/03,,2026/07/03,
"SINOKOR MERCHANT MARINE CO., LTD.",sinokor,Kobe,41,,HONOR OCEAN,,,,1056E,1056W,,,2026/06/01,15:55,2026/06/01,17:31,2026/06/01,23:20
"SINOKOR MERCHANT MARINE CO., LTD.",sinokor,Kobe,41,,HONOR GLORY,,,,2618E,2618W,,,2026/06/04,07:05,2026/06/04,08:20,2026/06/04,14:47
"SINOKOR MERCHANT MARINE CO., LTD.",sinokor,Kobe,41,,HONOR OCEAN,,,,1057E,1057W,,,2026/06/05,15:05,2026/06/05,16:03,2026/06/05,23:11
"SINOKOR MERCHANT MARINE CO., LTD.",sinokor,Kobe,41,,HONOR GLORY,,,,2619E,2619W,,,2026/06/08,20:00,2026/06/09,07:16,2026/06/09,16:26
"SINOKOR MERCHANT MARINE CO., LTD.",sinokor,Kobe,41,,HONOR OCEAN,,,,1058E,1058W,,,2026/06/10,16:15,2026/06/10,17:35,2026/06/10,21:46
"SINOKOR MERCHANT MARINE CO., LTD.",sinokor,Kobe,41,,HONOR GLORY,,,,2620E,2620W,,,2026/06/13,15:50,2026/06/13,16:31,2026/06/13,23:00
"SINOKOR MERCHANT MARINE CO., LTD.",sinokor,Kobe,41,,HONOR OCEAN,,,,1059E,1059W,,,2026/06/15,17:30,2026/06/15,18:46,2026/06/16,01:14
"SINOKOR MERCHANT MARINE CO., LTD.",sinokor,Kobe,41,,HONOR GLORY,,,,2621E,2621W,,,2026/06/17,15:40,2026/06/17,16:40,2026/06/18,02:00
"SINOKOR MERCHANT MARINE CO., LTD.",sinokor,Kobe,41,,HONOR OCEAN,,,,1060E,1060W,,,2026/06/19,,2026/06/19,,2026/06/19,
"SINOKOR MERCHANT MARINE CO., LTD.",sinokor,Kobe,41,,HONOR GLORY,,,,2622E,2622W,,,2026/06/22,,2026/06/22,,2026/06/22,
"SINOKOR MERCHANT MARINE CO., LTD.",sinokor,Kobe,41,,HONOR OCEAN,,,,1061E,1061W,,,2026/06/24,,2026/06/24,,2026/06/24,
"SINOKOR MERCHANT MARINE CO., LTD.",sinokor,Kobe,41,,HONOR GLORY,,,,2623E,2623W,,,2026/06/26,,2026/06/26,,2026/06/26,
"SINOKOR MERCHANT MARINE CO., LTD.",sinokor,Kobe,41,,HONOR OCEAN,,,,1062E,1062W,,,2026/06/29,,2026/06/29,,2026/06/29,
"SINOKOR MERCHANT MARINE CO., LTD.",sinokor,Kobe,41,,HONOR GLORY,,,,2624E,2624W,,,2026/07/01,,2026/07/01,,2026/07/01,
"SINOKOR MERCHANT MARINE CO., LTD.",sinokor,Kobe,41,,HONOR OCEAN,,,,1063E,1063W,,,2026/07/03,,2026/07/03,,2026/07/03,
"SINOKOR MERCHANT MARINE CO., LTD.",sinokor,Mizushima,50,,PACIFIC BUSAN,,,,2622E,2622W,,,2026/06/03,07:04,2026/06/03,07:42,2026/06/03,12:34
"SINOKOR MERCHANT MARINE CO., LTD.",sinokor,Mizushima,50,,HONOR VOYAGER,,,,2622E,2622W,,,2026/06/05,12:44,2026/06/05,13:24,2026/06/05,17:55
"SINOKOR MERCHANT MARINE CO., LTD.",sinokor,Mizushima,50,,MOJI EXPRESS,,,,2634E,2634W,,,2026/06/05,23:48,2026/06/06,06:00,2026/06/06,10:06
"SINOKOR MERCHANT MARINE CO., LTD.",sinokor,Mizushima,50,,PACIFIC BUSAN,,,,2623E,2623W,,,2026/06/10,05:34,2026/06/10,06:12,2026/06/10,11:32
"SINOKOR MERCHANT MARINE CO., LTD.",sinokor,Mizushima,50,,HONOR VOYAGER,,,,2623E,2623W,,,2026/06/11,12:30,2026/06/11,13:24,2026/06/11,18:39
"SINOKOR MERCHANT MARINE CO., LTD.",sinokor,Mizushima,50,,HANSUNG WEIHAI,,,,2631E,2631W,,,2026/06/12,21:12,2026/06/13,06:00,2026/06/13,10:00
"SINOKOR MERCHANT MARINE CO., LTD.",sinokor,Mizushima,50,,PACIFIC BUSAN,,,,2624E,2624W,,,2026/06/17,05:01,2026/06/17,05:36,2026/06/17,12:30
"SINOKOR MERCHANT MARINE CO., LTD.",sinokor,Mizushima,50,,HONOR VOYAGER,,,,2624E,2624W,,,2026/06/18,14:30,2026/06/18,15:30,2026/06/18,19:00
"SINOKOR MERCHANT MARINE CO., LTD.",sinokor,Mizushima,50,,MOJI EXPRESS,,,,2637E,2637W,,,2026/06/20,,2026/06/20,,2026/06/21,
"SINOKOR MERCHANT MARINE CO., LTD.",sinokor,Mizushima,50,,PACIFIC BUSAN,,,,2625E,2625W,,,2026/06/24,,2026/06/24,,2026/06/24,
"SINOKOR MERCHANT MARINE CO., LTD.",sinokor,Mizushima,50,,HONOR VOYAGER,,,,2625E,2625W,,,2026/06/25,,2026/06/25,,2026/06/25,
"SINOKOR MERCHANT MARINE CO., LTD.",sinokor,Mizushima,50,,HANSUNG WEIHAI,,,,2634E,2634W,,,2026/06/27,,2026/06/27,,2026/06/27,
"SINOKOR MERCHANT MARINE CO., LTD.",sinokor,Mizushima,50,,PACIFIC BUSAN,,,,2626E,2626W,,,2026/07/01,,2026/07/01,,2026/07/01,
"SINOKOR MERCHANT MARINE CO., LTD.",sinokor,Mizushima,50,,HONOR VOYAGER,,,,2626E,2626W,,,2026/07/02,,2026/07/02,,2026/07/02,
"SINOKOR MERCHANT MARINE CO., LTD.",sinokor,Mizushima,50,,MOJI EXPRESS,,,,2640E,2640W,,,2026/07/04,,2026/07/04,,2026/07/04,
"SINOKOR MERCHANT MARINE CO., LTD.",sinokor,Hiroshima,51,,MOJI EXPRESS,,,,2633E,2633W,,,2026/06/01,11:54,2026/06/01,12:30,2026/06/01,16:24
"SINOKOR MERCHANT MARINE CO., LTD.",sinokor,Hiroshima,51,,HONOR VOYAGER,,,,2622E,2622W,,,2026/06/02,12:59,2026/06/02,13:30,2026/06/02,17:00
"SINOKOR MERCHANT MARINE CO., LTD.",sinokor,Hiroshima,51,,PACIFIC TIANJIN,,,,2627E,2627W,,,2026/06/07,07:30,2026/06/07,16:00,2026/06/07,18:10
"SINOKOR MERCHANT MARINE CO., LTD.",sinokor,Hiroshima,51,,HANSUNG WEIHAI,,,,2630E,2630W,,,2026/06/09,07:26,2026/06/09,08:00,2026/06/09,14:20
"SINOKOR MERCHANT MARINE CO., LTD.",sinokor,Hiroshima,51,,HONOR VOYAGER,,,,2623E,2623W,,,2026/06/09,13:00,2026/06/09,15:00,2026/06/09,19:20
"SINOKOR MERCHANT MARINE CO., LTD.",sinokor,Hiroshima,51,,MOJI EXPRESS,,,,2636E,2636W,,,2026/06/15,12:00,2026/06/15,12:30,2026/06/15,17:15
"SINOKOR MERCHANT MARINE CO., LTD.",sinokor,Hiroshima,51,,HONOR VOYAGER,,,,2624E,2624W,,,2026/06/16,06:45,2026/06/16,07:36,2026/06/16,10:35
"SINOKOR MERCHANT MARINE CO., LTD.",sinokor,Hiroshima,51,,PACIFIC TIANJIN,,,,2628E,2628W,,,2026/06/19,,2026/06/19,,2026/06/19,
"SINOKOR MERCHANT MARINE CO., LTD.",sinokor,Hiroshima,51,,PACIFIC TIANJIN,,,,2629E,2629W,,,,,,,,
"SINOKOR MERCHANT MARINE CO., LTD.",sinokor,Hiroshima,51,,HANSUNG WEIHAI,,,,2633E,2633W,,,2026/06/23,,2026/06/23,,2026/06/23,
"SINOKOR MERCHANT MARINE CO., LTD.",sinokor,Hiroshima,51,,PACIFIC TIANJIN,,,,2630E,2630W,,,2026/06/26,,2026/06/26,,2026/06/26,
"SINOKOR MERCHANT MARINE CO., LTD.",sinokor,Hiroshima,51,,HONOR VOYAGER,,,,2625E,2625W,,,2026/06/23,,2026/06/23,,2026/06/23,
"SINOKOR MERCHANT MARINE CO., LTD.",sinokor,Hiroshima,51,,MOJI EXPRESS,,,,2639E,2639W,,,2026/06/29,,2026/06/29,,2026/06/29,
"SINOKOR MERCHANT MARINE CO., LTD.",sinokor,Hiroshima,51,,HONOR VOYAGER,,,,2626E,2626W,,,2026/06/30,,2026/06/30,,2026/06/30,
"SINOKOR MERCHANT MARINE CO., LTD.",sinokor,Hiroshima,51,,PACIFIC TIANJIN,,,,2631E,2631W,,,2026/07/03,,2026/07/03,,2026/07/03,
"SINOKOR MERCHANT MARINE CO., LTD.",sinokor,Mishimakawanoe,60,,PACIFIC TIANJIN,,,,2627E,2627W,,,2026/06/03,12:00,2026/06/04,07:20,2026/06/04,14:30
"SINOKOR MERCHANT MARINE CO., LTD.",sinokor,Mishimakawanoe,60,,HAKATA VOYAGER,,,,2621E,2621W,,,2026/06/05,06:50,2026/06/05,07:15,2026/06/05,10:20
"SINOKOR MERCHANT MARINE CO., LTD.",sinokor,Mishimakawanoe,60,,MOJI EXPRESS,,,,2634E,2634W,,,2026/06/06,13:52,2026/06/06,14:20,2026/06/06,17:10
"SINOKOR MERCHANT MARINE CO., LTD.",sinokor,Mishimakawanoe,60,,HANSUNG WEIHAI,,,,2631E,2631W,,,2026/06/13,12:09,2026/06/13,12:40,2026/06/13,16:10
"SINOKOR MERCHANT MARINE CO., LTD.",sinokor,Mishimakawanoe,60,,PACIFIC TIANJIN,,,,2628E,2628W,,,2026/06/15,12:42,2026/06/15,13:15,2026/06/15,16:40
"SINOKOR MERCHANT MARINE CO., LTD.",sinokor,Mishimakawanoe,60,,HAKATA VOYAGER,,,,2622E,2622W,,,2026/06/15,16:45,2026/06/16,07:30,2026/06/16,16:30
"SINOKOR MERCHANT MARINE CO., LTD.",sinokor,Mishimakawanoe,60,,PACIFIC TIANJIN,,,,2629E,2629W,,,,,,,,
"SINOKOR MERCHANT MARINE CO., LTD.",sinokor,Mishimakawanoe,60,,MOJI EXPRESS,,,,2637E,2637W,,,2026/06/21,,2026/06/21,,2026/06/21,
"SINOKOR MERCHANT MARINE CO., LTD.",sinokor,Mishimakawanoe,60,,HAKATA VOYAGER,,,,2623E,2623W,,,2026/06/21,,2026/06/21,,2026/06/22,
"SINOKOR MERCHANT MARINE CO., LTD.",sinokor,Mishimakawanoe,60,,PACIFIC TIANJIN,,,,2630E,2630W,,,2026/06/23,,2026/06/23,,2026/06/23,
"SINOKOR MERCHANT MARINE CO., LTD.",sinokor,Mishimakawanoe,60,,HANSUNG WEIHAI,,,,2634E,2634W,,,2026/06/27,,2026/06/27,,2026/06/27,
"SINOKOR MERCHANT MARINE CO., LTD.",sinokor,Mishimakawanoe,60,,HAKATA VOYAGER,,,,2624E,2624W,,,2026/06/27,,2026/06/27,,2026/06/28,
"SINOKOR MERCHANT MARINE CO., LTD.",sinokor,Mishimakawanoe,60,,PACIFIC TIANJIN,,,,2631E,2631W,,,2026/06/30,,2026/06/30,,2026/06/30,
"SINOKOR MERCHANT MARINE CO., LTD.",sinokor,Mishimakawanoe,60,,HAKATA VOYAGER,,,,2625E,2625W,,,2026/07/04,,2026/07/04,,2026/07/04,
"SINOKOR MERCHANT MARINE CO., LTD.",sinokor,Mishimakawanoe,60,,MOJI EXPRESS,,,,2640E,2640W,,,2026/07/04,,2026/07/04,,2026/07/04,
"SINOKOR MERCHANT MARINE CO., LTD.",sinokor,Matsuyama,61,,PACIFIC BUSAN,,,,2622E,,,,2026/06/02,14:34,2026/06/02,15:20,2026/06/02,17:20
"SINOKOR MERCHANT MARINE CO., LTD.",sinokor,Matsuyama,61,,PACIFIC BUSAN,,,,2622W,,,,2026/06/04,03:31,2026/06/04,04:30,2026/06/04,07:55
"SINOKOR MERCHANT MARINE CO., LTD.",sinokor,Matsuyama,61,,MOJI EXPRESS,,,,2634E,2634W,,,2026/06/05,12:23,2026/06/05,13:00,2026/06/05,15:40
"SINOKOR MERCHANT MARINE CO., LTD.",sinokor,Matsuyama,61,,PACIFIC BUSAN,,,,2623E,,,,2026/06/09,15:44,2026/06/09,16:30,2026/06/09,19:00
"SINOKOR MERCHANT MARINE CO., LTD.",sinokor,Matsuyama,61,,PACIFIC BUSAN,,,,2623W,,,,2026/06/11,03:54,2026/06/11,04:45,2026/06/11,07:55
"SINOKOR MERCHANT MARINE CO., LTD.",sinokor,Matsuyama,61,,HANSUNG WEIHAI,,,,2631E,2631W,,,2026/06/13,20:30,2026/06/15,07:00,2026/06/15,10:50
"SINOKOR MERCHANT MARINE CO., LTD.",sinokor,Matsuyama,61,,PACIFIC BUSAN,,,,2624E,2624W,,,2026/06/16,14:57,2026/06/16,15:40,2026/06/16,19:00
"SINOKOR MERCHANT MARINE CO., LTD.",sinokor,Matsuyama,61,,MOJI EXPRESS,,,,2637E,2637W,,,2026/06/20,,2026/06/20,,2026/06/20,
"SINOKOR MERCHANT MARINE CO., LTD.",sinokor,Matsuyama,61,,PACIFIC BUSAN,,,,2625E,2625W,,,2026/06/23,,2026/06/23,,2026/06/23,
"SINOKOR MERCHANT MARINE CO., LTD.",sinokor,Matsuyama,61,,HANSUNG WEIHAI,,,,2634E,2634W,,,2026/06/26,,2026/06/26,,2026/06/26,
"SINOKOR MERCHANT MARINE CO., LTD.",sinokor,Matsuyama,61,,PACIFIC BUSAN,,,,2626E,2626W,,,2026/06/30,,2026/06/30,,2026/06/30,
"SINOKOR MERCHANT MARINE CO., LTD.",sinokor,Matsuyama,61,,MOJI EXPRESS,,,,2640E,2640W,,,2026/07/03,,2026/07/03,,2026/07/03,
"SINOKOR MERCHANT MARINE CO., LTD.",sinokor,Tokuyamakudamatsu,62,,MOJI EXPRESS,,,,2633E,2633W,,,2026/06/02,02:20,2026/06/02,11:15,2026/06/02,16:15
"SINOKOR MERCHANT MARINE CO., LTD.",sinokor,Tokuyamakudamatsu,62,,HAKATA VOYAGER,,,,2621E,2621W,,,2026/06/04,02:40,2026/06/04,16:00,2026/06/04,20:10
"SINOKOR MERCHANT MARINE CO., LTD.",sinokor,Tokuyamakudamatsu,62,,HANSUNG WEIHAI,,,,2630E,2630W,,,2026/06/10,07:19,2026/06/10,08:10,2026/06/10,17:45
"SINOKOR MERCHANT MARINE CO., LTD.",sinokor,Tokuyamakudamatsu,62,,MOJI EXPRESS,,,,2636E,2636W,,,2026/06/16,12:09,2026/06/16,13:05,2026/06/16,19:00
"SINOKOR MERCHANT MARINE CO., LTD.",sinokor,Tokuyamakudamatsu,62,,HAKATA VOYAGER,,,,2622E,2622W,,,2026/06/17,03:50,2026/06/18,13:00,2026/06/18,16:00
"SINOKOR MERCHANT MARINE CO., LTD.",sinokor,Tokuyamakudamatsu,62,,HANSUNG WEIHAI,,,,2633E,2633W,,,2026/06/23,,2026/06/23,,2026/06/23,
"SINOKOR MERCHANT MARINE CO., LTD.",sinokor,Tokuyamakudamatsu,62,,HAKATA VOYAGER,,,,2623E,2623W,,,2026/06/23,,2026/06/23,,2026/06/23,
"SINOKOR MERCHANT MARINE CO., LTD.",sinokor,Tokuyamakudamatsu,62,,HAKATA VOYAGER,,,,2624E,2624W,,,2026/06/29,,2026/06/29,,2026/06/29,
"SINOKOR MERCHANT MARINE CO., LTD.",sinokor,Tokuyamakudamatsu,62,,MOJI EXPRESS,,,,2639E,2639W,,,2026/06/30,,2026/06/30,,2026/06/30,
"SINOKOR MERCHANT MARINE CO., LTD.",sinokor,Tokuyamakudamatsu,62,,HAKATA VOYAGER,,,,2625E,2625W,,,2026/07/05,,2026/07/05,,2026/07/05,
"SINOKOR MERCHANT MARINE CO., LTD.",sinokor,Imabari,63,,PACIFIC BUSAN,,,,2622E,2622W,,,2026/06/02,08:47,2026/06/02,09:10,2026/06/02,12:20
"SINOKOR MERCHANT MARINE CO., LTD.",sinokor,Imabari,63,,MOJI EXPRESS,,,,2634E,2634W,,,2026/06/05,17:39,2026/06/05,18:00,2026/06/05,20:20
"SINOKOR MERCHANT MARINE CO., LTD.",sinokor,Imabari,63,,PACIFIC BUSAN,,,,2623E,2623W,,,2026/06/09,09:10,2026/06/09,09:30,2026/06/09,13:00
"SINOKOR MERCHANT MARINE CO., LTD.",sinokor,Imabari,63,,HANSUNG WEIHAI,,,,2631E,2631W,,,2026/06/15,12:50,2026/06/15,13:25,2026/06/15,16:15
"SINOKOR MERCHANT MARINE CO., LTD.",sinokor,Imabari,63,,PACIFIC BUSAN,,,,2624E,2624W,,,2026/06/16,09:00,2026/06/16,10:00,2026/06/16,12:35
"SINOKOR MERCHANT MARINE CO., LTD.",sinokor,Imabari,63,,MOJI EXPRESS,,,,2637E,2637W,,,2026/06/18,17:00,2026/06/19,07:00,2026/06/19,11:00
"SINOKOR MERCHANT MARINE CO., LTD.",sinokor,Imabari,63,,PACIFIC BUSAN,,,,2625E,2625W,,,2026/06/23,,2026/06/23,,2026/06/23,
"SINOKOR MERCHANT MARINE CO., LTD.",sinokor,Imabari,63,,HANSUNG WEIHAI,,,,2634E,2634W,,,2026/06/26,,2026/06/26,,2026/06/26,
"SINOKOR MERCHANT MARINE CO., LTD.",sinokor,Imabari,63,,PACIFIC BUSAN,,,,2626E,2626W,,,2026/06/30,,2026/06/30,,2026/06/30,
"SINOKOR MERCHANT MARINE CO., LTD.",sinokor,Imabari,63,,MOJI EXPRESS,,,,2640E,2640W,,,2026/07/03,,2026/07/03,,2026/07/03,
"SINOKOR MERCHANT MARINE CO., LTD.",sinokor,Takamatsu,64,,PACIFIC BUSAN,,,,2622E,2622W,,,2026/06/03,14:38,2026/06/03,15:15,2026/06/03,18:00
"SINOKOR MERCHANT MARINE CO., LTD.",sinokor,Takamatsu,64,,HONOR VOYAGER,,,,2622E,2622W,,,2026/06/05,07:16,2026/06/05,07:45,2026/06/05,11:00
"SINOKOR MERCHANT MARINE CO., LTD.",sinokor,Takamatsu,64,,HAKATA VOYAGER,,,,2621E,2621W,,,2026/06/05,13:59,2026/06/05,14:30,2026/06/05,17:30
"SINOKOR MERCHANT MARINE CO., LTD.",sinokor,Takamatsu,64,,PACIFIC BUSAN,,,,2623E,2623W,,,2026/06/10,13:40,2026/06/10,14:10,2026/06/10,17:55
"SINOKOR MERCHANT MARINE CO., LTD.",sinokor,Takamatsu,64,,HONOR VOYAGER,,,,2623E,2623W,,,2026/06/11,07:17,2026/06/11,07:50,2026/06/11,10:35
"SINOKOR MERCHANT MARINE CO., LTD.",sinokor,Takamatsu,64,,HAKATA VOYAGER,,,,2622E,2622W,,,2026/06/13,11:06,2026/06/13,11:30,2026/06/13,16:06
"SINOKOR MERCHANT MARINE CO., LTD.",sinokor,Takamatsu,64,,PACIFIC BUSAN,,,,2624E,2624W,,,2026/06/17,14:00,2026/06/17,15:00,2026/06/17,19:00
"SINOKOR MERCHANT MARINE CO., LTD.",sinokor,Takamatsu,64,,HONOR VOYAGER,,,,2624E,2624W,,,2026/06/18,,2026/06/18,,2026/06/18,
"SINOKOR MERCHANT MARINE CO., LTD.",sinokor,Takamatsu,64,,HAKATA VOYAGER,,,,2623E,2623W,,,2026/06/22,,2026/06/22,,2026/06/22,
"SINOKOR MERCHANT MARINE CO., LTD.",sinokor,Takamatsu,64,,PACIFIC BUSAN,,,,2625E,2625W,,,2026/06/24,,2026/06/24,,2026/06/25,
"SINOKOR MERCHANT MARINE CO., LTD.",sinokor,Takamatsu,64,,HONOR VOYAGER,,,,2625E,2625W,,,2026/06/25,,2026/06/25,,2026/06/25,
"SINOKOR MERCHANT MARINE CO., LTD.",sinokor,Takamatsu,64,,HAKATA VOYAGER,,,,2624E,2624W,,,2026/06/28,,2026/06/28,,2026/06/28,
"SINOKOR MERCHANT MARINE CO., LTD.",sinokor,Takamatsu,64,,PACIFIC BUSAN,,,,2626E,2626W,,,2026/07/01,,2026/07/01,,2026/07/02,
"SINOKOR MERCHANT MARINE CO., LTD.",sinokor,Takamatsu,64,,HONOR VOYAGER,,,,2626E,2626W,,,2026/07/02,,2026/07/02,,2026/07/02,
"SINOKOR MERCHANT MARINE CO., LTD.",sinokor,Takamatsu,64,,HAKATA VOYAGER,,,,2625E,2625W,,,2026/07/04,,2026/07/04,,2026/07/04,
"SINOKOR MERCHANT MARINE CO., LTD.",sinokor,Tokushima komatsushi,65,,PACIFIC TIANJIN,,,,2627E,2627W,,,2026/06/05,07:34,2026/06/05,08:20,2026/06/05,16:50
"SINOKOR MERCHANT MARINE CO., LTD.",sinokor,Tokushima komatsushi,65,,PACIFIC TIANJIN,,,,2628E,2628W,,,2026/06/16,07:15,2026/06/17,08:20,2026/06/17,13:00
"SINOKOR MERCHANT MARINE CO., LTD.",sinokor,Tokushima komatsushi,65,,PACIFIC TIANJIN,,,,2629E,2629W,,,,,,,,
"SINOKOR MERCHANT MARINE CO., LTD.",sinokor,Tokushima komatsushi,65,,PACIFIC TIANJIN,,,,2630E,2630W,,,2026/06/24,,2026/06/24,,2026/06/24,
"SINOKOR MERCHANT MARINE CO., LTD.",sinokor,Tokushima komatsushi,65,,PACIFIC TIANJIN,,,,2631E,2631W,,,2026/07/01,,2026/07/01,,2026/07/01,
"SINOKOR MERCHANT MARINE CO., LTD.",sinokor,Fukuyama,67,,PACIFIC BUSAN,,,,2622E,2622W,,,2026/06/04,13:20,2026/06/04,14:15,2026/06/04,20:30
"SINOKOR MERCHANT MARINE CO., LTD.",sinokor,Fukuyama,67,,HAKATA VOYAGER,,,,2621E,2621W,,,2026/06/05,20:45,2026/06/08,07:30,2026/06/08,16:00
"SINOKOR MERCHANT MARINE CO., LTD.",sinokor,Fukuyama,67,,PACIFIC BUSAN,,,,2623E,2623W,,,2026/06/11,13:08,2026/06/11,13:50,2026/06/11,20:00
"SINOKOR MERCHANT MARINE CO., LTD.",sinokor,Fukuyama,67,,HAKATA VOYAGER,,,,2622E,2622W,,,2026/06/13,19:00,2026/06/15,07:35,2026/06/15,14:10
"SINOKOR MERCHANT MARINE CO., LTD.",sinokor,Fukuyama,67,,PACIFIC BUSAN,,,,2624E,2624W,,,2026/06/18,,2026/06/18,,2026/06/18,
"SINOKOR MERCHANT MARINE CO., LTD.",sinokor,Fukuyama,67,,HAKATA VOYAGER,,,,2623E,2623W,,,2026/06/21,,2026/06/21,,2026/06/21,
"SINOKOR MERCHANT MARINE CO., LTD.",sinokor,Fukuyama,67,,PACIFIC BUSAN,,,,2625E,2625W,,,2026/06/22,,2026/06/22,,2026/06/22,
"SINOKOR MERCHANT MARINE CO., LTD.",sinokor,Fukuyama,67,,HAKATA VOYAGER,,,,2624E,2624W,,,2026/06/27,,2026/06/27,,2026/06/27,
"SINOKOR MERCHANT MARINE CO., LTD.",sinokor,Fukuyama,67,,PACIFIC BUSAN,,,,2626E,2626W,,,2026/06/29,,2026/06/29,,2026/06/29,
"SINOKOR MERCHANT MARINE CO., LTD.",sinokor,Fukuyama,67,,HAKATA VOYAGER,,,,2625E,2625W,,,2026/07/03,,2026/07/03,,2026/07/03,
"SINOKOR MERCHANT MARINE CO., LTD.",sinokor,Iwakuni,69,,MOJI EXPRESS,,,,2633E,2633W,,,2026/06/01,17:28,2026/06/01,17:50,2026/06/01,21:35
"SINOKOR MERCHANT MARINE CO., LTD.",sinokor,Iwakuni,69,,PACIFIC TIANJIN,,,,2627E,2627W,,,2026/06/08,07:33,2026/06/08,07:55,2026/06/08,13:00
"SINOKOR MERCHANT MARINE CO., LTD.",sinokor,Iwakuni,69,,HANSUNG WEIHAI,,,,2630E,2630W,,,2026/06/09,18:25,2026/06/09,18:50,2026/06/09,22:20
"SINOKOR MERCHANT MARINE CO., LTD.",sinokor,Iwakuni,69,,MOJI EXPRESS,,,,2636E,2636W,,,2026/06/15,18:15,2026/06/15,18:40,2026/06/16,06:30
"SINOKOR MERCHANT MARINE CO., LTD.",sinokor,Iwakuni,69,,PACIFIC TIANJIN,,,,2628E,2628W,,,2026/06/19,,2026/06/19,,2026/06/19,
"SINOKOR MERCHANT MARINE CO., LTD.",sinokor,Iwakuni,69,,PACIFIC TIANJIN,,,,2629E,2629W,,,,,,,,
"SINOKOR MERCHANT MARINE CO., LTD.",sinokor,Iwakuni,69,,HANSUNG WEIHAI,,,,2633E,2633W,,,2026/06/23,,2026/06/23,,2026/06/23,
"SINOKOR MERCHANT MARINE CO., LTD.",sinokor,Iwakuni,69,,PACIFIC TIANJIN,,,,2630E,2630W,,,2026/06/26,,2026/06/26,,2026/06/26,
"SINOKOR MERCHANT MARINE CO., LTD.",sinokor,Iwakuni,69,,MOJI EXPRESS,,,,2639E,2639W,,,2026/06/29,,2026/06/29,,2026/06/29,
"SINOKOR MERCHANT MARINE CO., LTD.",sinokor,Iwakuni,69,,PACIFIC TIANJIN,,,,2631E,2631W,,,2026/07/03,,2026/07/03,,2026/07/03,
"SINOKOR MERCHANT MARINE CO., LTD.",sinokor,Kitakyushu,70,,HAKATA EXPRESS,,,,2643E,2643W,,,2026/06/01,13:00,2026/06/02,08:03,2026/06/02,14:12
"SINOKOR MERCHANT MARINE CO., LTD.",sinokor,Kitakyushu,70,,HAKATA EXPRESS,,,,2644E,2644W,,,2026/06/04,19:18,2026/06/05,07:30,2026/06/05,12:03
"SINOKOR MERCHANT MARINE CO., LTD.",sinokor,Kitakyushu,70,,HAKATA EXPRESS,,,,2645E,2645W,,,2026/06/08,00:12,2026/06/08,15:45,2026/06/08,19:40
"SINOKOR MERCHANT MARINE CO., LTD.",sinokor,Kitakyushu,70,,HAKATA EXPRESS,,,,2646E,2646W,,,2026/06/12,10:00,2026/06/12,11:54,2026/06/12,17:38
"SINOKOR MERCHANT MARINE CO., LTD.",sinokor,Kitakyushu,70,,HAKATA EXPRESS,,,,2647E,2647W,,,2026/06/16,23:48,2026/06/17,12:30,2026/06/17,17:00
"SINOKOR MERCHANT MARINE CO., LTD.",sinokor,Kitakyushu,70,,HAKATA EXPRESS,,,,2648E,2648W,,,2026/06/20,,2026/06/20,,2026/06/20,
"SINOKOR MERCHANT MARINE CO., LTD.",sinokor,Kitakyushu,70,,HAKATA EXPRESS,,,,2649E,2649W,,,2026/06/22,,2026/06/22,,2026/06/22,
"SINOKOR MERCHANT MARINE CO., LTD.",sinokor,Kitakyushu,70,,HAKATA EXPRESS,,,,2650E,2650W,,,2026/06/26,,2026/06/26,,2026/06/26,
"SINOKOR MERCHANT MARINE CO., LTD.",sinokor,Kitakyushu,70,,HAKATA EXPRESS,,,,2651E,2651W,,,2026/06/29,,2026/06/29,,2026/06/29,
"SINOKOR MERCHANT MARINE CO., LTD.",sinokor,Kitakyushu,70,,HAKATA EXPRESS,,,,2652E,2652W,,,2026/07/02,,2026/07/02,,2026/07/02,
"SINOKOR MERCHANT MARINE CO., LTD.",sinokor,Shimonoseki,71,,HAKATA EXPRESS,,,,2644E,2644W,,,2026/06/05,13:30,2026/06/05,20:25,2026/06/05,23:23
"SINOKOR MERCHANT MARINE CO., LTD.",sinokor,Shimonoseki,71,,HAKATA EXPRESS,,,,2646E,2646W,,,2026/06/11,18:54,2026/06/12,07:24,2026/06/12,10:00
"SINOKOR MERCHANT MARINE CO., LTD.",sinokor,Shimonoseki,71,,HAKATA EXPRESS,,,,2648E,2648W,,,2026/06/19,,2026/06/19,,2026/06/19,
"SINOKOR MERCHANT MARINE CO., LTD.",sinokor,Shimonoseki,71,,HAKATA EXPRESS,,,,2650E,2650W,,,2026/06/25,,2026/06/25,,2026/06/25,
"SINOKOR MERCHANT MARINE CO., LTD.",sinokor,Shimonoseki,71,,HAKATA EXPRESS,,,,2652E,2652W,,,2026/07/02,,2026/07/02,,2026/07/02,
"SINOKOR MERCHANT MARINE CO., LTD.",sinokor,Kochi,76,,PACIFIC TIANJIN,,,,2627E,2627W,,,2026/06/06,07:23,2026/06/06,08:00,2026/06/06,15:40
"SINOKOR MERCHANT MARINE CO., LTD.",sinokor,Kochi,76,,PACIFIC TIANJIN,,,,2628E,2628W,,,2026/06/18,,2026/06/18,,2026/06/18,
"SINOKOR MERCHANT MARINE CO., LTD.",sinokor,Kochi,76,,PACIFIC TIANJIN,,,,2629E,2629W,,,,,,,,
"SINOKOR MERCHANT MARINE CO., LTD.",sinokor,Kochi,76,,PACIFIC TIANJIN,,,,2630E,2630W,,,2026/06/25,,2026/06/25,,2026/06/25,
"SINOKOR MERCHANT MARINE CO., LTD.",sinokor,Kochi,76,,PACIFIC TIANJIN,,,,2631E,2631W,,,2026/07/02,,2026/07/02,,2026/07/02,
"SINOKOR MERCHANT MARINE CO., LTD.",sinokor,Hakata,77,,HAKATA EXPRESS,,,,2643E,2643W,,,2026/06/02,21:45,2026/06/03,07:14,2026/06/03,11:59
"SINOKOR MERCHANT MARINE CO., LTD.",sinokor,Hakata,77,,HAKATA EXPRESS,,,,2644E,2644W,,,2026/06/06,04:50,2026/06/06,05:35,2026/06/06,12:10
"SINOKOR MERCHANT MARINE CO., LTD.",sinokor,Hakata,77,,HAKATA VOYAGER,,,,2621E,2621W,,,2026/06/03,12:30,2026/06/03,13:18,2026/06/03,17:03
"SINOKOR MERCHANT MARINE CO., LTD.",sinokor,Hakata,77,,HAKATA EXPRESS,,,,2645E,2645W,,,2026/06/09,05:35,2026/06/09,06:29,2026/06/09,11:25
"SINOKOR MERCHANT MARINE CO., LTD.",sinokor,Hakata,77,,HAKATA VOYAGER,,,,2622E,2622W,,,2026/06/11,06:24,2026/06/12,12:16,2026/06/12,15:58
"SINOKOR MERCHANT MARINE CO., LTD.",sinokor,Hakata,77,,HAKATA EXPRESS,,,,2646E,2646W,,,2026/06/12,21:54,2026/06/13,06:06,2026/06/13,10:54
"SINOKOR MERCHANT MARINE CO., LTD.",sinokor,Hakata,77,,HAKATA EXPRESS,,,,2647E,2647W,,,2026/06/16,13:15,2026/06/16,13:50,2026/06/16,18:26
"SINOKOR MERCHANT MARINE CO., LTD.",sinokor,Hakata,77,,HAKATA EXPRESS,,,,2648E,2648W,,,2026/06/19,,2026/06/19,,2026/06/19,
"SINOKOR MERCHANT MARINE CO., LTD.",sinokor,Hakata,77,,HAKATA VOYAGER,,,,2623E,2623W,,,2026/06/20,,2026/06/20,,2026/06/20,
"SINOKOR MERCHANT MARINE CO., LTD.",sinokor,Hakata,77,,HAKATA EXPRESS,,,,2649E,2649W,,,2026/06/23,,2026/06/23,,2026/06/23,
"SINOKOR MERCHANT MARINE CO., LTD.",sinokor,Hakata,77,,HAKATA VOYAGER,,,,2624E,2624W,,,2026/06/26,,2026/06/26,,2026/06/26,
"SINOKOR MERCHANT MARINE CO., LTD.",sinokor,Hakata,77,,HAKATA EXPRESS,,,,2650E,2650W,,,2026/06/27,,2026/06/27,,2026/06/27,
"SINOKOR MERCHANT MARINE CO., LTD.",sinokor,Hakata,77,,HAKATA EXPRESS,,,,2651E,2651W,,,2026/06/30,,2026/06/30,,2026/06/30,
"SINOKOR MERCHANT MARINE CO., LTD.",sinokor,Hakata,77,,HAKATA VOYAGER,,,,2625E,2625W,,,2026/07/02,,2026/07/02,,2026/07/02,
"SINOKOR MERCHANT MARINE CO., LTD.",sinokor,Hakata,77,,HAKATA EXPRESS,,,,2652E,2652W,,,2026/07/03,,2026/07/03,,2026/07/03,
"SINOKOR MERCHANT MARINE CO., LTD.",sinokor,Oita,78,,HANSUNG WEIHAI,,,,2629E,2629W,,,2026/06/05,16:00,2026/06/06,07:35,2026/06/06,09:54
"SINOKOR MERCHANT MARINE CO., LTD.",sinokor,Oita,78,,MOJI EXPRESS,,,,2635E,2635W,,,2026/06/10,01:36,2026/06/10,07:30,2026/06/10,09:43
"SINOKOR MERCHANT MARINE CO., LTD.",sinokor,Oita,78,,HANSUNG WEIHAI,,,,2632E,2632W,,,2026/06/20,,2026/06/20,,2026/06/20,
"SINOKOR MERCHANT MARINE CO., LTD.",sinokor,Oita,78,,MOJI EXPRESS,,,,2638E,2638W,,,2026/06/24,,2026/06/24,,2026/06/24,
"SINOKOR MERCHANT MARINE CO., LTD.",sinokor,Oita,78,,HANSUNG WEIHAI,,,,2635E,2635W,,,2026/07/01,,2026/07/01,,2026/07/01,
"SINOKOR MERCHANT MARINE CO., LTD.",sinokor,Imari,87,,HANSUNG WEIHAI,,,,2629E,2629W,,,2026/06/02,11:48,2026/06/02,12:20,2026/06/02,15:15
"SINOKOR MERCHANT MARINE CO., LTD.",sinokor,Imari,87,,SINOKOR NIIGATA,,,,2621E,2621W,,,2026/06/06,07:41,2026/06/06,08:15,2026/06/06,11:25
"SINOKOR MERCHANT MARINE CO., LTD.",sinokor,Imari,87,,MOJI EXPRESS,,,,2635E,2635W,,,2026/06/09,10:50,2026/06/09,12:15,2026/06/09,15:40
"SINOKOR MERCHANT MARINE CO., LTD.",sinokor,Imari,87,,HAKATA EXPRESS,,,,2646E,2646W,,,2026/06/11,07:33,2026/06/11,08:05,2026/06/11,12:30
"SINOKOR MERCHANT MARINE CO., LTD.",sinokor,Imari,87,,SINOKOR NIIGATA,,,,2622E,2622W,,,2026/06/13,07:46,2026/06/13,08:20,2026/06/13,12:00
"SINOKOR MERCHANT MARINE CO., LTD.",sinokor,Imari,87,,HANSUNG WEIHAI,,,,2632E,2632W,,,2026/06/19,,2026/06/19,,2026/06/19,
"SINOKOR MERCHANT MARINE CO., LTD.",sinokor,Imari,87,,MOJI EXPRESS,,,,2638E,2638W,,,2026/06/23,,2026/06/23,,2026/06/23,
"SINOKOR MERCHANT MARINE CO., LTD.",sinokor,Imari,87,,SINOKOR NIIGATA,,,,2623E,2623W,,,2026/06/23,,2026/06/23,,2026/06/23,
"SINOKOR MERCHANT MARINE CO., LTD.",sinokor,Imari,87,,HANSUNG WEIHAI,,,,2635E,2635W,,,2026/06/30,,2026/06/30,,2026/06/30,
"SINOKOR MERCHANT MARINE CO., LTD.",sinokor,Imari,87,,SINOKOR NIIGATA,,,,2625E,2625W,,,,,,,,
"SINOKOR MERCHANT MARINE CO., LTD.",sinokor,Imari,87,,SINOKOR NIIGATA,,,,2624E,2624W,,,2026/06/30,,2026/06/30,,2026/06/30,
"SINOKOR MERCHANT MARINE CO., LTD.",sinokor,Hososhima,90,,HANSUNG WEIHAI,,,,2629E,2629W,,,2026/06/04,21:20,2026/06/05,05:10,2026/06/05,11:10
"SINOKOR MERCHANT MARINE CO., LTD.",sinokor,Hososhima,90,,MOJI EXPRESS,,,,2635E,2635W,,,2026/06/11,22:45,2026/06/12,05:10,2026/06/12,11:10
"SINOKOR MERCHANT MARINE CO., LTD.",sinokor,Hososhima,90,,HANSUNG WEIHAI,,,,2632E,2632W,,,2026/06/21,,2026/06/21,,2026/06/21,
"SINOKOR MERCHANT MARINE CO., LTD.",sinokor,Hososhima,90,,MOJI EXPRESS,,,,2638E,2638W,,,2026/06/26,,2026/06/26,,2026/06/26,
"SINOKOR MERCHANT MARINE CO., LTD.",sinokor,Hososhima,90,,HANSUNG WEIHAI,,,,2635E,2635W,,,2026/07/03,,2026/07/03,,2026/07/03,
"SINOKOR MERCHANT MARINE CO., LTD.",sinokor,Shibushi,91,,HANSUNG WEIHAI,,,,2629E,2629W,,,2026/06/04,06:34,2026/06/04,07:20,2026/06/04,15:45
"SINOKOR MERCHANT MARINE CO., LTD.",sinokor,Shibushi,91,,SINOKOR NIIGATA,,,,2622E,2622W,,,2026/06/09,03:00,2026/06/09,08:20,2026/06/09,14:40
"SINOKOR MERCHANT MARINE CO., LTD.",sinokor,Shibushi,91,,MOJI EXPRESS,,,,2635E,2635W,,,2026/06/10,18:15,2026/06/11,12:36,2026/06/11,17:40
"SINOKOR MERCHANT MARINE CO., LTD.",sinokor,Shibushi,91,,SINOKOR NIIGATA,,,,2623E,2623W,,,2026/06/17,14:00,2026/06/17,15:00,2026/06/17,18:30
"SINOKOR MERCHANT MARINE CO., LTD.",sinokor,Shibushi,91,,HANSUNG WEIHAI,,,,2632E,2632W,,,2026/06/21,,2026/06/21,,2026/06/21,
"SINOKOR MERCHANT MARINE CO., LTD.",sinokor,Shibushi,91,,MOJI EXPRESS,,,,2638E,2638W,,,2026/06/25,,2026/06/25,,2026/06/25,
"SINOKOR MERCHANT MARINE CO., LTD.",sinokor,Shibushi,91,,SINOKOR NIIGATA,,,,2624E,2624W,,,2026/06/26,,2026/06/26,,2026/06/26,
"SINOKOR MERCHANT MARINE CO., LTD.",sinokor,Shibushi,91,,SINOKOR NIIGATA,,,,2625E,2625W,,,,,,,,
"SINOKOR MERCHANT MARINE CO., LTD.",sinokor,Shibushi,91,,HANSUNG WEIHAI,,,,2635E,2635W,,,2026/07/02,,2026/07/02,,2026/07/02,
"SINOKOR MERCHANT MARINE CO., LTD.",sinokor,Shibushi,91,,SINOKOR NIIGATA,,,,2626E,2626W,,,2026/07/03,,2026/07/03,,2026/07/03,
"SINOKOR MERCHANT MARINE CO., LTD.",sinokor,Nagasaki,92,,SINOKOR NIIGATA,,,,2621E,2621W,,,2026/05/31,07:05,2026/06/01,08:30,2026/06/01,11:10
"SINOKOR MERCHANT MARINE CO., LTD.",sinokor,Nagasaki,92,,SINOKOR NIIGATA,,,,2622E,2622W,,,2026/06/12,06:58,2026/06/12,07:50,2026/06/12,11:40
"SINOKOR MERCHANT MARINE CO., LTD.",sinokor,Nagasaki,92,,SINOKOR NIIGATA,,,,2623E,2623W,,,2026/06/19,,2026/06/19,,2026/06/19,
"SINOKOR MERCHANT MARINE CO., LTD.",sinokor,Nagasaki,92,,SINOKOR NIIGATA,,,,2624E,2624W,,,2026/06/27,,2026/06/27,,2026/06/27,
"SINOKOR MERCHANT MARINE CO., LTD.",sinokor,Nagasaki,92,,SINOKOR NIIGATA,,,,2625E,2625W,,,,,,,,
"SINOKOR MERCHANT MARINE CO., LTD.",sinokor,Nagasaki,92,,SINOKOR NIIGATA,,,,2626E,2626W,,,2026/07/04,,2026/07/04,,2026/07/04,
"SINOKOR MERCHANT MARINE CO., LTD.",sinokor,Kumamoto,95,,SINOKOR NIIGATA,,,,2621E,2621W,,,2026/06/04,04:40,2026/06/04,08:35,2026/06/04,12:30
"SINOKOR MERCHANT MARINE CO., LTD.",sinokor,Kumamoto,95,,SINOKOR NIIGATA,,,,2622E,2622W,,,2026/06/12,15:55,2026/06/12,16:45,2026/06/12,19:30
"SINOKOR MERCHANT MARINE CO., LTD.",sinokor,Kumamoto,95,,SINOKOR NIIGATA,,,,2623E,2623W,,,2026/06/18,,2026/06/18,,2026/06/18,
"SINOKOR MERCHANT MARINE CO., LTD.",sinokor,Kumamoto,95,,SINOKOR NIIGATA,,,,2624E,2624W,,,2026/06/27,,2026/06/27,,2026/06/27,
"SINOKOR MERCHANT MARINE CO., LTD.",sinokor,Kumamoto,95,,SINOKOR NIIGATA,,,,2625E,2625W,,,,,,,,
"SINOKOR MERCHANT MARINE CO., LTD.",sinokor,Kumamoto,95,,SINOKOR NIIGATA,,,,2626E,2626W,,,2026/07/04,,2026/07/04,,2026/07/04,
"SINOKOR MERCHANT MARINE CO., LTD.",sinokor,Yatsushiro,96,,SINOKOR NIIGATA,,,,2621E,2621W,,,2026/06/03,07:44,2026/06/03,08:40,2026/06/03,18:00
"SINOKOR MERCHANT MARINE CO., LTD.",sinokor,Yatsushiro,96,,SINOKOR NIIGATA,,,,2622E,2622W,,,2026/06/10,17:00,2026/06/11,07:50,2026/06/11,16:45
"SINOKOR MERCHANT MARINE CO., LTD.",sinokor,Yatsushiro,96,,SINOKOR NIIGATA,,,,2623E,2623W,,,2026/06/22,,2026/06/22,,2026/06/22,
"SINOKOR MERCHANT MARINE CO., LTD.",sinokor,Yatsushiro,96,,SINOKOR NIIGATA,,,,2624E,2624W,,,2026/06/29,,2026/06/29,,2026/06/29,
"SINOKOR MERCHANT MARINE CO., LTD.",sinokor,Yatsushiro,96,,SINOKOR NIIGATA,,,,2625E,2625W,,,,,,,,
"SINOKOR MERCHANT MARINE CO., LTD.",sinokor,Satsuma sendai,97,,SINOKOR NIIGATA,,,,2621E,2621W,,,2026/06/04,19:30,2026/06/05,10:48,2026/06/05,16:05
"SINOKOR MERCHANT MARINE CO., LTD.",sinokor,Satsuma sendai,97,,SINOKOR NIIGATA,,,,2622E,2622W,,,2026/06/10,08:12,2026/06/10,08:36,2026/06/10,12:35
"SINOKOR MERCHANT MARINE CO., LTD.",sinokor,Satsuma sendai,97,,SINOKOR NIIGATA,,,,2623E,2623W,,,2026/06/20,,2026/06/20,,2026/06/20,
"SINOKOR MERCHANT MARINE CO., LTD.",sinokor,Satsuma sendai,97,,SINOKOR NIIGATA,,,,2624E,2624W,,,2026/06/28,,2026/06/28,,2026/06/28,
"SINOKOR MERCHANT MARINE CO., LTD.",sinokor,Satsuma sendai,97,,SINOKOR NIIGATA,,,,2625E,2625W,,,,,,,,
"SINOKOR MERCHANT MARINE CO., LTD.",sinokor,Satsuma sendai,97,,SINOKOR NIIGATA,,,,2626E,2626W,,,2026/07/05,,2026/07/05,,2026/07/05,
"SINOKOR MERCHANT MARINE CO., LTD.",sinokor,Hibikinada,100,,HAKATA EXPRESS,,,,2643E,2643W,,,2026/06/02,14:12,2026/06/02,16:22,2026/06/02,18:31
"SINOKOR MERCHANT MARINE CO., LTD.",sinokor,Hibikinada,100,,HAKATA EXPRESS,,,,2645E,2645W,,,2026/06/09,15:10,2026/06/09,15:43,2026/06/09,18:12
"SINOKOR MERCHANT MARINE CO., LTD.",sinokor,Hibikinada,100,,HAKATA EXPRESS,,,,2647E,2647W,,,2026/06/16,07:25,2026/06/16,07:52,2026/06/16,10:13
"SINOKOR MERCHANT MARINE CO., LTD.",sinokor,Hibikinada,100,,HAKATA EXPRESS,,,,2649E,2649W,,,2026/06/22,,2026/06/22,,2026/06/22,
"SINOKOR MERCHANT MARINE CO., LTD.",sinokor,Hibikinada,100,,HAKATA EXPRESS,,,,2651E,2651W,,,2026/06/29,,2026/06/29,,2026/06/29,
"STAROCEAN MARINE CO., LTD.",starocean,Yokohama,11,,SMC COLUMBUS,,,,2622E,2622W,,,2026/06/01,18:45,2026/06/01,19:12,2026/06/02,05:15
"STAROCEAN MARINE CO., LTD.",starocean,Yokohama,11,,A FLENSBURG,,,,2621E,2621W,,,2026/06/02,18:00,2026/06/02,18:40,2026/06/03,19:40
"STAROCEAN MARINE CO., LTD.",starocean,Yokohama,11,,BOHAI STAR,,,,2622E,2622W,,,2026/06/06,00:48,2026/06/06,06:36,2026/06/06,11:40
"STAROCEAN MARINE CO., LTD.",starocean,Yokohama,11,,MILD TEMPO,,,,2622E,2622W,,,2026/06/07,07:25,2026/06/07,07:48,2026/06/07,15:50
"STAROCEAN MARINE CO., LTD.",starocean,Yokohama,11,,TS PENANG,,,,2622E,2622W,,,2026/06/08,21:20,2026/06/08,21:54,2026/06/10,05:00
"STAROCEAN MARINE CO., LTD.",starocean,Yokohama,11,,A KAKOGAWA,,,,,2623W,,,2026/06/09,22:30,2026/06/09,23:15,2026/06/10,16:25
"STAROCEAN MARINE CO., LTD.",starocean,Yokohama,11,,A ONTAKE,,,,2623E,,,,2026/06/11,23:05,2026/06/11,23:48,2026/06/12,13:50
"STAROCEAN MARINE CO., LTD.",starocean,Yokohama,11,,SMC MAGELLAN,,,,2623E,2623W,,,2026/06/12,06:20,2026/06/12,07:00,2026/06/12,17:15
"STAROCEAN MARINE CO., LTD.",starocean,Yokohama,11,,A GALAXY,,,,2622E,2622W,,,2026/06/13,18:40,2026/06/13,19:20,2026/06/14,04:10
"STAROCEAN MARINE CO., LTD.",starocean,Yokohama,11,,HENG YU,,,,2623E,2623W,,,2026/06/14,17:55,2026/06/14,18:50,2026/06/14,22:05
"STAROCEAN MARINE CO., LTD.",starocean,Yokohama,11,,A FLENSBURG,,,,2623E,2623W,,,2026/06/18,,2026/06/18,,2026/06/18,
"STAROCEAN MARINE CO., LTD.",starocean,Yokohama,11,,TS PENANG,,,,2623E,2623W,,,2026/06/19,,2026/06/19,,2026/06/19,
"STAROCEAN MARINE CO., LTD.",starocean,Yokohama,11,,MILD TEMPO,,,,2624E,2624W,,,2026/06/18,,2026/06/18,,2026/06/18,
"STAROCEAN MARINE CO., LTD.",starocean,Yokohama,11,,SMC MAGELLAN,,,,2624E,2624W,,,2026/06/19,17:00,2026/06/19,,2026/06/19,
"STAROCEAN MARINE CO., LTD.",starocean,Yokohama,11,,BOHAI STAR,,,,2624E,2624W,,,2026/06/19,,2026/06/19,,2026/06/19,
"STAROCEAN MARINE CO., LTD.",starocean,Yokohama,11,,SMC MAGELLAN,,,,2625E,2625W,,,,,,,,
"STAROCEAN MARINE CO., LTD.",starocean,Yokohama,11,,A KAKOGAWA,,,,2625E,2625W,,,2026/06/23,,2026/06/23,,2026/06/24,
"STAROCEAN MARINE CO., LTD.",starocean,Yokohama,11,,HENG YU,,,,2625E,2625W,,,2026/06/25,,2026/06/25,,2026/06/25,
"STAROCEAN MARINE CO., LTD.",starocean,Yokohama,11,,A FLENSBURG,,,,2625E,2625W,,,2026/06/26,,2026/06/26,,2026/06/27,
"STAROCEAN MARINE CO., LTD.",starocean,Yokohama,11,,TS PENANG,,,,2624E,2624W,,,2026/06/27,,2026/06/27,,2026/06/27,
"STAROCEAN MARINE CO., LTD.",starocean,Yokohama,11,,A GALAXY,,,,2624E,2624W,,,2026/06/23,,2026/06/23,,2026/06/24,
"STAROCEAN MARINE CO., LTD.",starocean,Yokohama,11,,SMC MAGELLAN,,,,2626E,2626W,,,2026/06/29,,2026/06/29,,2026/06/30,
"STAROCEAN MARINE CO., LTD.",starocean,Yokohama,11,,MILD TEMPO,,,,2626E,2626W,,,2026/06/30,,2026/06/30,,2026/07/01,
"STAROCEAN MARINE CO., LTD.",starocean,Yokohama,11,,BOHAI STAR,,,,2626E,2626W,,,2026/07/02,,2026/07/02,,2026/07/02,
"STAROCEAN MARINE CO., LTD.",starocean,Yokohama,11,,A GALAXY,,,,2626E,2626W,,,2026/07/03,,2026/07/03,,2026/07/04,
"STAROCEAN MARINE CO., LTD.",starocean,Yokohama,11,,TS PENANG,,,,2625E,2625W,,,2026/07/04,,2026/07/04,,2026/07/05,
"STAROCEAN MARINE CO., LTD.",starocean,Tokyo,13,,A FLENSBURG,,,,2621E,2621W,,,2026/06/01,20:58,2026/06/01,21:35,2026/06/02,16:28
"STAROCEAN MARINE CO., LTD.",starocean,Tokyo,13,,SMC COLUMBUS,,,,2622E,2622W,,,2026/06/02,06:48,2026/06/02,07:28,2026/06/03,21:10
"STAROCEAN MARINE CO., LTD.",starocean,Tokyo,13,,BOHAI STAR,,,,2622E,2622W,,,2026/06/05,16:07,2026/06/05,16:50,2026/06/05,23:04
"STAROCEAN MARINE CO., LTD.",starocean,Tokyo,13,,MILD TEMPO,,,,2622E,2622W,,,2026/06/07,18:12,2026/06/08,07:42,2026/06/09,10:59
"STAROCEAN MARINE CO., LTD.",starocean,Tokyo,13,,A KAKOGAWA,,,,,2623W,,,2026/06/09,01:35,2026/06/09,02:20,2026/06/09,20:31
"STAROCEAN MARINE CO., LTD.",starocean,Tokyo,13,,TS PENANG,,,,2622E,2622W,,,2026/06/10,06:54,2026/06/10,18:06,2026/06/11,15:55
"STAROCEAN MARINE CO., LTD.",starocean,Tokyo,13,,A ONTAKE,,,,2623E,,,,2026/06/11,07:10,2026/06/11,07:53,2026/06/11,21:44
"STAROCEAN MARINE CO., LTD.",starocean,Tokyo,13,,A GALAXY,,,,2622E,2622W,,,2026/06/11,14:00,2026/06/13,07:10,2026/06/13,16:51
"STAROCEAN MARINE CO., LTD.",starocean,Tokyo,13,,HENG YU,,,,2623E,2623W,,,2026/06/14,06:31,2026/06/14,07:24,2026/06/14,15:27
"STAROCEAN MARINE CO., LTD.",starocean,Tokyo,13,,SMC MAGELLAN,,,,2623E,2623W,,,2026/06/11,16:48,2026/06/11,17:30,2026/06/12,05:08
"STAROCEAN MARINE CO., LTD.",starocean,Tokyo,13,,MILD TEMPO,,,,2624E,2624W,,,2026/06/17,08:58,2026/06/17,10:00,2026/06/18,16:30
"STAROCEAN MARINE CO., LTD.",starocean,Tokyo,13,,BOHAI STAR,,,,2624E,2624W,,,2026/06/19,,2026/06/19,,2026/06/19,
"STAROCEAN MARINE CO., LTD.",starocean,Tokyo,13,,A FLENSBURG,,,,2623E,2623W,,,2026/06/16,20:20,2026/06/17,19:00,2026/06/18,05:30
"STAROCEAN MARINE CO., LTD.",starocean,Tokyo,13,,SMC MAGELLAN,,,,2624E,2624W,,,2026/06/19,,2026/06/19,,2026/06/19,
"STAROCEAN MARINE CO., LTD.",starocean,Tokyo,13,,TS PENANG,,,,2623E,2623W,,,2026/06/19,,2026/06/19,,2026/06/20,
"STAROCEAN MARINE CO., LTD.",starocean,Tokyo,13,,A GALAXY,,,,2624E,2624W,,,2026/06/22,,2026/06/22,,2026/06/22,
"STAROCEAN MARINE CO., LTD.",starocean,Tokyo,13,,SMC MAGELLAN,,,,2625E,2625W,,,,,,,,
"STAROCEAN MARINE CO., LTD.",starocean,Tokyo,13,,HENG YU,,,,2625E,2625W,,,2026/06/25,,2026/06/25,,2026/06/25,
"STAROCEAN MARINE CO., LTD.",starocean,Tokyo,13,,A FLENSBURG,,,,2625E,2625W,,,2026/06/26,,2026/06/26,,2026/06/26,
"STAROCEAN MARINE CO., LTD.",starocean,Tokyo,13,,TS PENANG,,,,2624E,2624W,,,2026/06/27,,2026/06/27,,2026/06/28,
"STAROCEAN MARINE CO., LTD.",starocean,Tokyo,13,,A KAKOGAWA,,,,2625E,2625W,,,2026/06/23,,2026/06/23,,2026/06/23,
"STAROCEAN MARINE CO., LTD.",starocean,Tokyo,13,,MILD TEMPO,,,,2626E,2626W,,,2026/06/30,,2026/06/30,,2026/06/30,
"STAROCEAN MARINE CO., LTD.",starocean,Tokyo,13,,BOHAI STAR,,,,2626E,2626W,,,2026/07/02,,2026/07/02,,2026/07/02,
"STAROCEAN MARINE CO., LTD.",starocean,Tokyo,13,,A GALAXY,,,,2626E,2626W,,,2026/07/03,,2026/07/03,,2026/07/03,
"STAROCEAN MARINE CO., LTD.",starocean,Tokyo,13,,TS PENANG,,,,2625E,2625W,,,2026/07/05,,2026/07/05,,2026/07/06,
"STAROCEAN MARINE CO., LTD.",starocean,Tokyo,13,,SMC MAGELLAN,,,,2626E,2626W,,,2026/06/30,,2026/06/30,,2026/06/30,
"STAROCEAN MARINE CO., LTD.",starocean,Nagoya,35,,A ATAGO,,,,2622E,2622W,,,2026/06/04,06:25,2026/06/04,08:00,2026/06/05,05:45
"STAROCEAN MARINE CO., LTD.",starocean,Nagoya,35,,A FLENSBURG,,,,2621E,2621W,,,2026/06/04,12:36,2026/06/05,07:50,2026/06/05,17:15
"STAROCEAN MARINE CO., LTD.",starocean,Nagoya,35,,BOHAI STAR,,,,2622E,2622W,,,2026/06/07,06:25,2026/06/07,07:40,2026/06/08,07:45
"STAROCEAN MARINE CO., LTD.",starocean,Nagoya,35,,A GALAXY,,,,2622E,2622W,,,2026/06/10,06:35,2026/06/10,07:50,2026/06/10,16:15
"STAROCEAN MARINE CO., LTD.",starocean,Nagoya,35,,A ATAGO,,,,2623E,2623W,,,2026/06/10,19:30,2026/06/10,20:40,2026/06/11,20:00
"STAROCEAN MARINE CO., LTD.",starocean,Nagoya,35,,A FLENSBURG,,,,2623E,2623W,,,2026/06/15,11:30,2026/06/15,12:55,2026/06/16,02:45
"STAROCEAN MARINE CO., LTD.",starocean,Nagoya,35,,A ATAGO,,,,2624E,2624W,,,2026/06/17,20:30,2026/06/18,07:30,2026/06/19,18:00
"STAROCEAN MARINE CO., LTD.",starocean,Nagoya,35,,BOHAI STAR,,,,2624E,2624W,,,2026/06/20,,2026/06/20,,2026/06/20,
"STAROCEAN MARINE CO., LTD.",starocean,Nagoya,35,,HENG YU,,,,2623E,2623W,,,2026/06/15,17:45,2026/06/15,19:00,2026/06/16,06:35
"STAROCEAN MARINE CO., LTD.",starocean,Nagoya,35,,A ATAGO,,,,2625E,2625W,,,2026/06/23,,2026/06/23,,2026/06/23,
"STAROCEAN MARINE CO., LTD.",starocean,Nagoya,35,,A GALAXY,,,,2624E,2624W,,,2026/06/24,,2026/06/24,,2026/06/24,
"STAROCEAN MARINE CO., LTD.",starocean,Nagoya,35,,HENG YU,,,,2625E,2625W,,,2026/06/26,,2026/06/26,,2026/06/26,
"STAROCEAN MARINE CO., LTD.",starocean,Nagoya,35,,A FLENSBURG,,,,2625E,2625W,,,2026/06/28,,2026/06/28,,2026/06/28,
"STAROCEAN MARINE CO., LTD.",starocean,Nagoya,35,,A ATAGO,,,,2626E,2626W,,,2026/06/30,,2026/06/30,,2026/06/30,
"STAROCEAN MARINE CO., LTD.",starocean,Nagoya,35,,BOHAI STAR,,,,2626E,2626W,,,2026/07/03,,2026/07/03,,2026/07/03,
"STAROCEAN MARINE CO., LTD.",starocean,Nagoya,35,,A GALAXY,,,,2626E,2626W,,,2026/07/05,,2026/07/05,,2026/07/05,
"STAROCEAN MARINE CO., LTD.",starocean,Osaka,40,,RUN LONG,,,,2622E,2622W,,,2026/06/01,06:27,2026/06/01,07:12,2026/06/01,17:24
"STAROCEAN MARINE CO., LTD.",starocean,Osaka,40,,PACIFIC QINGDAO,,,,2622E,2622W,,,2026/06/02,06:28,2026/06/02,07:28,2026/06/02,14:37
"STAROCEAN MARINE CO., LTD.",starocean,Osaka,40,,BOHAI STAR,,,,2622E,2622W,,,2026/06/03,09:18,2026/06/03,15:30,2026/06/03,21:42
"STAROCEAN MARINE CO., LTD.",starocean,Osaka,40,,SMC MAGELLAN,,,,2622E,2622W,,,2026/06/05,07:01,2026/06/05,08:00,2026/06/05,19:36
"STAROCEAN MARINE CO., LTD.",starocean,Osaka,40,,RUN SHENG,,,,2621E,2621W,,,2026/06/01,18:01,2026/06/01,18:46,2026/06/02,10:58
"STAROCEAN MARINE CO., LTD.",starocean,Osaka,40,,A ONTAKE,,,,2622E,2622W,,,2026/06/03,15:42,2026/06/03,22:25,2026/06/04,16:32
"STAROCEAN MARINE CO., LTD.",starocean,Osaka,40,,A GALAXY,,,,2622E,2622W,,,2026/06/08,10:26,2026/06/08,11:05,2026/06/08,20:22
"STAROCEAN MARINE CO., LTD.",starocean,Osaka,40,,MILD TEMPO,,,,2623E,2623W,,,,,,,,
"STAROCEAN MARINE CO., LTD.",starocean,Osaka,40,,SMC COLUMBUS,,,,2623E,2623W,,,2026/06/10,07:14,2026/06/10,07:56,2026/06/10,19:10
"STAROCEAN MARINE CO., LTD.",starocean,Osaka,40,,HENG YU,,,,2623E,2623W,,,2026/06/11,20:50,2026/06/12,07:14,2026/06/12,15:10
"STAROCEAN MARINE CO., LTD.",starocean,Osaka,40,,A FLENSBURG,,,,2623E,2623W,,,2026/06/13,17:57,2026/06/13,18:31,2026/06/14,06:01
"STAROCEAN MARINE CO., LTD.",starocean,Osaka,40,,PACIFIC QINGDAO,,,,2623E,2623W,,,2026/06/09,06:33,2026/06/09,07:22,2026/06/09,16:10
"STAROCEAN MARINE CO., LTD.",starocean,Osaka,40,,RUN LONG,,,,2623E,2623W,,,2026/06/09,16:28,2026/06/09,17:18,2026/06/10,00:30
"STAROCEAN MARINE CO., LTD.",starocean,Osaka,40,,RUN SHENG,,,,2624E,2624W,,,2026/06/16,06:16,2026/06/16,06:50,2026/06/16,17:18
"STAROCEAN MARINE CO., LTD.",starocean,Osaka,40,,A ONTAKE,,,,2624E,2624W,,,2026/06/18,,2026/06/18,,2026/06/18,
"STAROCEAN MARINE CO., LTD.",starocean,Osaka,40,,A GALAXY,,,,2624E,2624W,,,2026/06/21,,2026/06/21,,2026/06/21,
"STAROCEAN MARINE CO., LTD.",starocean,Osaka,40,,SMC COLUMBUS,,,,2624E,2624W,,,2026/06/16,22:22,2026/06/16,22:50,2026/06/17,19:00
"STAROCEAN MARINE CO., LTD.",starocean,Osaka,40,,BOHAI STAR,,,,2624E,2624W,,,2026/06/18,06:40,2026/06/18,07:40,2026/06/18,12:00
"STAROCEAN MARINE CO., LTD.",starocean,Osaka,40,,A KAKOGAWA,,,,2624E,2624W,,,2026/06/16,22:39,2026/06/16,23:23,2026/06/17,18:45
"STAROCEAN MARINE CO., LTD.",starocean,Osaka,40,,RUN SHENG,,,,2625E,2625W,,,2026/06/22,,2026/06/22,,2026/06/22,
"STAROCEAN MARINE CO., LTD.",starocean,Osaka,40,,PACIFIC QINGDAO,,,,2625E,2625W,,,2026/06/23,,2026/06/23,,2026/06/23,
"STAROCEAN MARINE CO., LTD.",starocean,Osaka,40,,A FLENSBURG,,,,2625E,2625W,,,2026/06/24,,2026/06/24,,2026/06/24,
"STAROCEAN MARINE CO., LTD.",starocean,Osaka,40,,SMC COLUMBUS,,,,2625E,2625W,,,2026/06/22,,2026/06/22,,2026/06/23,
"STAROCEAN MARINE CO., LTD.",starocean,Osaka,40,,MILD TEMPO,,,,2625E,2625W,,,2026/06/23,,2026/06/23,,2026/06/23,
"STAROCEAN MARINE CO., LTD.",starocean,Osaka,40,,HENG YU,,,,2625E,2625W,,,2026/06/24,,2026/06/24,,2026/06/24,
"STAROCEAN MARINE CO., LTD.",starocean,Osaka,40,,RUN SHENG,,,,2626E,2626W,,,2026/06/29,,2026/06/29,,2026/06/29,
"STAROCEAN MARINE CO., LTD.",starocean,Osaka,40,,A ONTAKE,,,,2626E,2626W,,,2026/06/30,,2026/06/30,,2026/06/30,
"STAROCEAN MARINE CO., LTD.",starocean,Osaka,40,,A GALAXY,,,,2626E,2626W,,,2026/07/01,,2026/07/01,,2026/07/01,
"STAROCEAN MARINE CO., LTD.",starocean,Osaka,40,,SMC COLUMBUS,,,,2626E,2626W,,,2026/06/29,,2026/06/29,,2026/06/30,
"STAROCEAN MARINE CO., LTD.",starocean,Osaka,40,,A KAKOGAWA,,,,2626E,2626W,,,2026/06/30,,2026/06/30,,2026/06/30,
"STAROCEAN MARINE CO., LTD.",starocean,Osaka,40,,BOHAI STAR,,,,2626E,2626W,,,2026/07/01,,2026/07/01,,2026/07/01,
"STAROCEAN MARINE CO., LTD.",starocean,Kobe,41,,RUN LONG,,,,2622E,2622W,,,2026/06/01,18:10,2026/06/01,19:08,2026/06/02,01:30
"STAROCEAN MARINE CO., LTD.",starocean,Kobe,41,,RUN SHENG,,,,2621E,2621W,,,2026/06/02,11:25,2026/06/02,12:16,2026/06/02,16:10
"STAROCEAN MARINE CO., LTD.",starocean,Kobe,41,,A ONTAKE,,,,2622E,2622W,,,2026/06/03,06:15,2026/06/03,07:32,2026/06/03,14:47
"STAROCEAN MARINE CO., LTD.",starocean,Kobe,41,,BOHAI STAR,,,,2622E,2622W,,,2026/06/03,22:36,2026/06/04,07:03,2026/06/04,09:48
"STAROCEAN MARINE CO., LTD.",starocean,Kobe,41,,PACIFIC QINGDAO,,,,2622E,2622W,,,2026/06/02,15:05,2026/06/02,16:06,2026/06/02,21:25
"STAROCEAN MARINE CO., LTD.",starocean,Kobe,41,,SMC MAGELLAN,,,,2622E,2622W,,,2026/06/04,17:00,2026/06/04,17:57,2026/06/05,06:08
"STAROCEAN MARINE CO., LTD.",starocean,Kobe,41,,A GALAXY,,,,2622E,2622W,,,2026/06/08,21:00,2026/06/08,21:48,2026/06/09,10:26
"STAROCEAN MARINE CO., LTD.",starocean,Kobe,41,,MILD TEMPO,,,,2623E,2623W,,,,,,,,
"STAROCEAN MARINE CO., LTD.",starocean,Kobe,41,,RUN LONG,,,,2623E,2623W,,,2026/06/10,01:35,2026/06/10,09:55,2026/06/10,18:44
"STAROCEAN MARINE CO., LTD.",starocean,Kobe,41,,HENG YU,,,,2623E,2623W,,,2026/06/12,15:35,2026/06/12,16:26,2026/06/12,19:31
"STAROCEAN MARINE CO., LTD.",starocean,Kobe,41,,A FLENSBURG,,,,2623E,2623W,,,2026/06/14,06:40,2026/06/14,07:28,2026/06/14,15:44
"STAROCEAN MARINE CO., LTD.",starocean,Kobe,41,,PACIFIC QINGDAO,,,,2623E,2623W,,,2026/06/09,16:50,2026/06/09,17:43,2026/06/09,23:16
"STAROCEAN MARINE CO., LTD.",starocean,Kobe,41,,SMC COLUMBUS,,,,2623E,2623W,,,2026/06/10,19:40,2026/06/10,20:20,2026/06/11,11:36
"STAROCEAN MARINE CO., LTD.",starocean,Kobe,41,,SMC COLUMBUS,,,,2624E,2624W,,,2026/06/16,13:45,2026/06/16,14:33,2026/06/16,21:43
"STAROCEAN MARINE CO., LTD.",starocean,Kobe,41,,A KAKOGAWA,,,,2624E,2624W,,,2026/06/17,19:30,2026/06/17,22:20,2026/06/18,11:30
"STAROCEAN MARINE CO., LTD.",starocean,Kobe,41,,BOHAI STAR,,,,2624E,2624W,,,2026/06/18,,2026/06/18,,2026/06/18,
"STAROCEAN MARINE CO., LTD.",starocean,Kobe,41,,A GALAXY,,,,2624E,2624W,,,2026/06/21,,2026/06/21,,2026/06/21,
"STAROCEAN MARINE CO., LTD.",starocean,Kobe,41,,RUN SHENG,,,,2624E,2624W,,,2026/06/16,17:45,2026/06/16,18:35,2026/06/17,12:00
"STAROCEAN MARINE CO., LTD.",starocean,Kobe,41,,A ONTAKE,,,,2624E,2624W,,,2026/06/18,,2026/06/18,,2026/06/18,
"STAROCEAN MARINE CO., LTD.",starocean,Kobe,41,,RUN SHENG,,,,2625E,2625W,,,2026/06/23,,2026/06/23,,2026/06/23,
"STAROCEAN MARINE CO., LTD.",starocean,Kobe,41,,HENG YU,,,,2625E,2625W,,,2026/06/24,,2026/06/24,,2026/06/24,
"STAROCEAN MARINE CO., LTD.",starocean,Kobe,41,,SMC COLUMBUS,,,,2625E,2625W,,,2026/06/23,,2026/06/23,,2026/06/23,
"STAROCEAN MARINE CO., LTD.",starocean,Kobe,41,,A FLENSBURG,,,,2625E,2625W,,,2026/06/24,,2026/06/24,,2026/06/25,
"STAROCEAN MARINE CO., LTD.",starocean,Kobe,41,,PACIFIC QINGDAO,,,,2625E,2625W,,,2026/06/23,,2026/06/23,,2026/06/23,
"STAROCEAN MARINE CO., LTD.",starocean,Kobe,41,,MILD TEMPO,,,,2625E,2625W,,,2026/06/23,,2026/06/23,,2026/06/24,
"STAROCEAN MARINE CO., LTD.",starocean,Kobe,41,,RUN SHENG,,,,2626E,2626W,,,2026/06/30,,2026/06/30,,2026/06/30,
"STAROCEAN MARINE CO., LTD.",starocean,Kobe,41,,BOHAI STAR,,,,2626E,2626W,,,2026/07/01,,2026/07/01,,2026/07/01,
"STAROCEAN MARINE CO., LTD.",starocean,Kobe,41,,A ONTAKE,,,,2626E,2626W,,,2026/06/30,,2026/06/30,,2026/06/30,
"STAROCEAN MARINE CO., LTD.",starocean,Kobe,41,,A GALAXY,,,,2626E,2626W,,,2026/07/01,,2026/07/01,,2026/07/02,
"STAROCEAN MARINE CO., LTD.",starocean,Kobe,41,,SMC COLUMBUS,,,,2626E,2626W,,,2026/06/30,,2026/06/30,,2026/06/30,
"STAROCEAN MARINE CO., LTD.",starocean,Kobe,41,,A KAKOGAWA,,,,2626E,2626W,,,2026/06/30,,2026/06/30,,2026/07/01,
"STAROCEAN MARINE CO., LTD.",starocean,Moji,70,,RONG XING 1,,,,2621E,2621W,,,2026/05/31,16:40,2026/06/01,12:47,2026/06/01,19:32
"STAROCEAN MARINE CO., LTD.",starocean,Moji,70,,ATLANTIC EAST,,,,2622E,2622W,,,2026/06/02,21:36,2026/06/03,07:02,2026/06/03,15:35
"STAROCEAN MARINE CO., LTD.",starocean,Moji,70,,RUN LONG,,,,2623E,2623W,,,,,,,,
"STAROCEAN MARINE CO., LTD.",starocean,Moji,70,,RONG XING 1,,,,2622E,2622W,,,2026/06/08,19:00,2026/06/09,07:14,2026/06/09,11:25
"STAROCEAN MARINE CO., LTD.",starocean,Moji,70,,RONG XING 1,,,,2623E,2623W,,,,,,,,
"STAROCEAN MARINE CO., LTD.",starocean,Moji,70,,ATLANTIC EAST,,,,2623E,2623W,,,2026/06/09,19:18,2026/06/10,07:15,2026/06/10,15:34
"STAROCEAN MARINE CO., LTD.",starocean,Moji,70,,RUN SHENG,,,,2622E,2622W,,,2026/06/10,14:48,2026/06/10,16:24,2026/06/11,15:05
"STAROCEAN MARINE CO., LTD.",starocean,Moji,70,,ATLANTIC EAST,,,,2624E,2624W,,,2026/06/14,12:42,2026/06/15,07:20,2026/06/15,15:30
"STAROCEAN MARINE CO., LTD.",starocean,Moji,70,,RUN LONG,,,,2624E,2624W,,,2026/06/16,06:04,2026/06/16,07:50,2026/06/16,14:12
"STAROCEAN MARINE CO., LTD.",starocean,Moji,70,,RONG XING 1,,,,2624E,2624W,,,2026/06/16,19:24,2026/06/17,07:10,2026/06/17,11:30
"STAROCEAN MARINE CO., LTD.",starocean,Moji,70,,ATLANTIC EAST,,,,2625E,2625W,,,2026/06/22,,2026/06/22,,2026/06/22,
"STAROCEAN MARINE CO., LTD.",starocean,Moji,70,,RONG XING 1,,,,2625E,2625W,,,2026/06/24,,2026/06/24,,2026/06/24,
"STAROCEAN MARINE CO., LTD.",starocean,Moji,70,,RUN LONG,,,,2625E,2625W,,,2026/06/22,,2026/06/22,,2026/06/22,
"STAROCEAN MARINE CO., LTD.",starocean,Moji,70,,RUN LONG,,,,2626E,2626W,,,2026/06/29,,2026/06/29,,2026/06/29,
"STAROCEAN MARINE CO., LTD.",starocean,Moji,70,,RONG XING 1,,,,2626E,2626W,,,2026/07/01,,2026/07/01,,2026/07/01,
"STAROCEAN MARINE CO., LTD.",starocean,Moji,70,,ATLANTIC EAST,,,,2626E,2626W,,,2026/06/29,,2026/06/29,,2026/06/29,
"STAROCEAN MARINE CO., LTD.",starocean,Hakata,77,,ATLANTIC EAST,,,,2622E,2622W,,,2026/06/01,01:54,2026/06/02,07:01,2026/06/02,16:53
"STAROCEAN MARINE CO., LTD.",starocean,Hakata,77,,RONG XING 1,,,,2622E,2622W,,,2026/06/08,06:55,2026/06/08,07:50,2026/06/08,13:46
"STAROCEAN MARINE CO., LTD.",starocean,Hakata,77,,RONG XING 1,,,,2623E,2623W,,,,,,,,
"STAROCEAN MARINE CO., LTD.",starocean,Hakata,77,,RUN LONG,,,,2623E,2623W,,,,,,,,
"STAROCEAN MARINE CO., LTD.",starocean,Hakata,77,,ATLANTIC EAST,,,,2623E,2623W,,,2026/06/09,05:25,2026/06/09,06:03,2026/06/09,14:57
"STAROCEAN MARINE CO., LTD.",starocean,Hakata,77,,RUN SHENG,,,,2622E,2622W,,,2026/06/09,16:26,2026/06/09,17:05,2026/06/10,11:03
"STAROCEAN MARINE CO., LTD.",starocean,Hakata,77,,ATLANTIC EAST,,,,2624E,2624W,,,2026/06/15,21:24,2026/06/16,06:26,2026/06/16,15:58
"STAROCEAN MARINE CO., LTD.",starocean,Hakata,77,,RUN LONG,,,,2624E,2624W,,,2026/06/16,21:24,2026/06/17,07:54,2026/06/17,17:30
"STAROCEAN MARINE CO., LTD.",starocean,Hakata,77,,RONG XING 1,,,,2624E,2624W,,,2026/06/16,06:52,2026/06/16,07:42,2026/06/16,13:55
"STAROCEAN MARINE CO., LTD.",starocean,Hakata,77,,RUN LONG,,,,2625E,2625W,,,2026/06/23,,2026/06/23,,2026/06/23,
"STAROCEAN MARINE CO., LTD.",starocean,Hakata,77,,ATLANTIC EAST,,,,2625E,2625W,,,2026/06/23,,2026/06/23,,2026/06/23,
"STAROCEAN MARINE CO., LTD.",starocean,Hakata,77,,RONG XING 1,,,,2625E,2625W,,,2026/06/23,,2026/06/23,,2026/06/23,
"STAROCEAN MARINE CO., LTD.",starocean,Hakata,77,,RONG XING 1,,,,2626E,2626W,,,2026/06/30,,2026/06/30,,2026/06/30,
"STAROCEAN MARINE CO., LTD.",starocean,Hakata,77,,RUN LONG,,,,2626E,2626W,,,2026/06/30,,2026/06/30,,2026/06/30,
"STAROCEAN MARINE CO., LTD.",starocean,Hakata,77,,ATLANTIC EAST,,,,2626E,2626W,,,2026/06/30,,2026/06/30,,2026/06/30,
T.S.LINES LTD.,tslines,YOKOHAMA,11,,TS INCHEON,V7A7209,JTK,,2609N,2610S,,,,,2026/06/08,07:18,2026/06/08,14:50
T.S.LINES LTD.,tslines,YOKOHAMA,11,,A KAKOGAWA,VRWJ5,CSJ3,,2623E,,,,,,2026/06/10,23:15,2026/06/11,16:25
T.S.LINES LTD.,tslines,YOKOHAMA,11,,TS SURABAYA,V7A6349,JTK,,2610N,2611S,,,,,2026/06/12,15:18,2026/06/13,05:45
T.S.LINES LTD.,tslines,YOKOHAMA,11,,YM INITIATIVE,A8HX4,JTS,,353N,,,,,,2026/06/12,18:30,2026/06/13,01:35
T.S.LINES LTD.,tslines,YOKOHAMA,11,,JINYUNHE,H3GB,JCV,,1937N,,,,,,2026/06/08,21:30,2026/06/09,11:35
T.S.LINES LTD.,tslines,YOKOHAMA,11,,A ONTAKE,3E6588,CSJ3,,2623W,,,,,,2026/06/12,23:48,2026/06/13,13:50
T.S.LINES LTD.,tslines,YOKOHAMA,11,,TS PENANG,V7A7461,SJX5,,2622E,2622W,,,,,2026/06/08,21:54,2026/06/09,05:00
T.S.LINES LTD.,tslines,YOKOHAMA,11,,PACIFIC QINGDAO,9V5177,CSJ3,,2624E,2624W,,,,,2026/06/10,23:18,2026/06/11,12:00
T.S.LINES LTD.,tslines,YOKOHAMA,11,,TS MAWEI,V7A6031,JTK2,,2609N,2610S,,,,,2026/06/11,08:30,2026/06/11,15:00
T.S.LINES LTD.,tslines,YOKOHAMA,11,,TS PENANG,V7A7461,SJX5,,2623E,2623W,,,,,2026/06/12,,,
T.S.LINES LTD.,tslines,YOKOHAMA,11,,EVER BLINK,BKLU,JPI,,1191N,,,,,,2026/06/14,07:45,2026/06/14,17:00
T.S.LINES LTD.,tslines,YOKOHAMA,11,,FENGYUNHE,3FXG8,JCV,,1939N,,,,,,2026/06/12,,,
T.S.LINES LTD.,tslines,YOKOHAMA,11,,YM INCREMENT,9V9750,JTS,,328N,,,,,,2026/06/12,18:00,2026/06/13,08:00
T.S.LINES LTD.,tslines,YOKOHAMA,11,,PACIFIC QINGDAO,9V5177,CSJ3,,2624E,2624W,,,,,2026/06/17,23:18,2026/06/18,12:00
T.S.LINES LTD.,tslines,YOKOHAMA,11,,TS MAWEI,V7A6031,JTK2,,2609N,2610S,,,,,2026/06/18,08:30,2026/06/18,15:00
T.S.LINES LTD.,tslines,YOKOHAMA,11,,TS PENANG,V7A7461,SJX5,,2623E,2623W,,,,,2026/06/19,,,
T.S.LINES LTD.,tslines,YOKOHAMA,11,,EVER BLINK,BKLU,JPI,,1191N,,,,,,2026/06/21,07:45,2026/06/21,17:00
T.S.LINES LTD.,tslines,YOKOHAMA,11,,FENGYUNHE,3FXG8,JCV,,1939N,,,,,,2026/06/19,,,
T.S.LINES LTD.,tslines,YOKOHAMA,11,,YM INCREMENT,9V9750,JTS,,328N,,,,,,2026/06/19,18:00,2026/06/20,08:00
T.S.LINES LTD.,tslines,YOKOHAMA,11,,TS INCHEON,V7A7209,JTK,,2610N,2611S,,,,,2026/06/15,,,
T.S.LINES LTD.,tslines,YOKOHAMA,11,,A ONTAKE,3E6588,CSJ3,,2625E,2625W,,,,,2026/06/16,,,
T.S.LINES LTD.,tslines,YOKOHAMA,11,,TS JOHOR,V7A7436,JTK2,,2608N,2609S,,,,,2026/06/17,,,
T.S.LINES LTD.,tslines,YOKOHAMA,11,,JINYUNHE,H3GB,JCV,,1939N,,,,,,2026/06/18,,,
T.S.LINES LTD.,tslines,YOKOHAMA,11,,TS PENANG,V7A7461,SJX5,,2624E,2624W,,,,,2026/06/20,,,
T.S.LINES LTD.,tslines,YOKOHAMA,11,,EVER BUILD,3ELY7,JPI,,1194N,,,,,,2026/06/21,,,
T.S.LINES LTD.,tslines,TOKYO,13,,A KAKOGAWA,VRWJ5,CSJ3,,2623E,,,,,,2026/06/09,02:20,2026/06/09,20:31
T.S.LINES LTD.,tslines,TOKYO,13,,TS PENANG,V7A7461,SJX5,,2622E,2622W,,,,,2026/06/10,18:06,2026/06/11,15:55
T.S.LINES LTD.,tslines,TOKYO,13,,A ONTAKE,3E6588,CSJ3,,2623W,,,,,,2026/06/11,07:53,2026/06/11,21:44
T.S.LINES LTD.,tslines,TOKYO,13,,TS SURABAYA,V7A6349,JTK,,2610N,2611S,,,,,2026/06/14,18:12,2026/06/14,12:17
T.S.LINES LTD.,tslines,TOKYO,13,,YM INITIATIVE,A8HX4,JTS,,353N,,,,,,2026/06/12,11:47,2026/06/12,14:22
T.S.LINES LTD.,tslines,TOKYO,13,,PACIFIC QINGDAO,9V5177,CSJ3,,2624E,2624W,,,,,2026/06/10,15:30,2026/06/11,04:00
T.S.LINES LTD.,tslines,TOKYO,13,,FENGYUNHE,3FXG8,JCV,,1939N,,,,,,2026/06/11,,,
T.S.LINES LTD.,tslines,TOKYO,13,,TS PENANG,V7A7461,SJX5,,2623E,2623W,,,,,2026/06/12,,,
T.S.LINES LTD.,tslines,TOKYO,13,,EVER BLINK,BKLU,JPI,,1191N,,,,,,2026/06/13,08:00,2026/06/14,05:30
T.S.LINES LTD.,tslines,TOKYO,13,,TS INCHEON,V7A7209,JTK,,2610N,2611S,,,,,2026/06/14,,,
T.S.LINES LTD.,tslines,TOKYO,13,,TS MAWEI,V7A6031,JTK2,,2609N,2610S,,,,,2026/06/10,19:00,2026/06/11,05:00
T.S.LINES LTD.,tslines,TOKYO,13,,YM INCREMENT,9V9750,JTS,,328N,,,,,,2026/06/12,18:00,2026/06/13,16:00
T.S.LINES LTD.,tslines,TOKYO,13,,PACIFIC QINGDAO,9V5177,CSJ3,,2624E,2624W,,,,,2026/06/17,15:30,2026/06/18,04:00
T.S.LINES LTD.,tslines,TOKYO,13,,FENGYUNHE,3FXG8,JCV,,1939N,,,,,,2026/06/18,,,
T.S.LINES LTD.,tslines,TOKYO,13,,TS PENANG,V7A7461,SJX5,,2623E,2623W,,,,,2026/06/19,,,
T.S.LINES LTD.,tslines,TOKYO,13,,EVER BLINK,BKLU,JPI,,1191N,,,,,,2026/06/20,08:00,2026/06/21,05:30
T.S.LINES LTD.,tslines,TOKYO,13,,TS INCHEON,V7A7209,JTK,,2610N,2611S,,,,,2026/06/21,,,
T.S.LINES LTD.,tslines,TOKYO,13,,TS MAWEI,V7A6031,JTK2,,2609N,2610S,,,,,2026/06/17,19:00,2026/06/18,05:00
T.S.LINES LTD.,tslines,TOKYO,13,,YM INCREMENT,9V9750,JTS,,328N,,,,,,2026/06/19,18:00,2026/06/20,16:00
T.S.LINES LTD.,tslines,TOKYO,13,,TS JOHOR,V7A7436,JTK2,,2608N,2609S,,,,,2026/06/16,,,
T.S.LINES LTD.,tslines,TOKYO,13,,JINYUNHE,H3GB,JCV,,1939N,,,,,,2026/06/17,,,
T.S.LINES LTD.,tslines,TOKYO,13,,TS PENANG,V7A7461,SJX5,,2624E,2624W,,,,,2026/06/21,,,
T.S.LINES LTD.,tslines,TOKYO,13,,A ONTAKE,3E6588,CSJ3,,2625E,2625W,,,,,2026/06/17,,,
T.S.LINES LTD.,tslines,TOKYO,13,,EVER BUILD,3ELY7,JPI,,1194N,,,,,,2026/06/21,,,
T.S.LINES LTD.,tslines,NAGOYA,35,,TS JOHOR,V7A7436,JTK2,,2607N,2608S,,,,,2026/06/08,17:40,2026/06/09,08:25
T.S.LINES LTD.,tslines,NAGOYA,35,,TS INCHEON,V7A7209,JTK,,2609N,2610S,,,,,2026/06/09,07:30,2026/06/09,15:35
T.S.LINES LTD.,tslines,NAGOYA,35,,OKEE AURELIA,V2CH5,SNG7,,157W,,,,,,2026/06/12,14:05,2026/06/13,11:15
T.S.LINES LTD.,tslines,NAGOYA,35,,YM INITIATIVE,A8HX4,JTS,,353N,,,,,,2026/06/10,08:10,2026/06/10,19:35
T.S.LINES LTD.,tslines,NAGOYA,35,,TS MAWEI,V7A6031,JTK2,,2609N,2610S,,,,,2026/06/11,08:30,2026/06/11,17:00
T.S.LINES LTD.,tslines,NAGOYA,35,,OKEE AURELIA,V2CH5,SNG7,,158W,,,,,,2026/06/12,,,
T.S.LINES LTD.,tslines,NAGOYA,35,,YM INCREMENT,9V9750,JTS,,328N,,,,,,2026/06/10,07:55,2026/06/10,17:30
T.S.LINES LTD.,tslines,NAGOYA,35,,TS MAWEI,V7A6031,JTK2,,2609N,2610S,,,,,2026/06/18,08:30,2026/06/18,17:00
T.S.LINES LTD.,tslines,NAGOYA,35,,OKEE AURELIA,V2CH5,SNG7,,158W,,,,,,2026/06/19,,,
T.S.LINES LTD.,tslines,NAGOYA,35,,YM INCREMENT,9V9750,JTS,,328N,,,,,,2026/06/17,07:55,2026/06/17,17:30
T.S.LINES LTD.,tslines,NAGOYA,35,,OKEE AURELIA,V2CH5,SNG7,,159W,,,,,,2026/06/18,,,
T.S.LINES LTD.,tslines,NAGOYA,35,,TS JOHOR,V7A7436,JTK2,,2608N,2609S,,,,,2026/06/18,,,
T.S.LINES LTD.,tslines,OSAKA,40,,TAICHUNG,3EHI,JTK3,,426N,427S,,,,,2026/06/08,18:32,2026/06/08,20:20
T.S.LINES LTD.,tslines,OSAKA,40,,PACIFIC QINGDAO,9V5177,CSJ1,,2623E,2623W,,,,,2026/06/09,07:22,2026/06/09,16:10
T.S.LINES LTD.,tslines,OSAKA,40,,RUN LONG,C6KU2,SKS,,2623E,2623W,,,,,2026/06/10,17:18,2026/06/11,00:30
T.S.LINES LTD.,tslines,OSAKA,40,,RUN SHENG,H9YK,SKS,,2624E,2624W,,,,,2026/06/09,06:50,2026/06/09,17:18
T.S.LINES LTD.,tslines,OSAKA,40,,A ONTAKE,3E6588,CSJ1,,2624E,2624W,,,,,2026/06/11,,,
T.S.LINES LTD.,tslines,OSAKA,40,,TS KOBE,V7A5716,JHTN,,2610N,2611S,,,,,2026/06/10,06:58,2026/06/11,06:02
T.S.LINES LTD.,tslines,OSAKA,40,,INTERASIA RESILIENCE,9V7571,JTK3,,N080,S081,,,,,2026/06/12,,,
T.S.LINES LTD.,tslines,OSAKA,40,,TS HAKATA,V7A6216,JHTN,,2610N,2611S,,,,,2026/06/12,,,
T.S.LINES LTD.,tslines,OSAKA,40,,RUN SHENG,H9YK,SKS,,2624E,2624W,,,,,2026/06/16,06:50,2026/06/16,17:18
T.S.LINES LTD.,tslines,OSAKA,40,,A ONTAKE,3E6588,CSJ1,,2624E,2624W,,,,,2026/06/18,,,
T.S.LINES LTD.,tslines,OSAKA,40,,TS KOBE,V7A5716,JHTN,,2610N,2611S,,,,,2026/06/17,06:58,2026/06/18,06:02
T.S.LINES LTD.,tslines,OSAKA,40,,INTERASIA RESILIENCE,9V7571,JTK3,,N080,S081,,,,,2026/06/19,,,
T.S.LINES LTD.,tslines,OSAKA,40,,TS HAKATA,V7A6216,JHTN,,2610N,2611S,,,,,2026/06/19,,,
T.S.LINES LTD.,tslines,OSAKA,40,,RUN SHENG,H9YK,SKS,,2625E,2625W,,,,,2026/06/15,,,
T.S.LINES LTD.,tslines,OSAKA,40,,PACIFIC QINGDAO,9V5177,CSJ1,,2625E,2625W,,,,,2026/06/16,,,
T.S.LINES LTD.,tslines,OSAKA,40,,TS LIANYUNGANG,V7A7385,JTK3,,2612N,2613S,,,,,2026/06/15,,,
T.S.LINES LTD.,tslines,KOBE,41,,PACIFIC QINGDAO,9V5177,CSJ1,,2623E,2623W,,,,,2026/06/09,17:43,2026/06/09,23:16
T.S.LINES LTD.,tslines,KOBE,41,,RUN LONG,C6KU2,SKS,,2623E,2623W,,,,,2026/06/10,09:55,2026/06/10,18:44
T.S.LINES LTD.,tslines,KOBE,41,,TAICHUNG,3EHI,JTK3,,426N,427S,,,,,2026/06/10,22:09,2026/06/11,14:24
T.S.LINES LTD.,tslines,KOBE,41,,RUN SHENG,H9YK,SKS,,2624E,2624W,,,,,2026/06/09,18:35,2026/06/10,12:00
T.S.LINES LTD.,tslines,KOBE,41,,TS KOBE,V7A5716,JHTN,,2610N,2611S,,,,,2026/06/10,07:26,2026/06/10,23:59
T.S.LINES LTD.,tslines,KOBE,41,,A ONTAKE,3E6588,CSJ1,,2624E,2624W,,,,,2026/06/11,,,
T.S.LINES LTD.,tslines,KOBE,41,,TS HAKATA,V7A6216,JHTN,,2610N,2611S,,,,,2026/06/12,,,
T.S.LINES LTD.,tslines,KOBE,41,,INTERASIA RESILIENCE,9V7571,JTK3,,N080,S081,,,,,2026/06/12,,,
T.S.LINES LTD.,tslines,KOBE,41,,RUN SHENG,H9YK,SKS,,2624E,2624W,,,,,2026/06/16,18:35,2026/06/17,12:00
T.S.LINES LTD.,tslines,KOBE,41,,TS KOBE,V7A5716,JHTN,,2610N,2611S,,,,,2026/06/17,07:26,2026/06/17,23:59
T.S.LINES LTD.,tslines,KOBE,41,,A ONTAKE,3E6588,CSJ1,,2624E,2624W,,,,,2026/06/18,,,
T.S.LINES LTD.,tslines,KOBE,41,,TS HAKATA,V7A6216,JHTN,,2610N,2611S,,,,,2026/06/19,,,
T.S.LINES LTD.,tslines,KOBE,41,,INTERASIA RESILIENCE,9V7571,JTK3,,N080,S081,,,,,2026/06/19,,,
T.S.LINES LTD.,tslines,KOBE,41,,PACIFIC QINGDAO,9V5177,CSJ1,,2625E,2625W,,,,,2026/06/16,,,
T.S.LINES LTD.,tslines,KOBE,41,,RUN SHENG,H9YK,SKS,,2625E,2625W,,,,,2026/06/16,,,
T.S.LINES LTD.,tslines,KOBE,41,,TS LIANYUNGANG,V7A7385,JTK3,,2612N,2613S,,,,,2026/06/17,,,
T.S.LINES LTD.,tslines,MOJI,70,,YM CERTAINTY,D5WR3,PAS,,084N,085S,,,,,2026/06/08,07:46,2026/06/08,22:20
T.S.LINES LTD.,tslines,MOJI,70,,RUN SHENG,H9YK,SKU,,2622E,2622W,,,,,2026/06/10,16:24,2026/06/11,15:05
T.S.LINES LTD.,tslines,MOJI,70,,RUN LONG,C6KU2,SKU,,2624E,2624W,,,,,2026/06/09,07:50,2026/06/09,14:12
T.S.LINES LTD.,tslines,MOJI,70,,RUN LONG,C6KU2,SKU,,2624E,2624W,,,,,2026/06/16,07:50,2026/06/16,14:12
T.S.LINES LTD.,tslines,MOJI,70,,RUN LONG,C6KU2,SKU,,2625E,2625W,,,,,2026/06/15,,,
T.S.LINES LTD.,tslines,MOJI,70,,INTERASIA ELEVATE,9V8455,PAS,,N067,S068,,,,,2026/06/16,,,
T.S.LINES LTD.,tslines,MOJI,70,,TS GUANGZHOU,V7A5825,PAS,,2608N,,,,,,2026/06/15,,,
T.S.LINES LTD.,tslines,HAKATA,77,,YM CERTAINTY,D5WR3,PAS,,084N,085S,,,,,2026/06/09,05:23,2026/06/09,17:15
T.S.LINES LTD.,tslines,HAKATA,77,,RUN SHENG,H9YK,SKU,,2622E,2622W,,,,,2026/06/10,17:05,2026/06/11,11:03
T.S.LINES LTD.,tslines,HAKATA,77,,RUN LONG,C6KU2,SKU,,2624E,2624W,,,,,2026/06/10,07:54,2026/06/10,17:30
T.S.LINES LTD.,tslines,HAKATA,77,,RUN LONG,C6KU2,SKU,,2624E,2624W,,,,,2026/06/17,07:54,2026/06/17,17:30
T.S.LINES LTD.,tslines,HAKATA,77,,RUN LONG,C6KU2,SKU,,2625E,2625W,,,,,2026/06/16,,,
T.S.LINES LTD.,tslines,HAKATA,77,,INTERASIA ELEVATE,9V8455,PAS,,N067,S068,,,,,2026/06/17,,,
T.S.LINES LTD.,tslines,HAKATA,77,,TS GUANGZHOU,V7A5825,PAS,,2608N,,,,,,2026/06/16,,,
"TAICANG CONTAINER LINES CO., LTD.",tclc,Yokohama,11,,JOSCO CORA,,,,2614E,2614W,,,2026/06/02,10:15,2026/06/02,10:54,2026/06/02,16:25
"TAICANG CONTAINER LINES CO., LTD.",tclc,Yokohama,11,,JOSCO BRIGHT,,,,2614E,2614W,,,2026/06/05,06:05,2026/06/05,06:48,2026/06/05,16:20
"TAICANG CONTAINER LINES CO., LTD.",tclc,Yokohama,11,,JIANG YUAN YUAN BO,,,,2612E,2612W,,,2026/06/05,06:35,2026/06/05,07:12,2026/06/05,15:55
"TAICANG CONTAINER LINES CO., LTD.",tclc,Yokohama,11,,JOSCO ALMA,,,,2612E,2613S,,,2026/06/09,20:54,2026/06/11,01:00,2026/06/11,03:55
"TAICANG CONTAINER LINES CO., LTD.",tclc,Yokohama,11,,JOSCO JANE,,,,2614E,2614W,,,2026/06/10,13:36,2026/06/11,07:12,2026/06/11,16:45
"TAICANG CONTAINER LINES CO., LTD.",tclc,Yokohama,11,,JIANG YUAN XING FU,,,,2611E,2611W,,,2026/06/11,17:55,2026/06/11,18:54,2026/06/12,04:55
"TAICANG CONTAINER LINES CO., LTD.",tclc,Yokohama,11,,JOSCO BRIGHT,,,,2615E,2615W,,,2026/06/17,19:30,2026/06/17,20:30,2026/06/18,05:00
"TAICANG CONTAINER LINES CO., LTD.",tclc,Yokohama,11,,JOSCO HELEN,,,,2615E,2615W,,,2026/06/17,16:00,2026/06/18,,2026/06/18,
"TAICANG CONTAINER LINES CO., LTD.",tclc,Yokohama,11,,JIANG YUAN YUAN BO,,,,2613E,2613W,,,2026/06/22,,2026/06/22,,2026/06/22,
"TAICANG CONTAINER LINES CO., LTD.",tclc,Yokohama,11,,JIANG YUAN YUAN DA,,,,2612E,2612W,,,2026/06/24,,2026/06/24,,2026/06/25,
"TAICANG CONTAINER LINES CO., LTD.",tclc,Yokohama,11,,JOSCO JANE,,,,2615E,2615W,,,,,,,,
"TAICANG CONTAINER LINES CO., LTD.",tclc,Yokohama,11,,JOSCO HELEN,,,,2616E,2616W,,,2026/06/29,,2026/06/29,,2026/06/29,
"TAICANG CONTAINER LINES CO., LTD.",tclc,Yokohama,11,,JOSCO BRIGHT,,,,2617E,2617W,,,2026/07/01,,2026/07/01,,2026/07/02,
"TAICANG CONTAINER LINES CO., LTD.",tclc,Yokohama,11,,JIANG YUAN XING FU,,,,2612E,2612W,,,2026/06/29,,2026/06/29,,2026/06/29,
"TAICANG CONTAINER LINES CO., LTD.",tclc,Kawasaki,12,,JIANG YUAN YUAN BO,,,,2612E,2612W,,,2026/06/05,01:00,2026/06/05,01:24,2026/06/05,04:55
"TAICANG CONTAINER LINES CO., LTD.",tclc,Kawasaki,12,,JIANG YUAN XING FU,,,,2611E,2611W,,,,,,,,
"TAICANG CONTAINER LINES CO., LTD.",tclc,Kawasaki,12,,JIANG YUAN XING FU,,,,2612E,2612W,,,,,,,,
"TAICANG CONTAINER LINES CO., LTD.",tclc,Kawasaki,12,,JIANG YUAN YUAN BO,,,,2614E,2614W,,,,,,,,
"TAICANG CONTAINER LINES CO., LTD.",tclc,Tokyo,13,,JOSCO BRIGHT,,,,2614E,2614W,,,2026/06/04,06:40,2026/06/04,07:29,2026/06/05,04:45
"TAICANG CONTAINER LINES CO., LTD.",tclc,Tokyo,13,,JIANG YUAN YUAN BO,,,,2612E,2612W,,,2026/06/05,17:42,2026/06/07,07:45,2026/06/07,23:26
"TAICANG CONTAINER LINES CO., LTD.",tclc,Tokyo,13,,JOSCO CORA,,,,2614E,2614W,,,2026/06/02,18:06,2026/06/04,07:50,2026/06/04,23:59
"TAICANG CONTAINER LINES CO., LTD.",tclc,Tokyo,13,,JOSCO ALMA,,,,2612E,2613S,,,2026/06/09,07:00,2026/06/09,07:46,2026/06/09,19:06
"TAICANG CONTAINER LINES CO., LTD.",tclc,Tokyo,13,,JOSCO JANE,,,,2614E,2614W,,,2026/06/11,18:36,2026/06/12,18:22,2026/06/13,04:05
"TAICANG CONTAINER LINES CO., LTD.",tclc,Tokyo,13,,JIANG YUAN XING FU,,,,2611E,2611W,,,2026/06/12,07:00,2026/06/12,18:43,2026/06/13,04:16
"TAICANG CONTAINER LINES CO., LTD.",tclc,Tokyo,13,,JOSCO BRIGHT,,,,2615E,2615W,,,2026/06/16,03:00,2026/06/16,18:54,2026/06/17,18:00
"TAICANG CONTAINER LINES CO., LTD.",tclc,Tokyo,13,,JOSCO HELEN,,,,2615E,2615W,,,2026/06/19,,2026/06/19,,2026/06/19,
"TAICANG CONTAINER LINES CO., LTD.",tclc,Tokyo,13,,JIANG YUAN YUAN BO,,,,2613E,2613W,,,2026/06/20,,2026/06/20,,2026/06/21,
"TAICANG CONTAINER LINES CO., LTD.",tclc,Tokyo,13,,JOSCO JANE,,,,2615E,2615W,,,2026/06/21,,2026/06/21,,2026/06/22,
"TAICANG CONTAINER LINES CO., LTD.",tclc,Tokyo,13,,JIANG YUAN YUAN DA,,,,2611E,2611W,,,2026/06/19,,2026/06/19,,2026/06/19,
"TAICANG CONTAINER LINES CO., LTD.",tclc,Tokyo,13,,JIANG YUAN YUAN DA,,,,2612E,2612W,,,2026/06/24,,2026/06/24,,2026/06/24,
"TAICANG CONTAINER LINES CO., LTD.",tclc,Tokyo,13,,JIANG YUAN XING FU,,,,2612E,2612W,,,2026/06/27,,2026/06/27,,2026/06/28,
"TAICANG CONTAINER LINES CO., LTD.",tclc,Tokyo,13,,JOSCO HELEN,,,,2616E,2616W,,,2026/06/28,,2026/06/28,,2026/06/29,
"TAICANG CONTAINER LINES CO., LTD.",tclc,Tokyo,13,,JOSCO BRIGHT,,,,2617E,2617W,,,2026/07/01,,2026/07/01,,2026/07/01,
"TAICANG CONTAINER LINES CO., LTD.",tclc,Tokyo,13,,JIANG YUAN YUAN BO,,,,2614E,2614W,,,2026/07/04,,2026/07/04,,2026/07/05,
"TAICANG CONTAINER LINES CO., LTD.",tclc,Nagoya,35,,JOSCO CORA,,,,2614E,2614W,,,2026/05/31,23:54,2026/06/01,11:05,2026/06/01,20:00
"TAICANG CONTAINER LINES CO., LTD.",tclc,Nagoya,35,,JOSCO BRIGHT,,,,2614E,2614W,,,2026/06/06,06:20,2026/06/06,07:25,2026/06/06,12:45
"TAICANG CONTAINER LINES CO., LTD.",tclc,Nagoya,35,,JOSCO ALMA,,,,2612E,2613S,,,2026/06/06,20:00,2026/06/07,08:05,2026/06/07,15:25
"TAICANG CONTAINER LINES CO., LTD.",tclc,Nagoya,35,,JIANG YUAN YUAN BO,,,,2612E,2612W,,,2026/06/08,14:06,2026/06/09,09:40,2026/06/09,16:45
"TAICANG CONTAINER LINES CO., LTD.",tclc,Nagoya,35,,JOSCO JANE,,,,2614E,2614W,,,2026/06/13,17:24,2026/06/14,08:10,2026/06/14,19:30
"TAICANG CONTAINER LINES CO., LTD.",tclc,Nagoya,35,,JIANG YUAN XING FU,,,,2611E,2611W,,,2026/06/13,19:54,2026/06/14,12:25,2026/06/14,15:55
"TAICANG CONTAINER LINES CO., LTD.",tclc,Nagoya,35,,JOSCO BRIGHT,,,,2615E,2615W,,,2026/06/14,21:15,2026/06/14,22:25,2026/06/15,11:10
"TAICANG CONTAINER LINES CO., LTD.",tclc,Nagoya,35,,JOSCO HELEN,,,,2615E,2615W,,,2026/06/19,,2026/06/19,,2026/06/20,
"TAICANG CONTAINER LINES CO., LTD.",tclc,Nagoya,35,,JOSCO JANE,,,,2615E,2615W,,,2026/06/20,,2026/06/20,,2026/06/21,
"TAICANG CONTAINER LINES CO., LTD.",tclc,Nagoya,35,,JIANG YUAN YUAN BO,,,,2613E,2613W,,,2026/06/23,,2026/06/23,,2026/06/23,
"TAICANG CONTAINER LINES CO., LTD.",tclc,Nagoya,35,,JIANG YUAN YUAN DA,,,,2612E,2612W,,,2026/06/25,,2026/06/25,,2026/06/26,
"TAICANG CONTAINER LINES CO., LTD.",tclc,Nagoya,35,,JOSCO HELEN,,,,2616E,2616W,,,2026/06/27,,2026/06/27,,2026/06/28,
"TAICANG CONTAINER LINES CO., LTD.",tclc,Nagoya,35,,JIANG YUAN XING FU,,,,2612E,2612W,,,2026/06/30,,2026/06/30,,2026/06/30,
"TAICANG CONTAINER LINES CO., LTD.",tclc,Nagoya,35,,JOSCO BRIGHT,,,,2617E,2617W,,,2026/07/02,,2026/07/02,,2026/07/03,
"TAICANG CONTAINER LINES CO., LTD.",tclc,Osaka,40,,JOSCO JANE,,,,2613E,2613W,,,2026/06/01,09:29,2026/06/01,10:06,2026/06/01,23:59
"TAICANG CONTAINER LINES CO., LTD.",tclc,Osaka,40,,JIANG YUAN YUAN BO,,,,2612E,2612W,,,2026/06/02,05:36,2026/06/03,17:54,2026/06/03,23:18
"TAICANG CONTAINER LINES CO., LTD.",tclc,Osaka,40,,JIANG YUAN XING FU,,,,2611E,2611W,,,2026/06/09,19:56,2026/06/09,20:30,2026/06/10,06:17
"TAICANG CONTAINER LINES CO., LTD.",tclc,Osaka,40,,K-PACIFIC,,,,2625E,2625W,,,2026/06/10,08:54,2026/06/10,15:05,2026/06/10,22:49
"TAICANG CONTAINER LINES CO., LTD.",tclc,Osaka,40,,JOSCO CORA,,,,2615E,2615W,,,2026/06/11,18:10,2026/06/11,18:50,2026/06/12,11:52
"TAICANG CONTAINER LINES CO., LTD.",tclc,Osaka,40,,PREMIER,,,,2651E,2651W,,,2026/06/18,,2026/06/18,,2026/06/18,
"TAICANG CONTAINER LINES CO., LTD.",tclc,Osaka,40,,JIANG YUAN YUAN BO,,,,2613E,2613W,,,2026/06/19,,2026/06/19,,2026/06/19,
"TAICANG CONTAINER LINES CO., LTD.",tclc,Osaka,40,,JIANG YUAN YUAN DA,,,,2611E,2611W,,,2026/06/18,,2026/06/18,,2026/06/18,
"TAICANG CONTAINER LINES CO., LTD.",tclc,Osaka,40,,K-PACIFIC,,,,2626E,2626W,,,2026/06/22,,2026/06/22,,2026/06/22,
"TAICANG CONTAINER LINES CO., LTD.",tclc,Osaka,40,,JIANG YUAN XING FU,,,,2612E,2612W,,,2026/06/26,,2026/06/26,,2026/06/26,
"TAICANG CONTAINER LINES CO., LTD.",tclc,Osaka,40,,PREMIER,,,,2652E,2652W,,,2026/06/27,,2026/06/27,,2026/06/27,
"TAICANG CONTAINER LINES CO., LTD.",tclc,Osaka,40,,JOSCO BRIGHT,,,,2616E,2616W,,,2026/06/22,,2026/06/22,,2026/06/23,
"TAICANG CONTAINER LINES CO., LTD.",tclc,Osaka,40,,JOSCO JANE,,,,2616E,2616W,,,2026/06/29,,2026/06/29,,2026/06/30,
"TAICANG CONTAINER LINES CO., LTD.",tclc,Osaka,40,,JIANG YUAN YUAN BO,,,,2614E,2614W,,,2026/07/03,,2026/07/03,,2026/07/03,
"TAICANG CONTAINER LINES CO., LTD.",tclc,Osaka,40,,K-PACIFIC,,,,2627E,2627W,,,2026/07/04,,2026/07/04,,2026/07/04,
"TAICANG CONTAINER LINES CO., LTD.",tclc,Kobe,41,,JOSCO JANE,,,,2613E,2613W,,,2026/06/02,01:12,2026/06/02,07:04,2026/06/02,11:44
"TAICANG CONTAINER LINES CO., LTD.",tclc,Kobe,41,,K-PACIFIC,,,,2625E,2625W,,,,,,,,
"TAICANG CONTAINER LINES CO., LTD.",tclc,Kobe,41,,JIANG YUAN XING FU,,,,2611E,2611W,,,2026/06/10,06:55,2026/06/10,07:40,2026/06/10,10:58
"TAICANG CONTAINER LINES CO., LTD.",tclc,Kobe,41,,JOSCO CORA,,,,2615E,2615W,,,2026/06/11,11:20,2026/06/11,12:20,2026/06/11,16:16
"TAICANG CONTAINER LINES CO., LTD.",tclc,Kobe,41,,PREMIER,,,,2651E,2651W,,,2026/06/18,,2026/06/18,,2026/06/18,
"TAICANG CONTAINER LINES CO., LTD.",tclc,Kobe,41,,JIANG YUAN YUAN BO,,,,2613E,2613W,,,2026/06/19,,2026/06/19,,2026/06/19,
"TAICANG CONTAINER LINES CO., LTD.",tclc,Kobe,41,,JIANG YUAN YUAN DA,,,,2611E,2611W,,,2026/06/18,,2026/06/18,,2026/06/18,
"TAICANG CONTAINER LINES CO., LTD.",tclc,Kobe,41,,K-PACIFIC,,,,2626E,2626W,,,2026/06/22,,2026/06/22,,2026/06/22,
"TAICANG CONTAINER LINES CO., LTD.",tclc,Kobe,41,,JOSCO BRIGHT,,,,2616E,2616W,,,2026/06/23,,2026/06/23,,2026/06/23,
"TAICANG CONTAINER LINES CO., LTD.",tclc,Kobe,41,,JIANG YUAN XING FU,,,,2612E,2612W,,,2026/06/26,,2026/06/26,,2026/06/26,
"TAICANG CONTAINER LINES CO., LTD.",tclc,Kobe,41,,PREMIER,,,,2652E,2652W,,,2026/06/27,,2026/06/27,,2026/06/27,
"TAICANG CONTAINER LINES CO., LTD.",tclc,Kobe,41,,JOSCO JANE,,,,2616E,2616W,,,2026/06/30,,2026/06/30,,2026/06/30,
"TAICANG CONTAINER LINES CO., LTD.",tclc,Kobe,41,,JIANG YUAN YUAN BO,,,,2614E,2614W,,,2026/07/03,,2026/07/03,,2026/07/03,
"TAICANG CONTAINER LINES CO., LTD.",tclc,Kobe,41,,K-PACIFIC,,,,2627E,2627W,,,2026/07/04,,2026/07/04,,2026/07/04,
"TAICANG CONTAINER LINES CO., LTD.",tclc,Moji,70,,JOSCO JANE,,,,2613E,2613W,,,2026/06/03,07:10,2026/06/03,07:51,2026/06/03,14:20
"TAICANG CONTAINER LINES CO., LTD.",tclc,Moji,70,,JOSCO CORA,,,,2615E,2615W,,,2026/06/13,06:15,2026/06/13,06:50,2026/06/13,12:41
"TAICANG CONTAINER LINES CO., LTD.",tclc,Moji,70,,PREMIER,,,,2651E,2651W,,,2026/06/19,,2026/06/19,,2026/06/19,
"TAICANG CONTAINER LINES CO., LTD.",tclc,Moji,70,,JOSCO BRIGHT,,,,2616E,2616W,,,2026/06/24,,2026/06/24,,2026/06/24,
"TAICANG CONTAINER LINES CO., LTD.",tclc,Moji,70,,JOSCO JANE,,,,2616E,2616W,,,2026/07/01,,2026/07/01,,2026/07/01,
"TAICANG CONTAINER LINES CO., LTD.",tclc,Hakata,77,,JOSCO JANE,,,,2613E,2613W,,,2026/06/03,18:25,2026/06/03,19:07,2026/06/03,21:34
"TAICANG CONTAINER LINES CO., LTD.",tclc,Hakata,77,,K-PACIFIC,,,,2625E,2625W,,,2026/06/08,03:18,2026/06/09,06:14,2026/06/09,10:38
"TAICANG CONTAINER LINES CO., LTD.",tclc,Hakata,77,,JOSCO CORA,,,,2615E,2615W,,,2026/06/13,17:18,2026/06/15,07:11,2026/06/15,12:50
"TAICANG CONTAINER LINES CO., LTD.",tclc,Hakata,77,,JIANG YUAN YUAN DA,,,,2611E,2611W,,,2026/06/14,20:25,2026/06/17,18:00,2026/06/17,22:00
"TAICANG CONTAINER LINES CO., LTD.",tclc,Hakata,77,,PREMIER,,,,2651E,2651W,,,2026/06/19,,2026/06/19,,2026/06/19,
"TAICANG CONTAINER LINES CO., LTD.",tclc,Hakata,77,,K-PACIFIC,,,,2626E,2626W,,,2026/06/21,,2026/06/21,,2026/06/21,
"TAICANG CONTAINER LINES CO., LTD.",tclc,Hakata,77,,JOSCO BRIGHT,,,,2616E,2616W,,,2026/06/24,,2026/06/24,,2026/06/24,
"TAICANG CONTAINER LINES CO., LTD.",tclc,Hakata,77,,PREMIER,,,,2652E,2652W,,,2026/06/25,,2026/06/25,,2026/06/25,
"TAICANG CONTAINER LINES CO., LTD.",tclc,Hakata,77,,JOSCO JANE,,,,2616E,2616W,,,2026/07/01,,2026/07/01,,2026/07/01,
"TAICANG CONTAINER LINES CO., LTD.",tclc,Hakata,77,,K-PACIFIC,,,,2627E,2627W,,,2026/07/02,,2026/07/02,,2026/07/02,
YANG MING MARINE TRANSPORT CORPORATION,yangming,Yokohama,11,,YM IMMENSE,BLHP,,,406N,407S,,,2026/06/06,06:30,2026/06/06,18:55,2026/06/07,01:45
YANG MING MARINE TRANSPORT CORPORATION,yangming,Yokohama,11,,JINYUNHE,H3GB,,,1937N,1938S,,,2026/06/08,10:15,2026/06/08,21:30,2026/06/09,11:35
YANG MING MARINE TRANSPORT CORPORATION,yangming,Yokohama,11,,YM INCEPTION,A8HX2,,,245N,246S,,,2026/06/12,06:30,2026/06/12,07:20,2026/06/12,16:55
YANG MING MARINE TRANSPORT CORPORATION,yangming,Yokohama,11,,YM INITIATIVE,A8HX4,,,353N,354S,,,2026/06/12,15:55,2026/06/12,18:30,2026/06/13,01:35
YANG MING MARINE TRANSPORT CORPORATION,yangming,Yokohama,11,,HYUNDAI COURAGE,V7PP4,,,123W,123W,,,2026/06/16,19:00,2026/06/16,20:00,2026/06/17,02:50
YANG MING MARINE TRANSPORT CORPORATION,yangming,Yokohama,11,,FENGYUNHE,3FXG8,,,1939N,1940S,,,2026/06/19,,2026/06/19,,2026/06/19,
YANG MING MARINE TRANSPORT CORPORATION,yangming,Yokohama,11,,YM IMPROVEMENT,A8KS9,,,274N,275S,,,2026/06/21,07:00,2026/06/21,08:00,2026/06/21,16:00
YANG MING MARINE TRANSPORT CORPORATION,yangming,Yokohama,11,,YM INCREMENT,9V9750,,,328N,329S,,,2026/06/19,17:00,2026/06/19,18:00,2026/06/20,08:00
YANG MING MARINE TRANSPORT CORPORATION,yangming,Yokohama,11,,JINYUNHE,H3GB,,,1939N,1940S,,,2026/06/25,,2026/06/25,,2026/06/25,
YANG MING MARINE TRANSPORT CORPORATION,yangming,Yokohama,11,,HORAI BRIDGE,3FOB4,,,224N,225S,,,2026/06/25,18:00,2026/06/26,08:00,2026/06/26,16:00
YANG MING MARINE TRANSPORT CORPORATION,yangming,Yokohama,11,,IBN AL ABBAR,3FFC9,,,------,342S,,,2026/06/29,17:00,2026/06/29,18:00,2026/06/30,08:00
YANG MING MARINE TRANSPORT CORPORATION,yangming,Yokohama,11,,YM IMMENSE,BLHP,,,407N,408S,,,2026/07/03,,2026/07/03,,2026/07/03,
YANG MING MARINE TRANSPORT CORPORATION,yangming,Yokohama,11,,CAPE FELTON,V7OX5,,,002N,003S,,,2026/07/03,,2026/07/03,,2026/07/04,
YANG MING MARINE TRANSPORT CORPORATION,yangming,Tokyo,13,,YM MANDATE,A8UU7,,,603E,603E,,,2026/06/01,09:56,2026/06/01,10:46,2026/06/02,05:04
YANG MING MARINE TRANSPORT CORPORATION,yangming,Tokyo,13,,ONE OLYMPUS,9VPQ7,,,080W,080W,,,2026/06/05,06:35,2026/06/05,07:27,2026/06/06,04:42
YANG MING MARINE TRANSPORT CORPORATION,yangming,Tokyo,13,,YM MUTUALITY,A8XY5,,,112W,112W,,,2026/06/06,06:51,2026/06/06,07:37,2026/06/07,16:24
YANG MING MARINE TRANSPORT CORPORATION,yangming,Tokyo,13,,JINYUNHE,H3GB,,,1937N,1938S,,,2026/06/06,10:14,2026/06/07,07:35,2026/06/08,08:45
YANG MING MARINE TRANSPORT CORPORATION,yangming,Tokyo,13,,YM IMMENSE,BLHP,,,406N,407S,,,2026/06/05,07:06,2026/06/05,07:41,2026/06/06,04:48
YANG MING MARINE TRANSPORT CORPORATION,yangming,Tokyo,13,,NAVIOS CYAN,A8OD2,,,------,001E,,,2026/06/05,07:03,2026/06/05,08:01,2026/06/06,04:54
YANG MING MARINE TRANSPORT CORPORATION,yangming,Tokyo,13,,ONE REASSURANCE,9V3808,,,254W,254W,,,2026/06/08,10:50,2026/06/08,11:35,2026/06/09,05:29
YANG MING MARINE TRANSPORT CORPORATION,yangming,Tokyo,13,,YM MASCULINITY,A8ZD2,,,106E,106E,,,2026/06/09,17:43,2026/06/09,18:23,2026/06/10,10:55
YANG MING MARINE TRANSPORT CORPORATION,yangming,Tokyo,13,,ONE HANNOVER,3EIC8,,,100E,------,,,,,,,,
YANG MING MARINE TRANSPORT CORPORATION,yangming,Tokyo,13,,ONE MAESTRO,9V9883,,,------,086E,,,2026/06/11,06:38,2026/06/11,07:15,2026/06/11,23:57
YANG MING MARINE TRANSPORT CORPORATION,yangming,Tokyo,13,,ONE ARCADIA,ZGOK7,,,077W,077W,,,2026/06/12,06:45,2026/06/12,07:25,2026/06/13,05:05
YANG MING MARINE TRANSPORT CORPORATION,yangming,Tokyo,13,,NYK OCEANUS,3EMR8,,,081E,------,,,2026/06/11,17:36,2026/06/13,07:48,2026/06/14,04:59
YANG MING MARINE TRANSPORT CORPORATION,yangming,Tokyo,13,,YM UNANIMITY,BLHL,,,085W,085W,,,2026/06/08,17:55,2026/06/08,18:42,2026/06/09,16:27
YANG MING MARINE TRANSPORT CORPORATION,yangming,Tokyo,13,,YM INITIATIVE,A8HX4,,,353N,354S,,,2026/06/11,11:08,2026/06/11,11:47,2026/06/12,14:22
YANG MING MARINE TRANSPORT CORPORATION,yangming,Tokyo,13,,YM INCEPTION,A8HX2,,,245N,246S,,,2026/06/11,20:00,2026/06/11,20:43,2026/06/12,04:50
YANG MING MARINE TRANSPORT CORPORATION,yangming,Tokyo,13,,CHARLOTTE SCHULTE,9V9804,,,612E,612E,,,2026/06/17,12:00,2026/06/17,13:00,2026/06/18,05:00
YANG MING MARINE TRANSPORT CORPORATION,yangming,Tokyo,13,,FENGYUNHE,3FXG8,,,1939N,1940S,,,2026/06/18,,2026/06/18,,2026/06/19,
YANG MING MARINE TRANSPORT CORPORATION,yangming,Tokyo,13,,YM PLUM,D5OX5,,,194W,194W,,,2026/06/19,07:00,2026/06/19,08:00,2026/06/20,06:00
YANG MING MARINE TRANSPORT CORPORATION,yangming,Tokyo,13,,HYUNDAI MARS,MGGA6,,,054E,------,,,,,,,,
YANG MING MARINE TRANSPORT CORPORATION,yangming,Tokyo,13,,RUBY TOWER,5LXL7,,,004W,004W,,,2026/06/21,07:00,2026/06/21,08:00,2026/06/22,02:00
YANG MING MARINE TRANSPORT CORPORATION,yangming,Tokyo,13,,ONE MATRIX,7KSS,,,184W,185E,,,2026/06/18,07:00,2026/06/18,08:00,2026/06/19,09:00
YANG MING MARINE TRANSPORT CORPORATION,yangming,Tokyo,13,,YM IMPROVEMENT,A8KS9,,,274N,275S,,,2026/06/20,07:00,2026/06/20,08:00,2026/06/20,18:00
YANG MING MARINE TRANSPORT CORPORATION,yangming,Tokyo,13,,HYUNDAI FORWARD,V7PX2,,,169W,169W,,,2026/06/21,16:00,2026/06/21,18:00,2026/06/22,16:30
YANG MING MARINE TRANSPORT CORPORATION,yangming,Tokyo,13,,YM INCREMENT,9V9750,,,328N,329S,,,2026/06/18,17:00,2026/06/18,18:00,2026/06/19,16:00
YANG MING MARINE TRANSPORT CORPORATION,yangming,Tokyo,13,,YM MUTUALITY,A8XY5,,,113E,113E,,,2026/06/22,17:00,2026/06/22,18:00,2026/06/23,16:00
YANG MING MARINE TRANSPORT CORPORATION,yangming,Tokyo,13,,ONE MISSION,V7VS5,,,087W,------,,,2026/06/23,11:00,2026/06/23,12:00,2026/06/25,01:00
YANG MING MARINE TRANSPORT CORPORATION,yangming,Tokyo,13,,JINYUNHE,H3GB,,,1939N,1940S,,,2026/06/24,,2026/06/24,,2026/06/25,
YANG MING MARINE TRANSPORT CORPORATION,yangming,Tokyo,13,,HORAI BRIDGE,3FOB4,,,224N,225S,,,2026/06/25,07:00,2026/06/25,08:00,2026/06/25,17:00
YANG MING MARINE TRANSPORT CORPORATION,yangming,Tokyo,13,,BRIGHTON,2ANQ9,,,026E,026E,,,2026/06/28,07:00,2026/06/28,08:00,2026/06/28,22:00
YANG MING MARINE TRANSPORT CORPORATION,yangming,Tokyo,13,,ONE REASSURANCE,9V3808,,,255E,255E,,,2026/06/25,07:00,2026/06/25,08:00,2026/06/26,09:00
YANG MING MARINE TRANSPORT CORPORATION,yangming,Tokyo,13,,ONE HONOLULU,7KRR,,,230W,230W,,,2026/06/28,07:00,2026/06/28,08:00,2026/06/29,02:00
YANG MING MARINE TRANSPORT CORPORATION,yangming,Tokyo,13,,CARL SCHULTE,9V2334,,,014W,014W,,,2026/06/25,07:00,2026/06/25,08:00,2026/06/26,12:00
YANG MING MARINE TRANSPORT CORPORATION,yangming,Tokyo,13,,IBN AL ABBAR,3FFC9,,,------,342S,,,2026/06/28,17:00,2026/06/28,18:00,2026/06/29,16:00
YANG MING MARINE TRANSPORT CORPORATION,yangming,Tokyo,13,,HMM VANCOUVER,D7CX,,,305W,305W,,,2026/06/30,19:30,2026/06/30,20:30,2026/07/01,13:30
YANG MING MARINE TRANSPORT CORPORATION,yangming,Tokyo,13,,ONE ALTAIR,7KHW,,,073E,074W,,,2026/07/01,07:00,2026/07/01,08:00,2026/07/02,05:00
YANG MING MARINE TRANSPORT CORPORATION,yangming,Tokyo,13,,YM IMMENSE,BLHP,,,407N,408S,,,2026/07/02,,2026/07/02,,2026/07/02,
YANG MING MARINE TRANSPORT CORPORATION,yangming,Tokyo,13,,HYUNDAI JUPITER,MEED8,,,049W,049W,,,2026/07/04,17:00,2026/07/04,18:00,2026/07/05,12:00
YANG MING MARINE TRANSPORT CORPORATION,yangming,Tokyo,13,,YM PLUM,D5OX5,,,195E,195E,,,2026/07/05,07:00,2026/07/05,08:00,2026/07/05,22:00
YANG MING MARINE TRANSPORT CORPORATION,yangming,Tokyo,13,,ONE MODERN,V7VS6,,,080W,------,,,2026/07/01,11:00,2026/07/01,12:00,2026/07/03,01:00
YANG MING MARINE TRANSPORT CORPORATION,yangming,Tokyo,13,,CAPE FELTON,V7OX5,,,002N,003S,,,2026/07/02,,2026/07/02,,2026/07/03,
YANG MING MARINE TRANSPORT CORPORATION,yangming,Tokyo,13,,YM MANDATE,A8UU7,,,603W,603W,,,2026/07/02,07:00,2026/07/02,08:00,2026/07/03,06:00
YANG MING MARINE TRANSPORT CORPORATION,yangming,Tokyo,13,,ONE MISSION,V7VS5,,,------,088E,,,2026/07/02,07:00,2026/07/02,08:00,2026/07/03,09:00
YANG MING MARINE TRANSPORT CORPORATION,yangming,Shimizu,30,,ONE OLYMPUS,9VPQ7,,,080W,080W,,,,,,,,
YANG MING MARINE TRANSPORT CORPORATION,yangming,Nagoya,35,,CHARLOTTE SCHULTE,9V9804,,,611W,611W,,,2026/06/01,09:10,2026/06/01,10:30,2026/06/01,19:45
YANG MING MARINE TRANSPORT CORPORATION,yangming,Nagoya,35,,ROTTERDAM TRADER,V2GN7,,,037E,038W,,,2026/06/04,22:00,2026/06/04,23:25,2026/06/05,03:05
YANG MING MARINE TRANSPORT CORPORATION,yangming,Nagoya,35,,ONE OLYMPUS,9VPQ7,,,080W,080W,,,2026/06/06,19:10,2026/06/06,20:40,2026/06/08,03:35
YANG MING MARINE TRANSPORT CORPORATION,yangming,Nagoya,35,,YM IMMENSE,BLHP,,,406N,407S,,,2026/06/07,17:55,2026/06/07,19:15,2026/06/08,15:25
YANG MING MARINE TRANSPORT CORPORATION,yangming,Nagoya,35,,NAVIOS CYAN,A8OD2,,,------,001E,,,2026/06/01,11:25,2026/06/01,12:35,2026/06/02,08:50
YANG MING MARINE TRANSPORT CORPORATION,yangming,Nagoya,35,,ONE HANNOVER,3EIC8,,,100E,------,,,,,,,,
YANG MING MARINE TRANSPORT CORPORATION,yangming,Nagoya,35,,NYK OCEANUS,3EMR8,,,081E,------,,,2026/06/10,06:10,2026/06/10,07:40,2026/06/10,22:20
YANG MING MARINE TRANSPORT CORPORATION,yangming,Nagoya,35,,ROTTERDAM TRADER,V2GN7,,,038E,039W,,,2026/06/11,00:40,2026/06/11,02:05,2026/06/11,05:20
YANG MING MARINE TRANSPORT CORPORATION,yangming,Nagoya,35,,YM INCEPTION,A8HX2,,,245N,246S,,,2026/06/13,14:35,2026/06/13,15:45,2026/06/14,05:50
YANG MING MARINE TRANSPORT CORPORATION,yangming,Nagoya,35,,YM MASCULINITY,A8ZD2,,,106E,106E,,,2026/06/07,11:12,2026/06/08,07:50,2026/06/08,17:20
YANG MING MARINE TRANSPORT CORPORATION,yangming,Nagoya,35,,YM INITIATIVE,A8HX4,,,353N,354S,,,2026/06/10,06:55,2026/06/10,08:10,2026/06/10,19:35
YANG MING MARINE TRANSPORT CORPORATION,yangming,Nagoya,35,,ONE REASSURANCE,9V3808,,,254W,254W,,,2026/06/11,20:30,2026/06/11,22:35,2026/06/12,10:50
YANG MING MARINE TRANSPORT CORPORATION,yangming,Nagoya,35,,YM MUTUALITY,A8XY5,,,112W,112W,,,2026/06/08,10:50,2026/06/08,12:15,2026/06/08,23:20
YANG MING MARINE TRANSPORT CORPORATION,yangming,Nagoya,35,,JINYUNHE,H3GB,,,1937N,1938S,,,2026/06/10,15:45,2026/06/10,17:10,2026/06/11,05:05
YANG MING MARINE TRANSPORT CORPORATION,yangming,Nagoya,35,,ONE MAESTRO,9V9883,,,------,086E,,,2026/06/08,19:00,2026/06/08,20:15,2026/06/10,04:25
YANG MING MARINE TRANSPORT CORPORATION,yangming,Nagoya,35,,ONE ARCADIA,ZGOK7,,,077W,077W,,,2026/06/14,22:55,2026/06/15,00:15,2026/06/15,16:30
YANG MING MARINE TRANSPORT CORPORATION,yangming,Nagoya,35,,CHARLOTTE SCHULTE,9V9804,,,612E,612E,,,2026/06/16,10:55,2026/06/16,12:25,2026/06/16,21:00
YANG MING MARINE TRANSPORT CORPORATION,yangming,Nagoya,35,,YM INCREMENT,9V9750,,,328N,329S,,,2026/06/17,06:40,2026/06/17,07:55,2026/06/17,17:30
YANG MING MARINE TRANSPORT CORPORATION,yangming,Nagoya,35,,FENGYUNHE,3FXG8,,,1939N,1940S,,,2026/06/20,,2026/06/20,,2026/06/20,
YANG MING MARINE TRANSPORT CORPORATION,yangming,Nagoya,35,,YM MUTUALITY,A8XY5,,,113E,113E,,,2026/06/21,07:00,2026/06/21,08:00,2026/06/21,23:00
YANG MING MARINE TRANSPORT CORPORATION,yangming,Nagoya,35,,ONE MATRIX,7KSS,,,184W,185E,,,2026/06/15,18:05,2026/06/15,19:30,2026/06/16,10:00
YANG MING MARINE TRANSPORT CORPORATION,yangming,Nagoya,35,,ROTTERDAM TRADER,V2GN7,,,039E,040W,,,2026/06/17,07:05,2026/06/17,08:35,2026/06/17,12:30
YANG MING MARINE TRANSPORT CORPORATION,yangming,Nagoya,35,,YM IMPROVEMENT,A8KS9,,,274N,275S,,,2026/06/22,07:00,2026/06/22,08:00,2026/06/22,17:00
YANG MING MARINE TRANSPORT CORPORATION,yangming,Nagoya,35,,ROTTERDAM TRADER,V2GN7,,,040E,041W,,,2026/06/24,,2026/06/24,,2026/06/24,
YANG MING MARINE TRANSPORT CORPORATION,yangming,Nagoya,35,,HYUNDAI MARS,MGGA6,,,054E,------,,,2026/06/25,07:00,2026/06/25,08:00,2026/06/26,03:00
YANG MING MARINE TRANSPORT CORPORATION,yangming,Nagoya,35,,JINYUNHE,H3GB,,,1939N,1940S,,,2026/06/26,,2026/06/26,,2026/06/26,
YANG MING MARINE TRANSPORT CORPORATION,yangming,Nagoya,35,,HORAI BRIDGE,3FOB4,,,224N,225S,,,2026/06/27,07:00,2026/06/27,08:00,2026/06/27,17:00
YANG MING MARINE TRANSPORT CORPORATION,yangming,Nagoya,35,,YM PLUM,D5OX5,,,194W,194W,,,2026/06/22,17:00,2026/06/22,18:00,2026/06/23,09:00
YANG MING MARINE TRANSPORT CORPORATION,yangming,Nagoya,35,,BRIGHTON,2ANQ9,,,026E,026E,,,2026/06/26,18:00,2026/06/26,19:00,2026/06/27,12:00
YANG MING MARINE TRANSPORT CORPORATION,yangming,Nagoya,35,,CARL SCHULTE,9V2334,,,014W,014W,,,2026/06/27,07:30,2026/06/27,08:30,2026/06/27,17:00
YANG MING MARINE TRANSPORT CORPORATION,yangming,Nagoya,35,,ONE REASSURANCE,9V3808,,,255E,255E,,,2026/06/22,18:00,2026/06/22,19:00,2026/06/24,04:00
YANG MING MARINE TRANSPORT CORPORATION,yangming,Nagoya,35,,IBN AL ABBAR,3FFC9,,,------,342S,,,2026/06/27,15:00,2026/06/27,16:00,2026/06/28,02:00
YANG MING MARINE TRANSPORT CORPORATION,yangming,Nagoya,35,,ONE MISSION,V7VS5,,,087W,088E,,,2026/06/29,18:00,2026/06/29,19:00,2026/07/01,04:00
YANG MING MARINE TRANSPORT CORPORATION,yangming,Nagoya,35,,ROTTERDAM TRADER,V2GN7,,,041E,042W,,,2026/07/01,,2026/07/01,,2026/07/01,
YANG MING MARINE TRANSPORT CORPORATION,yangming,Nagoya,35,,ONE ALTAIR,7KHW,,,073E,074W,,,2026/07/03,07:00,2026/07/03,08:00,2026/07/04,03:00
YANG MING MARINE TRANSPORT CORPORATION,yangming,Nagoya,35,,YM IMMENSE,BLHP,,,407N,408S,,,2026/07/04,,2026/07/04,,2026/07/04,
YANG MING MARINE TRANSPORT CORPORATION,yangming,Nagoya,35,,CAPE FELTON,V7OX5,,,002N,003S,,,2026/07/01,,2026/07/01,,2026/07/02,
YANG MING MARINE TRANSPORT CORPORATION,yangming,Nagoya,35,,YM PLUM,D5OX5,,,195E,195E,,,2026/07/03,17:00,2026/07/03,18:00,2026/07/04,07:00
YANG MING MARINE TRANSPORT CORPORATION,yangming,Osaka,40,,TS LIANYUNGANG,V7A7385,,,2611N,2612S,,,2026/06/01,19:43,2026/06/01,20:51,2026/06/02,17:28
YANG MING MARINE TRANSPORT CORPORATION,yangming,Osaka,40,,WAN HAI 283,9V6502,,,N113,S113,,,2026/06/07,06:45,2026/06/07,07:29,2026/06/07,16:33
YANG MING MARINE TRANSPORT CORPORATION,yangming,Osaka,40,,TAICHUNG,3EHI,,,426N,427S,,,2026/06/08,17:45,2026/06/08,18:32,2026/06/09,20:20
YANG MING MARINE TRANSPORT CORPORATION,yangming,Osaka,40,,YM IMMENSE,BLHP,,,406N,407S,,,2026/06/09,11:41,2026/06/09,12:40,2026/06/09,17:16
YANG MING MARINE TRANSPORT CORPORATION,yangming,Osaka,40,,YM INCEPTION,A8HX2,,,245N,246S,,,2026/06/14,19:54,2026/06/14,20:45,2026/06/15,11:20
YANG MING MARINE TRANSPORT CORPORATION,yangming,Osaka,40,,GREEN CELEBRITY,3FXL2,,,N125,S125,,,2026/06/15,11:03,2026/06/15,11:45,2026/06/15,21:22
YANG MING MARINE TRANSPORT CORPORATION,yangming,Osaka,40,,TS KOBE,V7A5716,,,2610N,2611S,,,2026/06/16,06:21,2026/06/16,06:58,2026/06/17,06:02
YANG MING MARINE TRANSPORT CORPORATION,yangming,Osaka,40,,INTERASIA RESILIENCE,9V7571,,,N080,S081,,,2026/06/18,,2026/06/18,,2026/06/19,
YANG MING MARINE TRANSPORT CORPORATION,yangming,Osaka,40,,WAN HAI 283,9V6502,,,N114,S114,,,2026/06/20,,2026/06/20,,2026/06/21,
YANG MING MARINE TRANSPORT CORPORATION,yangming,Osaka,40,,TS HAKATA,V7A6216,,,2610N,2611S,,,2026/06/18,,2026/06/18,,2026/06/19,
YANG MING MARINE TRANSPORT CORPORATION,yangming,Osaka,40,,TS LIANYUNGANG,V7A7385,,,2612N,2613S,,,2026/06/22,,2026/06/22,,2026/06/23,
YANG MING MARINE TRANSPORT CORPORATION,yangming,Osaka,40,,YM IMPROVEMENT,A8KS9,,,274N,275S,,,2026/06/23,07:00,2026/06/23,08:00,2026/06/23,15:00
YANG MING MARINE TRANSPORT CORPORATION,yangming,Osaka,40,,GREEN CELEBRITY,3FXL2,,,N126,S126,,,2026/06/27,,2026/06/27,,2026/06/28,
YANG MING MARINE TRANSPORT CORPORATION,yangming,Osaka,40,,HORAI BRIDGE,3FOB4,,,224N,225S,,,2026/06/28,07:00,2026/06/28,08:00,2026/06/28,15:00
YANG MING MARINE TRANSPORT CORPORATION,yangming,Osaka,40,,TAICHUNG,3EHI,,,427N,428S,,,2026/06/29,19:00,2026/06/29,20:00,2026/06/30,17:30
YANG MING MARINE TRANSPORT CORPORATION,yangming,Osaka,40,,TS HAKATA,V7A6216,,,2611N,2612S,,,2026/07/02,,2026/07/02,,2026/07/03,
YANG MING MARINE TRANSPORT CORPORATION,yangming,Osaka,40,,YM IMMENSE,BLHP,,,407N,408S,,,2026/07/05,,2026/07/05,,2026/07/05,
YANG MING MARINE TRANSPORT CORPORATION,yangming,Osaka,40,,WAN HAI 295,9V6516,,,N067,S067,,,2026/07/02,,2026/07/02,,2026/07/03,
YANG MING MARINE TRANSPORT CORPORATION,yangming,Kobe,41,,TS LIANYUNGANG,V7A7385,,,2611N,2612S,,,2026/06/03,11:00,2026/06/03,12:27,2026/06/03,21:10
YANG MING MARINE TRANSPORT CORPORATION,yangming,Kobe,41,,CHARLOTTE SCHULTE,9V9804,,,611W,611W,,,2026/06/04,12:35,2026/06/04,13:34,2026/06/05,02:01
YANG MING MARINE TRANSPORT CORPORATION,yangming,Kobe,41,,ONE HANNOVER,3EIC8,,,100E,------,,,,,,,,
YANG MING MARINE TRANSPORT CORPORATION,yangming,Kobe,41,,ONE MAESTRO,9V9883,,,------,086E,,,2026/06/05,16:18,2026/06/06,07:36,2026/06/07,16:05
YANG MING MARINE TRANSPORT CORPORATION,yangming,Kobe,41,,ROTTERDAM TRADER,V2GN7,,,037E,038W,,,2026/06/06,00:22,2026/06/06,07:45,2026/06/06,12:45
YANG MING MARINE TRANSPORT CORPORATION,yangming,Kobe,41,,WAN HAI 283,9V6502,,,N113,S113,,,2026/06/06,13:15,2026/06/06,14:30,2026/06/07,05:56
YANG MING MARINE TRANSPORT CORPORATION,yangming,Kobe,41,,NYK OCEANUS,3EMR8,,,081E,------,,,2026/06/06,17:20,2026/06/08,07:48,2026/06/09,06:08
YANG MING MARINE TRANSPORT CORPORATION,yangming,Kobe,41,,YM IMMENSE,BLHP,,,406N,407S,,,2026/06/09,17:55,2026/06/09,18:53,2026/06/10,00:55
YANG MING MARINE TRANSPORT CORPORATION,yangming,Kobe,41,,YM MUTUALITY,A8XY5,,,112W,112W,,,2026/06/10,06:30,2026/06/10,07:35,2026/06/10,17:58
YANG MING MARINE TRANSPORT CORPORATION,yangming,Kobe,41,,ROTTERDAM TRADER,V2GN7,,,038E,039W,,,2026/06/12,06:50,2026/06/12,07:38,2026/06/12,15:18
YANG MING MARINE TRANSPORT CORPORATION,yangming,Kobe,41,,ONE REASSURANCE,9V3808,,,254W,254W,,,2026/06/13,06:35,2026/06/13,07:29,2026/06/14,00:14
YANG MING MARINE TRANSPORT CORPORATION,yangming,Kobe,41,,ONE OLYMPUS,9VPQ7,,,080W,080W,,,2026/06/08,18:10,2026/06/08,19:12,2026/06/09,16:40
YANG MING MARINE TRANSPORT CORPORATION,yangming,Kobe,41,,TAICHUNG,3EHI,,,426N,427S,,,2026/06/09,21:10,2026/06/09,22:09,2026/06/10,14:24
YANG MING MARINE TRANSPORT CORPORATION,yangming,Kobe,41,,ONE MATRIX,7KSS,,,184W,185E,,,2026/06/12,08:35,2026/06/13,21:08,2026/06/14,14:59
YANG MING MARINE TRANSPORT CORPORATION,yangming,Kobe,41,,YM INCEPTION,A8HX2,,,245N,246S,,,2026/06/15,11:55,2026/06/15,12:51,2026/06/15,19:42
YANG MING MARINE TRANSPORT CORPORATION,yangming,Kobe,41,,ONE ARCADIA,ZGOK7,,,077W,077W,,,2026/06/16,09:40,2026/06/16,10:46,2026/06/17,06:48
YANG MING MARINE TRANSPORT CORPORATION,yangming,Kobe,41,,TS KOBE,V7A5716,,,2610N,2611S,,,2026/06/17,06:35,2026/06/17,07:26,2026/06/17,23:59
YANG MING MARINE TRANSPORT CORPORATION,yangming,Kobe,41,,TS HAKATA,V7A6216,,,2610N,2611S,,,2026/06/19,,2026/06/19,,2026/06/19,
YANG MING MARINE TRANSPORT CORPORATION,yangming,Kobe,41,,ONE REASSURANCE,9V3808,,,255E,255E,,,2026/06/20,07:00,2026/06/20,08:00,2026/06/21,16:00
YANG MING MARINE TRANSPORT CORPORATION,yangming,Kobe,41,,YM PLUM,D5OX5,,,194W,194W,,,2026/06/21,07:00,2026/06/21,08:00,2026/06/21,23:00
YANG MING MARINE TRANSPORT CORPORATION,yangming,Kobe,41,,GREEN CELEBRITY,3FXL2,,,N125,S125,,,2026/06/15,22:05,2026/06/15,22:51,2026/06/16,11:51
YANG MING MARINE TRANSPORT CORPORATION,yangming,Kobe,41,,INTERASIA RESILIENCE,9V7571,,,N080,S081,,,2026/06/19,,2026/06/19,,2026/06/20,
YANG MING MARINE TRANSPORT CORPORATION,yangming,Kobe,41,,WAN HAI 283,9V6502,,,N114,S114,,,2026/06/19,,2026/06/19,,2026/06/20,
YANG MING MARINE TRANSPORT CORPORATION,yangming,Kobe,41,,ROTTERDAM TRADER,V2GN7,,,039E,040W,,,2026/06/19,,2026/06/19,,2026/06/20,
YANG MING MARINE TRANSPORT CORPORATION,yangming,Kobe,41,,TS LIANYUNGANG,V7A7385,,,2612N,2613S,,,2026/06/23,,2026/06/23,,2026/06/24,
YANG MING MARINE TRANSPORT CORPORATION,yangming,Kobe,41,,HYUNDAI FORWARD,V7PX2,,,169W,169W,,,2026/06/24,11:00,2026/06/24,12:00,2026/06/25,01:00
YANG MING MARINE TRANSPORT CORPORATION,yangming,Kobe,41,,ROTTERDAM TRADER,V2GN7,,,040E,041W,,,2026/06/26,,2026/06/26,,2026/06/27,
YANG MING MARINE TRANSPORT CORPORATION,yangming,Kobe,41,,ONE MISSION,V7VS5,,,087W,088E,,,2026/06/27,07:00,2026/06/27,08:00,2026/06/28,16:00
YANG MING MARINE TRANSPORT CORPORATION,yangming,Kobe,41,,GREEN CELEBRITY,3FXL2,,,N126,S126,,,2026/06/28,,2026/06/28,,2026/06/28,
YANG MING MARINE TRANSPORT CORPORATION,yangming,Kobe,41,,YM IMPROVEMENT,A8KS9,,,274N,275S,,,2026/06/23,16:00,2026/06/23,17:00,2026/06/23,23:00
YANG MING MARINE TRANSPORT CORPORATION,yangming,Kobe,41,,CARL SCHULTE,9V2334,,,014W,014W,,,2026/06/28,11:00,2026/06/28,12:00,2026/06/29,09:00
YANG MING MARINE TRANSPORT CORPORATION,yangming,Kobe,41,,HYUNDAI MARS,MGGA6,,,054E,------,,,2026/06/23,16:00,2026/06/23,17:00,2026/06/24,11:00
YANG MING MARINE TRANSPORT CORPORATION,yangming,Kobe,41,,HORAI BRIDGE,3FOB4,,,224N,225S,,,2026/06/28,16:00,2026/06/28,17:00,2026/06/28,23:00
YANG MING MARINE TRANSPORT CORPORATION,yangming,Kobe,41,,TAICHUNG,3EHI,,,427N,428S,,,2026/06/30,20:00,2026/06/30,21:00,2026/07/01,14:00
YANG MING MARINE TRANSPORT CORPORATION,yangming,Kobe,41,,WAN HAI 295,9V6516,,,N067,S067,,,2026/07/01,,2026/07/01,,2026/07/02,
YANG MING MARINE TRANSPORT CORPORATION,yangming,Kobe,41,,TS HAKATA,V7A6216,,,2611N,2612S,,,2026/07/03,,2026/07/03,,2026/07/03,
YANG MING MARINE TRANSPORT CORPORATION,yangming,Kobe,41,,YM MANDATE,A8UU7,,,603W,603W,,,2026/07/04,07:00,2026/07/04,08:00,2026/07/05,21:00
YANG MING MARINE TRANSPORT CORPORATION,yangming,Kobe,41,,YM IMMENSE,BLHP,,,407N,408S,,,2026/07/05,,2026/07/05,,2026/07/05,
YANG MING MARINE TRANSPORT CORPORATION,yangming,Kobe,41,,ROTTERDAM TRADER,V2GN7,,,041E,042W,,,2026/07/03,,2026/07/03,,2026/07/04,
YANG MING MARINE TRANSPORT CORPORATION,yangming,Kobe,41,,ONE MODERN,V7VS6,,,080W,081E,,,2026/07/04,07:00,2026/07/04,08:00,2026/07/05,16:00
YANG MING MARINE TRANSPORT CORPORATION,yangming,Kobe,41,,ONE ALTAIR,7KHW,,,073E,074W,,,2026/07/05,07:00,2026/07/05,08:00,2026/07/06,02:00
YANG MING MARINE TRANSPORT CORPORATION,yangming,Kobe,41,,HMM VANCOUVER,D7CX,,,305W,305W,,,2026/07/02,22:30,2026/07/03,02:30,2026/07/03,15:30
YANG MING MARINE TRANSPORT CORPORATION,yangming,Moji,70,,GREEN CELEBRITY,3FXL2,,,N124,S124,,,2026/06/01,06:55,2026/06/01,07:27,2026/06/02,06:36
YANG MING MARINE TRANSPORT CORPORATION,yangming,Moji,70,,YM CERTAINTY,D5WR3,,,084N,085S,,,2026/06/08,05:51,2026/06/08,07:46,2026/06/08,22:20
YANG MING MARINE TRANSPORT CORPORATION,yangming,Moji,70,,WAN HAI 283,9V6502,,,N113,S113,,,2026/06/09,06:53,2026/06/09,07:34,2026/06/09,21:59
YANG MING MARINE TRANSPORT CORPORATION,yangming,Moji,70,,GREEN CELEBRITY,3FXL2,,,N125,S125,,,2026/06/17,17:00,2026/06/17,18:00,2026/06/18,18:30
YANG MING MARINE TRANSPORT CORPORATION,yangming,Moji,70,,TS GUANGZHOU,V7A5825,,,2608N,2609S,,,2026/06/22,,2026/06/22,,2026/06/22,
YANG MING MARINE TRANSPORT CORPORATION,yangming,Moji,70,,INTERASIA ELEVATE,9V8455,,,N067,S068,,,2026/06/23,,2026/06/23,,2026/06/23,
YANG MING MARINE TRANSPORT CORPORATION,yangming,Moji,70,,WAN HAI 283,9V6502,,,N114,S114,,,2026/06/22,,2026/06/22,,2026/06/23,
YANG MING MARINE TRANSPORT CORPORATION,yangming,Moji,70,,GREEN CELEBRITY,3FXL2,,,N126,S126,,,2026/06/29,,2026/06/29,,2026/06/30,
YANG MING MARINE TRANSPORT CORPORATION,yangming,Moji,70,,YM CERTAINTY,D5WR3,,,085N,086S,,,2026/07/01,04:00,2026/07/01,05:00,2026/07/01,14:00
YANG MING MARINE TRANSPORT CORPORATION,yangming,Moji,70,,TS GUANGZHOU,V7A5825,,,2609N,2610S,,,2026/07/02,,2026/07/02,,2026/07/02,
YANG MING MARINE TRANSPORT CORPORATION,yangming,Moji,70,,WAN HAI 295,9V6516,,,N067,S067,,,2026/07/04,,2026/07/04,,2026/07/04,
YANG MING MARINE TRANSPORT CORPORATION,yangming,Hakata,77,,GREEN CELEBRITY,3FXL2,,,N124,S124,,,2026/06/02,23:25,2026/06/03,00:14,2026/06/03,09:10
YANG MING MARINE TRANSPORT CORPORATION,yangming,Hakata,77,,YM CERTAINTY,D5WR3,,,084N,085S,,,2026/06/09,04:36,2026/06/09,05:23,2026/06/09,17:15
YANG MING MARINE TRANSPORT CORPORATION,yangming,Hakata,77,,WAN HAI 283,9V6502,,,N113,S113,,,2026/06/10,03:49,2026/06/10,04:42,2026/06/10,15:14
YANG MING MARINE TRANSPORT CORPORATION,yangming,Hakata,77,,GREEN CELEBRITY,3FXL2,,,N125,S125,,,2026/06/18,12:00,2026/06/18,13:00,2026/06/18,22:30
YANG MING MARINE TRANSPORT CORPORATION,yangming,Hakata,77,,WAN HAI 283,9V6502,,,N114,S114,,,2026/06/23,,2026/06/23,,2026/06/23,
YANG MING MARINE TRANSPORT CORPORATION,yangming,Hakata,77,,INTERASIA ELEVATE,9V8455,,,N067,S068,,,2026/06/24,,2026/06/24,,2026/06/24,
YANG MING MARINE TRANSPORT CORPORATION,yangming,Hakata,77,,TS GUANGZHOU,V7A5825,,,2608N,2609S,,,2026/06/23,,2026/06/23,,2026/06/23,
YANG MING MARINE TRANSPORT CORPORATION,yangming,Hakata,77,,GREEN CELEBRITY,3FXL2,,,N126,S126,,,2026/06/30,,2026/06/30,,2026/06/30,
YANG MING MARINE TRANSPORT CORPORATION,yangming,Hakata,77,,YM CERTAINTY,D5WR3,,,085N,086S,,,2026/07/01,23:00,2026/07/02,00:00,2026/07/02,13:00
YANG MING MARINE TRANSPORT CORPORATION,yangming,Hakata,77,,TS GUANGZHOU,V7A5825,,,2609N,2610S,,,2026/07/03,,2026/07/03,,2026/07/03,
YANG MING MARINE TRANSPORT CORPORATION,yangming,Hakata,77,,WAN HAI 295,9V6516,,,N067,S067,,,2026/07/05,,2026/07/05,,2026/07/05,
