carrier,carrier_slug,port,port_code,locode,vessel,call_sign,service,direction,import_voyage,export_voyage,proforma_ETA,proforma_ETD,arrival_date,arrival_time,berthing_date,berthing_time,sailing_date,sailing_time
"DONGJIN SHIPPING CO., LTD.",dongjin,KURE,59,JPKRE,DONGJIN ENDURANCE,D7ZY,BKH1,Import/Export,0028S,0028N,2026/06/03,2026/06/03,2026/06/03,,2026/06/03,,2026/06/03,
"DONGJIN SHIPPING CO., LTD.",dongjin,MOJI,70,JPMOJ,DONGJIN ENDURANCE,D7ZY,BKH1,Import/Export,0028S,0028N,2026/06/02,2026/06/02,2026/06/05,05:50,2026/06/05,07:23,2026/06/05,19:10
"DONGJIN SHIPPING CO., LTD.",dongjin,MOJI,70,JPMOJ,DONGJIN ENDURANCE,D7ZY,BKH1,Import/Export,0029S,0029N,2026/06/05,2026/06/05,2026/06/05,,2026/06/05,,2026/06/05,
"DONGJIN SHIPPING CO., LTD.",dongjin,YOKOHAMA,11,JPYOK,DONGJIN ENDURANCE,D7ZY,BKH1,Import/Export,0030S,0030N,2026/06/10,2026/06/11,2026/06/10,07:50,2026/06/10,08:35,2026/06/11,16:55
"DONGJIN SHIPPING CO., LTD.",dongjin,NAGOYA,35,JPNGO,DONGJIN ENDURANCE,D7ZY,BKH1,Import/Export,0031S,0031N,2026/06/17,2026/06/18,2026/06/17,10:30,2026/06/17,11:30,2026/06/18,15:00
"DONGJIN SHIPPING CO., LTD.",dongjin,KOBE,41,JPUKB,DONGJIN ENDURANCE,D7ZY,BKH1,Import/Export,0031S,0031N,2026/06/19,2026/06/19,2026/06/19,,2026/06/19,,2026/06/19,
"DONGJIN SHIPPING CO., LTD.",dongjin,YOKOHAMA,11,JPYOK,DONGJIN ENDURANCE,D7ZY,BKH1,Import/Export,0032S,0032N,2026/06/24,2026/06/25,2026/06/24,,2026/06/24,,2026/06/25,
"DONGJIN SHIPPING CO., LTD.",dongjin,MOJI,70,JPMOJ,DONGJIN ENDURANCE,D7ZY,BKH1,Import/Export,0033S,0033N,2026/06/30,2026/06/30,2026/06/30,,2026/06/30,,2026/06/30,
"DONGJIN SHIPPING CO., LTD.",dongjin,KURE,59,JPKRE,DONGJIN ENDURANCE,D7ZY,BKH1,Import/Export,0033S,0033N,2026/07/01,2026/07/01,2026/07/01,,2026/07/01,,2026/07/01,
"DONGJIN SHIPPING CO., LTD.",dongjin,MOJI,70,JPMOJ,DONGJIN ENDURANCE,D7ZY,BKH1,Import/Export,0034S,0034N,2026/07/03,2026/07/03,2026/07/03,,2026/07/03,,2026/07/03,
"DONGJIN SHIPPING CO., LTD.",dongjin,HIBIKI,100,JPHID,DONGJIN ENTERPRISE,D7PP,KCJ1,Import/Export,,,2026/06/11,2026/06/11,2026/06/23,,2026/06/23,,2026/06/23,
"DONGJIN SHIPPING CO., LTD.",dongjin,HAKATA,77,JPHKT,DONGJIN ENTERPRISE,D7PP,KCJ1,Import/Export,0297E,0298W,2026/05/28,2026/05/28,2026/06/04,08:28,2026/06/04,09:08,2026/06/04,12:03
"DONGJIN SHIPPING CO., LTD.",dongjin,HIBIKI,100,JPHID,DONGJIN ENTERPRISE,D7PP,KCJ1,Import/Export,0297E,0298W,2026/05/28,2026/05/28,2026/06/05,06:28,2026/06/05,07:05,2026/06/05,10:32
"DONGJIN SHIPPING CO., LTD.",dongjin,HAKATA,77,JPHKT,DONGJIN ENTERPRISE,D7PP,KCJ1,Import/Export,0298E,0299W,2026/06/04,2026/06/04,2026/06/15,09:30,2026/06/15,10:10,2026/06/15,15:12
"DONGJIN SHIPPING CO., LTD.",dongjin,HIBIKI,100,JPHID,DONGJIN ENTERPRISE,D7PP,KCJ1,Import/Export,0298E,0299W,2026/06/04,2026/06/04,2026/06/16,06:26,2026/06/16,07:00,2026/06/16,11:58
"DONGJIN SHIPPING CO., LTD.",dongjin,HAKATA,77,JPHKT,DONGJIN ENTERPRISE,D7PP,KCJ1,Import/Export,0299E,0302W,2026/06/25,2026/06/25,2026/06/24,,2026/06/24,,2026/06/24,
"DONGJIN SHIPPING CO., LTD.",dongjin,HIBIKI,100,JPHID,DONGJIN ENTERPRISE,D7PP,KCJ1,Import/Export,0299E,0302W,2026/06/25,2026/06/25,2026/06/24,,2026/06/24,,2026/06/25,
"DONGJIN SHIPPING CO., LTD.",dongjin,HAKATA,77,JPHKT,DONGJIN ENTERPRISE,D7PP,KCJ1,Import/Export,0300E,0301W,2026/06/18,2026/06/18,2026/06/28,,2026/06/28,,2026/06/29,
"DONGJIN SHIPPING CO., LTD.",dongjin,HIBIKI,100,JPHID,DONGJIN ENTERPRISE,D7PP,KCJ1,Import/Export,0300E,0301W,2026/06/18,2026/06/18,2026/06/29,,2026/06/29,,2026/06/29,
"DONGJIN SHIPPING CO., LTD.",dongjin,HAKATA,77,JPHKT,DONGJIN ENTERPRISE,D7PP,KCJ1,Import/Export,0302E,0303W,2026/07/02,2026/07/02,2026/07/02,,2026/07/02,,2026/07/02,
"DONGJIN SHIPPING CO., LTD.",dongjin,HIBIKI,100,JPHID,DONGJIN ENTERPRISE,D7PP,KCJ1,Import/Export,0302E,0303W,2026/07/02,2026/07/02,2026/07/03,,2026/07/03,,2026/07/03,
"DONGJIN SHIPPING CO., LTD.",dongjin,MOJI,70,JPMOJ,DONGJIN FIDES,D7UV,BKS1,Import/Export,0707S,0707N,2026/05/29,2026/05/29,2026/05/30,16:05,2026/06/01,06:50,2026/06/01,11:56
"DONGJIN SHIPPING CO., LTD.",dongjin,HAKATA,77,JPHKT,DONGJIN FIDES,D7UV,BKS1,Import/Export,0707S,0707N,2026/05/30,2026/05/30,2026/06/01,16:52,2026/06/01,17:27,2026/06/01,20:55
"DONGJIN SHIPPING CO., LTD.",dongjin,HAKATA,77,JPHKT,DONGJIN FIDES,D7UV,BKS1,Import/Export,0708S,0708N,2026/06/02,2026/06/02,2026/06/03,07:23,2026/06/03,07:57,2026/06/03,11:27
"DONGJIN SHIPPING CO., LTD.",dongjin,TOKUYAMA,62,JPTKY,DONGJIN FIDES,D7UV,BKS1,Import/Export,0708S,0708N,2026/06/02,2026/06/02,2026/06/03,20:40,2026/06/03,21:30,2026/06/03,23:55
"DONGJIN SHIPPING CO., LTD.",dongjin,MOJI,70,JPMOJ,DONGJIN FIDES,D7UV,BKS1,Import/Export,0708S,0708N,2026/06/03,2026/06/03,2026/06/04,06:52,2026/06/04,07:15,2026/06/04,11:50
"DONGJIN SHIPPING CO., LTD.",dongjin,HAKATA,77,JPHKT,DONGJIN FIDES,D7UV,BKS1,Import/Export,0709S,0709N,2026/06/06,2026/06/06,2026/06/08,01:45,2026/06/08,12:27,2026/06/08,17:34
"DONGJIN SHIPPING CO., LTD.",dongjin,MOJI,70,JPMOJ,DONGJIN FIDES,D7UV,BKS1,Import/Export,0709S,0709N,2026/06/05,2026/06/05,2026/06/08,22:40,2026/06/09,07:48,2026/06/09,11:10
"DONGJIN SHIPPING CO., LTD.",dongjin,TOKUYAMA,62,JPTKY,DONGJIN FIDES,D7UV,BKS1,Import/Export,0709S,0709N,2026/06/05,2026/06/05,2026/06/09,16:48,2026/06/09,17:30,2026/06/09,20:10
"DONGJIN SHIPPING CO., LTD.",dongjin,HAKATA,77,JPHKT,DONGJIN FIDES,D7UV,BKS1,Import/Export,0710S,0710N,2026/06/09,2026/06/09,2026/06/11,16:54,2026/06/11,17:32,2026/06/11,21:11
"DONGJIN SHIPPING CO., LTD.",dongjin,HIBIKI,100,JPHID,DONGJIN FIDES,D7UV,BKS1,Import/Export,0710S,0710N,2026/06/10,2026/06/10,2026/06/12,06:34,2026/06/12,07:05,2026/06/12,11:38
"DONGJIN SHIPPING CO., LTD.",dongjin,MOJI,70,JPMOJ,DONGJIN FIDES,D7UV,BKS1,Import/Export,0710S,0710N,2026/06/10,2026/06/10,2026/06/12,16:22,2026/06/12,18:10,2026/06/13,02:25
"DONGJIN SHIPPING CO., LTD.",dongjin,MOJI,70,JPMOJ,DONGJIN FIDES,D7UV,BKS1,Import/Export,0711S,0711N,2026/06/12,2026/06/12,2026/06/15,09:50,2026/06/15,11:27,2026/06/15,16:41
"DONGJIN SHIPPING CO., LTD.",dongjin,HAKATA,77,JPHKT,DONGJIN FIDES,D7UV,BKS1,Import/Export,0711S,0711N,2026/06/13,2026/06/13,2026/06/16,05:27,2026/06/16,06:05,2026/06/16,11:41
"DONGJIN SHIPPING CO., LTD.",dongjin,TOKUYAMA,62,JPTKY,DONGJIN FIDES,D7UV,BKS1,Import/Export,0711S,0711N,2026/06/12,2026/06/12,2026/06/16,20:54,2026/06/16,21:40,2026/06/17,01:25
"DONGJIN SHIPPING CO., LTD.",dongjin,HAKATA,77,JPHKT,DONGJIN FIDES,D7UV,BKS1,Import/Export,0712S,0712N,2026/06/16,2026/06/16,2026/06/18,,2026/06/18,,2026/06/18,
"DONGJIN SHIPPING CO., LTD.",dongjin,TOKUYAMA,62,JPTKY,DONGJIN FIDES,D7UV,BKS1,Import/Export,0712S,0712N,2026/06/16,2026/06/16,2026/06/19,,2026/06/19,,2026/06/19,
"DONGJIN SHIPPING CO., LTD.",dongjin,MOJI,70,JPMOJ,DONGJIN FIDES,D7UV,BKS1,Import/Export,0712S,0712N,2026/06/17,2026/06/17,2026/06/19,,2026/06/19,,2026/06/19,
"DONGJIN SHIPPING CO., LTD.",dongjin,TOKUYAMA,62,JPTKY,DONGJIN FIDES,D7UV,BKS1,Import/Export,0713S,0713N,2026/06/19,2026/06/19,2026/06/21,,2026/06/21,,2026/06/21,
"DONGJIN SHIPPING CO., LTD.",dongjin,MOJI,70,JPMOJ,DONGJIN FIDES,D7UV,BKS1,Import/Export,0713S,0713N,2026/06/19,2026/06/19,2026/06/21,,2026/06/21,,2026/06/21,
"DONGJIN SHIPPING CO., LTD.",dongjin,HAKATA,77,JPHKT,DONGJIN FIDES,D7UV,BKS1,Import/Export,0713S,0713N,2026/06/20,2026/06/20,2026/06/22,,2026/06/22,,2026/06/22,
"DONGJIN SHIPPING CO., LTD.",dongjin,HAKATA,77,JPHKT,DONGJIN FIDES,D7UV,BKS1,Import/Export,0714S,0714N,2026/06/23,2026/06/23,2026/06/24,,2026/06/24,,2026/06/24,
"DONGJIN SHIPPING CO., LTD.",dongjin,MOJI,70,JPMOJ,DONGJIN FIDES,D7UV,BKS1,Import/Export,0714S,0714N,2026/06/24,2026/06/24,2026/06/25,,2026/06/25,,2026/06/25,
"DONGJIN SHIPPING CO., LTD.",dongjin,HIBIKI,100,JPHID,DONGJIN FIDES,D7UV,BKS1,Import/Export,0714S,0714N,2026/06/24,2026/06/24,2026/06/25,,2026/06/25,,2026/06/25,
"DONGJIN SHIPPING CO., LTD.",dongjin,TOKUYAMA,62,JPTKY,DONGJIN FIDES,D7UV,BKS1,Import/Export,0715S,0715N,2026/06/26,2026/06/26,2026/06/27,,2026/06/27,,2026/06/27,
"DONGJIN SHIPPING CO., LTD.",dongjin,MOJI,70,JPMOJ,DONGJIN FIDES,D7UV,BKS1,Import/Export,0715S,0715N,2026/06/26,2026/06/26,2026/06/27,,2026/06/27,,2026/06/27,
"DONGJIN SHIPPING CO., LTD.",dongjin,HAKATA,77,JPHKT,DONGJIN FIDES,D7UV,BKS1,Import/Export,0715S,0715N,2026/06/27,2026/06/27,2026/06/28,,2026/06/28,,2026/06/28,
"DONGJIN SHIPPING CO., LTD.",dongjin,TOKUYAMA,62,JPTKY,DONGJIN FIDES,D7UV,BKS1,Import/Export,0716S,0716N,2026/06/30,2026/06/30,2026/06/30,,2026/06/30,,2026/06/30,
"DONGJIN SHIPPING CO., LTD.",dongjin,HAKATA,77,JPHKT,DONGJIN FIDES,D7UV,BKS1,Import/Export,0716S,0716N,2026/06/30,2026/06/30,2026/06/30,,2026/06/30,,2026/06/30,
"DONGJIN SHIPPING CO., LTD.",dongjin,MOJI,70,JPMOJ,DONGJIN FIDES,D7UV,BKS1,Import/Export,0716S,0716N,2026/07/01,2026/07/01,2026/07/01,,2026/07/01,,2026/07/01,
"DONGJIN SHIPPING CO., LTD.",dongjin,MOJI,70,JPMOJ,DONGJIN FIDES,D7UV,BKS1,Import/Export,0717S,0717N,2026/07/03,2026/07/03,2026/07/03,,2026/07/03,,2026/07/03,
"DONGJIN SHIPPING CO., LTD.",dongjin,TOKUYAMA,62,JPTKY,DONGJIN FIDES,D7UV,BKS1,Import/Export,0717S,0717N,2026/07/03,2026/07/03,2026/07/03,,2026/07/03,,2026/07/03,
"DONGJIN SHIPPING CO., LTD.",dongjin,HAKATA,77,JPHKT,DONGJIN FIDES,D7UV,BKS1,Import/Export,0717S,0717N,2026/07/04,2026/07/04,2026/07/04,,2026/07/04,,2026/07/04,
"DONGJIN SHIPPING CO., LTD.",dongjin,NAGOYA,35,JPNGO,DONGJIN FORTUNE,D7UJ,KJK1,Import/Export,0185S,0185N,2026/05/30,2026/05/30,2026/05/31,18:35,2026/05/31,19:40,2026/06/01,01:05
"DONGJIN SHIPPING CO., LTD.",dongjin,SHIMIZU,30,JPSMZ,DONGJIN FORTUNE,D7UJ,KJK1,Import/Export,0186S,0186N,2026/06/04,2026/06/04,2026/06/06,13:11,2026/06/06,13:36,2026/06/06,17:00
"DONGJIN SHIPPING CO., LTD.",dongjin,YOKOHAMA,11,JPYOK,DONGJIN FORTUNE,D7UJ,KJK1,Import/Export,0186S,0186N,2026/06/05,2026/06/05,2026/06/07,03:42,2026/06/07,07:36,2026/06/07,14:20
"DONGJIN SHIPPING CO., LTD.",dongjin,TOKYO,13,JPTYO,DONGJIN FORTUNE,D7UJ,KJK1,Import/Export,0186S,0186N,2026/06/05,2026/06/05,2026/06/07,15:53,2026/06/07,16:45,2026/06/07,22:00
"DONGJIN SHIPPING CO., LTD.",dongjin,NAGOYA,35,JPNGO,DONGJIN FORTUNE,D7UJ,KJK1,Import/Export,0186S,0186N,2026/06/06,2026/06/06,2026/06/08,19:51,2026/06/08,21:00,2026/06/09,03:55
"DONGJIN SHIPPING CO., LTD.",dongjin,SHIMIZU,30,JPSMZ,DONGJIN FORTUNE,D7UJ,KJK1,Import/Export,0187S,0187N,2026/06/11,2026/06/11,2026/06/12,,2026/06/12,,2026/06/12,
"DONGJIN SHIPPING CO., LTD.",dongjin,YOKOHAMA,11,JPYOK,DONGJIN FORTUNE,D7UJ,KJK1,Import/Export,0187S,0187N,2026/06/12,2026/06/12,2026/06/14,08:50,2026/06/14,09:18,2026/06/14,16:20
"DONGJIN SHIPPING CO., LTD.",dongjin,TOKYO,13,JPTYO,DONGJIN FORTUNE,D7UJ,KJK1,Import/Export,0187S,0187N,2026/06/12,2026/06/12,2026/06/14,17:56,2026/06/14,18:42,2026/06/15,01:45
"DONGJIN SHIPPING CO., LTD.",dongjin,NAGOYA,35,JPNGO,DONGJIN FORTUNE,D7UJ,KJK1,Import/Export,0187S,0187N,2026/06/13,2026/06/13,2026/06/15,18:18,2026/06/16,01:45,2026/06/16,07:20
"DONGJIN SHIPPING CO., LTD.",dongjin,YOKOHAMA,11,JPYOK,DONGJIN FORTUNE,D7UJ,KJK1,Import/Export,0188S,0188N,2026/06/19,2026/06/19,2026/06/21,,2026/06/21,,2026/06/21,
"DONGJIN SHIPPING CO., LTD.",dongjin,TOKYO,13,JPTYO,DONGJIN FORTUNE,D7UJ,KJK1,Import/Export,0188S,0188N,2026/06/19,2026/06/19,2026/06/21,,2026/06/21,,2026/06/22,
"DONGJIN SHIPPING CO., LTD.",dongjin,SHIMIZU,30,JPSMZ,DONGJIN FORTUNE,D7UJ,KJK1,Import/Export,0188S,0188N,2026/06/18,2026/06/18,2026/06/22,,2026/06/22,,2026/06/22,
"DONGJIN SHIPPING CO., LTD.",dongjin,NAGOYA,35,JPNGO,DONGJIN FORTUNE,D7UJ,KJK1,Import/Export,0188S,0188N,2026/06/20,2026/06/20,2026/06/23,,2026/06/23,,2026/06/23,
"DONGJIN SHIPPING CO., LTD.",dongjin,SHIMIZU,30,JPSMZ,DONGJIN FORTUNE,D7UJ,KJK1,Import/Export,0189S,0189N,2026/06/25,2026/06/25,2026/06/27,,2026/06/27,,2026/06/27,
"DONGJIN SHIPPING CO., LTD.",dongjin,YOKOHAMA,11,JPYOK,DONGJIN FORTUNE,D7UJ,KJK1,Import/Export,0189S,0189N,2026/06/26,2026/06/26,2026/06/28,,2026/06/28,,2026/06/28,
"DONGJIN SHIPPING CO., LTD.",dongjin,TOKYO,13,JPTYO,DONGJIN FORTUNE,D7UJ,KJK1,Import/Export,0189S,0189N,2026/06/26,2026/06/26,2026/06/28,,2026/06/28,,2026/06/28,
"DONGJIN SHIPPING CO., LTD.",dongjin,NAGOYA,35,JPNGO,DONGJIN FORTUNE,D7UJ,KJK1,Import/Export,0189S,0189N,2026/06/27,2026/06/27,2026/06/29,,2026/06/29,,2026/06/29,
"DONGJIN SHIPPING CO., LTD.",dongjin,SHIMIZU,30,JPSMZ,DONGJIN FORTUNE,D7UJ,KJK1,Import/Export,0190S,0190N,2026/07/02,2026/07/02,2026/07/02,,2026/07/02,,2026/07/02,
"DONGJIN SHIPPING CO., LTD.",dongjin,TOKYO,13,JPTYO,DONGJIN FORTUNE,D7UJ,KJK1,Import/Export,0190S,0190N,2026/07/03,2026/07/03,2026/07/04,,2026/07/04,,2026/07/05,
"DONGJIN SHIPPING CO., LTD.",dongjin,YOKOHAMA,11,JPYOK,DONGJIN FORTUNE,D7UJ,KJK1,Import/Export,0190S,0190N,2026/07/03,2026/07/03,2026/07/04,,2026/07/04,,2026/07/04,
"DONGJIN SHIPPING CO., LTD.",dongjin,NAGOYA,35,JPNGO,DONGJIN FORTUNE,D7UJ,KJK1,Import/Export,0190S,0190N,2026/07/04,2026/07/04,2026/07/05,,2026/07/05,,2026/07/06,
"DONGJIN SHIPPING CO., LTD.",dongjin,NAGOYA,35,JPNGO,DONGJIN GENIUS,D7PC,BKH1,Import/Export,0376S,0376N,2026/06/03,2026/06/04,2026/06/04,15:10,2026/06/05,07:30,2026/06/05,16:45
"DONGJIN SHIPPING CO., LTD.",dongjin,KOBE,41,JPUKB,DONGJIN GENIUS,D7PC,BKH1,Import/Export,0376S,0376N,2026/06/05,2026/06/05,2026/06/06,14:40,2026/06/08,07:00,2026/06/08,11:52
"DONGJIN SHIPPING CO., LTD.",dongjin,MOJI,70,JPMOJ,DONGJIN GENIUS,D7PC,BKH1,Import/Export,0377S,0377N,2026/06/09,2026/06/09,2026/06/11,06:04,2026/06/11,07:40,2026/06/11,10:00
"DONGJIN SHIPPING CO., LTD.",dongjin,OSAKA,40,JPOSA,DONGJIN GENIUS,D7PC,BKH1,Import/Export,0377S,0377N,2026/06/11,2026/06/11,2026/06/12,06:37,2026/06/12,07:21,2026/06/12,15:23
"DONGJIN SHIPPING CO., LTD.",dongjin,KOBE,41,JPUKB,DONGJIN GENIUS,D7PC,BKH1,Import/Export,0377S,0377N,2026/06/11,2026/06/12,2026/06/12,16:05,2026/06/12,16:55,2026/06/13,11:47
"DONGJIN SHIPPING CO., LTD.",dongjin,KURE,59,JPKRE,DONGJIN GENIUS,D7PC,BKH1,Import/Export,0378S,0378N,2026/06/17,2026/06/17,2026/06/17,,2026/06/17,,2026/06/17,
"DONGJIN SHIPPING CO., LTD.",dongjin,MOJI,70,JPMOJ,DONGJIN GENIUS,D7PC,BKH1,Import/Export,0378S,0378N,2026/06/16,2026/06/16,2026/06/19,,2026/06/19,,2026/06/19,
"DONGJIN SHIPPING CO., LTD.",dongjin,MOJI,70,JPMOJ,DONGJIN GENIUS,D7PC,BKH1,Import/Export,0379S,0379N,2026/06/19,2026/06/19,2026/06/19,,2026/06/19,,2026/06/19,
"DONGJIN SHIPPING CO., LTD.",dongjin,MOJI,70,JPMOJ,DONGJIN GENIUS,D7PC,BKH1,Import/Export,0380S,0380N,2026/06/23,2026/06/23,2026/06/23,,2026/06/23,,2026/06/23,
"DONGJIN SHIPPING CO., LTD.",dongjin,OSAKA,40,JPOSA,DONGJIN GENIUS,D7PC,BKH1,Import/Export,0380S,0380N,2026/06/25,2026/06/25,2026/06/25,,2026/06/25,,2026/06/25,
"DONGJIN SHIPPING CO., LTD.",dongjin,KOBE,41,JPUKB,DONGJIN GENIUS,D7PC,BKH1,Import/Export,0380S,0380N,2026/06/25,2026/06/26,2026/06/25,,2026/06/26,,2026/06/26,
"DONGJIN SHIPPING CO., LTD.",dongjin,NAGOYA,35,JPNGO,DONGJIN GENIUS,D7PC,BKH1,Import/Export,0381S,0381N,2026/07/01,2026/07/02,2026/07/01,,2026/07/01,,2026/07/02,
"DONGJIN SHIPPING CO., LTD.",dongjin,KOBE,41,JPUKB,DONGJIN GENIUS,D7PC,BKH1,Import/Export,0381S,0381N,2026/07/03,2026/07/03,2026/07/03,,2026/07/03,,2026/07/03,
"DONGJIN SHIPPING CO., LTD.",dongjin,MOJI,70,JPMOJ,HAKATA EXPRESS,3E7842,MSX1,Import/Export,2643E,2643W,2026/06/01,2026/06/01,2026/06/01,13:00,2026/06/02,08:03,2026/06/02,14:12
"DONGJIN SHIPPING CO., LTD.",dongjin,HIBIKI,100,JPHID,HAKATA EXPRESS,3E7842,MSX1,Import/Export,2643E,2643W,2026/06/01,2026/06/01,2026/06/02,15:42,2026/06/02,16:22,2026/06/02,18:31
"DONGJIN SHIPPING CO., LTD.",dongjin,HAKATA,77,JPHKT,HAKATA EXPRESS,3E7842,MSX1,Import/Export,2643E,2643W,2026/06/02,2026/06/02,2026/06/02,21:45,2026/06/03,07:14,2026/06/03,11:59
"DONGJIN SHIPPING CO., LTD.",dongjin,MOJI,70,JPMOJ,HAKATA EXPRESS,3E7842,MSX1,Import/Export,2645E,2645W,2026/06/08,2026/06/08,2026/06/08,00:12,2026/06/08,15:45,2026/06/08,19:40
"DONGJIN SHIPPING CO., LTD.",dongjin,HAKATA,77,JPHKT,HAKATA EXPRESS,3E7842,MSX1,Import/Export,2645E,2645W,2026/06/09,2026/06/09,2026/06/09,05:35,2026/06/09,06:29,2026/06/09,11:25
"DONGJIN SHIPPING CO., LTD.",dongjin,HAKATA,77,JPHKT,HAKATA EXPRESS,3E7842,MSX1,Import/Export,2647E,2647W,2026/06/16,2026/06/16,2026/06/16,13:15,2026/06/16,13:50,2026/06/16,18:26
"DONGJIN SHIPPING CO., LTD.",dongjin,MOJI,70,JPMOJ,HAKATA EXPRESS,3E7842,MSX1,Import/Export,2647E,2647W,2026/06/15,2026/06/15,2026/06/16,23:48,2026/06/17,12:30,2026/06/17,17:00
"DONGJIN SHIPPING CO., LTD.",dongjin,MOJI,70,JPMOJ,HAKATA EXPRESS,3E7842,MSX1,Import/Export,2649E,2649W,2026/06/22,2026/06/22,2026/06/22,,2026/06/22,,2026/06/22,
"DONGJIN SHIPPING CO., LTD.",dongjin,HAKATA,77,JPHKT,HAKATA EXPRESS,3E7842,MSX1,Import/Export,2649E,2649W,2026/06/23,2026/06/23,2026/06/23,,2026/06/23,,2026/06/23,
"DONGJIN SHIPPING CO., LTD.",dongjin,MOJI,70,JPMOJ,HAKATA EXPRESS,3E7842,MSX1,Import/Export,2651E,2651W,2026/06/29,2026/06/29,2026/06/29,,2026/06/29,,2026/06/29,
"DONGJIN SHIPPING CO., LTD.",dongjin,HAKATA,77,JPHKT,HAKATA EXPRESS,3E7842,MSX1,Import/Export,2651E,2651W,2026/06/30,2026/06/30,2026/06/30,,2026/06/30,,2026/06/30,
"DONGJIN SHIPPING CO., LTD.",dongjin,MOJI,70,JPMOJ,HAKATA EXPRESS,3E7842,MSX1,Import/Export,2653E,2653W,2026/07/06,2026/07/06,2026/07/05,,2026/07/05,,2026/07/06,
"DONGJIN SHIPPING CO., LTD.",dongjin,TOKYO,13,JPTYO,HEUNG-A AKITA,D7MT,KJK2,Import/Export,2621S,2621N,2026/06/15,2026/06/15,2026/06/16,18:56,2026/06/16,19:42,2026/06/17,04:48
"DONGJIN SHIPPING CO., LTD.",dongjin,YOKOHAMA,11,JPYOK,HEUNG-A AKITA,D7MT,KJK2,Import/Export,2621S,2621N,2026/06/15,2026/06/15,2026/06/17,06:20,2026/06/17,07:00,2026/06/17,16:00
"DONGJIN SHIPPING CO., LTD.",dongjin,NAGOYA,35,JPNGO,HEUNG-A AKITA,D7MT,KJK2,Import/Export,2621S,2621N,2026/06/16,2026/06/16,2026/06/18,17:30,2026/06/18,18:30,2026/06/19,06:00
"DONGJIN SHIPPING CO., LTD.",dongjin,TOKYO,13,JPTYO,HEUNG-A AKITA,D7MT,KJK2,Import/Export,2622S,2622N,2026/06/22,2026/06/22,2026/06/22,,2026/06/22,,2026/06/23,
"DONGJIN SHIPPING CO., LTD.",dongjin,YOKOHAMA,11,JPYOK,HEUNG-A AKITA,D7MT,KJK2,Import/Export,2622S,2622N,2026/06/22,2026/06/22,2026/06/23,,2026/06/23,,2026/06/23,
"DONGJIN SHIPPING CO., LTD.",dongjin,NAGOYA,35,JPNGO,HEUNG-A AKITA,D7MT,KJK2,Import/Export,2622S,2622N,2026/06/23,2026/06/23,2026/06/24,,2026/06/24,,2026/06/24,
"DONGJIN SHIPPING CO., LTD.",dongjin,TOKYO,13,JPTYO,HEUNG-A AKITA,D7MT,KJK2,Import/Export,2623S,2623N,2026/06/29,2026/06/29,2026/06/29,,2026/06/29,,2026/06/29,
"DONGJIN SHIPPING CO., LTD.",dongjin,YOKOHAMA,11,JPYOK,HEUNG-A AKITA,D7MT,KJK2,Import/Export,2623S,2623N,2026/06/29,2026/06/29,2026/06/29,,2026/06/29,,2026/06/29,
"DONGJIN SHIPPING CO., LTD.",dongjin,NAGOYA,35,JPNGO,HEUNG-A AKITA,D7MT,KJK2,Import/Export,2623S,2623N,2026/06/30,2026/06/30,2026/06/30,,2026/06/30,,2026/06/30,
"DONGJIN SHIPPING CO., LTD.",dongjin,NAGOYA,35,JPNGO,HEUNG-A XIAMEN,D7ND,KJK2,Import/Export,2622S,2622N,2026/06/02,2026/06/02,2026/06/01,17:36,2026/06/02,08:00,2026/06/03,19:06
"DONGJIN SHIPPING CO., LTD.",dongjin,TOKYO,13,JPTYO,HEUNG-A XIAMEN,D7ND,KJK2,Import/Export,2622S,2622N,2026/06/01,2026/06/01,2026/06/05,08:29,2026/06/05,09:13,2026/06/05,16:56
"DONGJIN SHIPPING CO., LTD.",dongjin,YOKOHAMA,11,JPYOK,HEUNG-A XIAMEN,D7ND,KJK2,Import/Export,2622S,2622N,2026/06/01,2026/06/01,2026/06/05,18:20,2026/06/05,19:00,2026/06/06,01:40
"DONGJIN SHIPPING CO., LTD.",dongjin,YOKOHAMA,11,JPYOK,HEUNG-A XIAMEN,D7ND,KJK2,Import/Export,2623S,2623N,2026/06/08,2026/06/08,2026/06/11,06:20,2026/06/11,06:48,2026/06/11,16:10
"DONGJIN SHIPPING CO., LTD.",dongjin,TOKYO,13,JPTYO,HEUNG-A XIAMEN,D7ND,KJK2,Import/Export,2623S,2623N,2026/06/08,2026/06/08,2026/06/11,17:54,2026/06/12,07:57,2026/06/12,15:59
"DONGJIN SHIPPING CO., LTD.",dongjin,NAGOYA,35,JPNGO,HEUNG-A XIAMEN,D7ND,KJK2,Import/Export,2623S,2623N,2026/06/09,2026/06/09,2026/06/14,08:00,2026/06/14,09:00,2026/06/14,16:20
"DONGJIN SHIPPING CO., LTD.",dongjin,OSAKA,40,JPOSA,HONOR GLORY,H9ZG,KJH2,Import/Export,2618E,2618W,2026/06/03,2026/06/03,2026/06/03,17:09,2026/06/03,18:25,2026/06/04,06:17
"DONGJIN SHIPPING CO., LTD.",dongjin,KOBE,41,JPUKB,HONOR GLORY,H9ZG,KJH2,Import/Export,2618E,2618W,2026/06/03,2026/06/03,2026/06/04,07:05,2026/06/04,08:20,2026/06/04,14:47
"DONGJIN SHIPPING CO., LTD.",dongjin,OSAKA,40,JPOSA,HONOR GLORY,H9ZG,KJH2,Import/Export,2619E,2619W,2026/06/08,2026/06/08,2026/06/08,10:37,2026/06/08,11:35,2026/06/08,18:47
"DONGJIN SHIPPING CO., LTD.",dongjin,KOBE,41,JPUKB,HONOR GLORY,H9ZG,KJH2,Import/Export,2619E,2619W,2026/06/08,2026/06/08,2026/06/08,20:00,2026/06/09,07:16,2026/06/09,16:26
"DONGJIN SHIPPING CO., LTD.",dongjin,OSAKA,40,JPOSA,HONOR GLORY,H9ZG,KJH2,Import/Export,2620E,2620W,2026/06/12,2026/06/12,2026/06/13,06:05,2026/06/13,06:57,2026/06/13,14:59
"DONGJIN SHIPPING CO., LTD.",dongjin,KOBE,41,JPUKB,HONOR GLORY,H9ZG,KJH2,Import/Export,2620E,2620W,2026/06/12,2026/06/12,2026/06/13,15:50,2026/06/13,16:31,2026/06/13,23:00
"DONGJIN SHIPPING CO., LTD.",dongjin,OSAKA,40,JPOSA,HONOR GLORY,H9ZG,KJH2,Import/Export,2621E,2621W,2026/06/17,2026/06/17,2026/06/17,06:25,2026/06/17,07:20,2026/06/17,14:30
"DONGJIN SHIPPING CO., LTD.",dongjin,KOBE,41,JPUKB,HONOR GLORY,H9ZG,KJH2,Import/Export,2621E,2621W,2026/06/17,2026/06/17,2026/06/17,15:40,2026/06/17,16:40,2026/06/18,02:00
"DONGJIN SHIPPING CO., LTD.",dongjin,KOBE,41,JPUKB,HONOR GLORY,H9ZG,KJH2,Import/Export,2622E,2622W,2026/06/22,2026/06/22,2026/06/22,,2026/06/22,,2026/06/22,
"DONGJIN SHIPPING CO., LTD.",dongjin,OSAKA,40,JPOSA,HONOR GLORY,H9ZG,KJH2,Import/Export,2622E,2622W,2026/06/22,2026/06/22,2026/06/22,,2026/06/22,,2026/06/22,
"DONGJIN SHIPPING CO., LTD.",dongjin,KOBE,41,JPUKB,HONOR GLORY,H9ZG,KJH2,Import/Export,2623E,2623W,2026/06/26,2026/06/26,2026/06/26,,2026/06/26,,2026/06/26,
"DONGJIN SHIPPING CO., LTD.",dongjin,OSAKA,40,JPOSA,HONOR GLORY,H9ZG,KJH2,Import/Export,2623E,2623W,2026/06/26,2026/06/26,2026/06/26,,2026/06/26,,2026/06/26,
"DONGJIN SHIPPING CO., LTD.",dongjin,OSAKA,40,JPOSA,HONOR GLORY,H9ZG,KJH2,Import/Export,2624E,2624W,2026/07/01,2026/07/01,2026/07/01,,2026/07/01,,2026/07/01,
"DONGJIN SHIPPING CO., LTD.",dongjin,KOBE,41,JPUKB,HONOR GLORY,H9ZG,KJH2,Import/Export,2624E,2624W,2026/07/01,2026/07/01,2026/07/01,,2026/07/01,,2026/07/01,
"DONGJIN SHIPPING CO., LTD.",dongjin,OSAKA,40,JPOSA,HONOR OCEAN,3E3839,KJH2,Import/Export,1056E,1056W,2026/06/01,2026/06/01,2026/05/31,18:30,2026/06/01,07:13,2026/06/01,15:07
"DONGJIN SHIPPING CO., LTD.",dongjin,KOBE,41,JPUKB,HONOR OCEAN,3E3839,KJH2,Import/Export,1056E,1056W,2026/06/01,2026/06/01,2026/06/01,15:55,2026/06/01,17:31,2026/06/01,23:20
"DONGJIN SHIPPING CO., LTD.",dongjin,OSAKA,40,JPOSA,HONOR OCEAN,3E3839,KJH2,Import/Export,1057E,1057W,2026/06/05,2026/06/05,2026/06/05,06:23,2026/06/05,07:22,2026/06/05,14:25
"DONGJIN SHIPPING CO., LTD.",dongjin,KOBE,41,JPUKB,HONOR OCEAN,3E3839,KJH2,Import/Export,1057E,1057W,2026/06/05,2026/06/05,2026/06/05,15:05,2026/06/05,16:03,2026/06/05,23:11
"DONGJIN SHIPPING CO., LTD.",dongjin,OSAKA,40,JPOSA,HONOR OCEAN,3E3839,KJH2,Import/Export,1058E,1058W,2026/06/10,2026/06/10,2026/06/09,15:00,2026/06/10,07:24,2026/06/10,15:28
"DONGJIN SHIPPING CO., LTD.",dongjin,KOBE,41,JPUKB,HONOR OCEAN,3E3839,KJH2,Import/Export,1058E,1058W,2026/06/10,2026/06/10,2026/06/10,16:15,2026/06/10,17:35,2026/06/10,21:46
"DONGJIN SHIPPING CO., LTD.",dongjin,OSAKA,40,JPOSA,HONOR OCEAN,3E3839,KJH2,Import/Export,1059E,1059W,2026/06/15,2026/06/15,2026/06/15,06:24,2026/06/15,07:21,2026/06/15,15:49
"DONGJIN SHIPPING CO., LTD.",dongjin,KOBE,41,JPUKB,HONOR OCEAN,3E3839,KJH2,Import/Export,1059E,1059W,2026/06/15,2026/06/15,2026/06/15,17:30,2026/06/15,18:46,2026/06/16,01:14
"DONGJIN SHIPPING CO., LTD.",dongjin,KOBE,41,JPUKB,HONOR OCEAN,3E3839,KJH2,Import/Export,1060E,1060W,2026/06/19,2026/06/19,2026/06/19,,2026/06/19,,2026/06/19,
"DONGJIN SHIPPING CO., LTD.",dongjin,OSAKA,40,JPOSA,HONOR OCEAN,3E3839,KJH2,Import/Export,1060E,1060W,2026/06/19,2026/06/19,2026/06/19,,2026/06/19,,2026/06/19,
"DONGJIN SHIPPING CO., LTD.",dongjin,KOBE,41,JPUKB,HONOR OCEAN,3E3839,KJH2,Import/Export,1061E,1061W,2026/06/24,2026/06/24,2026/06/24,,2026/06/24,,2026/06/24,
"DONGJIN SHIPPING CO., LTD.",dongjin,OSAKA,40,JPOSA,HONOR OCEAN,3E3839,KJH2,Import/Export,1061E,1061W,2026/06/24,2026/06/24,2026/06/24,,2026/06/24,,2026/06/24,
"DONGJIN SHIPPING CO., LTD.",dongjin,OSAKA,40,JPOSA,HONOR OCEAN,3E3839,KJH2,Import/Export,1062E,1062W,2026/06/29,2026/06/29,2026/06/29,,2026/06/29,,2026/06/29,
"DONGJIN SHIPPING CO., LTD.",dongjin,KOBE,41,JPUKB,HONOR OCEAN,3E3839,KJH2,Import/Export,1062E,1062W,2026/06/29,2026/06/29,2026/06/29,,2026/06/29,,2026/06/29,
"DONGJIN SHIPPING CO., LTD.",dongjin,OSAKA,40,JPOSA,HONOR OCEAN,3E3839,KJH2,Import/Export,1063E,1063W,2026/07/03,2026/07/03,2026/07/03,,2026/07/03,,2026/07/03,
"DONGJIN SHIPPING CO., LTD.",dongjin,KOBE,41,JPUKB,HONOR OCEAN,3E3839,KJH2,Import/Export,1063E,1063W,2026/07/03,2026/07/03,2026/07/03,,2026/07/03,,2026/07/03,
"DONGJIN SHIPPING CO., LTD.",dongjin,YOKKAICHI,36,JPYKK,PANCON SUCCESS,DSRI7,SOC4,Import/Export,2618S,2618N,2026/05/28,2026/05/28,2026/06/01,15:35,2026/06/01,16:25,2026/06/01,21:55
"DONGJIN SHIPPING CO., LTD.",dongjin,SHIMIZU,30,JPSMZ,PANCON SUCCESS,DSRI7,SOC4,Import/Export,2619S,2619N,2026/06/02,2026/06/02,2026/06/02,,2026/06/02,,2026/06/02,
"DONGJIN SHIPPING CO., LTD.",dongjin,YOKKAICHI,36,JPYKK,PANCON SUCCESS,DSRI7,SOC4,Import/Export,2619S,2619N,2026/06/04,2026/06/04,2026/06/09,15:25,2026/06/09,16:20,2026/06/09,21:30
"DONGJIN SHIPPING CO., LTD.",dongjin,YOKKAICHI,36,JPYKK,PANCON SUCCESS,DSRI7,SOC4,Import/Export,2620S,2620N,2026/06/11,2026/06/11,2026/06/18,12:00,2026/06/18,13:00,2026/06/18,17:00
"DONGJIN SHIPPING CO., LTD.",dongjin,SHIMIZU,30,JPSMZ,PANCON SUCCESS,DSRI7,SOC4,Import/Export,2620S,2620N,2026/06/09,2026/06/09,2026/06/19,18:00,2026/06/20,00:00,2026/06/20,12:00
"DONGJIN SHIPPING CO., LTD.",dongjin,SHIMIZU,30,JPSMZ,PANCON SUCCESS,DSRI7,SOC4,Import/Export,2621S,2621N,2026/06/23,2026/06/23,2026/06/23,,2026/06/23,,2026/06/23,
"DONGJIN SHIPPING CO., LTD.",dongjin,YOKKAICHI,36,JPYKK,PANCON SUCCESS,DSRI7,SOC4,Import/Export,2621S,2621N,2026/06/25,2026/06/25,2026/06/25,,2026/06/25,,2026/06/25,
"DONGJIN SHIPPING CO., LTD.",dongjin,SHIMIZU,30,JPSMZ,PANCON SUCCESS,DSRI7,SOC4,Import/Export,2622S,2622N,2026/06/30,2026/06/30,2026/06/30,,2026/06/30,,2026/06/30,
"DONGJIN SHIPPING CO., LTD.",dongjin,YOKKAICHI,36,JPYKK,PANCON SUCCESS,DSRI7,SOC4,Import/Export,2622S,2622N,2026/07/02,2026/07/02,2026/07/02,,2026/07/02,,2026/07/02,
"DONGJIN SHIPPING CO., LTD.",dongjin,YOKOHAMA,11,JPYOK,PEGASUS PETA,D7ER,KJK3,Import/Export,2612E,2612W,2026/06/02,2026/06/02,2026/06/02,06:20,2026/06/02,06:48,2026/06/02,13:40
"DONGJIN SHIPPING CO., LTD.",dongjin,TOKYO,13,JPTYO,PEGASUS PETA,D7ER,KJK3,Import/Export,2612E,2612W,2026/06/02,2026/06/02,2026/06/02,14:57,2026/06/02,15:32,2026/06/04,06:12
"DONGJIN SHIPPING CO., LTD.",dongjin,NAGOYA,35,JPNGO,PEGASUS PETA,D7ER,KJK3,Import/Export,2612E,2612W,2026/06/04,2026/06/04,2026/06/07,00:45,2026/06/07,01:55,2026/06/07,05:50
"DONGJIN SHIPPING CO., LTD.",dongjin,YOKOHAMA,11,JPYOK,PEGASUS PETA,D7ER,KJK3,Import/Export,2613E,2613W,2026/06/16,2026/06/16,2026/06/17,,2026/06/17,,2026/06/18,
"DONGJIN SHIPPING CO., LTD.",dongjin,TOKYO,13,JPTYO,PEGASUS PETA,D7ER,KJK3,Import/Export,2613E,2613W,2026/06/16,2026/06/17,2026/06/18,,2026/06/18,,2026/06/18,
"DONGJIN SHIPPING CO., LTD.",dongjin,NAGOYA,35,JPNGO,PEGASUS PETA,D7ER,KJK3,Import/Export,2613E,2613W,2026/06/18,2026/06/18,2026/06/19,,2026/06/19,,2026/06/19,
"DONGJIN SHIPPING CO., LTD.",dongjin,YOKOHAMA,11,JPYOK,PEGASUS PETA,D7ER,KJK3,Import/Export,2614E,2614W,2026/06/23,2026/06/23,2026/06/24,,2026/06/24,,2026/06/25,
"DONGJIN SHIPPING CO., LTD.",dongjin,TOKYO,13,JPTYO,PEGASUS PETA,D7ER,KJK3,Import/Export,2614E,2614W,2026/06/23,2026/06/24,2026/06/25,,2026/06/25,,2026/06/25,
"DONGJIN SHIPPING CO., LTD.",dongjin,NAGOYA,35,JPNGO,PEGASUS PETA,D7ER,KJK3,Import/Export,2614E,2614W,2026/06/25,2026/06/25,2026/06/26,,2026/06/26,,2026/06/26,
"DONGJIN SHIPPING CO., LTD.",dongjin,SHIMIZU,30,JPSMZ,PEGASUS TERA,D7BH,KJK3,Import/Export,,2612W,2026/06/17,2026/06/17,2026/06/17,11:00,2026/06/17,12:00,2026/06/18,02:00
"DONGJIN SHIPPING CO., LTD.",dongjin,YOKOHAMA,11,JPYOK,PEGASUS TERA,D7BH,KJK3,Import/Export,2612E,2612W,2026/06/16,2026/06/16,2026/06/16,06:30,2026/06/16,07:00,2026/06/16,14:50
"DONGJIN SHIPPING CO., LTD.",dongjin,TOKYO,13,JPTYO,PEGASUS TERA,D7BH,KJK3,Import/Export,2612E,2612W,2026/06/16,2026/06/17,2026/06/16,16:16,2026/06/16,16:55,2026/06/17,01:29
"DONGJIN SHIPPING CO., LTD.",dongjin,NAGOYA,35,JPNGO,PEGASUS TERA,D7BH,KJK3,Import/Export,2612E,2612W,2026/06/18,2026/06/18,2026/06/18,11:30,2026/06/18,18:00,2026/06/19,01:00
"DONGJIN SHIPPING CO., LTD.",dongjin,YOKOHAMA,11,JPYOK,PEGASUS TERA,D7BH,KJK3,Import/Export,2613E,2613W,2026/06/30,2026/06/30,2026/06/29,,2026/06/30,,2026/06/30,
"DONGJIN SHIPPING CO., LTD.",dongjin,TOKYO,13,JPTYO,PEGASUS TERA,D7BH,KJK3,Import/Export,2613E,2613W,2026/06/30,2026/07/01,2026/06/30,,2026/06/30,,2026/07/01,
"DONGJIN SHIPPING CO., LTD.",dongjin,NAGOYA,35,JPNGO,PEGASUS TERA,D7BH,KJK3,Import/Export,2613E,2613W,2026/07/02,2026/07/02,2026/07/02,,2026/07/02,,2026/07/02,
"DONGJIN SHIPPING CO., LTD.",dongjin,YOKOHAMA,11,JPYOK,SKY AURORA,DSQN2,KYN1,Import/Export,2622S,2622N,2026/06/03,2026/06/04,2026/06/05,09:20,2026/06/05,09:48,2026/06/05,18:35
"DONGJIN SHIPPING CO., LTD.",dongjin,OSAKA,40,JPOSA,SKY AURORA,DSQN2,KYN1,Import/Export,2622S,2622N,2026/06/04,2026/06/04,2026/06/07,03:10,2026/06/08,07:17,2026/06/08,13:14
"DONGJIN SHIPPING CO., LTD.",dongjin,KOBE,41,JPUKB,SKY AURORA,DSQN2,KYN1,Import/Export,2622S,2622N,2026/06/04,2026/06/05,2026/06/08,13:55,2026/06/08,14:55,2026/06/09,10:45
"DONGJIN SHIPPING CO., LTD.",dongjin,NAGOYA,35,JPNGO,SKY AURORA,DSQN2,KYN1,Import/Export,2623S,2623N,2026/06/10,2026/06/11,2026/06/10,,2026/06/10,,2026/06/11,
"DONGJIN SHIPPING CO., LTD.",dongjin,KOBE,41,JPUKB,SKY AURORA,DSQN2,KYN1,Import/Export,2623S,2623N,2026/06/12,2026/06/12,2026/06/12,,2026/06/12,,2026/06/12,
"DONGJIN SHIPPING CO., LTD.",dongjin,YOKOHAMA,11,JPYOK,SKY AURORA,DSQN2,KYN1,Import/Export,2624S,2624N,2026/06/17,2026/06/18,2026/06/17,07:40,2026/06/17,08:06,2026/06/17,19:00
"DONGJIN SHIPPING CO., LTD.",dongjin,KOBE,41,JPUKB,SKY AURORA,DSQN2,KYN1,Import/Export,2624S,2624N,2026/06/19,2026/06/19,2026/06/19,,2026/06/19,,2026/06/19,
"DONGJIN SHIPPING CO., LTD.",dongjin,NAGOYA,35,JPNGO,SKY AURORA,DSQN2,KYN1,Import/Export,2625S,2625N,2026/06/24,2026/06/25,2026/06/24,,2026/06/24,,2026/06/25,
"DONGJIN SHIPPING CO., LTD.",dongjin,KOBE,41,JPUKB,SKY AURORA,DSQN2,KYN1,Import/Export,2625S,2625N,2026/06/26,2026/06/26,2026/06/26,,2026/06/26,,2026/06/26,
"DONGJIN SHIPPING CO., LTD.",dongjin,YOKOHAMA,11,JPYOK,SKY AURORA,DSQN2,KYN1,Import/Export,2626S,2626N,2026/07/01,2026/07/02,2026/07/01,,2026/07/01,,2026/07/01,
"DONGJIN SHIPPING CO., LTD.",dongjin,OSAKA,40,JPOSA,SKY AURORA,DSQN2,KYN1,Import/Export,2626S,2626N,2026/07/03,2026/07/03,2026/07/03,,2026/07/03,,2026/07/03,
"DONGJIN SHIPPING CO., LTD.",dongjin,KOBE,41,JPUKB,SKY AURORA,DSQN2,KYN1,Import/Export,2626S,2626N,2026/07/03,2026/07/03,2026/07/03,,2026/07/03,,2026/07/03,
"DONGJIN SHIPPING CO., LTD.",dongjin,KOBE,41,JPUKB,SKY GLORY,DSQP3,KHB2,Import/Export,2621S,2621N,2026/05/29,2026/05/29,2026/05/31,08:25,2026/05/31,09:44,2026/06/01,14:43
"DONGJIN SHIPPING CO., LTD.",dongjin,OSAKA,40,JPOSA,SKY GLORY,DSQP3,KHB2,Import/Export,2622S,2622N,2026/06/03,2026/06/04,2026/06/06,,2026/06/06,,2026/06/07,
"DONGJIN SHIPPING CO., LTD.",dongjin,KOBE,41,JPUKB,SKY GLORY,DSQP3,KHB2,Import/Export,2622S,2622N,2026/06/04,2026/06/05,2026/06/07,,2026/06/07,,2026/06/08,
"DONGJIN SHIPPING CO., LTD.",dongjin,NAGOYA,35,JPNGO,SKY GLORY,DSQP3,KHB2,Import/Export,2623S,2623N,2026/06/10,2026/06/11,2026/06/10,05:15,2026/06/10,06:45,2026/06/10,14:25
"DONGJIN SHIPPING CO., LTD.",dongjin,KOBE,41,JPUKB,SKY GLORY,DSQP3,KHB2,Import/Export,2623S,2623N,2026/06/12,2026/06/12,2026/06/11,14:50,2026/06/11,15:53,2026/06/12,15:35
"DONGJIN SHIPPING CO., LTD.",dongjin,OSAKA,40,JPOSA,SKY GLORY,DSQP3,KHB2,Import/Export,2624S,2624N,2026/06/17,2026/06/18,2026/06/17,,2026/06/17,,2026/06/18,
"DONGJIN SHIPPING CO., LTD.",dongjin,KOBE,41,JPUKB,SKY GLORY,DSQP3,KHB2,Import/Export,2624S,2624N,2026/06/18,2026/06/19,2026/06/18,,2026/06/18,,2026/06/19,
"DONGJIN SHIPPING CO., LTD.",dongjin,NAGOYA,35,JPNGO,SKY GLORY,DSQP3,KHB2,Import/Export,2625S,2625N,2026/06/23,2026/06/24,2026/06/23,,2026/06/23,,2026/06/24,
"DONGJIN SHIPPING CO., LTD.",dongjin,KOBE,41,JPUKB,SKY GLORY,DSQP3,KHB2,Import/Export,2625S,2625N,2026/06/26,2026/06/26,2026/06/26,,2026/06/26,,2026/06/26,
"DONGJIN SHIPPING CO., LTD.",dongjin,OSAKA,40,JPOSA,SKY GLORY,DSQP3,KHB2,Import/Export,2626S,2626N,2026/07/01,2026/07/02,2026/07/01,,2026/07/01,,2026/07/02,
"DONGJIN SHIPPING CO., LTD.",dongjin,KOBE,41,JPUKB,SKY GLORY,DSQP3,KHB2,Import/Export,2626S,2626N,2026/07/02,2026/07/03,2026/07/02,,2026/07/02,,2026/07/03,
EVERGREEN LINE,evergreen,NAGOYA,35,JPNGO,CAPE FELTON,V7OX5,JTS,Import/Export,002N,003S,2026/07/01,2026/07/02,2026/07/01,,2026/07/01,,2026/07/02,
EVERGREEN LINE,evergreen,TOKYO,13,JPTYO,CAPE FELTON,V7OX5,JTS,Import/Export,002N,003S,2026/07/02,2026/07/03,2026/07/02,,2026/07/02,,2026/07/03,
EVERGREEN LINE,evergreen,YOKOHAMA,11,JPYOK,CAPE FELTON,V7OX5,JTS,Import/Export,002N,003S,2026/07/03,2026/07/04,2026/07/03,,2026/07/03,,2026/07/04,
EVERGREEN LINE,evergreen,KOBE,41,JPUKB,CMA CGM FORT SAINT CHARLES,9HA6088,JPX,Export,,0IZOTS1NC,2026/06/24,2026/06/25,2026/06/24,,2026/06/24,,2026/06/25,
EVERGREEN LINE,evergreen,NAGOYA,35,JPNGO,CMA CGM FORT SAINT CHARLES,9HA6088,JPX,Export,,0IZOTS1NC,2026/06/26,2026/06/27,2026/06/26,,2026/06/26,,2026/06/27,
EVERGREEN LINE,evergreen,TOKYO,13,JPTYO,CMA CGM FORT SAINT CHARLES,9HA6088,JPX,Export,,0IZOTS1NC,2026/06/28,2026/06/29,2026/06/28,,2026/06/28,,2026/06/29,
EVERGREEN LINE,evergreen,YOKOHAMA,11,JPYOK,CMA CGM FORT SAINT CHARLES,9HA6088,JPX,Export,,0IZOTS1NC,2026/06/29,2026/06/29,2026/06/29,,2026/06/29,,2026/06/29,
EVERGREEN LINE,evergreen,KOBE,41,JPUKB,CMA CGM VALPARAISO,9HA5559,JPX,Export,,0IZOPS1NC,2026/06/10,2026/06/11,2026/06/14,06:45,2026/06/14,07:40,2026/06/15,00:02
EVERGREEN LINE,evergreen,NAGOYA,35,JPNGO,CMA CGM VALPARAISO,9HA5559,JPX,Export,,0IZOPS1NC,2026/06/12,2026/06/13,2026/06/15,19:50,2026/06/15,21:05,2026/06/16,15:25
EVERGREEN LINE,evergreen,TOKYO,13,JPTYO,CMA CGM VALPARAISO,9HA5559,JPX,Export,,0IZOPS1NC,2026/06/14,2026/06/15,2026/06/17,06:23,2026/06/17,07:06,2026/06/17,16:30
EVERGREEN LINE,evergreen,YOKOHAMA,11,JPYOK,CMA CGM VALPARAISO,9HA5559,JPX,Export,,0IZOPS1NC,2026/06/15,2026/06/15,2026/06/17,18:00,2026/06/18,21:30,2026/06/19,17:00
EVERGREEN LINE,evergreen,KOBE,41,JPUKB,CNC JAGUAR,9HA5771,JPX,Export,,0IZORS1NC,2026/06/17,2026/06/18,2026/06/19,,2026/06/19,,2026/06/20,
EVERGREEN LINE,evergreen,NAGOYA,35,JPNGO,CNC JAGUAR,9HA5771,JPX,Export,,0IZORS1NC,2026/06/19,2026/06/20,2026/06/21,,2026/06/21,,2026/06/21,
EVERGREEN LINE,evergreen,TOKYO,13,JPTYO,CNC JAGUAR,9HA5771,JPX,Export,,0IZORS1NC,2026/06/21,2026/06/21,2026/06/22,,2026/06/22,,2026/06/23,
EVERGREEN LINE,evergreen,YOKOHAMA,11,JPYOK,CNC JAGUAR,9HA5771,JPX,Export,,0IZORS1NC,2026/06/22,2026/06/22,2026/06/23,,2026/06/23,,2026/06/23,
EVERGREEN LINE,evergreen,KOBE,41,JPUKB,CNC SERVAL,9V8612,JPX,Export,,0IZOLS1NC,2026/05/27,2026/05/28,2026/06/01,17:45,2026/06/01,18:37,2026/06/02,18:08
EVERGREEN LINE,evergreen,YOKOHAMA,11,JPYOK,CNC SERVAL,9V8612,JPX,Export,,0IZOLS1NC,2026/06/01,2026/06/01,2026/06/06,07:25,2026/06/06,08:25,2026/06/07,03:40
EVERGREEN LINE,evergreen,TOKYO,13,JPTYO,CNC SERVAL,9V8612,JPX,Export,,0IZOLS1NC,2026/05/31,2026/06/01,2026/06/07,05:48,2026/06/08,07:36,2026/06/08,15:15
EVERGREEN LINE,evergreen,KOBE,41,JPUKB,CNC SERVAL,9V8612,JPX,Export,,0IZOVS1NC,2026/07/01,2026/07/02,2026/07/01,,2026/07/01,,2026/07/01,
EVERGREEN LINE,evergreen,NAGOYA,35,JPNGO,CNC SERVAL,9V8612,JPX,Export,,0IZOVS1NC,2026/07/03,2026/07/04,2026/07/03,,2026/07/03,,2026/07/03,
EVERGREEN LINE,evergreen,TOKYO,13,JPTYO,CNC SERVAL,9V8612,JPX,Export,,0IZOVS1NC,2026/07/05,2026/07/06,2026/07/04,,2026/07/04,,2026/07/05,
EVERGREEN LINE,evergreen,YOKOHAMA,11,JPYOK,CNC SERVAL,9V8612,JPX,Export,,0IZOVS1NC,2026/07/06,2026/07/06,2026/07/05,,2026/07/05,,2026/07/06,
EVERGREEN LINE,evergreen,NAGOYA,35,JPNGO,CNC SERVAL,9V8612,JPX,Import/Export,0IZOLS1NC,0IZOLS1NC,2026/05/29,2026/05/30,2026/06/04,11:10,2026/06/04,12:15,2026/06/04,23:15
EVERGREEN LINE,evergreen,TOKYO,13,JPTYO,EVER BEAMY,BKLK,JPI,Import/Export,1192-080B,1200-081A,2026/06/20,2026/06/21,2026/06/20,,2026/06/20,,2026/06/21,
EVERGREEN LINE,evergreen,YOKOHAMA,11,JPYOK,EVER BEAMY,BKLK,JPI,Import/Export,1192-080B,1200-081A,2026/06/21,2026/06/21,2026/06/21,,2026/06/21,,2026/06/21,
EVERGREEN LINE,evergreen,SHIMIZU,30,JPSMZ,EVER BEAMY,BKLK,JPI,Import/Export,1192-080B,1200-081A,2026/06/22,2026/06/22,2026/06/22,,2026/06/22,,2026/06/22,
EVERGREEN LINE,evergreen,NAGOYA,35,JPNGO,EVER BEAMY,BKLK,JPI,Import/Export,1192-080B,1200-081A,2026/06/23,2026/06/23,2026/06/23,,2026/06/23,,2026/06/23,
EVERGREEN LINE,evergreen,KOBE,41,JPUKB,EVER BEAMY,BKLK,JPI,Import/Export,1192-080B,1200-081A,2026/06/24,2026/06/24,2026/06/24,,2026/06/24,,2026/06/24,
EVERGREEN LINE,evergreen,SHIMIZU,30,JPSMZ,EVER BIRTH,3EUL8,JPI,Import/Export,1188-107B,1196-108A,2026/05/25,2026/05/25,2026/06/01,06:25,2026/06/01,07:16,2026/06/01,17:15
EVERGREEN LINE,evergreen,NAGOYA,35,JPNGO,EVER BIRTH,3EUL8,JPI,Import/Export,1188-107B,1196-108A,2026/05/26,2026/05/26,2026/06/05,09:00,2026/06/05,10:15,2026/06/05,18:05
EVERGREEN LINE,evergreen,KOBE,41,JPUKB,EVER BIRTH,3EUL8,JPI,Import/Export,1188-107B,1196-108A,2026/05/27,2026/05/27,2026/06/06,09:05,2026/06/06,09:50,2026/06/06,18:37
EVERGREEN LINE,evergreen,TOKYO,13,JPTYO,EVER BLESS,BKLT,NSD,Import/Export,1617-073N,1621-074S,2026/06/15,2026/06/16,2026/06/22,07:00,2026/06/22,08:00,2026/06/23,05:30
EVERGREEN LINE,evergreen,YOKOHAMA,11,JPYOK,EVER BLESS,BKLT,NSD,Import/Export,1617-073N,1621-074S,2026/06/16,2026/06/16,2026/06/23,07:15,2026/06/23,08:15,2026/06/23,17:00
EVERGREEN LINE,evergreen,NAGOYA,35,JPNGO,EVER BLESS,BKLT,NSD,Import/Export,1617-073N,1621-074S,2026/06/17,2026/06/17,2026/06/24,07:00,2026/06/24,08:00,2026/06/24,16:00
EVERGREEN LINE,evergreen,YOKKAICHI,36,JPYKK,EVER BLESS,BKLT,NSD,Import/Export,1617-073N,1621-074S,2026/06/17,2026/06/18,2026/06/24,17:00,2026/06/24,18:00,2026/06/24,23:00
EVERGREEN LINE,evergreen,TOKYO,13,JPTYO,EVER BLINK,BKLU,JPI,Import/Export,1191-082B,1200-083A,2026/06/20,2026/06/21,2026/06/20,07:00,2026/06/20,08:00,2026/06/21,05:30
EVERGREEN LINE,evergreen,YOKOHAMA,11,JPYOK,EVER BLINK,BKLU,JPI,Import/Export,1191-082B,1200-083A,2026/06/21,2026/06/21,2026/06/21,06:45,2026/06/21,07:45,2026/06/21,17:00
EVERGREEN LINE,evergreen,SHIMIZU,30,JPSMZ,EVER BLINK,BKLU,JPI,Import/Export,1191-082B,1200-083A,2026/06/22,2026/06/22,2026/06/22,00:30,2026/06/22,01:30,2026/06/22,09:00
EVERGREEN LINE,evergreen,NAGOYA,35,JPNGO,EVER BLINK,BKLU,JPI,Import/Export,1191-082B,1200-083A,2026/06/23,2026/06/23,2026/06/22,18:00,2026/06/22,19:00,2026/06/23,05:00
EVERGREEN LINE,evergreen,KOBE,41,JPUKB,EVER BLINK,BKLU,JPI,Import/Export,1191-082B,1200-083A,2026/06/24,2026/06/24,2026/06/23,20:00,2026/06/23,21:00,2026/06/24,06:10
EVERGREEN LINE,evergreen,TOKYO,13,JPTYO,EVER BLISS,H9PP,JPI,Import/Export,1189-111B,1197-112A,2026/05/30,2026/05/31,2026/06/05,06:03,2026/06/05,06:47,2026/06/06,05:20
EVERGREEN LINE,evergreen,YOKOHAMA,11,JPYOK,EVER BLISS,H9PP,JPI,Import/Export,1189-111B,1197-112A,2026/05/31,2026/05/31,2026/06/06,06:55,2026/06/06,07:40,2026/06/06,18:10
EVERGREEN LINE,evergreen,SHIMIZU,30,JPSMZ,EVER BLISS,H9PP,JPI,Import/Export,1189-111B,1197-112A,2026/06/01,2026/06/01,2026/06/07,17:15,2026/06/07,18:20,2026/06/09,10:05
EVERGREEN LINE,evergreen,NAGOYA,35,JPNGO,EVER BLISS,H9PP,JPI,Import/Export,1189-111B,1197-112A,2026/06/02,2026/06/02,2026/06/09,18:10,2026/06/09,19:30,2026/06/10,03:15
EVERGREEN LINE,evergreen,KOBE,41,JPUKB,EVER BLISS,H9PP,JPI,Import/Export,1189-111B,1197-112A,2026/06/03,2026/06/03,2026/06/10,18:15,2026/06/10,19:22,2026/06/11,06:02
EVERGREEN LINE,evergreen,TOKYO,13,JPTYO,EVER BLISS,H9PP,JPI,Import/Export,1195-113B,1202-114A,2026/07/04,2026/07/05,2026/07/04,,2026/07/04,,2026/07/05,
EVERGREEN LINE,evergreen,YOKOHAMA,11,JPYOK,EVER BLISS,H9PP,JPI,Import/Export,1195-113B,1202-114A,2026/07/05,2026/07/05,2026/07/05,,2026/07/05,,2026/07/05,
EVERGREEN LINE,evergreen,YOKOHAMA,11,JPYOK,EVER BLOOM,BKLM,NSD,Import/Export,1613-086N,1618-087S,2026/05/26,2026/05/26,2026/05/31,10:10,2026/05/31,10:55,2026/06/01,04:35
EVERGREEN LINE,evergreen,TOKYO,13,JPTYO,EVER BLOOM,BKLM,NSD,Import/Export,1613-086N,1618-087S,2026/05/25,2026/05/26,2026/06/01,06:16,2026/06/01,07:12,2026/06/02,04:59
EVERGREEN LINE,evergreen,TOKYO,13,JPTYO,EVER BLOOM,BKLM,NSD,Import/Export,1618-087N,1622-088S,2026/06/22,2026/06/23,2026/06/28,,2026/06/28,,2026/06/29,
EVERGREEN LINE,evergreen,YOKOHAMA,11,JPYOK,EVER BLOOM,BKLM,NSD,Import/Export,1618-087N,1622-088S,2026/06/23,2026/06/23,2026/06/29,,2026/06/29,,2026/06/30,
EVERGREEN LINE,evergreen,NAGOYA,35,JPNGO,EVER BLOOM,BKLM,NSD,Import/Export,1618-087N,1622-088S,2026/06/24,2026/06/24,2026/06/30,,2026/06/30,,2026/07/01,
EVERGREEN LINE,evergreen,YOKKAICHI,36,JPYKK,EVER BLOOM,BKLM,NSD,Import/Export,1618-087N,1622-088S,2026/06/24,2026/06/25,2026/07/01,,2026/07/01,,2026/07/01,
EVERGREEN LINE,evergreen,YOKKAICHI,36,JPYKK,EVER BOARD,BKLQ,NSD,Import/Export,1614-080N,1619-081S,2026/06/03,2026/06/04,2026/06/07,07:20,2026/06/07,08:15,2026/06/07,16:20
EVERGREEN LINE,evergreen,NAGOYA,35,JPNGO,EVER BOARD,BKLQ,NSD,Import/Export,1614-080N,1619-081S,2026/06/03,2026/06/03,2026/06/07,17:42,2026/06/07,21:25,2026/06/08,16:35
EVERGREEN LINE,evergreen,YOKOHAMA,11,JPYOK,EVER BOARD,BKLQ,NSD,Import/Export,1614-080N,1619-081S,2026/06/02,2026/06/02,2026/06/10,18:45,2026/06/10,19:20,2026/06/11,04:55
EVERGREEN LINE,evergreen,TOKYO,13,JPTYO,EVER BOARD,BKLQ,NSD,Import/Export,1614-080N,1619-081S,2026/06/01,2026/06/02,2026/06/11,06:28,2026/06/11,07:21,2026/06/12,04:19
EVERGREEN LINE,evergreen,YOKOHAMA,11,JPYOK,EVER BOOMY,HOGZ,JPI,Import/Export,1190-090B,1198-091A,2026/06/07,2026/06/07,2026/06/12,17:45,2026/06/12,18:35,2026/06/13,04:30
EVERGREEN LINE,evergreen,TOKYO,13,JPTYO,EVER BOOMY,HOGZ,JPI,Import/Export,1190-090B,1198-091A,2026/06/06,2026/06/07,2026/06/13,06:24,2026/06/13,12:44,2026/06/14,04:18
EVERGREEN LINE,evergreen,SHIMIZU,30,JPSMZ,EVER BOOMY,HOGZ,JPI,Import/Export,1190-090B,1198-091A,2026/06/08,2026/06/08,2026/06/14,12:55,2026/06/14,13:43,2026/06/14,21:05
EVERGREEN LINE,evergreen,NAGOYA,35,JPNGO,EVER BOOMY,HOGZ,JPI,Import/Export,1190-090B,1198-091A,2026/06/09,2026/06/09,2026/06/15,06:20,2026/06/15,07:35,2026/06/15,15:25
EVERGREEN LINE,evergreen,KOBE,41,JPUKB,EVER BOOMY,HOGZ,JPI,Import/Export,1190-090B,1198-091A,2026/06/10,2026/06/10,2026/06/16,13:00,2026/06/16,13:42,2026/06/17,00:28
EVERGREEN LINE,evergreen,YOKOHAMA,11,JPYOK,EVER BREED,H3BV,NSD,Import/Export,1615-110N,1620-111S,2026/06/09,2026/06/09,2026/06/10,19:10,2026/06/10,19:55,2026/06/11,05:10
EVERGREEN LINE,evergreen,TOKYO,13,JPTYO,EVER BREED,H3BV,NSD,Import/Export,1615-110N,1620-111S,2026/06/08,2026/06/09,2026/06/11,07:18,2026/06/12,18:13,2026/06/13,11:40
EVERGREEN LINE,evergreen,NAGOYA,35,JPNGO,EVER BREED,H3BV,NSD,Import/Export,1615-110N,1620-111S,2026/06/10,2026/06/10,2026/06/14,06:35,2026/06/14,07:55,2026/06/14,15:45
EVERGREEN LINE,evergreen,YOKKAICHI,36,JPYKK,EVER BREED,H3BV,NSD,Import/Export,1615-110N,1620-111S,2026/06/10,2026/06/11,2026/06/14,17:12,2026/06/15,08:05,2026/06/15,19:00
EVERGREEN LINE,evergreen,TOKYO,13,JPTYO,EVER BUILD,3ELY7,JPI,Import/Export,1194-086B,1201-087A,2026/06/27,2026/06/28,2026/06/27,,2026/06/27,,2026/06/28,
EVERGREEN LINE,evergreen,YOKOHAMA,11,JPYOK,EVER BUILD,3ELY7,JPI,Import/Export,1194-086B,1201-087A,2026/06/28,2026/06/28,2026/06/28,,2026/06/28,,2026/06/28,
EVERGREEN LINE,evergreen,SHIMIZU,30,JPSMZ,EVER BUILD,3ELY7,JPI,Import/Export,1194-086B,1201-087A,2026/06/29,2026/06/29,2026/06/29,,2026/06/29,,2026/06/29,
EVERGREEN LINE,evergreen,NAGOYA,35,JPNGO,EVER BUILD,3ELY7,JPI,Import/Export,1194-086B,1201-087A,2026/06/30,2026/06/30,2026/06/30,,2026/06/30,,2026/06/30,
EVERGREEN LINE,evergreen,KOBE,41,JPUKB,EVER BUILD,3ELY7,JPI,Import/Export,1194-086B,1201-087A,2026/07/01,2026/07/01,2026/07/01,,2026/07/01,,2026/07/01,
EVERGREEN LINE,evergreen,OSAKA,40,JPOSA,EVER CALM,H3OA,NSA,Import/Export,2077-115N,2081-116S,2026/06/06,2026/06/06,2026/06/09,22:05,2026/06/09,22:53,2026/06/10,14:17
EVERGREEN LINE,evergreen,KOBE,41,JPUKB,EVER CALM,H3OA,NSA,Import/Export,2077-115N,2081-116S,2026/06/06,2026/06/07,2026/06/10,16:20,2026/06/10,17:36,2026/06/11,06:03
EVERGREEN LINE,evergreen,MOJI,70,JPMOJ,EVER CALM,H3OA,NSA,Import/Export,2077-115N,2081-116S,2026/06/08,2026/06/09,2026/06/12,06:52,2026/06/12,07:32,2026/06/12,18:47
EVERGREEN LINE,evergreen,HAKATA,77,JPHKT,EVER CALM,H3OA,NSA,Import/Export,2077-115N,2081-116S,2026/06/09,2026/06/09,2026/06/13,05:51,2026/06/13,06:47,2026/06/13,12:47
EVERGREEN LINE,evergreen,KOBE,41,JPUKB,EVER CALM,H3OA,NSA,Import/Export,2081-116N,2085-117S,2026/07/04,2026/07/05,2026/07/04,,2026/07/04,,2026/07/05,
EVERGREEN LINE,evergreen,OSAKA,40,JPOSA,EVER CALM,H3OA,NSA,Import/Export,2081-116N,2085-117S,2026/07/04,2026/07/04,2026/07/04,,2026/07/04,,2026/07/04,
EVERGREEN LINE,evergreen,KOBE,41,JPUKB,EVER CENTER,3FQM7,JCH,Import/Export,0372-082N,0375-083S,2026/06/04,2026/06/05,2026/06/07,06:45,2026/06/07,07:38,2026/06/07,13:17
EVERGREEN LINE,evergreen,OSAKA,40,JPOSA,EVER CENTER,3FQM7,JCH,Import/Export,0372-082N,0375-083S,2026/06/04,2026/06/04,2026/06/07,14:10,2026/06/07,14:42,2026/06/08,11:45
EVERGREEN LINE,evergreen,IWAKUNI,69,JPIWK,EVER CENTER,3FQM7,JCH,Import/Export,0372-082N,0375-083S,2026/06/06,2026/06/07,2026/06/09,12:30,2026/06/09,13:30,2026/06/09,18:10
EVERGREEN LINE,evergreen,HAKATA,77,JPHKT,EVER CENTER,3FQM7,JCH,Import/Export,0372-082N,0375-083S,2026/06/07,2026/06/08,2026/06/10,07:19,2026/06/10,08:05,2026/06/10,15:41
EVERGREEN LINE,evergreen,OSAKA,40,JPOSA,EVER CENTER,3FQM7,JCH,Import/Export,0375-083N,0378-084S,2026/06/25,2026/06/25,2026/06/25,,2026/06/25,,2026/06/25,
EVERGREEN LINE,evergreen,KOBE,41,JPUKB,EVER CENTER,3FQM7,JCH,Import/Export,0375-083N,0378-084S,2026/06/25,2026/06/26,2026/06/25,,2026/06/25,,2026/06/26,
EVERGREEN LINE,evergreen,IWAKUNI,69,JPIWK,EVER CENTER,3FQM7,JCH,Import/Export,0375-083N,0378-084S,2026/06/27,2026/06/28,2026/06/27,,2026/06/27,,2026/06/27,
EVERGREEN LINE,evergreen,HAKATA,77,JPHKT,EVER CENTER,3FQM7,JCH,Import/Export,0375-083N,0378-084S,2026/06/28,2026/06/29,2026/06/28,,2026/06/28,,2026/06/28,
EVERGREEN LINE,evergreen,HAKATA,77,JPHKT,EVER CERTAIN,5LCM3,JCH,Import/Export,0371-077N,0374-078S,2026/05/31,2026/06/01,2026/05/31,05:12,2026/06/01,01:46,2026/06/01,08:38
EVERGREEN LINE,evergreen,KOBE,41,JPUKB,EVER CERTAIN,5LCM3,JCH,Import/Export,0374-078N,0377-079S,2026/06/18,2026/06/19,2026/06/18,17:15,2026/06/18,18:15,2026/06/19,06:10
EVERGREEN LINE,evergreen,OSAKA,40,JPOSA,EVER CERTAIN,5LCM3,JCH,Import/Export,0374-078N,0377-079S,2026/06/18,2026/06/18,2026/06/19,07:10,2026/06/19,08:10,2026/06/19,19:15
EVERGREEN LINE,evergreen,IWAKUNI,69,JPIWK,EVER CERTAIN,5LCM3,JCH,Import/Export,0374-078N,0377-079S,2026/06/20,2026/06/21,2026/06/20,16:30,2026/06/20,17:30,2026/06/21,08:00
EVERGREEN LINE,evergreen,HAKATA,77,JPHKT,EVER CERTAIN,5LCM3,JCH,Import/Export,0374-078N,0377-079S,2026/06/21,2026/06/22,2026/06/21,23:30,2026/06/22,00:30,2026/06/22,11:00
EVERGREEN LINE,evergreen,OSAKA,40,JPOSA,EVER CHANT,H9QK,NSA,Import/Export,2078-113N,2082-114S,2026/06/13,2026/06/13,2026/06/14,06:53,2026/06/14,07:39,2026/06/14,16:25
EVERGREEN LINE,evergreen,KOBE,41,JPUKB,EVER CHANT,H9QK,NSA,Import/Export,2078-113N,2082-114S,2026/06/13,2026/06/14,2026/06/14,17:00,2026/06/14,17:58,2026/06/15,05:58
EVERGREEN LINE,evergreen,MOJI,70,JPMOJ,EVER CHANT,H9QK,NSA,Import/Export,2078-113N,2082-114S,2026/06/15,2026/06/16,2026/06/16,06:35,2026/06/16,07:15,2026/06/16,19:07
EVERGREEN LINE,evergreen,HAKATA,77,JPHKT,EVER CHANT,H9QK,NSA,Import/Export,2078-113N,2082-114S,2026/06/16,2026/06/16,2026/06/16,23:58,2026/06/17,00:40,2026/06/17,08:15
EVERGREEN LINE,evergreen,OSAKA,40,JPOSA,EVER CONCISE,3E3545,NSA,Import/Export,2076-073N,2080-074S,2026/05/30,2026/05/30,2026/05/31,21:48,2026/05/31,22:20,2026/06/01,16:32
EVERGREEN LINE,evergreen,KOBE,41,JPUKB,EVER CONCISE,3E3545,NSA,Import/Export,2076-073N,2080-074S,2026/05/30,2026/05/31,2026/06/04,22:05,2026/06/04,23:08,2026/06/05,12:19
EVERGREEN LINE,evergreen,MOJI,70,JPMOJ,EVER CONCISE,3E3545,NSA,Import/Export,2076-073N,2080-074S,2026/06/01,2026/06/02,2026/06/06,16:23,2026/06/06,17:15,2026/06/07,01:12
EVERGREEN LINE,evergreen,HAKATA,77,JPHKT,EVER CONCISE,3E3545,NSA,Import/Export,2076-073N,2080-074S,2026/06/02,2026/06/02,2026/06/07,11:24,2026/06/07,12:06,2026/06/07,20:39
EVERGREEN LINE,evergreen,OSAKA,40,JPOSA,EVER CONCISE,3E3545,NSA,Import/Export,2080-074N,2084-075S,2026/06/27,2026/06/27,2026/06/27,,2026/06/27,,2026/06/28,
EVERGREEN LINE,evergreen,KOBE,41,JPUKB,EVER CONCISE,3E3545,NSA,Import/Export,2080-074N,2084-075S,2026/06/27,2026/06/28,2026/06/28,,2026/06/28,,2026/06/28,
EVERGREEN LINE,evergreen,MOJI,70,JPMOJ,EVER CONCISE,3E3545,NSA,Import/Export,2080-074N,2084-075S,2026/06/29,2026/06/30,2026/06/29,,2026/06/29,,2026/06/30,
EVERGREEN LINE,evergreen,HAKATA,77,JPHKT,EVER CONCISE,3E3545,NSA,Import/Export,2080-074N,2084-075S,2026/06/30,2026/06/30,2026/06/30,,2026/06/30,,2026/06/30,
EVERGREEN LINE,evergreen,HAKATA,77,JPHKT,EVER CONFORM,3E3441,KTH,Import/Export,0154-084N,0157-085S,2026/06/10,2026/06/10,2026/06/12,23:15,2026/06/12,23:58,2026/06/13,05:42
EVERGREEN LINE,evergreen,HAKATA,77,JPHKT,EVER CONFORM,3E3441,KTH,Import/Export,0157-085N,0160-086S,2026/07/01,2026/07/01,2026/07/01,,2026/07/01,,2026/07/01,
EVERGREEN LINE,evergreen,OSAKA,40,JPOSA,EVER CONNECT,3E2049,NSA,Import/Export,2079-068N,2083-069S,2026/06/20,2026/06/20,2026/06/20,22:00,2026/06/20,23:00,2026/06/21,17:00
EVERGREEN LINE,evergreen,KOBE,41,JPUKB,EVER CONNECT,3E2049,NSA,Import/Export,2079-068N,2083-069S,2026/06/20,2026/06/21,2026/06/21,17:30,2026/06/21,18:30,2026/06/22,06:10
EVERGREEN LINE,evergreen,MOJI,70,JPMOJ,EVER CONNECT,3E2049,NSA,Import/Export,2079-068N,2083-069S,2026/06/22,2026/06/23,2026/06/23,08:00,2026/06/23,09:00,2026/06/23,19:00
EVERGREEN LINE,evergreen,HAKATA,77,JPHKT,EVER CONNECT,3E2049,NSA,Import/Export,2079-068N,2083-069S,2026/06/23,2026/06/23,2026/06/23,23:59,2026/06/24,01:00,2026/06/24,08:30
EVERGREEN LINE,evergreen,HAKATA,77,JPHKT,EVER CROWN,3EEF9,KTH,Import/Export,0153-083N,0156-084S,2026/06/03,2026/06/03,2026/06/10,23:29,2026/06/11,00:12,2026/06/11,09:10
EVERGREEN LINE,evergreen,HAKATA,77,JPHKT,EVER CROWN,3EEF9,KTH,Import/Export,0156-084N,0159-085S,2026/06/24,2026/06/24,2026/06/29,,2026/06/29,,2026/06/29,
EVERGREEN LINE,evergreen,TOKYO,13,JPTYO,EVER SHINE,MJKZ4,TPN(W),Import/Export,0476-158W,0476-158W,2026/06/30,2026/07/01,2026/07/01,,2026/07/01,,2026/07/02,
EVERGREEN LINE,evergreen,OSAKA,40,JPOSA,EVER SHINE,MJKZ4,TPN(W),Import/Export,0476-158W,0476-158W,2026/07/02,2026/07/03,2026/07/03,,2026/07/03,,2026/07/04,
EVERGREEN LINE,evergreen,TOKYO,13,JPTYO,EVER SIGMA,MKKZ7,TPN(W),Import/Export,0475-141W,0475-141W,2026/06/23,2026/06/24,2026/06/23,,2026/06/23,,2026/06/24,
EVERGREEN LINE,evergreen,OSAKA,40,JPOSA,EVER SIGMA,MKKZ7,TPN(W),Import/Export,0475-141W,0475-141W,2026/06/25,2026/06/26,2026/06/25,,2026/06/25,,2026/06/25,
EVERGREEN LINE,evergreen,TOKYO,13,JPTYO,EVER SMILE,MLTH5,ANP,Import/Export,0160-133W,0160-133W,2026/06/02,2026/06/03,2026/06/09,06:23,2026/06/09,07:12,2026/06/10,04:28
EVERGREEN LINE,evergreen,OSAKA,40,JPOSA,EVER SMILE,MLTH5,ANP,Import/Export,0160-133W,0160-133W,2026/06/04,2026/06/05,2026/06/11,06:43,2026/06/11,07:22,2026/06/11,22:00
EVERGREEN LINE,evergreen,TOKYO,13,JPTYO,EVER SUMMIT,9V7524,ANP,Import/Export,0161-130W,0161-130W,2026/06/09,2026/06/10,2026/06/16,06:43,2026/06/16,07:31,2026/06/17,04:29
EVERGREEN LINE,evergreen,OSAKA,40,JPOSA,EVER SUMMIT,9V7524,ANP,Import/Export,0161-130W,0161-130W,2026/06/11,2026/06/12,2026/06/18,07:15,2026/06/18,08:15,2026/06/18,18:00
EVERGREEN LINE,evergreen,NAGOYA,35,JPNGO,EVER WAFT,9V7809,NSC,Import/Export,1740-015N,1743-016S,2026/05/24,2026/05/24,2026/05/31,15:05,2026/05/31,16:20,2026/06/01,01:40
EVERGREEN LINE,evergreen,TOKYO,13,JPTYO,EVER WAFT,9V7809,NSC,Import/Export,1743-016N,1746-017S,2026/06/11,2026/06/12,2026/06/19,16:30,2026/06/19,17:30,2026/06/20,16:15
EVERGREEN LINE,evergreen,YOKOHAMA,11,JPYOK,EVER WAFT,9V7809,NSC,Import/Export,1743-016N,1746-017S,2026/06/12,2026/06/12,2026/06/20,18:00,2026/06/20,19:00,2026/06/21,04:00
EVERGREEN LINE,evergreen,SHIMIZU,30,JPSMZ,EVER WAFT,9V7809,NSC,Import/Export,1743-016N,1746-017S,2026/06/13,2026/06/13,2026/06/21,11:30,2026/06/21,12:30,2026/06/21,22:00
EVERGREEN LINE,evergreen,YOKKAICHI,36,JPYKK,EVER WAFT,9V7809,NSC,Import/Export,1743-016N,1746-017S,2026/06/13,2026/06/14,2026/06/22,06:30,2026/06/22,07:30,2026/06/22,15:00
EVERGREEN LINE,evergreen,NAGOYA,35,JPNGO,EVER WAFT,9V7809,NSC,Import/Export,1743-016N,1746-017S,2026/06/14,2026/06/14,2026/06/22,16:00,2026/06/22,17:00,2026/06/23,03:00
EVERGREEN LINE,evergreen,TOKYO,13,JPTYO,EVER WAFT,9V7809,NSC,Import/Export,1746-017N,1749-018S,2026/07/02,2026/07/03,2026/07/02,,2026/07/02,,2026/07/03,
EVERGREEN LINE,evergreen,YOKOHAMA,11,JPYOK,EVER WAFT,9V7809,NSC,Import/Export,1746-017N,1749-018S,2026/07/03,2026/07/03,2026/07/03,,2026/07/03,,2026/07/03,
EVERGREEN LINE,evergreen,YOKKAICHI,36,JPYKK,EVER WAFT,9V7809,NSC,Import/Export,1746-017N,1749-018S,2026/07/04,2026/07/05,2026/07/04,,2026/07/04,,2026/07/05,
EVERGREEN LINE,evergreen,SHIMIZU,30,JPSMZ,EVER WAFT,9V7809,NSC,Import/Export,1746-017N,1749-018S,2026/07/04,2026/07/04,2026/07/04,,2026/07/04,,2026/07/04,
EVERGREEN LINE,evergreen,NAGOYA,35,JPNGO,EVER WAFT,9V7809,NSC,Import/Export,1746-017N,1749-018S,2026/07/05,2026/07/05,2026/07/05,,2026/07/05,,2026/07/05,
EVERGREEN LINE,evergreen,TOKYO,13,JPTYO,EVER WARM,9V7810,NSC,Import/Export,1742-011N,1745-012S,2026/06/04,2026/06/05,2026/06/10,06:23,2026/06/10,07:18,2026/06/11,05:11
EVERGREEN LINE,evergreen,YOKOHAMA,11,JPYOK,EVER WARM,9V7810,NSC,Import/Export,1742-011N,1745-012S,2026/06/05,2026/06/05,2026/06/11,07:00,2026/06/11,07:45,2026/06/11,22:35
EVERGREEN LINE,evergreen,SHIMIZU,30,JPSMZ,EVER WARM,9V7810,NSC,Import/Export,1742-011N,1745-012S,2026/06/06,2026/06/06,2026/06/13,09:21,2026/06/13,09:48,2026/06/13,20:35
EVERGREEN LINE,evergreen,YOKKAICHI,36,JPYKK,EVER WARM,9V7810,NSC,Import/Export,1742-011N,1745-012S,2026/06/06,2026/06/07,2026/06/14,12:15,2026/06/14,13:00,2026/06/14,19:45
EVERGREEN LINE,evergreen,NAGOYA,35,JPNGO,EVER WARM,9V7810,NSC,Import/Export,1742-011N,1745-012S,2026/06/07,2026/06/07,2026/06/14,20:25,2026/06/14,21:40,2026/06/15,06:00
EVERGREEN LINE,evergreen,TOKYO,13,JPTYO,EVER WARM,9V7810,NSC,Import/Export,1745-012N,1748-013S,2026/06/25,2026/06/26,2026/06/29,,2026/06/29,,2026/06/30,
EVERGREEN LINE,evergreen,YOKOHAMA,11,JPYOK,EVER WARM,9V7810,NSC,Import/Export,1745-012N,1748-013S,2026/06/26,2026/06/26,2026/06/30,,2026/06/30,,2026/06/30,
EVERGREEN LINE,evergreen,SHIMIZU,30,JPSMZ,EVER WARM,9V7810,NSC,Import/Export,1745-012N,1748-013S,2026/06/27,2026/06/27,2026/07/01,,2026/07/01,,2026/07/01,
EVERGREEN LINE,evergreen,NAGOYA,35,JPNGO,EVER WARM,9V7810,NSC,Import/Export,1745-012N,1748-013S,2026/06/28,2026/06/28,2026/07/02,,2026/07/02,,2026/07/02,
EVERGREEN LINE,evergreen,YOKKAICHI,36,JPYKK,EVER WARM,9V7810,NSC,Import/Export,1745-012N,1748-013S,2026/06/27,2026/06/28,2026/07/02,,2026/07/02,,2026/07/02,
EVERGREEN LINE,evergreen,TOKYO,13,JPTYO,EVER WORLD,9V7811,NSC,Import/Export,1741-008N,1744-009S,2026/05/28,2026/05/29,2026/06/05,13:48,2026/06/06,07:06,2026/06/07,03:54
EVERGREEN LINE,evergreen,SHIMIZU,30,JPSMZ,EVER WORLD,9V7811,NSC,Import/Export,1741-008N,1744-009S,2026/05/30,2026/05/30,2026/06/09,10:55,2026/06/09,12:17,2026/06/09,17:34
EVERGREEN LINE,evergreen,NAGOYA,35,JPNGO,EVER WORLD,9V7811,NSC,Import/Export,1741-008N,1744-009S,2026/05/31,2026/05/31,2026/06/10,06:40,2026/06/10,07:45,2026/06/10,15:20
EVERGREEN LINE,evergreen,YOKKAICHI,36,JPYKK,EVER WORLD,9V7811,NSC,Import/Export,1741-008N,1744-009S,2026/05/30,2026/05/31,2026/06/10,16:35,2026/06/10,17:05,2026/06/10,21:50
EVERGREEN LINE,evergreen,TOKYO,13,JPTYO,EVER WORLD,9V7811,NSC,Import/Export,1744-009N,1747-010S,2026/06/18,2026/06/19,2026/06/27,14:00,2026/06/27,15:00,2026/06/28,05:30
EVERGREEN LINE,evergreen,YOKOHAMA,11,JPYOK,EVER WORLD,9V7811,NSC,Import/Export,1744-009N,1747-010S,2026/06/19,2026/06/19,2026/06/28,06:45,2026/06/28,07:45,2026/06/28,17:00
EVERGREEN LINE,evergreen,SHIMIZU,30,JPSMZ,EVER WORLD,9V7811,NSC,Import/Export,1744-009N,1747-010S,2026/06/20,2026/06/20,2026/06/29,00:30,2026/06/29,01:30,2026/06/29,09:00
EVERGREEN LINE,evergreen,YOKKAICHI,36,JPYKK,EVER WORLD,9V7811,NSC,Import/Export,1744-009N,1747-010S,2026/06/20,2026/06/21,2026/06/29,17:30,2026/06/29,18:30,2026/06/29,23:59
EVERGREEN LINE,evergreen,NAGOYA,35,JPNGO,EVER WORLD,9V7811,NSC,Import/Export,1744-009N,1747-010S,2026/06/21,2026/06/21,2026/06/30,01:00,2026/06/30,02:00,2026/06/30,12:00
EVERGREEN LINE,evergreen,MOJI,70,JPMOJ,GREEN CELEBRITY,3FXL2,JTH,Import/Export,N124,S124,2026/05/30,2026/05/30,2026/06/01,06:55,2026/06/01,07:27,2026/06/02,06:36
EVERGREEN LINE,evergreen,HAKATA,77,JPHKT,GREEN CELEBRITY,3FXL2,JTH,Import/Export,N124,S124,2026/05/30,2026/05/31,2026/06/02,23:25,2026/06/03,00:14,2026/06/03,09:10
EVERGREEN LINE,evergreen,OSAKA,40,JPOSA,GREEN CELEBRITY,3FXL2,JTH,Import/Export,N125,S125,2026/06/10,2026/06/11,2026/06/15,11:03,2026/06/15,11:45,2026/06/15,21:22
EVERGREEN LINE,evergreen,KOBE,41,JPUKB,GREEN CELEBRITY,3FXL2,JTH,Import/Export,N125,S125,2026/06/11,2026/06/11,2026/06/15,22:05,2026/06/15,22:51,2026/06/16,11:51
EVERGREEN LINE,evergreen,MOJI,70,JPMOJ,GREEN CELEBRITY,3FXL2,JTH,Import/Export,N125,S125,2026/06/13,2026/06/13,2026/06/17,17:00,2026/06/17,18:00,2026/06/18,18:30
EVERGREEN LINE,evergreen,HAKATA,77,JPHKT,GREEN CELEBRITY,3FXL2,JTH,Import/Export,N125,S125,2026/06/13,2026/06/14,2026/06/18,12:00,2026/06/18,13:00,2026/06/18,22:30
EVERGREEN LINE,evergreen,OSAKA,40,JPOSA,GREEN CELEBRITY,3FXL2,JTH,Import/Export,N126,S126,2026/06/24,2026/06/25,2026/06/27,,2026/06/27,,2026/06/28,
EVERGREEN LINE,evergreen,KOBE,41,JPUKB,GREEN CELEBRITY,3FXL2,JTH,Import/Export,N126,S126,2026/06/25,2026/06/25,2026/06/28,,2026/06/28,,2026/06/28,
EVERGREEN LINE,evergreen,MOJI,70,JPMOJ,GREEN CELEBRITY,3FXL2,JTH,Import/Export,N126,S126,2026/06/27,2026/06/27,2026/06/29,,2026/06/29,,2026/06/30,
EVERGREEN LINE,evergreen,HAKATA,77,JPHKT,GREEN CELEBRITY,3FXL2,JTH,Import/Export,N126,S126,2026/06/27,2026/06/28,2026/06/30,,2026/06/30,,2026/06/30,
EVERGREEN LINE,evergreen,HAKATA,77,JPHKT,GREEN CLARITY,3ELS,KTH,Import/Export,0155-136N,0158-137S,2026/06/17,2026/06/17,2026/06/19,13:00,2026/06/19,14:00,2026/06/19,20:00
EVERGREEN LINE,evergreen,NAGOYA,35,JPNGO,IBN AL ABBAR,3FFC9,JTS,Export,,342S,2026/06/24,2026/06/25,2026/06/27,15:00,2026/06/27,16:00,2026/06/28,02:00
EVERGREEN LINE,evergreen,TOKYO,13,JPTYO,IBN AL ABBAR,3FFC9,JTS,Export,,342S,2026/06/25,2026/06/26,2026/06/28,17:00,2026/06/28,18:00,2026/06/29,16:00
EVERGREEN LINE,evergreen,YOKOHAMA,11,JPYOK,IBN AL ABBAR,3FFC9,JTS,Export,,342S,2026/06/26,2026/06/27,2026/06/29,17:00,2026/06/29,18:00,2026/06/30,08:00
EVERGREEN LINE,evergreen,SHIMIZU,30,JPSMZ,ONE OLYMPUS,9VPQ7,PS1(W),Import,080W,,2026/06/02,2026/06/02,2026/06/02,,2026/06/02,,2026/06/02,
EVERGREEN LINE,evergreen,TOKYO,13,JPTYO,ONE OLYMPUS,9VPQ7,PS1(W),Import,080W,,2026/06/01,2026/06/01,2026/06/05,06:35,2026/06/05,07:27,2026/06/06,04:42
EVERGREEN LINE,evergreen,NAGOYA,35,JPNGO,ONE OLYMPUS,9VPQ7,PS1(W),Import,080W,,2026/06/03,2026/06/04,2026/06/06,19:10,2026/06/06,20:40,2026/06/08,03:35
EVERGREEN LINE,evergreen,KOBE,41,JPUKB,ONE OLYMPUS,9VPQ7,PS1(W),Import,080W,,2026/06/04,2026/06/05,2026/06/08,18:10,2026/06/08,19:12,2026/06/09,16:40
EVERGREEN LINE,evergreen,KOBE,41,JPUKB,PALU BAY,5LII5,JPX,Export,,0IZONS1NC,2026/06/03,2026/06/04,2026/06/12,11:30,2026/06/12,12:34,2026/06/13,16:56
EVERGREEN LINE,evergreen,NAGOYA,35,JPNGO,PALU BAY,5LII5,JPX,Export,,0IZONS1NC,2026/06/05,2026/06/06,2026/06/14,16:10,2026/06/14,17:25,2026/06/15,09:20
EVERGREEN LINE,evergreen,TOKYO,13,JPTYO,PALU BAY,5LII5,JPX,Export,,0IZONS1NC,2026/06/07,2026/06/07,2026/06/16,06:20,2026/06/16,07:04,2026/06/17,04:52
EVERGREEN LINE,evergreen,YOKOHAMA,11,JPYOK,PALU BAY,5LII5,JPX,Export,,0IZONS1NC,2026/06/08,2026/06/08,2026/06/17,06:30,2026/06/17,07:15,2026/06/17,23:00
EVERGREEN LINE,evergreen,OSAKA,40,JPOSA,TS HAKATA,V7A6216,JHTN,Import,2610N,,2026/06/18,2026/06/19,2026/06/18,,2026/06/18,,2026/06/19,
EVERGREEN LINE,evergreen,KOBE,41,JPUKB,TS HAKATA,V7A6216,JHTN,Import,2610N,,2026/06/19,2026/06/19,2026/06/19,,2026/06/19,,2026/06/19,
EVERGREEN LINE,evergreen,OSAKA,40,JPOSA,TS HAKATA,V7A6216,JHTN,Import,2611N,,2026/07/02,2026/07/03,2026/07/02,,2026/07/02,,2026/07/03,
EVERGREEN LINE,evergreen,KOBE,41,JPUKB,TS HAKATA,V7A6216,JHTN,Import,2611N,,2026/07/03,2026/07/03,2026/07/03,,2026/07/03,,2026/07/03,
EVERGREEN LINE,evergreen,OSAKA,40,JPOSA,TS KOBE,V7A5716,JHTN,Import,2611N,,2026/06/25,2026/06/26,2026/06/29,,2026/06/29,,2026/06/30,
EVERGREEN LINE,evergreen,KOBE,41,JPUKB,TS KOBE,V7A5716,JHTN,Import,2611N,,2026/06/26,2026/06/26,2026/06/30,,2026/06/30,,2026/06/30,
EVERGREEN LINE,evergreen,KOBE,41,JPUKB,UNI-PREMIER,H3YG,JCH,Import/Export,0373-448N,0376-449S,2026/06/11,2026/06/12,2026/06/11,16:55,2026/06/11,17:41,2026/06/12,06:00
EVERGREEN LINE,evergreen,OSAKA,40,JPOSA,UNI-PREMIER,H3YG,JCH,Import/Export,0373-448N,0376-449S,2026/06/11,2026/06/11,2026/06/12,06:52,2026/06/12,07:34,2026/06/12,18:30
EVERGREEN LINE,evergreen,IWAKUNI,69,JPIWK,UNI-PREMIER,H3YG,JCH,Import/Export,0373-448N,0376-449S,2026/06/13,2026/06/14,2026/06/13,17:28,2026/06/13,18:30,2026/06/14,07:50
EVERGREEN LINE,evergreen,HAKATA,77,JPHKT,UNI-PREMIER,H3YG,JCH,Import/Export,0373-448N,0376-449S,2026/06/14,2026/06/15,2026/06/15,00:20,2026/06/15,01:05,2026/06/15,09:16
EVERGREEN LINE,evergreen,OSAKA,40,JPOSA,UNI-PREMIER,H3YG,JCH,Import/Export,0376-449N,0379-450S,2026/07/02,2026/07/02,2026/07/02,,2026/07/02,,2026/07/02,
EVERGREEN LINE,evergreen,KOBE,41,JPUKB,UNI-PREMIER,H3YG,JCH,Import/Export,0376-449N,0379-450S,2026/07/02,2026/07/03,2026/07/02,,2026/07/02,,2026/07/03,
EVERGREEN LINE,evergreen,IWAKUNI,69,JPIWK,UNI-PREMIER,H3YG,JCH,Import/Export,0376-449N,0379-450S,2026/07/04,2026/07/05,2026/07/04,,2026/07/04,,2026/07/05,
EVERGREEN LINE,evergreen,HAKATA,77,JPHKT,UNI-PREMIER,H3YG,JCH,Import/Export,0376-449N,0379-450S,2026/07/05,2026/07/06,2026/07/05,,2026/07/05,,2026/07/06,
EVERGREEN LINE,evergreen,KOBE,41,JPUKB,WAN HAI 283,9V6502,JTH,Import/Export,N113,S113,2026/06/03,2026/06/04,2026/06/06,13:15,2026/06/06,14:30,2026/06/07,05:56
EVERGREEN LINE,evergreen,OSAKA,40,JPOSA,WAN HAI 283,9V6502,JTH,Import/Export,N113,S113,2026/06/04,2026/06/05,2026/06/07,06:45,2026/06/07,07:29,2026/06/07,16:33
EVERGREEN LINE,evergreen,MOJI,70,JPMOJ,WAN HAI 283,9V6502,JTH,Import/Export,N113,S113,2026/06/06,2026/06/06,2026/06/09,06:53,2026/06/09,07:34,2026/06/09,21:59
EVERGREEN LINE,evergreen,HAKATA,77,JPHKT,WAN HAI 283,9V6502,JTH,Import/Export,N113,S113,2026/06/07,2026/06/07,2026/06/10,03:49,2026/06/10,04:42,2026/06/10,15:14
EVERGREEN LINE,evergreen,KOBE,41,JPUKB,WAN HAI 283,9V6502,JTH,Import/Export,N114,S114,2026/06/17,2026/06/18,2026/06/19,,2026/06/19,,2026/06/20,
EVERGREEN LINE,evergreen,OSAKA,40,JPOSA,WAN HAI 283,9V6502,JTH,Import/Export,N114,S114,2026/06/18,2026/06/19,2026/06/20,,2026/06/20,,2026/06/21,
EVERGREEN LINE,evergreen,MOJI,70,JPMOJ,WAN HAI 283,9V6502,JTH,Import/Export,N114,S114,2026/06/20,2026/06/20,2026/06/22,,2026/06/22,,2026/06/23,
EVERGREEN LINE,evergreen,HAKATA,77,JPHKT,WAN HAI 283,9V6502,JTH,Import/Export,N114,S114,2026/06/21,2026/06/21,2026/06/23,,2026/06/23,,2026/06/23,
EVERGREEN LINE,evergreen,NAGOYA,35,JPNGO,YM INCREMENT,9V9750,JTS,Import/Export,328N,329S,2026/06/17,2026/06/18,2026/06/17,06:40,2026/06/17,07:55,2026/06/17,17:00
EVERGREEN LINE,evergreen,TOKYO,13,JPTYO,YM INCREMENT,9V9750,JTS,Import/Export,328N,329S,2026/06/18,2026/06/19,2026/06/18,17:00,2026/06/18,18:00,2026/06/19,16:00
EVERGREEN LINE,evergreen,YOKOHAMA,11,JPYOK,YM INCREMENT,9V9750,JTS,Import/Export,328N,329S,2026/06/19,2026/06/20,2026/06/19,17:00,2026/06/19,18:00,2026/06/20,08:00
EVERGREEN LINE,evergreen,NAGOYA,35,JPNGO,YM INITIATIVE,A8HX4,JTS,Import/Export,353N,354S,2026/06/10,2026/06/11,2026/06/10,06:55,2026/06/10,08:10,2026/06/10,19:35
EVERGREEN LINE,evergreen,TOKYO,13,JPTYO,YM INITIATIVE,A8HX4,JTS,Import/Export,353N,354S,2026/06/11,2026/06/12,2026/06/11,11:08,2026/06/11,11:47,2026/06/12,14:22
EVERGREEN LINE,evergreen,YOKOHAMA,11,JPYOK,YM INITIATIVE,A8HX4,JTS,Import/Export,353N,354S,2026/06/12,2026/06/13,2026/06/12,15:55,2026/06/12,18:30,2026/06/13,01:35
EVERGREEN LINE,evergreen,NAGOYA,35,JPNGO,YM INITIATIVE,A8HX4,JTS,Import/Export,354N,355S,2026/07/01,2026/07/02,2026/07/01,,2026/07/01,,2026/07/02,
INTERASIA LINES,interasia,TOKYO,13,JPTYO,BACH,A8RV5,JSM(SP2),Import/Export,N326,S327,2026/06/13,2026/06/14,2026/06/13,06:48,2026/06/13,07:30,2026/06/14,04:16
INTERASIA LINES,interasia,YOKOHAMA,11,JPYOK,BACH,A8RV5,JSM(SP2),Import/Export,N326,S327,2026/06/14,2026/06/15,2026/06/14,06:15,2026/06/14,15:05,2026/06/15,02:40
INTERASIA LINES,interasia,NAGOYA,35,JPNGO,BACH,A8RV5,JSM(SP2),Import/Export,N326,S327,2026/06/16,2026/06/17,2026/06/16,06:35,2026/06/16,07:55,2026/06/16,17:45
INTERASIA LINES,interasia,KOBE,41,JPUKB,BACH,A8RV5,JSM(SP2),Import/Export,N326,S327,2026/06/17,2026/06/19,2026/06/17,14:00,2026/06/17,15:00,2026/06/18,04:00
INTERASIA LINES,interasia,TOKYO,13,JPTYO,BRIGHT SAKURA,3E5997,JSM(SP2),Import/Export,N016,S017,2026/06/20,2026/06/21,2026/06/24,07:00,2026/06/24,08:00,2026/06/25,02:00
INTERASIA LINES,interasia,YOKOHAMA,11,JPYOK,BRIGHT SAKURA,3E5997,JSM(SP2),Import/Export,N016,S017,2026/06/21,2026/06/22,2026/06/25,07:00,2026/06/25,08:00,2026/06/25,18:00
INTERASIA LINES,interasia,NAGOYA,35,JPNGO,BRIGHT SAKURA,3E5997,JSM(SP2),Import/Export,N016,S017,2026/06/23,2026/06/24,2026/06/26,11:00,2026/06/26,12:00,2026/06/26,23:00
INTERASIA LINES,interasia,KOBE,41,JPUKB,BRIGHT SAKURA,3E5997,JSM(SP2),Import/Export,N016,S017,2026/06/24,2026/06/26,2026/06/27,17:00,2026/06/27,18:00,2026/06/28,06:00
INTERASIA LINES,interasia,TOKYO,13,JPTYO,EMMANUEL P,V7A5488,JSM(SP2),Import/Export,N009,S010,2026/05/30,2026/05/31,2026/05/31,18:06,2026/06/01,07:20,2026/06/01,21:57
INTERASIA LINES,interasia,NAGOYA,35,JPNGO,EMMANUEL P,V7A5488,JSM(SP2),Import/Export,N009,S010,2026/06/02,2026/06/03,2026/06/04,20:15,2026/06/04,21:30,2026/06/05,06:05
INTERASIA LINES,interasia,KOBE,41,JPUKB,EMMANUEL P,V7A5488,JSM(SP2),Import/Export,N009,S010,2026/06/03,2026/06/05,2026/06/06,06:20,2026/06/06,07:21,2026/06/06,16:44
INTERASIA LINES,interasia,TOKYO,13,JPTYO,EMMANUEL P,V7A5488,JSM(SP2),Import/Export,N010,S011,2026/06/27,2026/06/28,2026/06/27,17:00,2026/06/27,18:00,2026/06/28,12:00
INTERASIA LINES,interasia,YOKOHAMA,11,JPYOK,EMMANUEL P,V7A5488,JSM(SP2),Import/Export,N010,S011,2026/06/28,2026/06/29,2026/06/28,13:00,2026/06/28,14:00,2026/06/29,00:01
INTERASIA LINES,interasia,NAGOYA,35,JPNGO,EMMANUEL P,V7A5488,JSM(SP2),Import/Export,N010,S011,2026/06/30,2026/07/01,2026/06/30,14:00,2026/06/30,15:00,2026/07/01,02:00
INTERASIA LINES,interasia,KOBE,41,JPUKB,EMMANUEL P,V7A5488,JSM(SP2),Import/Export,N010,S011,2026/07/01,2026/07/03,2026/07/01,18:00,2026/07/01,19:00,2026/07/02,07:00
INTERASIA LINES,interasia,MOJI,70,JPMOJ,INTERASIA ELEVATE,9V8455,PAS,Import/Export,N067,S068,2026/06/11,2026/06/11,2026/06/23,,2026/06/23,,2026/06/23,
INTERASIA LINES,interasia,HAKATA,77,JPHKT,INTERASIA ELEVATE,9V8455,PAS,Import/Export,N067,S068,2026/06/12,2026/06/12,2026/06/24,,2026/06/24,,2026/06/24,
INTERASIA LINES,interasia,TOKYO,13,JPTYO,INTERASIA PURSUIT,9V5671,JCV,Import/Export,N093,S094,2026/06/18,2026/06/19,2026/06/22,,2026/06/22,,2026/06/24,
INTERASIA LINES,interasia,OSAKA,40,JPOSA,INTERASIA RESILIENCE,9V7571,JHS,Import/Export,N080,S081,2026/06/15,2026/06/16,2026/06/18,,2026/06/18,,2026/06/19,
INTERASIA LINES,interasia,KOBE,41,JPUKB,INTERASIA RESILIENCE,9V7571,JHS,Import/Export,N080,S081,2026/06/16,2026/06/17,2026/06/19,,2026/06/19,,2026/06/20,
INTERASIA LINES,interasia,YOKOHAMA,11,JPYOK,INTERASIA TACTIC,9V9142,NS5,Import/Export,N010,S011,2026/06/01,2026/06/02,2026/06/06,12:25,2026/06/06,12:55,2026/06/07,06:10
INTERASIA LINES,interasia,TOKYO,13,JPTYO,INTERASIA TACTIC,9V9142,NS5,Import/Export,N010,S011,2026/05/31,2026/06/01,2026/06/07,08:35,2026/06/08,07:50,2026/06/09,20:46
INTERASIA LINES,interasia,TOKYO,13,JPTYO,INTERASIA TACTIC,9V9142,NS5,Import/Export,N011,S012,2026/07/05,2026/07/06,2026/07/05,,2026/07/05,,2026/07/06,
INTERASIA LINES,interasia,KOBE,41,JPUKB,INTERASIA TENACITY,9V9131,NS1,Import/Export,N020,S021,2026/05/26,2026/05/27,2026/06/05,09:45,2026/06/05,10:40,2026/06/06,06:05
INTERASIA LINES,interasia,OSAKA,40,JPOSA,INTERASIA TENACITY,9V9131,NS1,Import/Export,N020,S021,2026/05/25,2026/05/26,2026/06/06,06:50,2026/06/06,07:39,2026/06/07,06:09
INTERASIA LINES,interasia,YOKOHAMA,11,JPYOK,INTERASIA TENACITY,9V9131,NS1,Import/Export,N020,S021,2026/05/29,2026/05/30,2026/06/08,22:15,2026/06/08,23:00,2026/06/10,05:35
INTERASIA LINES,interasia,TOKYO,13,JPTYO,INTERASIA TENACITY,9V9131,NS1,Import/Export,N020,S021,2026/05/30,2026/05/31,2026/06/10,07:30,2026/06/10,17:28,2026/06/11,14:20
INTERASIA LINES,interasia,OSAKA,40,JPOSA,INTERASIA TENACITY,9V9131,NS1,Import/Export,N021,S022,2026/06/29,2026/06/30,2026/07/02,,2026/07/02,,2026/07/04,
INTERASIA LINES,interasia,KOBE,41,JPUKB,INTERASIA TENACITY,9V9131,NS1,Import/Export,N021,S022,2026/06/30,2026/07/01,2026/07/04,,2026/07/04,,2026/07/05,
INTERASIA LINES,interasia,NAGOYA,35,JPNGO,INTERASIA TENACITY,9V9131,NS1,Import/Export,N021,S022,2026/07/02,2026/07/02,2026/07/05,,2026/07/05,,2026/07/06,
INTERASIA LINES,interasia,YOKOHAMA,11,JPYOK,INTERASIA TRANSFORM,9V9129,NS3,Import/Export,N021,S022,2026/06/10,2026/06/10,2026/06/10,06:40,2026/06/10,07:35,2026/06/10,18:45
INTERASIA LINES,interasia,TOKYO,13,JPTYO,INTERASIA TRANSFORM,9V9129,NS3,Import/Export,N021,S022,2026/06/09,2026/06/10,2026/06/10,20:42,2026/06/11,15:23,2026/06/12,05:24
INTERASIA LINES,interasia,NAGOYA,35,JPNGO,INTERASIA TRANSFORM,9V9129,NS3,Import/Export,N021,S022,2026/06/12,2026/06/12,2026/06/12,18:40,2026/06/12,20:00,2026/06/13,12:55
INTERASIA LINES,interasia,OSAKA,40,JPOSA,INTERASIA TRANSFORM,9V9129,NS3,Import/Export,N021,S022,2026/06/13,2026/06/14,2026/06/14,07:11,2026/06/14,08:01,2026/06/14,18:18
INTERASIA LINES,interasia,KOBE,41,JPUKB,INTERASIA TRANSFORM,9V9129,NS3,Import/Export,N021,S022,2026/06/14,2026/06/14,2026/06/14,19:05,2026/06/14,20:00,2026/06/15,13:49
INTERASIA LINES,interasia,OSAKA,40,JPOSA,TAICHUNG,3EHI,JHS,Import/Export,N426,S427,2026/06/08,2026/06/09,2026/06/08,17:45,2026/06/08,18:32,2026/06/09,20:20
INTERASIA LINES,interasia,KOBE,41,JPUKB,TAICHUNG,3EHI,JHS,Import/Export,N426,S427,2026/06/09,2026/06/10,2026/06/09,21:10,2026/06/09,22:09,2026/06/10,14:24
INTERASIA LINES,interasia,OSAKA,40,JPOSA,TAICHUNG,3EHI,JHS,Import/Export,N427,S428,2026/06/29,2026/06/30,2026/06/29,19:00,2026/06/29,20:00,2026/06/30,17:30
INTERASIA LINES,interasia,KOBE,41,JPUKB,TAICHUNG,3EHI,JHS,Import/Export,N427,S428,2026/06/30,2026/07/01,2026/06/30,20:00,2026/06/30,21:00,2026/07/01,14:00
INTERASIA LINES,interasia,MOJI,70,JPMOJ,TS GUANGZHOU,V7A5825,PAS,Import/Export,N608,S609,2026/06/18,2026/06/18,2026/06/22,,2026/06/22,,2026/06/22,
INTERASIA LINES,interasia,HAKATA,77,JPHKT,TS GUANGZHOU,V7A5825,PAS,Import/Export,N608,S609,2026/06/19,2026/06/19,2026/06/23,,2026/06/23,,2026/06/23,
INTERASIA LINES,interasia,MOJI,70,JPMOJ,TS GUANGZHOU,V7A5825,PAS,Import/Export,N609,S610,2026/07/02,2026/07/02,2026/07/02,,2026/07/02,,2026/07/02,
INTERASIA LINES,interasia,HAKATA,77,JPHKT,TS GUANGZHOU,V7A5825,PAS,Import/Export,N609,S610,2026/07/03,2026/07/03,2026/07/03,,2026/07/03,,2026/07/03,
INTERASIA LINES,interasia,OSAKA,40,JPOSA,TS LIANYUNGANG,V7A7385,JHS,Import/Export,N611,S612,2026/06/01,2026/06/02,2026/06/01,19:43,2026/06/01,20:51,2026/06/02,17:28
INTERASIA LINES,interasia,KOBE,41,JPUKB,TS LIANYUNGANG,V7A7385,JHS,Import/Export,N611,S612,2026/06/02,2026/06/03,2026/06/03,11:00,2026/06/03,12:27,2026/06/03,21:10
INTERASIA LINES,interasia,OSAKA,40,JPOSA,TS LIANYUNGANG,V7A7385,JHS,Import/Export,N612,S613,2026/06/22,2026/06/23,2026/06/22,,2026/06/22,,2026/06/23,
INTERASIA LINES,interasia,KOBE,41,JPUKB,TS LIANYUNGANG,V7A7385,JHS,Import/Export,N612,S613,2026/06/23,2026/06/24,2026/06/23,,2026/06/23,,2026/06/24,
INTERASIA LINES,interasia,OSAKA,40,JPOSA,WAN HAI 172,VRFF4,JST,Import/Export,N409,S409,2026/06/01,2026/06/01,2026/06/04,07:00,2026/06/04,07:31,2026/06/04,16:49
INTERASIA LINES,interasia,MOJI,70,JPMOJ,WAN HAI 172,VRFF4,JST,Import/Export,N409,S409,2026/06/03,2026/06/03,2026/06/05,14:20,2026/06/05,15:11,2026/06/06,16:32
INTERASIA LINES,interasia,TOKUYAMA,62,JPTKY,WAN HAI 172,VRFF4,JST,Import/Export,N409,S409,2026/06/04,2026/06/05,2026/06/06,20:30,2026/06/07,13:06,2026/06/08,05:50
INTERASIA LINES,interasia,HAKATA,77,JPHKT,WAN HAI 172,VRFF4,JST,Import/Export,N409,S409,2026/06/03,2026/06/04,2026/06/08,14:18,2026/06/08,15:01,2026/06/08,23:52
INTERASIA LINES,interasia,MOJI,70,JPMOJ,WAN HAI 172,VRFF4,JST,Import/Export,N410,S410,2026/07/01,2026/07/01,2026/07/01,,2026/07/01,,2026/07/01,
INTERASIA LINES,interasia,OSAKA,40,JPOSA,WAN HAI 172,VRFF4,JST,Import/Export,N410,S410,2026/06/29,2026/06/29,2026/07/02,,2026/07/02,,2026/07/03,
INTERASIA LINES,interasia,HAKATA,77,JPHKT,WAN HAI 172,VRFF4,JST,Import/Export,N410,S410,2026/07/01,2026/07/02,2026/07/04,,2026/07/04,,2026/07/04,
INTERASIA LINES,interasia,OSAKA,40,JPOSA,WAN HAI 177,5LFU7,JST,Import/Export,N059,S059,2026/06/15,2026/06/15,2026/06/15,,2026/06/15,,2026/06/15,
INTERASIA LINES,interasia,MOJI,70,JPMOJ,WAN HAI 177,5LFU7,JST,Import/Export,N059,S059,2026/06/17,2026/06/17,2026/06/16,17:43,2026/06/16,20:04,2026/06/17,20:00
INTERASIA LINES,interasia,HAKATA,77,JPHKT,WAN HAI 177,5LFU7,JST,Import/Export,N059,S059,2026/06/17,2026/06/18,2026/06/18,02:00,2026/06/18,03:00,2026/06/18,12:00
INTERASIA LINES,interasia,MOJI,70,JPMOJ,WAN HAI 276,9V7690,JST,Import/Export,N060,S060,2026/06/10,2026/06/10,2026/06/09,,2026/06/09,,2026/06/10,
INTERASIA LINES,interasia,OSAKA,40,JPOSA,WAN HAI 276,9V7690,JST,Import/Export,N060,S060,2026/06/08,2026/06/08,2026/06/11,15:45,2026/06/11,16:36,2026/06/12,02:55
INTERASIA LINES,interasia,HAKATA,77,JPHKT,WAN HAI 276,9V7690,JST,Import/Export,N060,S060,2026/06/10,2026/06/11,2026/06/14,19:53,2026/06/14,20:33,2026/06/15,12:38
INTERASIA LINES,interasia,OSAKA,40,JPOSA,WAN HAI 277,9V6999,JST,Import/Export,N059,S059,2026/06/22,2026/06/22,2026/06/22,,2026/06/22,,2026/06/22,
INTERASIA LINES,interasia,MOJI,70,JPMOJ,WAN HAI 277,9V6999,JST,Import/Export,N059,S059,2026/06/24,2026/06/24,2026/06/27,,2026/06/27,,2026/06/28,
INTERASIA LINES,interasia,HAKATA,77,JPHKT,WAN HAI 277,9V6999,JST,Import/Export,N059,S059,2026/06/24,2026/06/25,2026/06/28,,2026/06/28,,2026/06/29,
INTERASIA LINES,interasia,KOBE,41,JPUKB,WAN HAI 288,9V6507,JSV,Import/Export,N108,S108,2026/06/01,2026/06/01,2026/06/04,07:00,2026/06/04,08:10,2026/06/04,15:40
INTERASIA LINES,interasia,OSAKA,40,JPOSA,WAN HAI 288,9V6507,JSV,Import/Export,N108,S108,2026/06/01,2026/06/02,2026/06/04,16:26,2026/06/04,17:08,2026/06/05,02:35
INTERASIA LINES,interasia,HAKATA,77,JPHKT,WAN HAI 288,9V6507,JSV,Import/Export,N109,S109,2026/06/20,2026/06/21,2026/06/20,,2026/06/20,,2026/06/21,
INTERASIA LINES,interasia,OSAKA,40,JPOSA,WAN HAI 288,9V6507,JSV,Import/Export,N109,S109,2026/06/22,2026/06/23,2026/06/25,,2026/06/25,,2026/06/26,
INTERASIA LINES,interasia,KOBE,41,JPUKB,WAN HAI 288,9V6507,JSV,Import/Export,N109,S109,2026/06/22,2026/06/22,2026/06/25,,2026/06/25,,2026/06/25,
INTERASIA LINES,interasia,HAKATA,77,JPHKT,WAN HAI 290,9V6509,JSV,Import/Export,N085,S085,2026/06/13,2026/06/14,2026/06/13,23:13,2026/06/14,00:07,2026/06/14,11:46
INTERASIA LINES,interasia,KOBE,41,JPUKB,WAN HAI 290,9V6509,JSV,Import/Export,N085,S085,2026/06/15,2026/06/15,2026/06/15,14:35,2026/06/15,15:18,2026/06/16,15:10
INTERASIA LINES,interasia,OSAKA,40,JPOSA,WAN HAI 290,9V6509,JSV,Import/Export,N085,S085,2026/06/15,2026/06/16,2026/06/16,16:10,2026/06/16,17:02,2026/06/17,11:30
INTERASIA LINES,interasia,HAKATA,77,JPHKT,WAN HAI 290,9V6509,JSV,Import/Export,N086,S086,2026/07/04,2026/07/05,2026/07/04,,2026/07/04,,2026/07/05,
INTERASIA LINES,interasia,TOKYO,13,JPTYO,WAN HAI 292,9V6512,JCV,Import/Export,N067,S068,2026/06/11,2026/06/12,2026/06/16,12:09,2026/06/16,12:57,2026/06/17,21:00
INTERASIA LINES,interasia,TOKYO,13,JPTYO,WAN HAI 292,9V6512,JCV,Import/Export,N068,S069,2026/07/02,2026/07/03,2026/07/02,,2026/07/02,,2026/07/03,
INTERASIA LINES,interasia,TOKYO,13,JPTYO,WAN HAI 296,9V6517,JCV,Import/Export,N058,S059,2026/06/04,2026/06/05,2026/06/06,19:53,2026/06/06,20:27,2026/06/08,05:10
INTERASIA LINES,interasia,TOKYO,13,JPTYO,WAN HAI 296,9V6517,JCV,Import/Export,N059,S060,2026/06/25,2026/06/26,2026/06/28,,2026/06/28,,2026/06/29,
INTERASIA LINES,interasia,TOKYO,13,JPTYO,WAN HAI 321,9V6491,JTS,Import/Export,N065,S065,2026/06/01,2026/06/02,2026/06/04,16:18,2026/06/04,16:52,2026/06/05,16:24
INTERASIA LINES,interasia,YOKOHAMA,11,JPYOK,WAN HAI 321,9V6491,JTS,Import/Export,N065,S065,2026/06/02,2026/06/03,2026/06/05,17:55,2026/06/05,18:40,2026/06/06,11:40
INTERASIA LINES,interasia,SHIMIZU,30,JPSMZ,WAN HAI 321,9V6491,JTS,Import/Export,N065,S065,2026/06/05,2026/06/05,2026/06/07,05:50,2026/06/07,06:25,2026/06/07,16:50
INTERASIA LINES,interasia,NAGOYA,35,JPNGO,WAN HAI 321,9V6491,JTS,Import/Export,N065,S065,2026/06/03,2026/06/04,2026/06/08,08:35,2026/06/08,09:50,2026/06/08,21:45
INTERASIA LINES,interasia,TOKYO,13,JPTYO,WAN HAI 321,9V6491,JTS,Import/Export,N066,S066,2026/06/29,2026/06/30,2026/07/04,,2026/07/04,,2026/07/05,
INTERASIA LINES,interasia,YOKOHAMA,11,JPYOK,WAN HAI 321,9V6491,JTS,Import/Export,N066,S066,2026/06/30,2026/07/01,2026/07/05,,2026/07/05,,2026/07/05,
INTERASIA LINES,interasia,NAGOYA,35,JPNGO,WAN HAI 322,9V6492,JTS,Import/Export,N059,S059,2026/06/10,2026/06/11,2026/06/10,17:30,2026/06/10,19:05,2026/06/11,17:30
INTERASIA LINES,interasia,SHIMIZU,30,JPSMZ,WAN HAI 322,9V6492,JTS,Import/Export,N059,S059,2026/06/12,2026/06/12,2026/06/12,07:50,2026/06/12,08:40,2026/06/12,21:23
INTERASIA LINES,interasia,TOKYO,13,JPTYO,WAN HAI 322,9V6492,JTS,Import/Export,N059,S059,2026/06/08,2026/06/09,2026/06/13,12:02,2026/06/13,12:33,2026/06/14,13:53
INTERASIA LINES,interasia,YOKOHAMA,11,JPYOK,WAN HAI 322,9V6492,JTS,Import/Export,N059,S059,2026/06/09,2026/06/10,2026/06/14,15:40,2026/06/14,16:20,2026/06/15,16:05
INTERASIA LINES,interasia,TOKYO,13,JPTYO,WAN HAI 325,9V6494,NS5,Import/Export,N059,S060,2026/06/28,2026/06/29,2026/06/28,,2026/06/28,,2026/06/29,
INTERASIA LINES,interasia,YOKOHAMA,11,JPYOK,WAN HAI 325,9V6494,NS5,Import/Export,N059,S060,2026/06/29,2026/06/30,2026/06/29,,2026/06/29,,2026/06/30,
INTERASIA LINES,interasia,TOKYO,13,JPTYO,WAN HAI 331,9V8494,JSM(SP2),Import/Export,N023,S024,2026/06/06,2026/06/07,2026/06/06,15:45,2026/06/06,16:33,2026/06/07,04:44
INTERASIA LINES,interasia,YOKOHAMA,11,JPYOK,WAN HAI 331,9V8494,JSM(SP2),Import/Export,N023,S024,2026/06/07,2026/06/08,2026/06/07,06:20,2026/06/07,07:00,2026/06/07,15:50
INTERASIA LINES,interasia,NAGOYA,35,JPNGO,WAN HAI 331,9V8494,JSM(SP2),Import/Export,N023,S024,2026/06/09,2026/06/10,2026/06/09,06:50,2026/06/09,08:05,2026/06/09,16:15
INTERASIA LINES,interasia,KOBE,41,JPUKB,WAN HAI 331,9V8494,JSM(SP2),Import/Export,N023,S024,2026/06/10,2026/06/12,2026/06/10,10:30,2026/06/10,11:38,2026/06/11,01:40
INTERASIA LINES,interasia,TOKYO,13,JPTYO,WAN HAI 331,9V8494,JSM(SP2),Import/Export,N024,S025,2026/07/04,2026/07/05,2026/07/04,07:00,2026/07/04,08:00,2026/07/05,12:00
INTERASIA LINES,interasia,YOKOHAMA,11,JPYOK,WAN HAI 331,9V8494,JSM(SP2),Import/Export,N024,S025,2026/07/05,2026/07/06,2026/07/05,13:00,2026/07/05,14:00,2026/07/06,00:01
INTERASIA LINES,interasia,YOKOHAMA,11,JPYOK,WAN HAI 332,9V8495,NS5,Import/Export,N013,S014,2026/06/22,2026/06/23,2026/06/15,,2026/06/15,,2026/06/16,
INTERASIA LINES,interasia,TOKYO,13,JPTYO,WAN HAI 332,9V8495,NS5,Import/Export,N013,S014,2026/06/21,2026/06/22,2026/06/21,,2026/06/21,,2026/06/23,
INTERASIA LINES,interasia,TOKYO,13,JPTYO,WAN HAI 335,9V8501,NS3,Import/Export,N014,S015,2026/06/23,2026/06/24,2026/06/25,,2026/06/25,,2026/06/26,
INTERASIA LINES,interasia,YOKOHAMA,11,JPYOK,WAN HAI 335,9V8501,NS3,Import/Export,N014,S015,2026/06/24,2026/06/24,2026/06/26,,2026/06/26,,2026/06/26,
INTERASIA LINES,interasia,NAGOYA,35,JPNGO,WAN HAI 335,9V8501,NS3,Import/Export,N014,S015,2026/06/26,2026/06/26,2026/06/27,,2026/06/27,,2026/06/28,
INTERASIA LINES,interasia,OSAKA,40,JPOSA,WAN HAI 335,9V8501,NS3,Import/Export,N014,S015,2026/06/27,2026/06/28,2026/06/29,,2026/06/29,,2026/06/30,
INTERASIA LINES,interasia,KOBE,41,JPUKB,WAN HAI 335,9V8501,NS3,Import/Export,N014,S015,2026/06/28,2026/06/28,2026/06/30,,2026/06/30,,2026/06/30,
INTERASIA LINES,interasia,TOKYO,13,JPTYO,WAN HAI 356,9V7385,NS3,Import/Export,N041,S042,2026/06/16,2026/06/17,2026/06/19,,2026/06/19,,2026/06/20,
INTERASIA LINES,interasia,YOKOHAMA,11,JPYOK,WAN HAI 356,9V7385,NS3,Import/Export,N041,S042,2026/06/17,2026/06/17,2026/06/20,,2026/06/20,,2026/06/20,
INTERASIA LINES,interasia,NAGOYA,35,JPNGO,WAN HAI 356,9V7385,NS3,Import/Export,N041,S042,2026/06/19,2026/06/19,2026/06/21,,2026/06/21,,2026/06/22,
INTERASIA LINES,interasia,OSAKA,40,JPOSA,WAN HAI 356,9V7385,NS3,Import/Export,N041,S042,2026/06/20,2026/06/21,2026/06/23,,2026/06/23,,2026/06/23,
INTERASIA LINES,interasia,KOBE,41,JPUKB,WAN HAI 356,9V7385,NS3,Import/Export,N041,S042,2026/06/21,2026/06/21,2026/06/23,,2026/06/23,,2026/06/24,
INTERASIA LINES,interasia,YOKOHAMA,11,JPYOK,WAN HAI 357,9V7389,NS3,Import/Export,N035,S036,2026/06/03,2026/06/03,2026/06/04,23:20,2026/06/05,00:10,2026/06/05,15:40
INTERASIA LINES,interasia,TOKYO,13,JPTYO,WAN HAI 357,9V7389,NS3,Import/Export,N035,S036,2026/06/02,2026/06/03,2026/06/05,17:37,2026/06/05,18:21,2026/06/06,05:25
INTERASIA LINES,interasia,NAGOYA,35,JPNGO,WAN HAI 357,9V7389,NS3,Import/Export,N035,S036,2026/06/05,2026/06/05,2026/06/06,19:45,2026/06/06,21:25,2026/06/07,10:50
INTERASIA LINES,interasia,KOBE,41,JPUKB,WAN HAI 357,9V7389,NS3,Import/Export,N035,S036,2026/06/07,2026/06/07,2026/06/08,06:40,2026/06/08,07:37,2026/06/08,19:47
INTERASIA LINES,interasia,OSAKA,40,JPOSA,WAN HAI 357,9V7389,NS3,Import/Export,N035,S036,2026/06/06,2026/06/07,2026/06/08,20:35,2026/06/08,21:16,2026/06/09,11:32
INTERASIA LINES,interasia,NAGOYA,35,JPNGO,WAN HAI 357,9V7389,NS3,Import/Export,N036,S037,2026/07/03,2026/07/03,2026/07/03,,2026/07/03,,2026/07/03,
INTERASIA LINES,interasia,TOKYO,13,JPTYO,WAN HAI 357,9V7389,NS3,Import/Export,N036,S037,2026/06/30,2026/07/01,2026/07/04,,2026/07/04,,2026/07/05,
INTERASIA LINES,interasia,YOKOHAMA,11,JPYOK,WAN HAI 357,9V7389,NS3,Import/Export,N036,S037,2026/07/01,2026/07/01,2026/07/05,,2026/07/05,,2026/07/05,
INTERASIA LINES,interasia,YOKOHAMA,11,JPYOK,WAN HAI 358,9V7390,NS1,Import/Export,N030,S031,2026/05/22,2026/05/23,2026/05/31,15:25,2026/05/31,16:05,2026/06/01,11:45
INTERASIA LINES,interasia,OSAKA,40,JPOSA,WAN HAI 358,9V7390,NS1,Import/Export,N031,S032,2026/06/22,2026/06/23,2026/06/23,,2026/06/23,,2026/06/24,
INTERASIA LINES,interasia,KOBE,41,JPUKB,WAN HAI 358,9V7390,NS1,Import/Export,N031,S032,2026/06/23,2026/06/24,2026/06/24,,2026/06/24,,2026/06/25,
INTERASIA LINES,interasia,NAGOYA,35,JPNGO,WAN HAI 358,9V7390,NS1,Import/Export,N031,S032,2026/06/25,2026/06/25,2026/06/25,,2026/06/25,,2026/06/26,
INTERASIA LINES,interasia,YOKOHAMA,11,JPYOK,WAN HAI 358,9V7390,NS1,Import/Export,N031,S032,2026/06/26,2026/06/27,2026/06/26,,2026/06/26,,2026/06/27,
INTERASIA LINES,interasia,TOKYO,13,JPTYO,WAN HAI 358,9V7390,NS1,Import/Export,N031,S032,2026/06/27,2026/06/28,2026/06/27,,2026/06/27,,2026/06/28,
INTERASIA LINES,interasia,TOKYO,13,JPTYO,WAN HAI 363,9V7395,JTS,Import/Export,N036,S036,2026/06/15,2026/06/16,2026/06/15,,2026/06/15,,2026/06/16,
INTERASIA LINES,interasia,YOKOHAMA,11,JPYOK,WAN HAI 363,9V7395,JTS,Import/Export,N036,S036,2026/06/16,2026/06/17,2026/06/16,,2026/06/16,,2026/06/17,
INTERASIA LINES,interasia,NAGOYA,35,JPNGO,WAN HAI 363,9V7395,JTS,Import/Export,N036,S036,2026/06/17,2026/06/18,2026/06/21,,2026/06/21,,2026/06/22,
INTERASIA LINES,interasia,SHIMIZU,30,JPSMZ,WAN HAI 363,9V7395,JTS,Import/Export,N036,S036,2026/06/19,2026/06/19,2026/06/22,,2026/06/22,,2026/06/23,
INTERASIA LINES,interasia,YOKOHAMA,11,JPYOK,WAN HAI 365,9V7846,NS5,Import/Export,N042,S043,2026/06/08,2026/06/09,2026/06/13,15:30,2026/06/13,16:15,2026/06/14,14:40
INTERASIA LINES,interasia,TOKYO,13,JPTYO,WAN HAI 365,9V7846,NS5,Import/Export,N042,S043,2026/06/07,2026/06/08,2026/06/14,16:36,2026/06/15,18:33,2026/06/16,17:54
INTERASIA LINES,interasia,TOKYO,13,JPTYO,WAN HAI 367,9V7852,JTS,Import/Export,N032,S032,2026/06/22,2026/06/23,2026/06/26,,2026/06/26,,2026/06/27,
INTERASIA LINES,interasia,YOKOHAMA,11,JPYOK,WAN HAI 367,9V7852,JTS,Import/Export,N032,S032,2026/06/23,2026/06/24,2026/06/27,,2026/06/27,,2026/06/28,
INTERASIA LINES,interasia,NAGOYA,35,JPNGO,WAN HAI 367,9V7852,JTS,Import/Export,N032,S032,2026/06/24,2026/06/25,2026/06/28,,2026/06/28,,2026/06/29,
INTERASIA LINES,interasia,SHIMIZU,30,JPSMZ,WAN HAI 367,9V7852,JTS,Import/Export,N032,S032,2026/06/26,2026/06/26,2026/06/30,,2026/06/30,,2026/06/30,
INTERASIA LINES,interasia,OSAKA,40,JPOSA,WAN HAI 368,9V7853,NS1,Import/Export,N036,S037,2026/06/01,2026/06/02,2026/06/05,09:05,2026/06/05,09:55,2026/06/06,05:58
INTERASIA LINES,interasia,KOBE,41,JPUKB,WAN HAI 368,9V7853,NS1,Import/Export,N036,S037,2026/06/02,2026/06/03,2026/06/06,06:45,2026/06/06,07:58,2026/06/06,18:45
INTERASIA LINES,interasia,NAGOYA,35,JPNGO,WAN HAI 368,9V7853,NS1,Import/Export,N036,S037,2026/06/04,2026/06/04,2026/06/07,14:50,2026/06/07,16:15,2026/06/08,07:50
INTERASIA LINES,interasia,TOKYO,13,JPTYO,WAN HAI 368,9V7853,NS1,Import/Export,N036,S037,2026/06/06,2026/06/07,2026/06/09,21:54,2026/06/09,22:38,2026/06/10,16:27
INTERASIA LINES,interasia,YOKOHAMA,11,JPYOK,WAN HAI 368,9V7853,NS1,Import/Export,N036,S037,2026/06/05,2026/06/06,2026/06/10,18:12,2026/06/10,20:05,2026/06/11,15:00
INTERASIA LINES,interasia,OSAKA,40,JPOSA,WAN HAI 370,9V7859,NS1,Import/Export,N028,S029,2026/06/08,2026/06/09,2026/06/15,16:31,2026/06/15,17:12,2026/06/16,15:36
INTERASIA LINES,interasia,KOBE,41,JPUKB,WAN HAI 370,9V7859,NS1,Import/Export,N028,S029,2026/06/09,2026/06/10,2026/06/16,16:20,2026/06/16,17:20,2026/06/17,03:57
INTERASIA LINES,interasia,NAGOYA,35,JPNGO,WAN HAI 370,9V7859,NS1,Import/Export,N028,S029,2026/06/11,2026/06/11,2026/06/17,20:30,2026/06/17,21:30,2026/06/18,07:30
INTERASIA LINES,interasia,YOKOHAMA,11,JPYOK,WAN HAI 370,9V7859,NS1,Import/Export,N028,S029,2026/06/12,2026/06/13,2026/06/18,,2026/06/18,,2026/06/19,
INTERASIA LINES,interasia,TOKYO,13,JPTYO,WAN HAI 370,9V7859,NS1,Import/Export,N028,S029,2026/06/13,2026/06/14,2026/06/19,,2026/06/19,,2026/06/20,
INTERASIA LINES,interasia,MOJI,70,JPMOJ,YM CERTAINTY,D5WR3,PAS,Import/Export,N084,S085,2026/05/28,2026/05/28,2026/06/08,05:51,2026/06/08,07:46,2026/06/08,22:20
INTERASIA LINES,interasia,HAKATA,77,JPHKT,YM CERTAINTY,D5WR3,PAS,Import/Export,N084,S085,2026/05/29,2026/05/29,2026/06/09,04:36,2026/06/09,05:23,2026/06/09,17:15
INTERASIA LINES,interasia,MOJI,70,JPMOJ,YM CERTAINTY,D5WR3,PAS,Import/Export,N085,S086,2026/06/25,2026/06/25,2026/07/01,04:00,2026/07/01,05:00,2026/07/01,14:00
INTERASIA LINES,interasia,HAKATA,77,JPHKT,YM CERTAINTY,D5WR3,PAS,Import/Export,N085,S086,2026/06/26,2026/06/26,2026/07/01,23:00,2026/07/02,00:00,2026/07/02,13:00
"KOREA MARINE TRANSPORT CO., LTD.",kmtc,NAGOYA,35,JPNGO,AMOUREUX,5LHN4,VTX3,Import/Export,2611N,2612S,2026/06/07,2026/06/08,2026/06/09,09:05,2026/06/09,10:25,2026/06/09,19:20
"KOREA MARINE TRANSPORT CO., LTD.",kmtc,TOKYO,13,JPTYO,AMOUREUX,5LHN4,VTX3,Import/Export,2611N,2612S,2026/06/09,2026/06/10,2026/06/10,12:22,2026/06/10,12:51,2026/06/11,04:53
"KOREA MARINE TRANSPORT CO., LTD.",kmtc,YOKOHAMA,11,JPYOK,AMOUREUX,5LHN4,VTX3,Import/Export,2611N,2612S,2026/06/09,2026/06/10,2026/06/11,06:30,2026/06/11,07:00,2026/06/11,12:10
"KOREA MARINE TRANSPORT CO., LTD.",kmtc,TOKYO,13,JPTYO,ATLANTIC BRIDGE,9V7910,JEK5,Import/Export,2616E,2616W,2026/05/29,2026/05/29,2026/06/09,10:58,2026/06/09,12:03,2026/06/09,20:30
"KOREA MARINE TRANSPORT CO., LTD.",kmtc,CHIBA,14,JPCHB,ATLANTIC BRIDGE,9V7910,JEK5,Import/Export,2616E,2616W,2026/05/30,2026/05/30,2026/06/09,21:55,2026/06/09,23:00,2026/06/10,03:00
"KOREA MARINE TRANSPORT CO., LTD.",kmtc,YOKOHAMA,11,JPYOK,ATLANTIC BRIDGE,9V7910,JEK5,Import/Export,2616E,2616W,2026/05/29,2026/05/30,2026/06/10,06:30,2026/06/10,07:12,2026/06/10,12:55
"KOREA MARINE TRANSPORT CO., LTD.",kmtc,YOKOHAMA,11,JPYOK,ATLANTIC BRIDGE,9V7910,JEK5,Import/Export,2618E,2618W,2026/06/19,2026/06/20,2026/06/19,,2026/06/19,,2026/06/20,
"KOREA MARINE TRANSPORT CO., LTD.",kmtc,TOKYO,13,JPTYO,ATLANTIC BRIDGE,9V7910,JEK5,Import/Export,2618E,2618W,2026/06/19,2026/06/19,2026/06/19,,2026/06/19,,2026/06/19,
"KOREA MARINE TRANSPORT CO., LTD.",kmtc,CHIBA,14,JPCHB,ATLANTIC BRIDGE,9V7910,JEK5,Import/Export,2618E,2618W,2026/06/20,2026/06/20,2026/06/20,,2026/06/20,,2026/06/20,
"KOREA MARINE TRANSPORT CO., LTD.",kmtc,SHIMIZU,30,JPSMZ,ATLANTIC BRIDGE,9V7910,JEK4,Import/Export,2619E,2619W,2026/06/28,2026/06/28,2026/06/28,,2026/06/28,,2026/06/28,
"KOREA MARINE TRANSPORT CO., LTD.",kmtc,YOKOHAMA,11,JPYOK,ATLANTIC BRIDGE,9V7910,JEK4,Import/Export,2619E,2619W,2026/06/29,2026/06/29,2026/06/29,,2026/06/29,,2026/06/29,
"KOREA MARINE TRANSPORT CO., LTD.",kmtc,TOKYO,13,JPTYO,ATLANTIC BRIDGE,9V7910,JEK4,Import/Export,2619E,2619W,2026/06/29,2026/06/29,2026/06/29,,2026/06/29,,2026/06/29,
"KOREA MARINE TRANSPORT CO., LTD.",kmtc,NAGOYA,35,JPNGO,ATLANTIC BRIDGE,9V7910,JEK4,Import/Export,2619E,2619W,2026/06/30,2026/06/30,2026/06/30,,2026/06/30,,2026/06/30,
"KOREA MARINE TRANSPORT CO., LTD.",kmtc,MOJI,70,JPMOJ,DONGJIN FIDES,D7UV,BKS2,Import/Export,0707S,0707N,2026/05/29,2026/05/29,2026/05/30,16:05,2026/06/01,06:50,2026/06/01,11:56
"KOREA MARINE TRANSPORT CO., LTD.",kmtc,HAKATA,77,JPHKT,DONGJIN FIDES,D7UV,BKS2,Import/Export,0707S,0707N,2026/05/30,2026/05/30,2026/06/01,16:52,2026/06/01,17:27,2026/06/01,20:55
"KOREA MARINE TRANSPORT CO., LTD.",kmtc,HAKATA,77,JPHKT,DONGJIN FIDES,D7UV,BKS4,Import/Export,0708S,0708N,2026/06/02,2026/06/02,2026/06/03,07:23,2026/06/03,07:57,2026/06/03,11:27
"KOREA MARINE TRANSPORT CO., LTD.",kmtc,TOKUYAMA,62,JPTKY,DONGJIN FIDES,D7UV,BKS4,Import/Export,0708S,0708N,2026/06/02,2026/06/02,2026/06/03,20:40,2026/06/03,21:30,2026/06/03,23:55
"KOREA MARINE TRANSPORT CO., LTD.",kmtc,MOJI,70,JPMOJ,DONGJIN FIDES,D7UV,BKS4,Import/Export,0708S,0708N,2026/06/03,2026/06/03,2026/06/04,06:52,2026/06/04,07:15,2026/06/04,11:50
"KOREA MARINE TRANSPORT CO., LTD.",kmtc,HAKATA,77,JPHKT,DONGJIN FIDES,D7UV,BKS2,Import/Export,0709S,0709N,2026/06/06,2026/06/06,2026/06/08,01:45,2026/06/08,12:27,2026/06/08,17:34
"KOREA MARINE TRANSPORT CO., LTD.",kmtc,MOJI,70,JPMOJ,DONGJIN FIDES,D7UV,BKS2,Import/Export,0709S,0709N,2026/06/05,2026/06/05,2026/06/08,22:40,2026/06/09,07:48,2026/06/09,11:10
"KOREA MARINE TRANSPORT CO., LTD.",kmtc,TOKUYAMA,62,JPTKY,DONGJIN FIDES,D7UV,BKS2,Import/Export,0709S,0709N,2026/06/05,2026/06/05,2026/06/09,16:48,2026/06/09,17:30,2026/06/09,20:10
"KOREA MARINE TRANSPORT CO., LTD.",kmtc,HAKATA,77,JPHKT,DONGJIN FIDES,D7UV,BKS3,Import/Export,0710S,0710N,2026/06/09,2026/06/09,2026/06/11,16:54,2026/06/11,17:32,2026/06/11,21:11
"KOREA MARINE TRANSPORT CO., LTD.",kmtc,MOJI,70,JPMOJ,DONGJIN FIDES,D7UV,BKS3,Import/Export,0710S,0710N,2026/06/10,2026/06/10,2026/06/12,16:22,2026/06/12,18:10,2026/06/13,02:25
"KOREA MARINE TRANSPORT CO., LTD.",kmtc,MOJI,70,JPMOJ,DONGJIN FIDES,D7UV,BKS2,Import/Export,0711S,0711N,2026/06/12,2026/06/12,2026/06/15,09:50,2026/06/15,11:27,2026/06/15,16:41
"KOREA MARINE TRANSPORT CO., LTD.",kmtc,HAKATA,77,JPHKT,DONGJIN FIDES,D7UV,BKS2,Import/Export,0711S,0711N,2026/06/13,2026/06/13,2026/06/16,05:27,2026/06/16,06:05,2026/06/16,11:41
"KOREA MARINE TRANSPORT CO., LTD.",kmtc,TOKUYAMA,62,JPTKY,DONGJIN FIDES,D7UV,BKS2,Import/Export,0711S,0711N,2026/06/12,2026/06/12,2026/06/16,20:54,2026/06/16,21:40,2026/06/17,01:25
"KOREA MARINE TRANSPORT CO., LTD.",kmtc,HAKATA,77,JPHKT,DONGJIN FIDES,D7UV,BKS4,Import/Export,0712S,0712N,2026/06/16,2026/06/16,2026/06/18,,2026/06/18,,2026/06/18,
"KOREA MARINE TRANSPORT CO., LTD.",kmtc,TOKUYAMA,62,JPTKY,DONGJIN FIDES,D7UV,BKS4,Import/Export,0712S,0712N,2026/06/16,2026/06/17,2026/06/19,,2026/06/19,,2026/06/19,
"KOREA MARINE TRANSPORT CO., LTD.",kmtc,MOJI,70,JPMOJ,DONGJIN FIDES,D7UV,BKS4,Import/Export,0712S,0712N,2026/06/17,2026/06/17,2026/06/19,,2026/06/19,,2026/06/19,
"KOREA MARINE TRANSPORT CO., LTD.",kmtc,TOKUYAMA,62,JPTKY,DONGJIN FIDES,D7UV,BKS2,Import/Export,0713S,0713N,2026/06/19,2026/06/19,2026/06/21,,2026/06/21,,2026/06/21,
"KOREA MARINE TRANSPORT CO., LTD.",kmtc,MOJI,70,JPMOJ,DONGJIN FIDES,D7UV,BKS2,Import/Export,0713S,0713N,2026/06/19,2026/06/19,2026/06/21,,2026/06/21,,2026/06/21,
"KOREA MARINE TRANSPORT CO., LTD.",kmtc,HAKATA,77,JPHKT,DONGJIN FIDES,D7UV,BKS2,Import/Export,0713S,0713N,2026/06/20,2026/06/20,2026/06/22,,2026/06/22,,2026/06/22,
"KOREA MARINE TRANSPORT CO., LTD.",kmtc,HAKATA,77,JPHKT,DONGJIN FIDES,D7UV,BKS3,Import/Export,0714S,0714N,2026/06/23,2026/06/23,2026/06/24,,2026/06/24,,2026/06/24,
"KOREA MARINE TRANSPORT CO., LTD.",kmtc,MOJI,70,JPMOJ,DONGJIN FIDES,D7UV,BKS3,Import/Export,0714S,0714N,2026/06/24,2026/06/24,2026/06/25,,2026/06/25,,2026/06/25,
"KOREA MARINE TRANSPORT CO., LTD.",kmtc,TOKUYAMA,62,JPTKY,DONGJIN FIDES,D7UV,BKS2,Import/Export,0715S,0715N,2026/06/26,2026/06/26,2026/06/27,,2026/06/27,,2026/06/27,
"KOREA MARINE TRANSPORT CO., LTD.",kmtc,MOJI,70,JPMOJ,DONGJIN FIDES,D7UV,BKS2,Import/Export,0715S,0715N,2026/06/26,2026/06/26,2026/06/27,,2026/06/27,,2026/06/27,
"KOREA MARINE TRANSPORT CO., LTD.",kmtc,HAKATA,77,JPHKT,DONGJIN FIDES,D7UV,BKS2,Import/Export,0715S,0715N,2026/06/27,2026/06/27,2026/06/28,,2026/06/28,,2026/06/28,
"KOREA MARINE TRANSPORT CO., LTD.",kmtc,TOKUYAMA,62,JPTKY,DONGJIN FIDES,D7UV,BKS4,Import/Export,0716S,0716N,2026/06/30,2026/07/01,2026/06/30,,2026/06/30,,2026/06/30,
"KOREA MARINE TRANSPORT CO., LTD.",kmtc,HAKATA,77,JPHKT,DONGJIN FIDES,D7UV,BKS4,Import/Export,0716S,0716N,2026/06/30,2026/06/30,2026/06/30,,2026/06/30,,2026/06/30,
"KOREA MARINE TRANSPORT CO., LTD.",kmtc,MOJI,70,JPMOJ,DONGJIN FIDES,D7UV,BKS4,Import/Export,0716S,0716N,2026/07/01,2026/07/01,2026/07/01,,2026/07/01,,2026/07/01,
"KOREA MARINE TRANSPORT CO., LTD.",kmtc,TOKUYAMA,62,JPTKY,DONGJIN FIDES,D7UV,BKS2,Import/Export,0717S,0717N,2026/07/03,2026/07/03,2026/07/03,,2026/07/03,,2026/07/03,
"KOREA MARINE TRANSPORT CO., LTD.",kmtc,MOJI,70,JPMOJ,DONGJIN FIDES,D7UV,BKS2,Import/Export,0717S,0717N,2026/07/03,2026/07/03,2026/07/03,,2026/07/03,,2026/07/03,
"KOREA MARINE TRANSPORT CO., LTD.",kmtc,HAKATA,77,JPHKT,DONGJIN FIDES,D7UV,BKS2,Import/Export,0717S,0717N,2026/07/04,2026/07/04,2026/07/04,,2026/07/04,,2026/07/04,
"KOREA MARINE TRANSPORT CO., LTD.",kmtc,SATSUMA SENDAI,97,JPSEN,HONOR BRIGHT,3E8847,JKS2,Import/Export,2620E,2620W,2026/06/01,2026/06/01,2026/06/04,08:01,2026/06/04,08:40,2026/06/04,16:15
"KOREA MARINE TRANSPORT CO., LTD.",kmtc,SAKAIMINATO,29,JPSMN,HONOR BRIGHT,3E8847,JKS2,Import/Export,2621E,2621W,2026/06/04,2026/06/04,2026/06/06,15:45,2026/06/07,13:30,2026/06/07,16:10
"KOREA MARINE TRANSPORT CO., LTD.",kmtc,MAIZURU,28,JPMAI,HONOR BRIGHT,3E8847,JKS2,Import/Export,2621E,2621W,2026/06/05,2026/06/05,2026/06/08,07:16,2026/06/08,08:10,2026/06/08,11:50
"KOREA MARINE TRANSPORT CO., LTD.",kmtc,TSURUGA,27,JPTRG,HONOR BRIGHT,3E8847,JKS2,Import/Export,2621E,2621W,2026/06/05,2026/06/05,2026/06/08,15:40,2026/06/09,13:10,2026/06/09,16:30
"KOREA MARINE TRANSPORT CO., LTD.",kmtc,KANAZAWA,26,JPKNZ,HONOR BRIGHT,3E8847,JKS2,Import/Export,2621E,2621W,2026/06/06,2026/06/06,2026/06/10,08:09,2026/06/10,09:00,2026/06/10,17:20
"KOREA MARINE TRANSPORT CO., LTD.",kmtc,SATSUMA SENDAI,97,JPSEN,HONOR BRIGHT,3E8847,JKS2,Import/Export,2621E,2621W,2026/06/08,2026/06/08,2026/06/12,07:44,2026/06/12,08:55,2026/06/12,17:20
"KOREA MARINE TRANSPORT CO., LTD.",kmtc,TSURUGA,27,JPTRG,HONOR BRIGHT,3E8847,JKS2,Import/Export,2622E,2622W,2026/06/12,2026/06/12,2026/06/15,12:26,2026/06/15,13:10,2026/06/15,16:50
"KOREA MARINE TRANSPORT CO., LTD.",kmtc,KANAZAWA,26,JPKNZ,HONOR BRIGHT,3E8847,JKS2,Import/Export,2622E,2622W,2026/06/13,2026/06/13,2026/06/16,06:23,2026/06/16,07:15,2026/06/16,11:10
"KOREA MARINE TRANSPORT CO., LTD.",kmtc,MAIZURU,28,JPMAI,HONOR BRIGHT,3E8847,JKS2,Import/Export,2622E,2622W,2026/06/12,2026/06/12,2026/06/17,07:09,2026/06/17,08:00,2026/06/17,13:30
"KOREA MARINE TRANSPORT CO., LTD.",kmtc,SAKAIMINATO,29,JPSMN,HONOR BRIGHT,3E8847,JKS2,Import/Export,2622E,2622W,2026/06/11,2026/06/11,2026/06/18,06:30,2026/06/18,07:30,2026/06/18,09:00
"KOREA MARINE TRANSPORT CO., LTD.",kmtc,SATSUMA SENDAI,97,JPSEN,HONOR BRIGHT,3E8847,JKS2,Import/Export,2622E,2622W,2026/06/15,2026/06/15,2026/06/19,12:00,2026/06/19,13:00,2026/06/20,16:00
"KOREA MARINE TRANSPORT CO., LTD.",kmtc,SAKAIMINATO,29,JPSMN,HONOR BRIGHT,3E8847,JKS2,Import/Export,2623E,2623W,2026/06/18,2026/06/18,2026/06/25,,2026/06/25,,2026/06/25,
"KOREA MARINE TRANSPORT CO., LTD.",kmtc,TSURUGA,27,JPTRG,HONOR BRIGHT,3E8847,JKS2,Import/Export,2623E,2623W,2026/06/19,2026/06/19,2026/06/25,,2026/06/25,,2026/06/26,
"KOREA MARINE TRANSPORT CO., LTD.",kmtc,MAIZURU,28,JPMAI,HONOR BRIGHT,3E8847,JKS2,Import/Export,2623E,2623W,2026/06/19,2026/06/19,2026/06/26,,2026/06/26,,2026/06/26,
"KOREA MARINE TRANSPORT CO., LTD.",kmtc,KANAZAWA,26,JPKNZ,HONOR BRIGHT,3E8847,JKS2,Import/Export,2623E,2623W,2026/06/20,2026/06/20,2026/06/26,,2026/06/26,,2026/06/27,
"KOREA MARINE TRANSPORT CO., LTD.",kmtc,SATSUMA SENDAI,97,JPSEN,HONOR BRIGHT,3E8847,JKS2,Import/Export,2623E,2623W,2026/06/22,2026/06/22,2026/06/28,,2026/06/28,,2026/06/28,
"KOREA MARINE TRANSPORT CO., LTD.",kmtc,SAKAIMINATO,29,JPSMN,HONOR BRIGHT,3E8847,JKS2,Import/Export,2624E,2624W,2026/06/25,2026/06/25,2026/07/01,,2026/07/01,,2026/07/02,
"KOREA MARINE TRANSPORT CO., LTD.",kmtc,TSURUGA,27,JPTRG,HONOR BRIGHT,3E8847,JKS2,Import/Export,2624E,2624W,2026/06/26,2026/06/26,2026/07/02,,2026/07/02,,2026/07/02,
"KOREA MARINE TRANSPORT CO., LTD.",kmtc,MAIZURU,28,JPMAI,HONOR BRIGHT,3E8847,JKS2,Import/Export,2624E,2624W,2026/06/26,2026/06/26,2026/07/03,,2026/07/03,,2026/07/03,
"KOREA MARINE TRANSPORT CO., LTD.",kmtc,KANAZAWA,26,JPKNZ,HONOR BRIGHT,3E8847,JKS2,Import/Export,2624E,2624W,2026/06/27,2026/06/27,2026/07/03,,2026/07/03,,2026/07/03,
"KOREA MARINE TRANSPORT CO., LTD.",kmtc,SATSUMA SENDAI,97,JPSEN,HONOR BRIGHT,3E8847,JKS2,Import/Export,2624E,2624W,2026/06/29,2026/06/29,2026/07/05,,2026/07/05,,2026/07/05,
"KOREA MARINE TRANSPORT CO., LTD.",kmtc,HIROSHIMA,51,JPHIJ,HONOR VOYAGER,3E3843,JEH2,Import/Export,2622E,2622W,2026/06/02,2026/06/02,2026/06/02,12:59,2026/06/02,13:30,2026/06/02,17:00
"KOREA MARINE TRANSPORT CO., LTD.",kmtc,KOBE,41,JPUKB,HONOR VOYAGER,3E3843,JEH2,Import/Export,2622E,2622W,2026/06/03,2026/06/03,2026/06/03,20:00,2026/06/04,07:13,2026/06/04,13:33
"KOREA MARINE TRANSPORT CO., LTD.",kmtc,OSAKA,40,JPOSA,HONOR VOYAGER,3E3843,JEH2,Import/Export,2622E,2622W,2026/06/03,2026/06/03,2026/06/04,14:45,2026/06/04,15:36,2026/06/04,21:15
"KOREA MARINE TRANSPORT CO., LTD.",kmtc,TAKAMATSU,64,JPTAK,HONOR VOYAGER,3E3843,JEH2,Import/Export,2622E,2622W,2026/06/04,2026/06/04,2026/06/05,07:16,2026/06/05,07:45,2026/06/05,11:00
"KOREA MARINE TRANSPORT CO., LTD.",kmtc,MIZUSHIMA,50,JPMIZ,HONOR VOYAGER,3E3843,JEH2,Import/Export,2622E,2622W,2026/06/04,2026/06/04,2026/06/05,12:44,2026/06/05,13:24,2026/06/05,17:55
"KOREA MARINE TRANSPORT CO., LTD.",kmtc,HIROSHIMA,51,JPHIJ,HONOR VOYAGER,3E3843,JEH2,Import/Export,2623E,2623W,2026/06/09,2026/06/09,2026/06/09,13:00,2026/06/09,15:00,2026/06/09,19:20
"KOREA MARINE TRANSPORT CO., LTD.",kmtc,KOBE,41,JPUKB,HONOR VOYAGER,3E3843,JEH2,Import/Export,2623E,2623W,2026/06/10,2026/06/10,2026/06/10,08:40,2026/06/10,09:55,2026/06/10,15:19
"KOREA MARINE TRANSPORT CO., LTD.",kmtc,OSAKA,40,JPOSA,HONOR VOYAGER,3E3843,JEH2,Import/Export,2623E,2623W,2026/06/10,2026/06/10,2026/06/10,15:56,2026/06/10,16:44,2026/06/10,22:10
"KOREA MARINE TRANSPORT CO., LTD.",kmtc,TAKAMATSU,64,JPTAK,HONOR VOYAGER,3E3843,JEH2,Import/Export,2623E,2623W,2026/06/11,2026/06/11,2026/06/11,07:17,2026/06/11,07:50,2026/06/11,10:35
"KOREA MARINE TRANSPORT CO., LTD.",kmtc,MIZUSHIMA,50,JPMIZ,HONOR VOYAGER,3E3843,JEH2,Import/Export,2623E,2623W,2026/06/11,2026/06/11,2026/06/11,12:30,2026/06/11,13:24,2026/06/11,18:39
"KOREA MARINE TRANSPORT CO., LTD.",kmtc,HIROSHIMA,51,JPHIJ,HONOR VOYAGER,3E3843,JEH2,Import/Export,2624E,2624W,2026/06/16,2026/06/16,2026/06/16,06:45,2026/06/16,07:36,2026/06/16,10:35
"KOREA MARINE TRANSPORT CO., LTD.",kmtc,OSAKA,40,JPOSA,HONOR VOYAGER,3E3843,JEH2,Import/Export,2624E,2624W,2026/06/17,2026/06/17,2026/06/17,06:16,2026/06/17,07:00,2026/06/17,14:45
"KOREA MARINE TRANSPORT CO., LTD.",kmtc,KOBE,41,JPUKB,HONOR VOYAGER,3E3843,JEH2,Import/Export,2624E,2624W,2026/06/17,2026/06/17,2026/06/17,15:50,2026/06/17,16:50,2026/06/17,21:30
"KOREA MARINE TRANSPORT CO., LTD.",kmtc,TAKAMATSU,64,JPTAK,HONOR VOYAGER,3E3843,JEH2,Import/Export,2624E,2624W,2026/06/18,2026/06/18,2026/06/18,,2026/06/18,,2026/06/18,
"KOREA MARINE TRANSPORT CO., LTD.",kmtc,MIZUSHIMA,50,JPMIZ,HONOR VOYAGER,3E3843,JEH2,Import/Export,2624E,2624W,2026/06/18,2026/06/18,2026/06/18,14:30,2026/06/18,15:30,2026/06/18,19:00
"KOREA MARINE TRANSPORT CO., LTD.",kmtc,HIROSHIMA,51,JPHIJ,HONOR VOYAGER,3E3843,JEH2,Import/Export,2625E,2625W,2026/06/23,2026/06/23,2026/06/23,,2026/06/23,,2026/06/23,
"KOREA MARINE TRANSPORT CO., LTD.",kmtc,KOBE,41,JPUKB,HONOR VOYAGER,3E3843,JEH2,Import/Export,2625E,2625W,2026/06/24,2026/06/24,2026/06/24,,2026/06/24,,2026/06/24,
"KOREA MARINE TRANSPORT CO., LTD.",kmtc,OSAKA,40,JPOSA,HONOR VOYAGER,3E3843,JEH2,Import/Export,2625E,2625W,2026/06/24,2026/06/24,2026/06/24,,2026/06/24,,2026/06/24,
"KOREA MARINE TRANSPORT CO., LTD.",kmtc,TAKAMATSU,64,JPTAK,HONOR VOYAGER,3E3843,JEH2,Import/Export,2625E,2625W,2026/06/25,2026/06/25,2026/06/25,,2026/06/25,,2026/06/25,
"KOREA MARINE TRANSPORT CO., LTD.",kmtc,MIZUSHIMA,50,JPMIZ,HONOR VOYAGER,3E3843,JEH2,Import/Export,2625E,2625W,2026/06/25,2026/06/25,2026/06/25,,2026/06/25,,2026/06/25,
"KOREA MARINE TRANSPORT CO., LTD.",kmtc,HIROSHIMA,51,JPHIJ,HONOR VOYAGER,3E3843,JEH2,Import/Export,2626E,2626W,2026/06/30,2026/06/30,2026/06/30,,2026/06/30,,2026/06/30,
"KOREA MARINE TRANSPORT CO., LTD.",kmtc,KOBE,41,JPUKB,HONOR VOYAGER,3E3843,JEH2,Import/Export,2626E,2626W,2026/07/01,2026/07/01,2026/07/01,,2026/07/01,,2026/07/01,
"KOREA MARINE TRANSPORT CO., LTD.",kmtc,OSAKA,40,JPOSA,HONOR VOYAGER,3E3843,JEH2,Import/Export,2626E,2626W,2026/07/01,2026/07/01,2026/07/01,,2026/07/01,,2026/07/01,
"KOREA MARINE TRANSPORT CO., LTD.",kmtc,TAKAMATSU,64,JPTAK,HONOR VOYAGER,3E3843,JEH2,Import/Export,2626E,2626W,2026/07/02,2026/07/02,2026/07/02,,2026/07/02,,2026/07/02,
"KOREA MARINE TRANSPORT CO., LTD.",kmtc,MIZUSHIMA,50,JPMIZ,HONOR VOYAGER,3E3843,JEH2,Import/Export,2626E,2626W,2026/07/02,2026/07/02,2026/07/02,,2026/07/02,,2026/07/02,
"KOREA MARINE TRANSPORT CO., LTD.",kmtc,MOJI,70,JPMOJ,JI XIANG,VRXU8,JKW3,Import/Export,2602E,2602W,2026/06/29,2026/06/29,2026/06/29,,2026/06/29,,2026/06/29,
"KOREA MARINE TRANSPORT CO., LTD.",kmtc,IMARI,87,JPIMI,JI XIANG,VRXU8,JKW3,Import/Export,2602E,2602W,2026/06/30,2026/06/30,2026/06/30,,2026/06/30,,2026/06/30,
"KOREA MARINE TRANSPORT CO., LTD.",kmtc,NAGASAKI,92,JPNGS,JI XIANG,VRXU8,JKW3,Import/Export,2602E,2602W,2026/07/01,2026/07/01,2026/07/01,,2026/07/01,,2026/07/01,
"KOREA MARINE TRANSPORT CO., LTD.",kmtc,SHIBUSHI,91,JPSBS,JI XIANG,VRXU8,JKW3,Import/Export,2602E,2602W,2026/07/02,2026/07/02,2026/07/02,,2026/07/02,,2026/07/02,
"KOREA MARINE TRANSPORT CO., LTD.",kmtc,SATSUMA SENDAI,97,JPSEN,JI XIANG,VRXU8,JKW3,Import/Export,2602E,2602W,2026/07/03,2026/07/03,2026/07/03,,2026/07/03,,2026/07/03,
"KOREA MARINE TRANSPORT CO., LTD.",kmtc,KOBE,41,JPUKB,PACIFIC MONACO,9V7999,JEH3,Import/Export,2621E,2621W,2026/05/29,2026/05/29,2026/06/03,12:40,2026/06/03,14:05,2026/06/03,18:43
"KOREA MARINE TRANSPORT CO., LTD.",kmtc,OSAKA,40,JPOSA,PACIFIC MONACO,9V7999,JEH3,Import/Export,2621E,2621W,2026/05/29,2026/05/29,2026/06/03,19:22,2026/06/03,20:10,2026/06/04,01:30
"KOREA MARINE TRANSPORT CO., LTD.",kmtc,MIZUSHIMA,50,JPMIZ,PACIFIC MONACO,9V7999,JEH3,Import/Export,2621E,2621W,2026/05/30,2026/05/30,2026/06/04,10:55,2026/06/04,11:42,2026/06/04,16:52
"KOREA MARINE TRANSPORT CO., LTD.",kmtc,KOBE,41,JPUKB,PACIFIC MONACO,9V7999,JEH3,Import/Export,2622E,2622W,2026/06/05,2026/06/05,2026/06/11,11:50,2026/06/11,13:10,2026/06/11,17:01
"KOREA MARINE TRANSPORT CO., LTD.",kmtc,OSAKA,40,JPOSA,PACIFIC MONACO,9V7999,JEH3,Import/Export,2622E,2622W,2026/06/05,2026/06/05,2026/06/11,17:40,2026/06/11,18:35,2026/06/11,23:47
"KOREA MARINE TRANSPORT CO., LTD.",kmtc,MIZUSHIMA,50,JPMIZ,PACIFIC MONACO,9V7999,JEH3,Import/Export,2622E,2622W,2026/06/06,2026/06/06,2026/06/12,07:44,2026/06/12,08:36,2026/06/12,12:10
"KOREA MARINE TRANSPORT CO., LTD.",kmtc,KOBE,41,JPUKB,PACIFIC MONACO,9V7999,JEH3,Import/Export,2624E,2624W,2026/06/19,2026/06/19,2026/06/19,,2026/06/19,,2026/06/19,
"KOREA MARINE TRANSPORT CO., LTD.",kmtc,OSAKA,40,JPOSA,PACIFIC MONACO,9V7999,JEH3,Import/Export,2624E,2624W,2026/06/19,2026/06/19,2026/06/19,,2026/06/19,,2026/06/19,
"KOREA MARINE TRANSPORT CO., LTD.",kmtc,MIZUSHIMA,50,JPMIZ,PACIFIC MONACO,9V7999,JEH3,Import/Export,2624E,2624W,2026/06/20,2026/06/20,2026/06/20,,2026/06/20,,2026/06/20,
"KOREA MARINE TRANSPORT CO., LTD.",kmtc,KOBE,41,JPUKB,PACIFIC MONACO,9V7999,JEH3,Import/Export,2625E,2625W,2026/06/26,2026/06/26,2026/06/26,,2026/06/26,,2026/06/26,
"KOREA MARINE TRANSPORT CO., LTD.",kmtc,OSAKA,40,JPOSA,PACIFIC MONACO,9V7999,JEH3,Import/Export,2625E,2625W,2026/06/26,2026/06/26,2026/06/26,,2026/06/26,,2026/06/26,
"KOREA MARINE TRANSPORT CO., LTD.",kmtc,MIZUSHIMA,50,JPMIZ,PACIFIC MONACO,9V7999,JEH3,Import/Export,2625E,2625W,2026/06/27,2026/06/27,2026/06/27,,2026/06/27,,2026/06/27,
"KOREA MARINE TRANSPORT CO., LTD.",kmtc,KOBE,41,JPUKB,PACIFIC MONACO,9V7999,JEH3,Import/Export,2626E,2626W,2026/07/03,2026/07/03,2026/07/03,,2026/07/03,,2026/07/03,
"KOREA MARINE TRANSPORT CO., LTD.",kmtc,OSAKA,40,JPOSA,PACIFIC MONACO,9V7999,JEH3,Import/Export,2626E,2626W,2026/07/03,2026/07/03,2026/07/03,,2026/07/03,,2026/07/03,
"KOREA MARINE TRANSPORT CO., LTD.",kmtc,MIZUSHIMA,50,JPMIZ,PACIFIC MONACO,9V7999,JEH3,Import/Export,2626E,2626W,2026/07/04,2026/07/04,2026/07/04,,2026/07/04,,2026/07/04,
"KOREA MARINE TRANSPORT CO., LTD.",kmtc,TOKYO,13,JPTYO,PANCON SUCCESS,DSRI7,JEK3,Import/Export,2618E,2618W,2026/05/27,2026/05/27,2026/05/31,16:25,2026/05/31,17:08,2026/06/01,00:33
"KOREA MARINE TRANSPORT CO., LTD.",kmtc,YOKKAICHI,36,JPYKK,PANCON SUCCESS,DSRI7,JEK3,Import/Export,2618E,2618W,2026/05/28,2026/05/28,2026/06/01,15:35,2026/06/01,16:25,2026/06/01,21:55
"KOREA MARINE TRANSPORT CO., LTD.",kmtc,NAGOYA,35,JPNGO,PANCON SUCCESS,DSRI7,JEK3,Import/Export,2618E,2618W,2026/05/28,2026/05/29,2026/06/01,22:40,2026/06/02,07:55,2026/06/02,12:05
"KOREA MARINE TRANSPORT CO., LTD.",kmtc,TOYOHASHI,39,JPTHS,PANCON SUCCESS,DSRI7,JEK3,Import/Export,2618E,2618W,2026/05/28,2026/05/28,2026/06/04,07:18,2026/06/04,07:57,2026/06/04,11:56
"KOREA MARINE TRANSPORT CO., LTD.",kmtc,SHIMIZU,30,JPSMZ,PANCON SUCCESS,DSRI7,JEK3,Import/Export,2619E,2619W,2026/06/02,2026/06/02,2026/06/02,,2026/06/02,,2026/06/02,
"KOREA MARINE TRANSPORT CO., LTD.",kmtc,TOKYO,13,JPTYO,PANCON SUCCESS,DSRI7,JEK3,Import/Export,2619E,2619W,2026/06/03,2026/06/03,2026/06/03,,2026/06/03,,2026/06/03,
"KOREA MARINE TRANSPORT CO., LTD.",kmtc,TOYOHASHI,39,JPTHS,PANCON SUCCESS,DSRI7,JEK3,Import/Export,2619E,2619W,2026/06/04,2026/06/04,2026/06/08,16:45,2026/06/09,08:00,2026/06/09,11:51
"KOREA MARINE TRANSPORT CO., LTD.",kmtc,YOKKAICHI,36,JPYKK,PANCON SUCCESS,DSRI7,JEK3,Import/Export,2619E,2619W,2026/06/04,2026/06/04,2026/06/09,15:25,2026/06/09,16:20,2026/06/09,21:30
"KOREA MARINE TRANSPORT CO., LTD.",kmtc,NAGOYA,35,JPNGO,PANCON SUCCESS,DSRI7,JEK3,Import/Export,2619E,2619W,2026/06/04,2026/06/05,2026/06/09,22:10,2026/06/10,00:10,2026/06/10,12:35
"KOREA MARINE TRANSPORT CO., LTD.",kmtc,YOKKAICHI,36,JPYKK,PANCON SUCCESS,DSRI7,JEK3,Import/Export,2620E,2620W,2026/06/11,2026/06/11,2026/06/18,12:00,2026/06/18,13:00,2026/06/18,17:00
"KOREA MARINE TRANSPORT CO., LTD.",kmtc,NAGOYA,35,JPNGO,PANCON SUCCESS,DSRI7,JEK3,Import/Export,2620E,2620W,2026/06/11,2026/06/12,2026/06/18,17:30,2026/06/18,18:30,2026/06/19,09:30
"KOREA MARINE TRANSPORT CO., LTD.",kmtc,TOYOHASHI,39,JPTHS,PANCON SUCCESS,DSRI7,JEK3,Import/Export,2620E,2620W,2026/06/11,2026/06/11,2026/06/19,07:00,2026/06/19,08:00,2026/06/19,11:00
"KOREA MARINE TRANSPORT CO., LTD.",kmtc,SHIMIZU,30,JPSMZ,PANCON SUCCESS,DSRI7,JEK3,Import/Export,2620E,2620W,2026/06/09,2026/06/09,2026/06/19,18:00,2026/06/20,00:00,2026/06/20,12:00
"KOREA MARINE TRANSPORT CO., LTD.",kmtc,TOKYO,13,JPTYO,PANCON SUCCESS,DSRI7,JEK3,Import/Export,2620E,2620W,2026/06/10,2026/06/10,2026/06/20,20:00,2026/06/21,08:00,2026/06/21,16:00
"KOREA MARINE TRANSPORT CO., LTD.",kmtc,SHIMIZU,30,JPSMZ,PANCON SUCCESS,DSRI7,JEK3,Import/Export,2621E,2621W,2026/06/23,2026/06/23,2026/06/23,,2026/06/23,,2026/06/23,
"KOREA MARINE TRANSPORT CO., LTD.",kmtc,TOKYO,13,JPTYO,PANCON SUCCESS,DSRI7,JEK3,Import/Export,2621E,2621W,2026/06/24,2026/06/24,2026/06/24,,2026/06/24,,2026/06/24,
"KOREA MARINE TRANSPORT CO., LTD.",kmtc,YOKKAICHI,36,JPYKK,PANCON SUCCESS,DSRI7,JEK3,Import/Export,2621E,2621W,2026/06/25,2026/06/25,2026/06/25,,2026/06/25,,2026/06/25,
"KOREA MARINE TRANSPORT CO., LTD.",kmtc,TOYOHASHI,39,JPTHS,PANCON SUCCESS,DSRI7,JEK3,Import/Export,2621E,2621W,2026/06/25,2026/06/25,2026/06/25,,2026/06/25,,2026/06/25,
"KOREA MARINE TRANSPORT CO., LTD.",kmtc,NAGOYA,35,JPNGO,PANCON SUCCESS,DSRI7,JEK3,Import/Export,2621E,2621W,2026/06/25,2026/06/26,2026/06/25,,2026/06/25,,2026/06/26,
"KOREA MARINE TRANSPORT CO., LTD.",kmtc,SHIMIZU,30,JPSMZ,PANCON SUCCESS,DSRI7,JEK3,Import/Export,2622E,2622W,2026/06/30,2026/06/30,2026/06/30,,2026/06/30,,2026/06/30,
"KOREA MARINE TRANSPORT CO., LTD.",kmtc,TOKYO,13,JPTYO,PANCON SUCCESS,DSRI7,JEK3,Import/Export,2622E,2622W,2026/07/01,2026/07/01,2026/07/01,,2026/07/01,,2026/07/01,
"KOREA MARINE TRANSPORT CO., LTD.",kmtc,YOKKAICHI,36,JPYKK,PANCON SUCCESS,DSRI7,JEK3,Import/Export,2622E,2622W,2026/07/02,2026/07/02,2026/07/02,,2026/07/02,,2026/07/02,
"KOREA MARINE TRANSPORT CO., LTD.",kmtc,TOYOHASHI,39,JPTHS,PANCON SUCCESS,DSRI7,JEK3,Import/Export,2622E,2622W,2026/07/02,2026/07/02,2026/07/02,,2026/07/02,,2026/07/02,
"KOREA MARINE TRANSPORT CO., LTD.",kmtc,NAGOYA,35,JPNGO,PANCON SUCCESS,DSRI7,JEK3,Import/Export,2622E,2622W,2026/07/02,2026/07/03,2026/07/02,,2026/07/02,,2026/07/03,
"KOREA MARINE TRANSPORT CO., LTD.",kmtc,KANAZAWA,26,JPKNZ,PANCON SUNSHINE,D7CO,CJ1,Import/Export,2609E,2609W,2026/05/28,2026/05/28,2026/06/01,06:51,2026/06/01,07:30,2026/06/01,16:30
"KOREA MARINE TRANSPORT CO., LTD.",kmtc,NIIGATA,24,JPKIJ,PANCON SUNSHINE,D7CO,CJ1,Import/Export,2610E,2610W,2026/06/09,2026/06/09,2026/06/17,06:24,2026/06/17,07:10,2026/06/18,04:00
"KOREA MARINE TRANSPORT CO., LTD.",kmtc,TOYAMA,25,JPTOS,PANCON SUNSHINE,D7CO,CJ1,Import/Export,2610E,2610W,2026/06/10,2026/06/10,2026/06/18,,2026/06/19,,2026/06/19,
"KOREA MARINE TRANSPORT CO., LTD.",kmtc,KANAZAWA,26,JPKNZ,PANCON SUNSHINE,D7CO,CJ1,Import/Export,2610E,2610W,2026/06/11,2026/06/11,2026/06/20,,2026/06/20,,2026/06/20,
"KOREA MARINE TRANSPORT CO., LTD.",kmtc,NIIGATA,24,JPKIJ,PANCON SUNSHINE,D7CO,CJ1,Import/Export,2611E,2611W,2026/06/30,2026/06/30,2026/07/01,,2026/07/01,,2026/07/02,
"KOREA MARINE TRANSPORT CO., LTD.",kmtc,TOYAMA,25,JPTOS,PANCON SUNSHINE,D7CO,CJ1,Import/Export,2611E,2611W,2026/07/01,2026/07/01,2026/07/03,,2026/07/03,,2026/07/03,
"KOREA MARINE TRANSPORT CO., LTD.",kmtc,KANAZAWA,26,JPKNZ,PANCON SUNSHINE,D7CO,CJ1,Import/Export,2611E,2611W,2026/07/02,2026/07/02,2026/07/04,,2026/07/04,,2026/07/04,
"KOREA MARINE TRANSPORT CO., LTD.",kmtc,SHIMIZU,30,JPSMZ,PROGRESS,XVHR7,JEK2,Import/Export,2601E,2601W,2026/05/28,2026/05/28,2026/06/05,14:45,2026/06/05,15:40,2026/06/06,04:00
"KOREA MARINE TRANSPORT CO., LTD.",kmtc,NAGOYA,35,JPNGO,PROGRESS,XVHR7,JEK2,Import/Export,2601E,2601W,2026/05/29,2026/05/29,2026/06/06,14:10,2026/06/06,15:35,2026/06/07,00:50
"KOREA MARINE TRANSPORT CO., LTD.",kmtc,TOYOHASHI,39,JPTHS,PROGRESS,XVHR7,JEK2,Import/Export,2601E,2601W,2026/05/30,2026/05/30,2026/06/07,06:55,2026/06/07,07:37,2026/06/07,11:11
"KOREA MARINE TRANSPORT CO., LTD.",kmtc,YOKKAICHI,36,JPYKK,PROGRESS,XVHR7,JEK2,Import/Export,2601E,2601W,2026/05/29,2026/05/29,2026/06/07,14:50,2026/06/07,15:25,2026/06/07,21:00
"KOREA MARINE TRANSPORT CO., LTD.",kmtc,SHIMIZU,30,JPSMZ,PROGRESS,XVHR7,JEK2,Import/Export,2602E,2602W,2026/06/04,2026/06/04,2026/06/13,18:35,2026/06/13,19:15,2026/06/14,15:18
"KOREA MARINE TRANSPORT CO., LTD.",kmtc,YOKKAICHI,36,JPYKK,PROGRESS,XVHR7,JEK2,Import/Export,2602E,2602W,2026/06/05,2026/06/05,2026/06/15,06:25,2026/06/15,07:10,2026/06/15,11:55
"KOREA MARINE TRANSPORT CO., LTD.",kmtc,NAGOYA,35,JPNGO,PROGRESS,XVHR7,JEK2,Import/Export,2602E,2602W,2026/06/05,2026/06/05,2026/06/15,12:45,2026/06/15,13:55,2026/06/16,03:15
"KOREA MARINE TRANSPORT CO., LTD.",kmtc,TOYOHASHI,39,JPTHS,PROGRESS,XVHR7,JEK2,Import/Export,2602E,2602W,2026/06/06,2026/06/06,2026/06/16,07:19,2026/06/16,07:58,2026/06/16,10:00
"KOREA MARINE TRANSPORT CO., LTD.",kmtc,SHIMIZU,30,JPSMZ,PROGRESS,XVHR7,JEK2,Import/Export,2604E,2604W,2026/06/18,2026/06/18,2026/06/21,,2026/06/21,,2026/06/21,
"KOREA MARINE TRANSPORT CO., LTD.",kmtc,NAGOYA,35,JPNGO,PROGRESS,XVHR7,JEK2,Import/Export,2604E,2604W,2026/06/19,2026/06/19,2026/06/22,,2026/06/22,,2026/06/22,
"KOREA MARINE TRANSPORT CO., LTD.",kmtc,YOKKAICHI,36,JPYKK,PROGRESS,XVHR7,JEK2,Import/Export,2604E,2604W,2026/06/19,2026/06/19,2026/06/22,,2026/06/22,,2026/06/22,
"KOREA MARINE TRANSPORT CO., LTD.",kmtc,TOYOHASHI,39,JPTHS,PROGRESS,XVHR7,JEK2,Import/Export,2604E,2604W,2026/06/20,2026/06/20,2026/06/22,,2026/06/22,,2026/06/22,
"KOREA MARINE TRANSPORT CO., LTD.",kmtc,SHIMIZU,30,JPSMZ,PROGRESS,XVHR7,JEK2,Import/Export,2605E,2605W,2026/06/25,2026/06/25,2026/06/27,,2026/06/27,,2026/06/28,
"KOREA MARINE TRANSPORT CO., LTD.",kmtc,YOKKAICHI,36,JPYKK,PROGRESS,XVHR7,JEK2,Import/Export,2605E,2605W,2026/06/26,2026/06/26,2026/06/28,,2026/06/28,,2026/06/29,
"KOREA MARINE TRANSPORT CO., LTD.",kmtc,NAGOYA,35,JPNGO,PROGRESS,XVHR7,JEK2,Import/Export,2605E,2605W,2026/06/26,2026/06/26,2026/06/28,,2026/06/28,,2026/06/28,
"KOREA MARINE TRANSPORT CO., LTD.",kmtc,TOYOHASHI,39,JPTHS,PROGRESS,XVHR7,JEK2,Import/Export,2605E,2605W,2026/06/27,2026/06/27,2026/06/29,,2026/06/29,,2026/06/29,
"KOREA MARINE TRANSPORT CO., LTD.",kmtc,NAGOYA,35,JPNGO,PROGRESS,XVHR7,JEK2,Import/Export,2606E,2606W,2026/07/03,2026/07/03,2026/07/04,,2026/07/04,,2026/07/05,
"KOREA MARINE TRANSPORT CO., LTD.",kmtc,SHIMIZU,30,JPSMZ,PROGRESS,XVHR7,JEK2,Import/Export,2606E,2606W,2026/07/02,2026/07/02,2026/07/04,,2026/07/04,,2026/07/04,
"KOREA MARINE TRANSPORT CO., LTD.",kmtc,TOYOHASHI,39,JPTHS,PROGRESS,XVHR7,JEK2,Import/Export,2606E,2606W,2026/07/04,2026/07/04,2026/07/05,,2026/07/05,,2026/07/05,
"KOREA MARINE TRANSPORT CO., LTD.",kmtc,YOKKAICHI,36,JPYKK,PROGRESS,XVHR7,JEK2,Import/Export,2606E,2606W,2026/07/03,2026/07/03,2026/07/05,,2026/07/05,,2026/07/05,
"KOREA MARINE TRANSPORT CO., LTD.",kmtc,NAGOYA,35,JPNGO,SITC RENDE,VRUP7,VTX3,Import/Export,2611N,2612S,2026/05/31,2026/06/01,2026/06/02,00:25,2026/06/02,01:35,2026/06/02,14:15
"KOREA MARINE TRANSPORT CO., LTD.",kmtc,YOKOHAMA,11,JPYOK,SITC RENDE,VRUP7,VTX3,Import/Export,2611N,2612S,2026/06/02,2026/06/03,2026/06/03,04:10,2026/06/04,07:00,2026/06/04,16:10
"KOREA MARINE TRANSPORT CO., LTD.",kmtc,TOKYO,13,JPTYO,SITC RENDE,VRUP7,VTX3,Import/Export,2611N,2612S,2026/06/02,2026/06/03,2026/06/04,18:12,2026/06/05,07:22,2026/06/06,01:55
"KOREA MARINE TRANSPORT CO., LTD.",kmtc,NAGOYA,35,JPNGO,SITC RENDE,VRUP7,VTX3,Import/Export,2613N,2614S,2026/06/28,2026/06/29,2026/06/29,,2026/06/29,,2026/06/29,
"KOREA MARINE TRANSPORT CO., LTD.",kmtc,TOKYO,13,JPTYO,SITC RENDE,VRUP7,VTX3,Import/Export,2613N,2614S,2026/06/30,2026/07/01,2026/06/30,,2026/06/30,,2026/07/01,
"KOREA MARINE TRANSPORT CO., LTD.",kmtc,YOKOHAMA,11,JPYOK,SITC RENDE,VRUP7,VTX3,Import/Export,2613N,2614S,2026/06/30,2026/07/01,2026/07/01,,2026/07/01,,2026/07/01,
"KOREA MARINE TRANSPORT CO., LTD.",kmtc,NAGOYA,35,JPNGO,SITC RUNDE,VRUS3,VTX3,Import/Export,2613N,2614S,2026/06/14,2026/06/15,2026/06/17,21:00,2026/06/17,22:00,2026/06/18,16:30
"KOREA MARINE TRANSPORT CO., LTD.",kmtc,TOKYO,13,JPTYO,SITC RUNDE,VRUS3,VTX3,Import/Export,2613N,2614S,2026/06/16,2026/06/17,2026/06/19,07:00,2026/06/19,08:00,2026/06/19,21:00
"KOREA MARINE TRANSPORT CO., LTD.",kmtc,YOKOHAMA,11,JPYOK,SITC RUNDE,VRUS3,VTX3,Import/Export,2613N,2614S,2026/06/16,2026/06/17,2026/06/19,23:00,2026/06/20,00:00,2026/06/20,07:00
"KOREA MARINE TRANSPORT CO., LTD.",kmtc,NAGOYA,35,JPNGO,SITC XIN,VRVY9,VTX3,Import/Export,2615N,2616S,2026/06/21,2026/06/22,2026/06/24,,2026/06/24,,2026/06/25,
"KOREA MARINE TRANSPORT CO., LTD.",kmtc,TOKYO,13,JPTYO,SITC XIN,VRVY9,VTX3,Import/Export,2615N,2616S,2026/06/23,2026/06/24,2026/06/26,,2026/06/26,,2026/06/26,
"KOREA MARINE TRANSPORT CO., LTD.",kmtc,YOKOHAMA,11,JPYOK,SITC XIN,VRVY9,VTX3,Import/Export,2615N,2616S,2026/06/23,2026/06/24,2026/06/26,,2026/06/26,,2026/06/27,
"KOREA MARINE TRANSPORT CO., LTD.",kmtc,NIIGATA,24,JPKIJ,SKY FLOWER,3EUE6,CKJ,Import/Export,2610E,2610W,2026/06/06,2026/06/06,2026/06/11,05:53,2026/06/11,06:50,2026/06/11,18:40
"KOREA MARINE TRANSPORT CO., LTD.",kmtc,TOYAMA,25,JPTOS,SKY FLOWER,3EUE6,CKJ,Import/Export,2610E,2610W,2026/06/07,2026/06/07,2026/06/12,06:14,2026/06/12,07:00,2026/06/12,11:50
"KOREA MARINE TRANSPORT CO., LTD.",kmtc,NAOETSU,33,JPNAO,SKY FLOWER,3EUE6,CKJ,Import/Export,2610E,2610W,2026/06/08,2026/06/08,2026/06/13,06:07,2026/06/13,07:00,2026/06/13,14:50
"KOREA MARINE TRANSPORT CO., LTD.",kmtc,NIIGATA,24,JPKIJ,SKY FLOWER,3EUE6,CKJ,Import/Export,2611E,2611W,2026/06/20,2026/06/20,2026/06/24,,2026/06/24,,2026/06/24,
"KOREA MARINE TRANSPORT CO., LTD.",kmtc,TOYAMA,25,JPTOS,SKY FLOWER,3EUE6,CKJ,Import/Export,2611E,2611W,2026/06/21,2026/06/21,2026/06/25,,2026/06/25,,2026/06/25,
"KOREA MARINE TRANSPORT CO., LTD.",kmtc,NAOETSU,33,JPNAO,SKY FLOWER,3EUE6,CKJ,Import/Export,2611E,2611W,2026/06/22,2026/06/22,2026/06/26,,2026/06/26,,2026/06/26,
"KOREA MARINE TRANSPORT CO., LTD.",kmtc,NIIGATA,24,JPKIJ,SKY FLOWER,3EUE6,CKJ,Import/Export,2612E,2612W,2026/07/04,2026/07/04,2026/07/04,,2026/07/04,,2026/07/04,
"KOREA MARINE TRANSPORT CO., LTD.",kmtc,TOYAMA,25,JPTOS,SKY FLOWER,3EUE6,CKJ,Import/Export,2612E,2612W,2026/07/05,2026/07/05,2026/07/05,,2026/07/05,,2026/07/05,
"KOREA MARINE TRANSPORT CO., LTD.",kmtc,NIIGATA,24,JPKIJ,SKY JADE,V7ER5,CJ1,Import/Export,2610E,2610W,2026/06/02,2026/06/02,2026/06/15,06:03,2026/06/15,06:50,2026/06/16,17:35
"KOREA MARINE TRANSPORT CO., LTD.",kmtc,TOYAMA,25,JPTOS,SKY JADE,V7ER5,CJ1,Import/Export,2610E,2610W,2026/06/03,2026/06/03,2026/06/17,06:09,2026/06/17,06:50,2026/06/17,14:00
"KOREA MARINE TRANSPORT CO., LTD.",kmtc,KANAZAWA,26,JPKNZ,SKY JADE,V7ER5,CJ1,Import/Export,2610E,2610W,2026/06/04,2026/06/04,2026/06/19,,2026/06/19,,2026/06/19,
"KOREA MARINE TRANSPORT CO., LTD.",kmtc,NIIGATA,24,JPKIJ,SKY JADE,V7ER5,CJ1,Import/Export,2611E,2611W,2026/06/23,2026/06/23,2026/06/27,,2026/06/28,,2026/06/28,
"KOREA MARINE TRANSPORT CO., LTD.",kmtc,TOYAMA,25,JPTOS,SKY JADE,V7ER5,CJ1,Import/Export,2611E,2611W,2026/06/24,2026/06/24,2026/06/29,,2026/06/29,,2026/06/29,
"KOREA MARINE TRANSPORT CO., LTD.",kmtc,KANAZAWA,26,JPKNZ,SKY JADE,V7ER5,CJ1,Import/Export,2611E,2611W,2026/06/25,2026/06/25,2026/06/30,,2026/06/30,,2026/06/30,
"KOREA MARINE TRANSPORT CO., LTD.",kmtc,IYOMISHIMA,60,JPIYM,STAR CHALLENGER,D7CH,BWJ1,Import,2622E,2622E,2026/06/01,2026/06/01,2026/06/01,06:30,2026/06/01,07:20,2026/06/01,14:30
"KOREA MARINE TRANSPORT CO., LTD.",kmtc,MATSUYAMA,61,JPMYJ,STAR CHALLENGER,D7CH,BWJ1,Import/Export,2622E,2622W,2026/06/02,2026/06/02,2026/06/01,18:05,2026/06/01,18:40,2026/06/02,10:55
"KOREA MARINE TRANSPORT CO., LTD.",kmtc,IMABARI,63,JPIMB,STAR CHALLENGER,D7CH,BWJ1,Import/Export,2622E,2622W,2026/06/02,2026/06/02,2026/06/02,13:25,2026/06/02,13:45,2026/06/02,17:30
"KOREA MARINE TRANSPORT CO., LTD.",kmtc,MIZUSHIMA,50,JPMIZ,STAR CHALLENGER,D7CH,BWJ1,Import/Export,2622E,2622W,2026/06/03,2026/06/03,2026/06/03,14:23,2026/06/03,14:54,2026/06/03,17:14
"KOREA MARINE TRANSPORT CO., LTD.",kmtc,HAKATA,77,JPHKT,STAR CHALLENGER,D7CH,BWJ1,Import/Export,2622E,2622W,2026/06/04,2026/06/04,2026/06/04,11:59,2026/06/04,12:35,2026/06/04,15:58
"KOREA MARINE TRANSPORT CO., LTD.",kmtc,IYOMISHIMA,60,JPIYM,STAR CHALLENGER,D7CH,BWJ1,Export,2622W,2622W,2026/06/03,2026/06/03,2026/06/02,19:45,2026/06/03,07:55,2026/06/03,12:18
"KOREA MARINE TRANSPORT CO., LTD.",kmtc,IYOMISHIMA,60,JPIYM,STAR CHALLENGER,D7CH,BWJ1,Import,2623E,2623E,2026/06/08,2026/06/08,2026/06/07,14:40,2026/06/08,07:20,2026/06/08,15:30
"KOREA MARINE TRANSPORT CO., LTD.",kmtc,HIROSHIMA,51,JPHIJ,STAR CHALLENGER,D7CH,BWJ1,Import/Export,2623E,2623W,2026/06/06,2026/06/07,2026/06/06,16:50,2026/06/06,17:36,2026/06/06,23:25
"KOREA MARINE TRANSPORT CO., LTD.",kmtc,MATSUYAMA,61,JPMYJ,STAR CHALLENGER,D7CH,BWJ1,Import/Export,2623E,2623W,2026/06/09,2026/06/09,2026/06/08,20:00,2026/06/09,07:35,2026/06/09,14:00
"KOREA MARINE TRANSPORT CO., LTD.",kmtc,IMABARI,63,JPIMB,STAR CHALLENGER,D7CH,BWJ1,Import/Export,2623E,2623W,2026/06/09,2026/06/09,2026/06/09,16:09,2026/06/09,16:30,2026/06/09,21:30
"KOREA MARINE TRANSPORT CO., LTD.",kmtc,MIZUSHIMA,50,JPMIZ,STAR CHALLENGER,D7CH,BWJ1,Import/Export,2623E,2623W,2026/06/10,2026/06/10,2026/06/10,13:48,2026/06/10,14:30,2026/06/10,17:55
"KOREA MARINE TRANSPORT CO., LTD.",kmtc,HAKATA,77,JPHKT,STAR CHALLENGER,D7CH,BWJ1,Import/Export,2623E,2623W,2026/06/11,2026/06/11,2026/06/11,09:55,2026/06/11,10:33,2026/06/11,15:41
"KOREA MARINE TRANSPORT CO., LTD.",kmtc,IYOMISHIMA,60,JPIYM,STAR CHALLENGER,D7CH,BWJ1,Export,2623W,2623W,2026/06/10,2026/06/10,2026/06/10,06:53,2026/06/10,07:20,2026/06/10,11:10
"KOREA MARINE TRANSPORT CO., LTD.",kmtc,IYOMISHIMA,60,JPIYM,STAR CHALLENGER,D7CH,BWJ1,Import,2624E,2624E,2026/06/15,2026/06/15,2026/06/14,17:55,2026/06/15,07:30,2026/06/15,10:42
"KOREA MARINE TRANSPORT CO., LTD.",kmtc,HIROSHIMA,51,JPHIJ,STAR CHALLENGER,D7CH,BWJ1,Import/Export,2624E,2624W,2026/06/13,2026/06/14,2026/06/14,07:19,2026/06/14,07:48,2026/06/14,11:40
"KOREA MARINE TRANSPORT CO., LTD.",kmtc,MATSUYAMA,61,JPMYJ,STAR CHALLENGER,D7CH,BWJ1,Import/Export,2624E,2624W,2026/06/16,2026/06/16,2026/06/15,15:00,2026/06/16,07:25,2026/06/16,11:20
"KOREA MARINE TRANSPORT CO., LTD.",kmtc,IMABARI,63,JPIMB,STAR CHALLENGER,D7CH,BWJ1,Import/Export,2624E,2624W,2026/06/16,2026/06/16,2026/06/16,13:59,2026/06/16,14:20,2026/06/16,18:30
"KOREA MARINE TRANSPORT CO., LTD.",kmtc,MIZUSHIMA,50,JPMIZ,STAR CHALLENGER,D7CH,BWJ1,Import/Export,2624E,2624W,2026/06/17,2026/06/17,2026/06/17,14:00,2026/06/17,15:00,2026/06/17,18:30
"KOREA MARINE TRANSPORT CO., LTD.",kmtc,HAKATA,77,JPHKT,STAR CHALLENGER,D7CH,BWJ1,Import/Export,2624E,2624W,2026/06/18,2026/06/18,2026/06/18,,2026/06/18,,2026/06/18,
"KOREA MARINE TRANSPORT CO., LTD.",kmtc,IYOMISHIMA,60,JPIYM,STAR CHALLENGER,D7CH,BWJ1,Export,2624W,2624W,2026/06/17,2026/06/17,2026/06/16,21:00,2026/06/17,07:18,2026/06/17,11:15
"KOREA MARINE TRANSPORT CO., LTD.",kmtc,IYOMISHIMA,60,JPIYM,STAR CHALLENGER,D7CH,BWJ1,Import,2625E,2625E,2026/06/22,2026/06/22,2026/06/22,,2026/06/22,,2026/06/22,
"KOREA MARINE TRANSPORT CO., LTD.",kmtc,HIROSHIMA,51,JPHIJ,STAR CHALLENGER,D7CH,BWJ1,Import/Export,2625E,2625W,2026/06/20,2026/06/21,2026/06/20,,2026/06/20,,2026/06/21,
"KOREA MARINE TRANSPORT CO., LTD.",kmtc,MATSUYAMA,61,JPMYJ,STAR CHALLENGER,D7CH,BWJ1,Import/Export,2625E,2625W,2026/06/23,2026/06/23,2026/06/23,,2026/06/23,,2026/06/23,
"KOREA MARINE TRANSPORT CO., LTD.",kmtc,IMABARI,63,JPIMB,STAR CHALLENGER,D7CH,BWJ1,Import/Export,2625E,2625W,2026/06/23,2026/06/23,2026/06/23,,2026/06/23,,2026/06/23,
"KOREA MARINE TRANSPORT CO., LTD.",kmtc,MIZUSHIMA,50,JPMIZ,STAR CHALLENGER,D7CH,BWJ1,Import/Export,2625E,2625W,2026/06/24,2026/06/24,2026/06/24,,2026/06/24,,2026/06/24,
"KOREA MARINE TRANSPORT CO., LTD.",kmtc,HAKATA,77,JPHKT,STAR CHALLENGER,D7CH,BWJ1,Import/Export,2625E,2625W,2026/06/25,2026/06/25,2026/06/25,,2026/06/25,,2026/06/25,
"KOREA MARINE TRANSPORT CO., LTD.",kmtc,IYOMISHIMA,60,JPIYM,STAR CHALLENGER,D7CH,BWJ1,Export,2625W,2625W,2026/06/24,2026/06/24,2026/06/24,,2026/06/24,,2026/06/24,
"KOREA MARINE TRANSPORT CO., LTD.",kmtc,IYOMISHIMA,60,JPIYM,STAR CHALLENGER,D7CH,BWJ1,Import,2626E,2626E,2026/06/29,2026/06/29,2026/06/29,,2026/06/29,,2026/06/29,
"KOREA MARINE TRANSPORT CO., LTD.",kmtc,HIROSHIMA,51,JPHIJ,STAR CHALLENGER,D7CH,BWJ1,Import/Export,2626E,2626W,2026/06/27,2026/06/28,2026/06/27,,2026/06/27,,2026/06/28,
"KOREA MARINE TRANSPORT CO., LTD.",kmtc,MATSUYAMA,61,JPMYJ,STAR CHALLENGER,D7CH,BWJ1,Import/Export,2626E,2626W,2026/06/30,2026/06/30,2026/06/30,,2026/06/30,,2026/06/30,
"KOREA MARINE TRANSPORT CO., LTD.",kmtc,IMABARI,63,JPIMB,STAR CHALLENGER,D7CH,BWJ1,Import/Export,2626E,2626W,2026/06/30,2026/06/30,2026/06/30,,2026/06/30,,2026/06/30,
"KOREA MARINE TRANSPORT CO., LTD.",kmtc,MIZUSHIMA,50,JPMIZ,STAR CHALLENGER,D7CH,BWJ1,Import/Export,2626E,2626W,2026/07/01,2026/07/01,2026/07/01,,2026/07/01,,2026/07/01,
"KOREA MARINE TRANSPORT CO., LTD.",kmtc,HAKATA,77,JPHKT,STAR CHALLENGER,D7CH,BWJ1,Import/Export,2626E,2626W,2026/07/02,2026/07/02,2026/07/02,,2026/07/02,,2026/07/02,
"KOREA MARINE TRANSPORT CO., LTD.",kmtc,IYOMISHIMA,60,JPIYM,STAR CHALLENGER,D7CH,BWJ1,Export,2626W,2626W,2026/07/01,2026/07/01,2026/07/01,,2026/07/01,,2026/07/01,
"KOREA MARINE TRANSPORT CO., LTD.",kmtc,HIROSHIMA,51,JPHIJ,STAR CHALLENGER,D7CH,BWJ1,Import/Export,2627E,2627W,2026/07/04,2026/07/05,2026/07/04,,2026/07/04,,2026/07/05,
"KOREA MARINE TRANSPORT CO., LTD.",kmtc,HITACHINAKA,21,JPHIC,STAR CHASER,V7A5051,NTP,Import/Export,2606E,2606W,2026/06/06,2026/06/06,2026/06/12,07:20,2026/06/12,08:15,2026/06/12,19:42
"KOREA MARINE TRANSPORT CO., LTD.",kmtc,SENDAI,3,JPSDJ,STAR CHASER,V7A5051,NTP,Import/Export,2606E,2606W,2026/06/07,2026/06/07,2026/06/13,05:18,2026/06/15,07:27,2026/06/15,15:50
"KOREA MARINE TRANSPORT CO., LTD.",kmtc,TOMAKOMAI,1,JPTMK,STAR CHASER,V7A5051,NTP,Import/Export,2606E,2606W,2026/06/09,2026/06/09,2026/06/16,12:27,2026/06/16,13:10,2026/06/17,
"KOREA MARINE TRANSPORT CO., LTD.",kmtc,ISHIKARI,7,JPISI,STAR CHASER,V7A5051,NTP,Import/Export,2606E,2606W,2026/06/11,2026/06/11,2026/06/18,13:00,2026/06/18,14:00,2026/06/18,15:30
"KOREA MARINE TRANSPORT CO., LTD.",kmtc,SAKATA,17,JPSKT,STAR CHASER,V7A5051,NTP,Import/Export,2606E,2606W,2026/06/13,2026/06/13,2026/06/20,,2026/06/20,,2026/06/20,
"KOREA MARINE TRANSPORT CO., LTD.",kmtc,SAKAIMINATO,29,JPSMN,STAR CHASER,V7A5051,NTP,Import/Export,2606E,2606W,2026/06/15,2026/06/15,2026/06/22,,2026/06/22,,2026/06/22,
"KOREA MARINE TRANSPORT CO., LTD.",kmtc,HITACHINAKA,21,JPHIC,STAR CHASER,V7A5051,NTP,Import/Export,2607E,2607W,2026/06/27,2026/06/27,2026/07/02,,2026/07/02,,2026/07/03,
"KOREA MARINE TRANSPORT CO., LTD.",kmtc,SENDAI,3,JPSDJ,STAR CHASER,V7A5051,NTP,Import/Export,2607E,2607W,2026/06/28,2026/06/28,2026/07/03,,2026/07/03,,2026/07/04,
"KOREA MARINE TRANSPORT CO., LTD.",kmtc,TOMAKOMAI,1,JPTMK,STAR CHASER,V7A5051,NTP,Import/Export,2607E,2607W,2026/06/30,2026/06/30,2026/07/05,,2026/07/05,,2026/07/06,
"KOREA MARINE TRANSPORT CO., LTD.",kmtc,ONAHAMA,5,JPONA,STAR CLIPPER,V7UG4,NCJ,Import/Export,2607E,2607W,2026/05/25,2026/05/25,2026/05/29,03:20,2026/05/30,12:30,2026/06/01,15:10
"KOREA MARINE TRANSPORT CO., LTD.",kmtc,SENDAI,3,JPSDJ,STAR CLIPPER,V7UG4,NCJ,Import/Export,2607E,2607W,2026/05/26,2026/05/26,2026/06/02,04:10,2026/06/02,04:56,2026/06/02,17:11
"KOREA MARINE TRANSPORT CO., LTD.",kmtc,NIIGATA,24,JPKIJ,STAR CLIPPER,V7UG4,NCJ,Import/Export,2607E,2607W,2026/05/29,2026/05/29,2026/06/04,20:30,2026/06/05,08:50,2026/06/05,18:20
"KOREA MARINE TRANSPORT CO., LTD.",kmtc,SAKAIMINATO,29,JPSMN,STAR CLIPPER,V7UG4,NCJ,Import/Export,2607E,2607W,2026/05/30,2026/05/30,2026/06/06,18:20,2026/06/07,07:00,2026/06/07,12:35
"KOREA MARINE TRANSPORT CO., LTD.",kmtc,SHIMIZU,30,JPSMZ,STAR CLIPPER,V7UG4,NCJ,Import/Export,2608E,2608W,2026/06/14,2026/06/14,2026/06/19,,2026/06/19,,2026/06/19,
"KOREA MARINE TRANSPORT CO., LTD.",kmtc,ONAHAMA,5,JPONA,STAR CLIPPER,V7UG4,NCJ,Import/Export,2608E,2608W,2026/06/15,2026/06/15,2026/06/20,,2026/06/20,,2026/06/20,
"KOREA MARINE TRANSPORT CO., LTD.",kmtc,SENDAI,3,JPSDJ,STAR CLIPPER,V7UG4,NCJ,Import/Export,2608E,2608W,2026/06/16,2026/06/16,2026/06/21,,2026/06/21,,2026/06/21,
"KOREA MARINE TRANSPORT CO., LTD.",kmtc,NIIGATA,24,JPKIJ,STAR CLIPPER,V7UG4,NCJ,Import/Export,2608E,2608W,2026/06/19,2026/06/19,2026/06/23,,2026/06/23,,2026/06/23,
"KOREA MARINE TRANSPORT CO., LTD.",kmtc,SAKAIMINATO,29,JPSMN,STAR CLIPPER,V7UG4,NCJ,Import/Export,2608E,2608W,2026/06/20,2026/06/20,2026/06/24,,2026/06/24,,2026/06/24,
"KOREA MARINE TRANSPORT CO., LTD.",kmtc,NIIGATA,24,JPKIJ,STAR EXPRESS,D7XH,NCQ,Import/Export,2607E,2607W,2026/06/04,2026/06/04,2026/06/04,,2026/06/04,,2026/06/04,
"KOREA MARINE TRANSPORT CO., LTD.",kmtc,AKITA,19,JPAXT,STAR EXPRESS,D7XH,NCQ,Import/Export,2607E,2607W,2026/06/06,2026/06/06,2026/06/13,16:18,2026/06/13,17:30,2026/06/13,21:40
"KOREA MARINE TRANSPORT CO., LTD.",kmtc,TOMAKOMAI,1,JPTMK,STAR EXPRESS,D7XH,NCQ,Import/Export,2607E,2607W,2026/06/07,2026/06/07,2026/06/14,11:49,2026/06/14,12:30,2026/06/15,18:10
"KOREA MARINE TRANSPORT CO., LTD.",kmtc,HACHINOHE,2,JPHHE,STAR EXPRESS,D7XH,NCQ,Import/Export,2607E,2607W,2026/06/08,2026/06/08,2026/06/16,03:50,2026/06/16,15:30,2026/06/16,21:40
"KOREA MARINE TRANSPORT CO., LTD.",kmtc,SENDAI,3,JPSDJ,STAR EXPRESS,D7XH,NCQ,Import/Export,2607E,2607W,2026/06/10,2026/06/10,2026/06/18,,2026/06/18,,2026/06/18,
"KOREA MARINE TRANSPORT CO., LTD.",kmtc,HITACHINAKA,21,JPHIC,STAR EXPRESS,D7XH,NCQ,Import/Export,2607E,2607W,2026/06/11,2026/06/11,2026/06/19,,2026/06/19,,2026/06/19,
"KOREA MARINE TRANSPORT CO., LTD.",kmtc,NIIGATA,24,JPKIJ,STAR EXPRESS,D7XH,NCQ,Import/Export,2608E,2608W,2026/07/02,2026/07/02,2026/07/02,,2026/07/02,,2026/07/02,
"KOREA MARINE TRANSPORT CO., LTD.",kmtc,AKITA,19,JPAXT,STAR EXPRESS,D7XH,NCQ,Import/Export,2608E,2608W,2026/07/04,2026/07/04,2026/07/04,,2026/07/04,,2026/07/04,
"KOREA MARINE TRANSPORT CO., LTD.",kmtc,TOMAKOMAI,1,JPTMK,STAR EXPRESS,D7XH,NCQ,Import/Export,2608E,2608W,2026/07/05,2026/07/05,2026/07/05,,2026/07/05,,2026/07/05,
"KOREA MARINE TRANSPORT CO., LTD.",kmtc,HITACHINAKA,21,JPHIC,STAR RANGER,V7A5052,NTP,Import/Export,2607E,2607W,2026/05/30,2026/05/30,2026/06/07,09:45,2026/06/07,10:30,2026/06/07,18:48
"KOREA MARINE TRANSPORT CO., LTD.",kmtc,SENDAI,3,JPSDJ,STAR RANGER,V7A5052,NTP,Import/Export,2607E,2607W,2026/05/31,2026/05/31,2026/06/08,05:13,2026/06/08,05:48,2026/06/08,15:23
"KOREA MARINE TRANSPORT CO., LTD.",kmtc,ISHIKARI,7,JPISI,STAR RANGER,V7A5052,NTP,Import/Export,2607E,2607W,2026/06/04,2026/06/04,2026/06/10,06:54,2026/06/10,07:24,2026/06/10,11:55
"KOREA MARINE TRANSPORT CO., LTD.",kmtc,TOMAKOMAI,1,JPTMK,STAR RANGER,V7A5052,NTP,Import/Export,2607E,2607W,2026/06/02,2026/06/02,2026/06/11,10:30,2026/06/11,18:45,2026/06/12,19:45
"KOREA MARINE TRANSPORT CO., LTD.",kmtc,SAKAIMINATO,29,JPSMN,STAR RANGER,V7A5052,NTP,Import/Export,2607E,2607W,2026/06/08,2026/06/08,2026/06/13,,2026/06/13,,2026/06/13,
"KOREA MARINE TRANSPORT CO., LTD.",kmtc,SAKATA,17,JPSKT,STAR RANGER,V7A5052,NTP,Import/Export,2607E,2607W,2026/06/06,2026/06/06,2026/06/13,13:52,2026/06/13,14:30,2026/06/14,16:00
"KOREA MARINE TRANSPORT CO., LTD.",kmtc,HITACHINAKA,21,JPHIC,STAR RANGER,V7A5052,NTP,Import/Export,2608E,2608W,2026/06/20,2026/06/20,2026/06/25,,2026/06/25,,2026/06/25,
"KOREA MARINE TRANSPORT CO., LTD.",kmtc,SENDAI,3,JPSDJ,STAR RANGER,V7A5052,NTP,Import/Export,2608E,2608W,2026/06/21,2026/06/21,2026/06/26,,2026/06/26,,2026/06/26,
"KOREA MARINE TRANSPORT CO., LTD.",kmtc,TOMAKOMAI,1,JPTMK,STAR RANGER,V7A5052,NTP,Import/Export,2608E,2608W,2026/06/23,2026/06/23,2026/06/28,,2026/06/28,,2026/06/28,
"KOREA MARINE TRANSPORT CO., LTD.",kmtc,ISHIKARI,7,JPISI,STAR RANGER,V7A5052,NTP,Import/Export,2608E,2608W,2026/06/25,2026/06/25,2026/06/30,,2026/06/30,,2026/06/30,
"KOREA MARINE TRANSPORT CO., LTD.",kmtc,SAKATA,17,JPSKT,STAR RANGER,V7A5052,NTP,Import/Export,2608E,2608W,2026/06/27,2026/06/27,2026/07/02,,2026/07/02,,2026/07/02,
"KOREA MARINE TRANSPORT CO., LTD.",kmtc,SAKAIMINATO,29,JPSMN,STAR RANGER,V7A5052,NTP,Import/Export,2608E,2608W,2026/06/29,2026/06/29,2026/07/04,,2026/07/04,,2026/07/04,
"KOREA MARINE TRANSPORT CO., LTD.",kmtc,HAKATA,77,JPHKT,STAR SKIPPER,V7UJ2,JPS1,Import/Export,2610E,2610W,2026/05/30,2026/05/30,2026/06/01,13:00,2026/06/01,13:40,2026/06/01,15:49
"KOREA MARINE TRANSPORT CO., LTD.",kmtc,KANAZAWA,26,JPKNZ,STAR SKIPPER,V7UJ2,JPS1,Import/Export,2610E,2610W,2026/06/01,2026/06/01,2026/06/02,17:13,2026/06/02,18:00,2026/06/03,09:50
"KOREA MARINE TRANSPORT CO., LTD.",kmtc,TOMAKOMAI,1,JPTMK,STAR SKIPPER,V7UJ2,JPS1,Import/Export,2610E,2610W,2026/06/06,2026/06/06,2026/06/04,17:45,2026/06/06,19:00,2026/06/09,21:30
"KOREA MARINE TRANSPORT CO., LTD.",kmtc,ISHIKARI,7,JPISI,STAR SKIPPER,V7UJ2,JPS1,Import/Export,2610E,2610W,2026/06/08,2026/06/08,2026/06/13,22:10,2026/06/14,07:30,2026/06/14,16:00
"KOREA MARINE TRANSPORT CO., LTD.",kmtc,AKITA,19,JPAXT,STAR SKIPPER,V7UJ2,JPS1,Import/Export,2610E,2610W,2026/06/09,2026/06/09,2026/06/15,12:32,2026/06/15,13:20,2026/06/16,14:35
"KOREA MARINE TRANSPORT CO., LTD.",kmtc,HAKATA,77,JPHKT,STAR SKIPPER,V7UJ2,JPS1,Import/Export,2611E,2611W,2026/06/13,2026/06/13,2026/06/20,,2026/06/20,,2026/06/20,
"KOREA MARINE TRANSPORT CO., LTD.",kmtc,KANAZAWA,26,JPKNZ,STAR SKIPPER,V7UJ2,JPS1,Import/Export,2611E,2611W,2026/06/15,2026/06/15,2026/06/22,,2026/06/22,,2026/06/22,
"KOREA MARINE TRANSPORT CO., LTD.",kmtc,TOMAKOMAI,1,JPTMK,STAR SKIPPER,V7UJ2,JPS1,Import/Export,2611E,2611W,2026/06/20,2026/06/20,2026/06/24,,2026/06/24,,2026/06/24,
"KOREA MARINE TRANSPORT CO., LTD.",kmtc,ISHIKARI,7,JPISI,STAR SKIPPER,V7UJ2,JPS1,Import/Export,2611E,2611W,2026/06/22,2026/06/22,2026/06/28,,2026/06/28,,2026/06/28,
"KOREA MARINE TRANSPORT CO., LTD.",kmtc,AKITA,19,JPAXT,STAR SKIPPER,V7UJ2,JPS1,Import/Export,2611E,2611W,2026/06/23,2026/06/23,2026/06/29,,2026/06/29,,2026/06/29,
"KOREA MARINE TRANSPORT CO., LTD.",kmtc,HAKATA,77,JPHKT,STAR SKIPPER,V7UJ2,JPS1,Import/Export,2612E,2612W,2026/07/04,2026/07/04,2026/07/04,,2026/07/04,,2026/07/04,
"KOREA MARINE TRANSPORT CO., LTD.",kmtc,SHIMIZU,30,JPSMZ,SUNNY CAMELLIA,VRNZ6,NCJ,Import/Export,2607E,2607W,2026/05/31,2026/05/31,2026/06/08,06:22,2026/06/08,07:00,2026/06/09,10:44
"KOREA MARINE TRANSPORT CO., LTD.",kmtc,ONAHAMA,5,JPONA,SUNNY CAMELLIA,VRNZ6,NCJ,Import/Export,2607E,2607W,2026/06/01,2026/06/01,2026/06/10,05:26,2026/06/10,06:42,2026/06/11,16:10
"KOREA MARINE TRANSPORT CO., LTD.",kmtc,SENDAI,3,JPSDJ,SUNNY CAMELLIA,VRNZ6,NCJ,Import/Export,2607E,2607W,2026/06/02,2026/06/02,2026/06/12,03:30,2026/06/12,04:36,2026/06/12,16:41
"KOREA MARINE TRANSPORT CO., LTD.",kmtc,NIIGATA,24,JPKIJ,SUNNY CAMELLIA,VRNZ6,NCJ,Import/Export,2607E,2607W,2026/06/05,2026/06/05,2026/06/14,06:51,2026/06/14,07:50,2026/06/14,16:30
"KOREA MARINE TRANSPORT CO., LTD.",kmtc,SAKAIMINATO,29,JPSMN,SUNNY CAMELLIA,VRNZ6,NCJ,Import/Export,2607E,2607W,2026/06/06,2026/06/06,2026/06/16,06:51,2026/06/16,07:50,2026/06/16,14:40
"KOREA MARINE TRANSPORT CO., LTD.",kmtc,SHIMIZU,30,JPSMZ,SUNNY CAMELLIA,VRNZ6,NCJ,Import/Export,2608E,2608W,2026/06/21,2026/06/21,2026/06/28,,2026/06/28,,2026/06/28,
"KOREA MARINE TRANSPORT CO., LTD.",kmtc,ONAHAMA,5,JPONA,SUNNY CAMELLIA,VRNZ6,NCJ,Import/Export,2608E,2608W,2026/06/22,2026/06/22,2026/06/29,,2026/06/29,,2026/06/29,
"KOREA MARINE TRANSPORT CO., LTD.",kmtc,SENDAI,3,JPSDJ,SUNNY CAMELLIA,VRNZ6,NCJ,Import/Export,2608E,2608W,2026/06/23,2026/06/23,2026/06/30,,2026/06/30,,2026/06/30,
"KOREA MARINE TRANSPORT CO., LTD.",kmtc,NIIGATA,24,JPKIJ,SUNNY CAMELLIA,VRNZ6,NCJ,Import/Export,2608E,2608W,2026/06/26,2026/06/26,2026/07/03,,2026/07/03,,2026/07/03,
"KOREA MARINE TRANSPORT CO., LTD.",kmtc,SAKAIMINATO,29,JPSMN,SUNNY CAMELLIA,VRNZ6,NCJ,Import/Export,2608E,2608W,2026/06/27,2026/06/27,2026/07/04,,2026/07/04,,2026/07/04,
"KOREA MARINE TRANSPORT CO., LTD.",kmtc,NIIGATA,24,JPKIJ,SUNNY CANNA,3FLX7,NCJ,Import/Export,2606E,2606W,2026/05/22,2026/05/22,2026/06/02,07:17,2026/06/02,08:10,2026/06/02,16:40
"KOREA MARINE TRANSPORT CO., LTD.",kmtc,SAKAIMINATO,29,JPSMN,SUNNY CANNA,3FLX7,NCJ,Import/Export,2606E,2606W,2026/05/23,2026/05/23,2026/06/03,16:39,2026/06/03,17:20,2026/06/03,19:10
"KOREA MARINE TRANSPORT CO., LTD.",kmtc,SHIMIZU,30,JPSMZ,SUNNY CANNA,3FLX7,NCJ,Import/Export,2607E,2607W,2026/06/07,2026/06/07,2026/06/15,10:26,2026/06/15,11:00,2026/06/15,15:41
"KOREA MARINE TRANSPORT CO., LTD.",kmtc,ONAHAMA,5,JPONA,SUNNY CANNA,3FLX7,NCJ,Import/Export,2607E,2607W,2026/06/08,2026/06/08,2026/06/16,10:35,2026/06/16,11:12,2026/06/17,15:00
"KOREA MARINE TRANSPORT CO., LTD.",kmtc,SENDAI,3,JPSDJ,SUNNY CANNA,3FLX7,NCJ,Import/Export,2607E,2607W,2026/06/09,2026/06/09,2026/06/19,04:30,2026/06/19,05:30,2026/06/19,17:00
"KOREA MARINE TRANSPORT CO., LTD.",kmtc,NIIGATA,24,JPKIJ,SUNNY CANNA,3FLX7,NCJ,Import/Export,2607E,2607W,2026/06/12,2026/06/12,2026/06/22,,2026/06/22,,2026/06/22,
"KOREA MARINE TRANSPORT CO., LTD.",kmtc,SAKAIMINATO,29,JPSMN,SUNNY CANNA,3FLX7,NCJ,Import/Export,2607E,2607W,2026/06/13,2026/06/13,2026/06/23,,2026/06/23,,2026/06/23,
"KOREA MARINE TRANSPORT CO., LTD.",kmtc,SHIMIZU,30,JPSMZ,SUNNY CANNA,3FLX7,NCJ,Import/Export,2608E,2608W,2026/06/28,2026/06/28,2026/07/04,,2026/07/04,,2026/07/05,
"KOREA MARINE TRANSPORT CO., LTD.",kmtc,NIIGATA,24,JPKIJ,SUNNY CLOVER,D8FA,CKJ,Import/Export,2610E,2610W,2026/05/30,2026/05/30,2026/06/05,06:05,2026/06/05,07:10,2026/06/06,15:30
"KOREA MARINE TRANSPORT CO., LTD.",kmtc,NAOETSU,33,JPNAO,SUNNY CLOVER,D8FA,CKJ,Import/Export,2610E,2610W,2026/06/01,2026/06/01,2026/06/07,06:09,2026/06/07,06:54,2026/06/07,16:50
"KOREA MARINE TRANSPORT CO., LTD.",kmtc,TOYAMA,25,JPTOS,SUNNY CLOVER,D8FA,CKJ,Import/Export,2610E,2610W,2026/05/31,2026/05/31,2026/06/08,05:41,2026/06/08,06:30,2026/06/08,15:50
"KOREA MARINE TRANSPORT CO., LTD.",kmtc,NIIGATA,24,JPKIJ,SUNNY CLOVER,D8FA,CKJ,Import/Export,2611E,2611W,2026/06/13,2026/06/13,2026/06/20,,2026/06/20,,2026/06/21,
"KOREA MARINE TRANSPORT CO., LTD.",kmtc,TOYAMA,25,JPTOS,SUNNY CLOVER,D8FA,CKJ,Import/Export,2611E,2611W,2026/06/14,2026/06/14,2026/06/22,,2026/06/22,,2026/06/22,
"KOREA MARINE TRANSPORT CO., LTD.",kmtc,NAOETSU,33,JPNAO,SUNNY CLOVER,D8FA,CKJ,Import/Export,2611E,2611W,2026/06/15,2026/06/15,2026/06/23,,2026/06/23,,2026/06/23,
"KOREA MARINE TRANSPORT CO., LTD.",kmtc,NIIGATA,24,JPKIJ,SUNNY CLOVER,D8FA,CKJ,Import/Export,2612E,2612W,2026/06/27,2026/06/27,2026/07/02,,2026/07/02,,2026/07/03,
"KOREA MARINE TRANSPORT CO., LTD.",kmtc,TOYAMA,25,JPTOS,SUNNY CLOVER,D8FA,CKJ,Import/Export,2612E,2612W,2026/06/28,2026/06/28,2026/07/03,,2026/07/03,,2026/07/04,
"KOREA MARINE TRANSPORT CO., LTD.",kmtc,NAOETSU,33,JPNAO,SUNNY CLOVER,D8FA,CKJ,Import/Export,2612E,2612W,2026/06/29,2026/06/29,2026/07/04,,2026/07/04,,2026/07/04,
"KOREA MARINE TRANSPORT CO., LTD.",kmtc,TAKAMATSU,64,JPTAK,SUNNY DAHLIA,D7UA,JSS5,Import/Export,2621E,2621W,2026/06/01,2026/06/01,2026/05/31,14:30,2026/06/01,07:40,2026/06/01,10:45
"KOREA MARINE TRANSPORT CO., LTD.",kmtc,IWAKUNI,69,JPIWK,SUNNY DAHLIA,D7UA,JSS5,Import/Export,2621E,2621W,2026/06/02,2026/06/02,2026/06/01,19:15,2026/06/02,07:15,2026/06/02,11:15
"KOREA MARINE TRANSPORT CO., LTD.",kmtc,IYOMISHIMA,60,JPIYM,SUNNY DAHLIA,D7UA,JSS5,Import/Export,2622E,2622W,2026/06/05,2026/06/05,2026/06/05,07:00,2026/06/05,12:30,2026/06/05,16:40
"KOREA MARINE TRANSPORT CO., LTD.",kmtc,IMABARI,63,JPIMB,SUNNY DAHLIA,D7UA,JSS5,Import/Export,2622E,2622W,2026/06/06,2026/06/06,2026/06/05,19:00,2026/06/06,07:10,2026/06/06,10:10
"KOREA MARINE TRANSPORT CO., LTD.",kmtc,MATSUYAMA,61,JPMYJ,SUNNY DAHLIA,D7UA,JSS5,Import/Export,2622E,2622W,2026/06/06,2026/06/06,2026/06/06,12:51,2026/06/06,13:40,2026/06/06,18:30
"KOREA MARINE TRANSPORT CO., LTD.",kmtc,TOKUSHIMA,65,JPTKS,SUNNY DAHLIA,D7UA,JSS5,Import/Export,2622E,2622W,2026/06/07,2026/06/07,2026/06/07,07:40,2026/06/07,08:35,2026/06/07,13:00
"KOREA MARINE TRANSPORT CO., LTD.",kmtc,TAKAMATSU,64,JPTAK,SUNNY DAHLIA,D7UA,JSS5,Import/Export,2622E,2622W,2026/06/08,2026/06/08,2026/06/07,17:20,2026/06/08,07:50,2026/06/08,09:40
"KOREA MARINE TRANSPORT CO., LTD.",kmtc,IWAKUNI,69,JPIWK,SUNNY DAHLIA,D7UA,JSS5,Import/Export,2622E,2622W,2026/06/09,2026/06/09,2026/06/08,18:25,2026/06/09,07:10,2026/06/09,11:35
"KOREA MARINE TRANSPORT CO., LTD.",kmtc,IYOMISHIMA,60,JPIYM,SUNNY DAHLIA,D7UA,JSS5,Import/Export,2623E,2623W,2026/06/12,2026/06/12,2026/06/12,06:56,2026/06/12,07:30,2026/06/12,12:10
"KOREA MARINE TRANSPORT CO., LTD.",kmtc,IMABARI,63,JPIMB,SUNNY DAHLIA,D7UA,JSS5,Import/Export,2623E,2623W,2026/06/13,2026/06/13,2026/06/12,14:30,2026/06/13,06:50,2026/06/13,10:40
"KOREA MARINE TRANSPORT CO., LTD.",kmtc,MATSUYAMA,61,JPMYJ,SUNNY DAHLIA,D7UA,JSS5,Import/Export,2623E,2623W,2026/06/13,2026/06/13,2026/06/13,12:58,2026/06/13,13:40,2026/06/13,17:20
"KOREA MARINE TRANSPORT CO., LTD.",kmtc,TOKUSHIMA,65,JPTKS,SUNNY DAHLIA,D7UA,JSS5,Import/Export,2623E,2623W,2026/06/14,2026/06/14,2026/06/14,04:20,2026/06/14,08:10,2026/06/14,12:30
"KOREA MARINE TRANSPORT CO., LTD.",kmtc,TAKAMATSU,64,JPTAK,SUNNY DAHLIA,D7UA,JSS5,Import/Export,2623E,2623W,2026/06/15,2026/06/15,2026/06/14,16:50,2026/06/15,08:10,2026/06/15,13:10
"KOREA MARINE TRANSPORT CO., LTD.",kmtc,IWAKUNI,69,JPIWK,SUNNY DAHLIA,D7UA,JSS5,Import/Export,2623E,2623W,2026/06/16,2026/06/16,2026/06/15,22:30,2026/06/16,07:20,2026/06/16,11:20
"KOREA MARINE TRANSPORT CO., LTD.",kmtc,IYOMISHIMA,60,JPIYM,SUNNY DAHLIA,D7UA,JSS5,Import/Export,2624E,2624W,2026/06/19,2026/06/19,2026/06/19,,2026/06/19,,2026/06/19,
"KOREA MARINE TRANSPORT CO., LTD.",kmtc,MATSUYAMA,61,JPMYJ,SUNNY DAHLIA,D7UA,JSS5,Import/Export,2624E,2624W,2026/06/20,2026/06/20,2026/06/20,,2026/06/20,,2026/06/20,
"KOREA MARINE TRANSPORT CO., LTD.",kmtc,IMABARI,63,JPIMB,SUNNY DAHLIA,D7UA,JSS5,Import/Export,2624E,2624W,2026/06/20,2026/06/20,2026/06/20,,2026/06/20,,2026/06/20,
"KOREA MARINE TRANSPORT CO., LTD.",kmtc,TOKUSHIMA,65,JPTKS,SUNNY DAHLIA,D7UA,JSS5,Import/Export,2624E,2624W,2026/06/21,2026/06/21,2026/06/21,,2026/06/21,,2026/06/21,
"KOREA MARINE TRANSPORT CO., LTD.",kmtc,TAKAMATSU,64,JPTAK,SUNNY DAHLIA,D7UA,JSS5,Import/Export,2624E,2624W,2026/06/22,2026/06/22,2026/06/22,,2026/06/22,,2026/06/22,
"KOREA MARINE TRANSPORT CO., LTD.",kmtc,IWAKUNI,69,JPIWK,SUNNY DAHLIA,D7UA,JSS5,Import/Export,2624E,2624W,2026/06/23,2026/06/23,2026/06/23,,2026/06/23,,2026/06/23,
"KOREA MARINE TRANSPORT CO., LTD.",kmtc,IYOMISHIMA,60,JPIYM,SUNNY DAHLIA,D7UA,JSS5,Import/Export,2625E,2625W,2026/06/26,2026/06/26,2026/06/26,,2026/06/26,,2026/06/26,
"KOREA MARINE TRANSPORT CO., LTD.",kmtc,MATSUYAMA,61,JPMYJ,SUNNY DAHLIA,D7UA,JSS5,Import/Export,2625E,2625W,2026/06/27,2026/06/27,2026/06/27,,2026/06/27,,2026/06/27,
"KOREA MARINE TRANSPORT CO., LTD.",kmtc,IMABARI,63,JPIMB,SUNNY DAHLIA,D7UA,JSS5,Import/Export,2625E,2625W,2026/06/27,2026/06/27,2026/06/27,,2026/06/27,,2026/06/27,
"KOREA MARINE TRANSPORT CO., LTD.",kmtc,TOKUSHIMA,65,JPTKS,SUNNY DAHLIA,D7UA,JSS5,Import/Export,2625E,2625W,2026/06/28,2026/06/28,2026/06/28,,2026/06/28,,2026/06/28,
"KOREA MARINE TRANSPORT CO., LTD.",kmtc,TAKAMATSU,64,JPTAK,SUNNY DAHLIA,D7UA,JSS5,Import/Export,2625E,2625W,2026/06/29,2026/06/29,2026/06/29,,2026/06/29,,2026/06/29,
"KOREA MARINE TRANSPORT CO., LTD.",kmtc,IWAKUNI,69,JPIWK,SUNNY DAHLIA,D7UA,JSS5,Import/Export,2625E,2625W,2026/06/30,2026/06/30,2026/06/30,,2026/06/30,,2026/06/30,
"KOREA MARINE TRANSPORT CO., LTD.",kmtc,IYOMISHIMA,60,JPIYM,SUNNY DAHLIA,D7UA,JSS5,Import/Export,2626E,2626W,2026/07/03,2026/07/03,2026/07/03,,2026/07/03,,2026/07/03,
"KOREA MARINE TRANSPORT CO., LTD.",kmtc,IMABARI,63,JPIMB,SUNNY DAHLIA,D7UA,JSS5,Import/Export,2626E,2626W,2026/07/04,2026/07/04,2026/07/04,,2026/07/04,,2026/07/04,
"KOREA MARINE TRANSPORT CO., LTD.",kmtc,MATSUYAMA,61,JPMYJ,SUNNY DAHLIA,D7UA,JSS5,Import/Export,2626E,2626W,2026/07/04,2026/07/04,2026/07/04,,2026/07/04,,2026/07/04,
"KOREA MARINE TRANSPORT CO., LTD.",kmtc,TOKUSHIMA,65,JPTKS,SUNNY DAHLIA,D7UA,JSS5,Import/Export,2626E,2626W,2026/07/05,2026/07/05,2026/07/05,,2026/07/05,,2026/07/05,
"KOREA MARINE TRANSPORT CO., LTD.",kmtc,SAKATA,17,JPSKT,SUNNY DAISY,D7LL,NTP,Import/Export,2606E,2606W,2026/05/30,2026/05/30,2026/06/05,16:13,2026/06/05,17:00,2026/06/06,14:30
"KOREA MARINE TRANSPORT CO., LTD.",kmtc,ISHIKARI,7,JPISI,SUNNY DAISY,D7LL,NTP,Import/Export,2606E,2606W,2026/05/28,2026/05/28,2026/06/07,15:58,2026/06/07,16:40,2026/06/08,11:20
"KOREA MARINE TRANSPORT CO., LTD.",kmtc,TOMAKOMAI,1,JPTMK,SUNNY DAISY,D7LL,NTP,Import/Export,2606E,2606W,2026/05/26,2026/05/26,2026/06/09,14:20,2026/06/10,11:10,2026/06/11,17:40
"KOREA MARINE TRANSPORT CO., LTD.",kmtc,SENDAI,3,JPSDJ,SUNNY DAISY,D7LL,NTP,Import/Export,2606E,2606W,2026/05/24,2026/05/24,2026/06/12,19:42,2026/06/13,04:49,2026/06/13,14:18
"KOREA MARINE TRANSPORT CO., LTD.",kmtc,SAKAIMINATO,29,JPSMN,SUNNY DAISY,D7LL,NTP,Import/Export,2606E,2606W,2026/06/01,2026/06/01,2026/06/13,,2026/06/13,,2026/06/14,
"KOREA MARINE TRANSPORT CO., LTD.",kmtc,HITACHINAKA,21,JPHIC,SUNNY DAISY,D7LL,NTP,Import/Export,2606E,2606W,2026/05/23,2026/05/23,2026/06/14,07:05,2026/06/14,08:06,2026/06/14,16:30
"KOREA MARINE TRANSPORT CO., LTD.",kmtc,SENDAI,3,JPSDJ,SUNNY DAISY,D7LL,NTP,Import/Export,2607E,2607W,2026/06/14,2026/06/14,2026/06/21,,2026/06/22,,2026/06/22,
"KOREA MARINE TRANSPORT CO., LTD.",kmtc,HITACHINAKA,21,JPHIC,SUNNY DAISY,D7LL,NTP,Import/Export,2607E,2607W,2026/06/13,2026/06/13,2026/06/21,,2026/06/21,,2026/06/21,
"KOREA MARINE TRANSPORT CO., LTD.",kmtc,SAKAIMINATO,29,JPSMN,SUNNY DAISY,D7LL,NTP,Import/Export,2607E,2607W,2026/06/22,2026/06/22,2026/06/22,,2026/06/22,,2026/06/22,
"KOREA MARINE TRANSPORT CO., LTD.",kmtc,TOMAKOMAI,1,JPTMK,SUNNY DAISY,D7LL,NTP,Import/Export,2607E,2607W,2026/06/16,2026/06/16,2026/06/23,,2026/06/23,,2026/06/24,
"KOREA MARINE TRANSPORT CO., LTD.",kmtc,ISHIKARI,7,JPISI,SUNNY DAISY,D7LL,NTP,Import/Export,2607E,2607W,2026/06/18,2026/06/18,2026/06/25,,2026/06/25,,2026/06/26,
"KOREA MARINE TRANSPORT CO., LTD.",kmtc,SAKATA,17,JPSKT,SUNNY DAISY,D7LL,NTP,Import/Export,2607E,2607W,2026/06/20,2026/06/20,2026/06/27,,2026/06/27,,2026/06/27,
"KOREA MARINE TRANSPORT CO., LTD.",kmtc,CHIBA,14,JPCHB,SUNNY FREESIA,VRSS8,PJS,Import/Export,2615N,2615S,2026/06/09,2026/06/10,2026/06/09,07:10,2026/06/09,08:00,2026/06/09,15:50
"KOREA MARINE TRANSPORT CO., LTD.",kmtc,YOKOHAMA,11,JPYOK,SUNNY FREESIA,VRSS8,PJS,Import/Export,2615N,2615S,2026/06/10,2026/06/10,2026/06/09,17:45,2026/06/09,18:24,2026/06/10,04:45
"KOREA MARINE TRANSPORT CO., LTD.",kmtc,TOKYO,13,JPTYO,SUNNY FREESIA,VRSS8,PJS,Import/Export,2615N,2615S,2026/06/09,2026/06/09,2026/06/10,06:36,2026/06/10,07:31,2026/06/10,18:24
"KOREA MARINE TRANSPORT CO., LTD.",kmtc,CHIBA,14,JPCHB,SUNNY FREESIA,VRSS8,PJS,Import/Export,2616N,2616S,2026/06/30,2026/07/01,2026/06/30,,2026/06/30,,2026/07/01,
"KOREA MARINE TRANSPORT CO., LTD.",kmtc,TOKYO,13,JPTYO,SUNNY FREESIA,VRSS8,PJS,Import/Export,2616N,2616S,2026/06/30,2026/06/30,2026/06/30,,2026/06/30,,2026/06/30,
"KOREA MARINE TRANSPORT CO., LTD.",kmtc,YOKOHAMA,11,JPYOK,SUNNY FREESIA,VRSS8,PJS,Import/Export,2616N,2616S,2026/07/01,2026/07/01,2026/07/01,,2026/07/01,,2026/07/01,
"KOREA MARINE TRANSPORT CO., LTD.",kmtc,TOMAKOMAI,1,JPTMK,SUNNY IVY,VRTX9,NCQ,Import/Export,2607E,2607W,2026/05/24,2026/05/24,2026/05/30,06:00,2026/05/30,06:50,2026/06/01,11:40
"KOREA MARINE TRANSPORT CO., LTD.",kmtc,HACHINOHE,2,JPHHE,SUNNY IVY,VRTX9,NCQ,Import/Export,2607E,2607W,2026/05/25,2026/05/25,2026/06/02,14:17,2026/06/02,15:00,2026/06/03,16:20
"KOREA MARINE TRANSPORT CO., LTD.",kmtc,SENDAI,3,JPSDJ,SUNNY IVY,VRTX9,NCQ,Import/Export,2607E,2607W,2026/05/27,2026/05/27,2026/06/07,10:30,2026/06/07,11:08,2026/06/07,18:00
"KOREA MARINE TRANSPORT CO., LTD.",kmtc,HITACHINAKA,21,JPHIC,SUNNY IVY,VRTX9,NCQ,Import/Export,2607E,2607W,2026/05/28,2026/05/28,2026/06/08,03:25,2026/06/08,08:35,2026/06/09,18:48
"KOREA MARINE TRANSPORT CO., LTD.",kmtc,NIIGATA,24,JPKIJ,SUNNY IVY,VRTX9,NCQ,Import/Export,2608E,2608W,2026/06/18,2026/06/18,2026/06/23,,2026/06/23,,2026/06/23,
"KOREA MARINE TRANSPORT CO., LTD.",kmtc,AKITA,19,JPAXT,SUNNY IVY,VRTX9,NCQ,Import/Export,2608E,2608W,2026/06/20,2026/06/20,2026/06/24,,2026/06/25,,2026/06/25,
"KOREA MARINE TRANSPORT CO., LTD.",kmtc,TOMAKOMAI,1,JPTMK,SUNNY IVY,VRTX9,NCQ,Import/Export,2608E,2608W,2026/06/21,2026/06/21,2026/06/25,,2026/06/25,,2026/06/26,
"KOREA MARINE TRANSPORT CO., LTD.",kmtc,HACHINOHE,2,JPHHE,SUNNY IVY,VRTX9,NCQ,Import/Export,2608E,2608W,2026/06/22,2026/06/22,2026/06/26,,2026/06/26,,2026/06/27,
"KOREA MARINE TRANSPORT CO., LTD.",kmtc,SENDAI,3,JPSDJ,SUNNY IVY,VRTX9,NCQ,Import/Export,2608E,2608W,2026/06/24,2026/06/24,2026/06/27,,2026/06/27,,2026/06/28,
"KOREA MARINE TRANSPORT CO., LTD.",kmtc,KANAZAWA,26,JPKNZ,SUNNY LAUREL,H8BZ,JPS1,Import/Export,2610E,2610W,2026/05/25,2026/05/25,2026/06/06,07:26,2026/06/06,08:10,2026/06/06,10:45
"KOREA MARINE TRANSPORT CO., LTD.",kmtc,ISHIKARI,7,JPISI,SUNNY LAUREL,H8BZ,JPS1,Import/Export,2610E,2610W,2026/06/01,2026/06/01,2026/06/07,,2026/06/07,,2026/06/07,
"KOREA MARINE TRANSPORT CO., LTD.",kmtc,TOMAKOMAI,1,JPTMK,SUNNY LAUREL,H8BZ,JPS1,Import/Export,2610E,2610W,2026/05/30,2026/05/30,2026/06/07,19:40,2026/06/10,09:15,2026/06/11,16:20
"KOREA MARINE TRANSPORT CO., LTD.",kmtc,AKITA,19,JPAXT,SUNNY LAUREL,H8BZ,JPS1,Import/Export,2610E,2610W,2026/06/02,2026/06/02,2026/06/08,,2026/06/08,,2026/06/08,
"KOREA MARINE TRANSPORT CO., LTD.",kmtc,HAKATA,77,JPHKT,SUNNY LAUREL,H8BZ,JPS1,Import/Export,2611E,2611W,2026/06/06,2026/06/06,2026/06/13,,2026/06/14,,2026/06/14,
"KOREA MARINE TRANSPORT CO., LTD.",kmtc,KANAZAWA,26,JPKNZ,SUNNY LAUREL,H8BZ,JPS1,Import/Export,2611E,2611W,2026/06/08,2026/06/08,2026/06/16,,2026/06/16,,2026/06/16,
"KOREA MARINE TRANSPORT CO., LTD.",kmtc,AKITA,19,JPAXT,SUNNY LAUREL,H8BZ,JPS1,Import/Export,2611E,2611W,2026/06/16,2026/06/16,2026/06/22,,2026/06/22,,2026/06/22,
"KOREA MARINE TRANSPORT CO., LTD.",kmtc,TOMAKOMAI,1,JPTMK,SUNNY LAUREL,H8BZ,JPS1,Import/Export,2611E,2611W,2026/06/13,2026/06/13,2026/06/23,,2026/06/23,,2026/06/23,
"KOREA MARINE TRANSPORT CO., LTD.",kmtc,ISHIKARI,7,JPISI,SUNNY LAUREL,H8BZ,JPS1,Import/Export,2611E,2611W,2026/06/15,2026/06/15,2026/06/24,,2026/06/24,,2026/06/24,
"KOREA MARINE TRANSPORT CO., LTD.",kmtc,HAKATA,77,JPHKT,SUNNY LAUREL,H8BZ,JPS1,Import/Export,2612E,2612W,2026/06/27,2026/06/27,2026/06/29,,2026/06/29,,2026/06/29,
"KOREA MARINE TRANSPORT CO., LTD.",kmtc,KANAZAWA,26,JPKNZ,SUNNY LAUREL,H8BZ,JPS1,Import/Export,2612E,2612W,2026/06/29,2026/06/29,2026/06/30,,2026/06/30,,2026/07/01,
"KOREA MARINE TRANSPORT CO., LTD.",kmtc,TOMAKOMAI,1,JPTMK,SUNNY LAUREL,H8BZ,JPS1,Import/Export,2612E,2612W,2026/07/04,2026/07/04,2026/07/05,,2026/07/05,,2026/07/05,
"KOREA MARINE TRANSPORT CO., LTD.",kmtc,TOKYO,13,JPTYO,SUNNY LAVENDER,3FHO8,PJS,Import/Export,2608N,2608S,2026/06/16,2026/06/16,2026/06/17,06:53,2026/06/17,07:58,2026/06/18,05:00
"KOREA MARINE TRANSPORT CO., LTD.",kmtc,YOKOHAMA,11,JPYOK,SUNNY LAVENDER,3FHO8,PJS,Import/Export,2608N,2608S,2026/06/17,2026/06/17,2026/06/18,06:30,2026/06/18,07:30,2026/06/18,16:00
"KOREA MARINE TRANSPORT CO., LTD.",kmtc,CHIBA,14,JPCHB,SUNNY LAVENDER,3FHO8,PJS,Import/Export,2608N,2608S,2026/06/16,2026/06/17,2026/06/18,18:30,2026/06/18,19:30,2026/06/19,04:00
"KOREA MARINE TRANSPORT CO., LTD.",kmtc,MOJI,70,JPMOJ,SUNNY PALM,DSEK8,JKW3,Import/Export,2622E,2622W,2026/06/01,2026/06/01,2026/05/31,16:18,2026/06/01,10:18,2026/06/01,15:31
"KOREA MARINE TRANSPORT CO., LTD.",kmtc,IMARI,87,JPIMI,SUNNY PALM,DSEK8,JKW3,Import/Export,2622E,2622W,2026/06/02,2026/06/02,2026/06/02,04:55,2026/06/02,05:30,2026/06/02,10:25
"KOREA MARINE TRANSPORT CO., LTD.",kmtc,NAGASAKI,92,JPNGS,SUNNY PALM,DSEK8,JKW3,Import/Export,2622E,2622W,2026/06/03,2026/06/03,2026/06/02,18:35,2026/06/03,08:30,2026/06/03,10:10
"KOREA MARINE TRANSPORT CO., LTD.",kmtc,SHIBUSHI,91,JPSBS,SUNNY PALM,DSEK8,JKW3,Import/Export,2622E,2622W,2026/06/04,2026/06/04,2026/06/04,02:05,2026/06/04,08:00,2026/06/04,13:10
"KOREA MARINE TRANSPORT CO., LTD.",kmtc,SATSUMA SENDAI,97,JPSEN,SUNNY PALM,DSEK8,JKW3,Import/Export,2622E,2622W,2026/06/05,2026/06/05,2026/06/04,23:30,2026/06/05,07:15,2026/06/05,10:15
"KOREA MARINE TRANSPORT CO., LTD.",kmtc,MOJI,70,JPMOJ,SUNNY PALM,DSEK8,JKW4,Import/Export,2623E,2623W,2026/06/08,2026/06/08,2026/06/07,11:30,2026/06/08,07:42,2026/06/08,10:25
"KOREA MARINE TRANSPORT CO., LTD.",kmtc,IMARI,87,JPIMI,SUNNY PALM,DSEK8,JKW4,Import/Export,2623E,2623W,2026/06/09,2026/06/09,2026/06/09,07:47,2026/06/09,08:20,2026/06/09,11:50
"KOREA MARINE TRANSPORT CO., LTD.",kmtc,YATSUSHIRO,96,JPYAT,SUNNY PALM,DSEK8,JKW4,Import/Export,2623E,2623W,2026/06/10,2026/06/10,2026/06/10,07:09,2026/06/10,08:10,2026/06/10,17:30
"KOREA MARINE TRANSPORT CO., LTD.",kmtc,SHIBUSHI,91,JPSBS,SUNNY PALM,DSEK8,JKW4,Import/Export,2623E,2623W,2026/06/11,2026/06/11,2026/06/11,12:17,2026/06/11,13:10,2026/06/11,17:20
"KOREA MARINE TRANSPORT CO., LTD.",kmtc,SATSUMA SENDAI,97,JPSEN,SUNNY PALM,DSEK8,JKW4,Import/Export,2623E,2623W,2026/06/12,2026/06/12,2026/06/12,,2026/06/12,,2026/06/12,
"KOREA MARINE TRANSPORT CO., LTD.",kmtc,MOJI,70,JPMOJ,SUNNY PALM,DSEK8,JKW3,Import/Export,2624E,2624W,2026/06/15,2026/06/15,2026/06/14,17:18,2026/06/15,06:54,2026/06/15,10:10
"KOREA MARINE TRANSPORT CO., LTD.",kmtc,IMARI,87,JPIMI,SUNNY PALM,DSEK8,JKW3,Import/Export,2624E,2624W,2026/06/16,2026/06/16,2026/06/16,05:45,2026/06/16,06:30,2026/06/16,10:00
"KOREA MARINE TRANSPORT CO., LTD.",kmtc,NAGASAKI,92,JPNGS,SUNNY PALM,DSEK8,JKW3,Import/Export,2624E,2624W,2026/06/17,2026/06/17,2026/06/16,17:50,2026/06/17,08:30,2026/06/17,10:00
"KOREA MARINE TRANSPORT CO., LTD.",kmtc,SHIBUSHI,91,JPSBS,SUNNY PALM,DSEK8,JKW3,Import/Export,2624E,2624W,2026/06/18,2026/06/18,2026/06/18,,2026/06/18,,2026/06/18,
"KOREA MARINE TRANSPORT CO., LTD.",kmtc,SATSUMA SENDAI,97,JPSEN,SUNNY PALM,DSEK8,JKW,Import/Export,2624E,2624W,2026/06/19,2026/06/19,2026/06/19,,2026/06/19,,2026/06/19,
"KOREA MARINE TRANSPORT CO., LTD.",kmtc,IMARI,87,JPIMI,SUNNY PALM,DSEK8,JKW3,Import/Export,2624W,2625E,2026/06/19,2026/06/19,2026/06/19,,2026/06/19,,2026/06/19,
"KOREA MARINE TRANSPORT CO., LTD.",kmtc,MOJI,70,JPMOJ,SUNNY PALM,DSEK8,JKW4,Import/Export,2625E,2625W,2026/06/22,2026/06/22,2026/06/22,,2026/06/22,,2026/06/22,
"KOREA MARINE TRANSPORT CO., LTD.",kmtc,IMARI,87,JPIMI,SUNNY PALM,DSEK8,JKW4,Import/Export,2625E,2625W,2026/06/23,2026/06/23,2026/06/23,,2026/06/23,,2026/06/23,
"KOREA MARINE TRANSPORT CO., LTD.",kmtc,YATSUSHIRO,96,JPYAT,SUNNY PALM,DSEK8,JKW4,Import/Export,2625E,2625W,2026/06/24,2026/06/24,2026/06/24,,2026/06/24,,2026/06/24,
"KOREA MARINE TRANSPORT CO., LTD.",kmtc,SHIBUSHI,91,JPSBS,SUNNY PALM,DSEK8,JKW4,Import/Export,2625E,2625W,2026/06/25,2026/06/25,2026/06/25,,2026/06/25,,2026/06/25,
"KOREA MARINE TRANSPORT CO., LTD.",kmtc,SATSUMA SENDAI,97,JPSEN,SUNNY PALM,DSEK8,JKW4,Import/Export,2625E,2625W,2026/06/26,2026/06/26,2026/06/26,,2026/06/26,,2026/06/26,
"KOREA MARINE TRANSPORT CO., LTD.",kmtc,TOKYO,13,JPTYO,SUNNY ROSE,D7PQ,PJS,Import/Export,2607N,2607S,2026/06/02,2026/06/02,2026/06/01,16:06,2026/06/02,07:52,2026/06/02,18:49
"KOREA MARINE TRANSPORT CO., LTD.",kmtc,CHIBA,14,JPCHB,SUNNY ROSE,D7PQ,PJS,Import/Export,2607N,2607S,2026/06/02,2026/06/03,2026/06/02,20:10,2026/06/02,20:54,2026/06/03,03:20
"KOREA MARINE TRANSPORT CO., LTD.",kmtc,YOKOHAMA,11,JPYOK,SUNNY ROSE,D7PQ,PJS,Import/Export,2607N,2607S,2026/06/03,2026/06/03,2026/06/03,05:12,2026/06/04,07:48,2026/06/04,15:40
"KOREA MARINE TRANSPORT CO., LTD.",kmtc,CHIBA,14,JPCHB,SUNNY ROSE,D7PQ,PJS,Import/Export,2608N,2608S,2026/06/23,2026/06/24,2026/06/25,,2026/06/25,,2026/06/25,
"KOREA MARINE TRANSPORT CO., LTD.",kmtc,TOKYO,13,JPTYO,SUNNY ROSE,D7PQ,PJS,Import/Export,2608N,2608S,2026/06/23,2026/06/23,2026/06/25,,2026/06/25,,2026/06/25,
"KOREA MARINE TRANSPORT CO., LTD.",kmtc,YOKOHAMA,11,JPYOK,SUNNY ROSE,D7PQ,PJS,Import/Export,2608N,2608S,2026/06/24,2026/06/24,2026/06/26,,2026/06/26,,2026/06/26,
"KOREA MARINE TRANSPORT CO., LTD.",kmtc,NIIGATA,24,JPKIJ,SUNNY VIOLET,3E5968,NCQ,Import/Export,2606E,2606W,2026/05/28,2026/05/28,2026/06/05,09:18,2026/06/05,10:20,2026/06/05,15:10
"KOREA MARINE TRANSPORT CO., LTD.",kmtc,HITACHINAKA,21,JPHIC,SUNNY VIOLET,3E5968,NCQ,Import/Export,2606E,2606W,2026/06/04,2026/06/04,2026/06/06,,2026/06/06,,2026/06/06,
"KOREA MARINE TRANSPORT CO., LTD.",kmtc,AKITA,19,JPAXT,SUNNY VIOLET,3E5968,NCQ,Import/Export,2606E,2606W,2026/05/30,2026/05/30,2026/06/06,01:40,2026/06/06,09:40,2026/06/06,11:40
"KOREA MARINE TRANSPORT CO., LTD.",kmtc,TOMAKOMAI,1,JPTMK,SUNNY VIOLET,3E5968,NCQ,Import/Export,2606E,2606W,2026/05/31,2026/05/31,2026/06/07,03:40,2026/06/07,18:55,2026/06/10,16:40
"KOREA MARINE TRANSPORT CO., LTD.",kmtc,HACHINOHE,2,JPHHE,SUNNY VIOLET,3E5968,NCQ,Import/Export,2606E,2606W,2026/06/01,2026/06/01,2026/06/11,07:44,2026/06/11,08:30,2026/06/11,18:40
"KOREA MARINE TRANSPORT CO., LTD.",kmtc,SENDAI,3,JPSDJ,SUNNY VIOLET,3E5968,NCQ,Import/Export,2606E,2606W,2026/06/03,2026/06/03,2026/06/12,07:54,2026/06/14,04:24,2026/06/14,15:53
"KOREA MARINE TRANSPORT CO., LTD.",kmtc,AKITA,19,JPAXT,SUNNY VIOLET,3E5968,NCQ,Import/Export,2607E,2607W,2026/06/27,2026/06/27,2026/06/27,,2026/06/28,,2026/06/28,
"KOREA MARINE TRANSPORT CO., LTD.",kmtc,TOMAKOMAI,1,JPTMK,SUNNY VIOLET,3E5968,NCQ,Import/Export,2607E,2607W,2026/06/28,2026/06/28,2026/06/29,,2026/06/29,,2026/06/29,
"KOREA MARINE TRANSPORT CO., LTD.",kmtc,HACHINOHE,2,JPHHE,SUNNY VIOLET,3E5968,NCQ,Import/Export,2607E,2607W,2026/06/29,2026/06/29,2026/06/30,,2026/06/30,,2026/06/30,
"KOREA MARINE TRANSPORT CO., LTD.",kmtc,SENDAI,3,JPSDJ,SUNNY VIOLET,3E5968,NCQ,Import/Export,2607E,2607W,2026/07/01,2026/07/01,2026/07/01,,2026/07/01,,2026/07/01,
"KOREA MARINE TRANSPORT CO., LTD.",kmtc,HITACHINAKA,21,JPHIC,SUNNY VIOLET,3E5968,NCQ,Import/Export,2607E,2607W,2026/07/02,2026/07/02,2026/07/02,,2026/07/02,,2026/07/02,
"KOREA MARINE TRANSPORT CO., LTD.",kmtc,YOKOHAMA,11,JPYOK,TY INCHEON,D8TI,JEK4,Import/Export,2614E,2614W,2026/06/01,2026/06/01,2026/06/09,07:35,2026/06/09,08:18,2026/06/09,11:45
"KOREA MARINE TRANSPORT CO., LTD.",kmtc,TOKYO,13,JPTYO,TY INCHEON,D8TI,JEK4,Import/Export,2614E,2614W,2026/06/01,2026/06/01,2026/06/09,13:56,2026/06/09,18:42,2026/06/10,03:46
"KOREA MARINE TRANSPORT CO., LTD.",kmtc,SHIMIZU,30,JPSMZ,TY INCHEON,D8TI,JEK4,Import/Export,2614E,2614W,2026/05/31,2026/05/31,2026/06/10,13:35,2026/06/10,14:10,2026/06/10,19:25
"KOREA MARINE TRANSPORT CO., LTD.",kmtc,NAGOYA,35,JPNGO,TY INCHEON,D8TI,JEK4,Import/Export,2614E,2614W,2026/06/02,2026/06/02,2026/06/11,08:06,2026/06/11,12:30,2026/06/11,21:45
"KOREA MARINE TRANSPORT CO., LTD.",kmtc,TOKYO,13,JPTYO,TY INCHEON,D8TI,JEK5,Import/Export,2615E,2615W,2026/06/12,2026/06/12,2026/06/17,06:34,2026/06/17,07:27,2026/06/17,15:00
"KOREA MARINE TRANSPORT CO., LTD.",kmtc,YOKOHAMA,11,JPYOK,TY INCHEON,D8TI,JEK5,Import/Export,2615E,2615W,2026/06/12,2026/06/13,2026/06/17,16:30,2026/06/17,17:30,2026/06/18,
"KOREA MARINE TRANSPORT CO., LTD.",kmtc,CHIBA,14,JPCHB,TY INCHEON,D8TI,JEK5,Import/Export,2615E,2615W,2026/06/13,2026/06/13,2026/06/18,,2026/06/18,,2026/06/18,
"KOREA MARINE TRANSPORT CO., LTD.",kmtc,SHIMIZU,30,JPSMZ,TY INCHEON,D8TI,JEK4,Import/Export,2616E,2616W,2026/06/21,2026/06/21,2026/06/26,,2026/06/26,,2026/06/27,
"KOREA MARINE TRANSPORT CO., LTD.",kmtc,TOKYO,13,JPTYO,TY INCHEON,D8TI,JEK4,Import/Export,2616E,2616W,2026/06/22,2026/06/22,2026/06/27,,2026/06/27,,2026/06/27,
"KOREA MARINE TRANSPORT CO., LTD.",kmtc,YOKOHAMA,11,JPYOK,TY INCHEON,D8TI,JEK4,Import/Export,2616E,2616W,2026/06/22,2026/06/23,2026/06/27,,2026/06/27,,2026/06/28,
"KOREA MARINE TRANSPORT CO., LTD.",kmtc,NAGOYA,35,JPNGO,TY INCHEON,D8TI,JEK4,Import/Export,2616E,2616W,2026/06/23,2026/06/24,2026/06/28,,2026/06/28,,2026/06/28,
"KOREA MARINE TRANSPORT CO., LTD.",kmtc,YOKOHAMA,11,JPYOK,TY INCHEON,D8TI,JEK5,Import/Export,2617E,2617W,2026/07/03,2026/07/04,2026/07/03,,2026/07/03,,2026/07/03,
"KOREA MARINE TRANSPORT CO., LTD.",kmtc,CHIBA,14,JPCHB,TY INCHEON,D8TI,JEK5,Import/Export,2617E,2617W,2026/07/04,2026/07/04,2026/07/03,,2026/07/03,,2026/07/03,
"KOREA MARINE TRANSPORT CO., LTD.",kmtc,TOKYO,13,JPTYO,TY INCHEON,D8TI,JEK5,Import/Export,2617E,2617W,2026/07/03,2026/07/03,2026/07/03,,2026/07/03,,2026/07/03,
"KOREA MARINE TRANSPORT CO., LTD.",kmtc,TOKYO,13,JPTYO,VICTORY STAR,VRVY4,JEK4,Import/Export,2614E,2614W,2026/05/25,2026/05/25,2026/06/01,06:34,2026/06/01,07:31,2026/06/01,14:58
"KOREA MARINE TRANSPORT CO., LTD.",kmtc,YOKOHAMA,11,JPYOK,VICTORY STAR,VRVY4,JEK4,Import/Export,2614E,2614W,2026/05/25,2026/05/26,2026/06/01,16:40,2026/06/01,17:12,2026/06/03,05:00
"KOREA MARINE TRANSPORT CO., LTD.",kmtc,SHIMIZU,30,JPSMZ,VICTORY STAR,VRVY4,JEK4,Import/Export,2614E,2614W,2026/05/24,2026/05/24,2026/06/04,10:23,2026/06/04,10:42,2026/06/04,17:00
"KOREA MARINE TRANSPORT CO., LTD.",kmtc,NAGOYA,35,JPNGO,VICTORY STAR,VRVY4,JEK4,Import/Export,2614E,2614W,2026/05/26,2026/05/27,2026/06/05,05:30,2026/06/05,06:55,2026/06/05,16:00
"KOREA MARINE TRANSPORT CO., LTD.",kmtc,YOKOHAMA,11,JPYOK,VICTORY STAR,VRVY4,JEK5,Import/Export,2615E,2615W,2026/06/05,2026/06/06,2026/06/14,05:42,2026/06/14,17:06,2026/06/15,04:55
"KOREA MARINE TRANSPORT CO., LTD.",kmtc,TOKYO,13,JPTYO,VICTORY STAR,VRVY4,JEK5,Import/Export,2615E,2615W,2026/06/05,2026/06/05,2026/06/15,06:36,2026/06/15,07:38,2026/06/15,17:30
"KOREA MARINE TRANSPORT CO., LTD.",kmtc,CHIBA,14,JPCHB,VICTORY STAR,VRVY4,JEK5,Import/Export,2615E,2615W,2026/06/06,2026/06/06,2026/06/15,19:00,2026/06/15,19:42,2026/06/16,00:01
"KOREA MARINE TRANSPORT CO., LTD.",kmtc,SHIMIZU,30,JPSMZ,VICTORY STAR,VRVY4,JEK4,Import/Export,2616E,2616W,2026/06/14,2026/06/14,2026/06/23,,2026/06/23,,2026/06/23,
"KOREA MARINE TRANSPORT CO., LTD.",kmtc,TOKYO,13,JPTYO,VICTORY STAR,VRVY4,JEK4,Import/Export,2616E,2616W,2026/06/15,2026/06/15,2026/06/23,,2026/06/23,,2026/06/24,
"KOREA MARINE TRANSPORT CO., LTD.",kmtc,YOKOHAMA,11,JPYOK,VICTORY STAR,VRVY4,JEK4,Import/Export,2616E,2616W,2026/06/15,2026/06/15,2026/06/24,,2026/06/24,,2026/06/24,
"KOREA MARINE TRANSPORT CO., LTD.",kmtc,NAGOYA,35,JPNGO,VICTORY STAR,VRVY4,JEK4,Import/Export,2616E,2616W,2026/06/16,2026/06/16,2026/06/25,,2026/06/25,,2026/06/25,
"KOREA MARINE TRANSPORT CO., LTD.",kmtc,YOKOHAMA,11,JPYOK,VICTORY STAR,VRVY4,JEK5,Import/Export,2617E,2617W,2026/06/26,2026/06/27,2026/07/01,,2026/07/01,,2026/07/01,
"KOREA MARINE TRANSPORT CO., LTD.",kmtc,CHIBA,14,JPCHB,VICTORY STAR,VRVY4,JEK5,Import/Export,2617E,2617W,2026/06/27,2026/06/27,2026/07/01,,2026/07/01,,2026/07/01,
"KOREA MARINE TRANSPORT CO., LTD.",kmtc,TOKYO,13,JPTYO,VICTORY STAR,VRVY4,JEK5,Import/Export,2617E,2617W,2026/06/26,2026/06/26,2026/07/01,,2026/07/01,,2026/07/01,
"KOREA MARINE TRANSPORT CO., LTD.",kmtc,SHIMIZU,30,JPSMZ,VICTORY STAR,VRVY4,JEK,Import/Export,2618E,2618W,2026/07/05,2026/07/05,2026/07/05,,2026/07/05,,2026/07/05,
"KOREA MARINE TRANSPORT CO., LTD.",kmtc,KOBE,41,JPUKB,WECAN,D7XP,JEH1,Import/Export,2619E,2619W,2026/06/01,2026/06/02,2026/06/01,16:35,2026/06/01,17:36,2026/06/02,06:15
"KOREA MARINE TRANSPORT CO., LTD.",kmtc,OSAKA,40,JPOSA,WECAN,D7XP,JEH1,Import/Export,2619E,2619W,2026/06/01,2026/06/01,2026/06/02,07:00,2026/06/02,07:51,2026/06/02,16:02
"KOREA MARINE TRANSPORT CO., LTD.",kmtc,FUKUYAMA,67,JPFKY,WECAN,D7XP,JEH1,Import/Export,2619E,2619W,2026/06/02,2026/06/02,2026/06/03,18:25,2026/06/04,06:45,2026/06/04,17:10
"KOREA MARINE TRANSPORT CO., LTD.",kmtc,MIZUSHIMA,50,JPMIZ,WECAN,D7XP,JEH1,Import/Export,2619E,2619W,2026/06/02,2026/06/02,2026/06/04,19:00,2026/06/05,06:24,2026/06/05,12:14
"KOREA MARINE TRANSPORT CO., LTD.",kmtc,HIROSHIMA,51,JPHIJ,WECAN,D7XP,JEH1,Import/Export,2619E,2619W,2026/06/03,2026/06/03,2026/06/05,20:14,2026/06/07,08:06,2026/06/07,15:20
"KOREA MARINE TRANSPORT CO., LTD.",kmtc,OITA,78,JPOIT,WECAN,D7XP,JEH1,Import/Export,2619E,2619W,2026/06/04,2026/06/04,2026/06/07,22:44,2026/06/08,06:48,2026/06/08,15:04
"KOREA MARINE TRANSPORT CO., LTD.",kmtc,TOKUYAMA,62,JPTKY,WECAN,D7XP,JEH4,Import/Export,2620E,2620W,2026/06/10,2026/06/10,2026/06/11,14:55,2026/06/11,15:40,2026/06/11,20:10
"KOREA MARINE TRANSPORT CO., LTD.",kmtc,FUKUYAMA,67,JPFKY,WECAN,D7XP,JEH4,Import/Export,2620E,2620W,2026/06/09,2026/06/09,2026/06/12,05:08,2026/06/12,06:00,2026/06/12,12:00
"KOREA MARINE TRANSPORT CO., LTD.",kmtc,MIZUSHIMA,50,JPMIZ,WECAN,D7XP,JEH4,Import/Export,2620E,2620W,2026/06/09,2026/06/09,2026/06/12,13:45,2026/06/12,14:18,2026/06/12,18:31
"KOREA MARINE TRANSPORT CO., LTD.",kmtc,OSAKA,40,JPOSA,WECAN,D7XP,JEH4,Import/Export,2620E,2620W,2026/06/08,2026/06/08,2026/06/13,06:19,2026/06/13,07:15,2026/06/13,15:08
"KOREA MARINE TRANSPORT CO., LTD.",kmtc,KOBE,41,JPUKB,WECAN,D7XP,JEH4,Import/Export,2620E,2620W,2026/06/08,2026/06/09,2026/06/13,15:50,2026/06/13,16:37,2026/06/13,22:06
"KOREA MARINE TRANSPORT CO., LTD.",kmtc,HIROSHIMA,51,JPHIJ,WECAN,D7XP,JEH4,Import/Export,2620E,2620W,2026/06/11,2026/06/11,2026/06/14,12:50,2026/06/14,13:24,2026/06/14,19:00
"KOREA MARINE TRANSPORT CO., LTD.",kmtc,OSAKA,40,JPOSA,WECAN,D7XP,JEH1,Import/Export,2621E,2621W,2026/06/15,2026/06/15,2026/06/18,07:30,2026/06/18,08:30,2026/06/18,16:30
"KOREA MARINE TRANSPORT CO., LTD.",kmtc,KOBE,41,JPUKB,WECAN,D7XP,JEH1,Import/Export,2621E,2621W,2026/06/15,2026/06/16,2026/06/18,17:00,2026/06/18,18:00,2026/06/18,23:30
"KOREA MARINE TRANSPORT CO., LTD.",kmtc,FUKUYAMA,67,JPFKY,WECAN,D7XP,JEH1,Import/Export,2621E,2621W,2026/06/16,2026/06/16,2026/06/19,,2026/06/19,,2026/06/19,
"KOREA MARINE TRANSPORT CO., LTD.",kmtc,MIZUSHIMA,50,JPMIZ,WECAN,D7XP,JEH1,Import/Export,2621E,2621W,2026/06/16,2026/06/16,2026/06/19,,2026/06/19,,2026/06/19,
"KOREA MARINE TRANSPORT CO., LTD.",kmtc,HIROSHIMA,51,JPHIJ,WECAN,D7XP,JEH1,Import/Export,2621E,2621W,2026/06/17,2026/06/17,2026/06/20,,2026/06/20,,2026/06/20,
"KOREA MARINE TRANSPORT CO., LTD.",kmtc,OITA,78,JPOIT,WECAN,D7XP,JEH1,Import/Export,2621E,2621W,2026/06/18,2026/06/18,2026/06/22,,2026/06/22,,2026/06/22,
"KOREA MARINE TRANSPORT CO., LTD.",kmtc,KOBE,41,JPUKB,WECAN,D7XP,JEH4,Import/Export,2622E,2622W,2026/06/22,2026/06/23,2026/06/24,,2026/06/24,,2026/06/25,
"KOREA MARINE TRANSPORT CO., LTD.",kmtc,OSAKA,40,JPOSA,WECAN,D7XP,JEH4,Import/Export,2622E,2622W,2026/06/22,2026/06/22,2026/06/24,,2026/06/24,,2026/06/24,
"KOREA MARINE TRANSPORT CO., LTD.",kmtc,FUKUYAMA,67,JPFKY,WECAN,D7XP,JEH4,Import/Export,2622E,2622W,2026/06/23,2026/06/23,2026/06/25,,2026/06/25,,2026/06/25,
"KOREA MARINE TRANSPORT CO., LTD.",kmtc,MIZUSHIMA,50,JPMIZ,WECAN,D7XP,JEH4,Import/Export,2622E,2622W,2026/06/23,2026/06/23,2026/06/25,,2026/06/25,,2026/06/25,
"KOREA MARINE TRANSPORT CO., LTD.",kmtc,TOKUYAMA,62,JPTKY,WECAN,D7XP,JEH4,Import/Export,2622E,2622W,2026/06/24,2026/06/24,2026/06/26,,2026/06/26,,2026/06/26,
"KOREA MARINE TRANSPORT CO., LTD.",kmtc,HIROSHIMA,51,JPHIJ,WECAN,D7XP,JEH4,Import/Export,2622E,2622W,2026/06/25,2026/06/25,2026/06/26,,2026/06/26,,2026/06/27,
"KOREA MARINE TRANSPORT CO., LTD.",kmtc,KOBE,41,JPUKB,WECAN,D7XP,JEH1,Import/Export,2623E,2623W,2026/06/29,2026/06/30,2026/06/30,,2026/06/30,,2026/07/01,
"KOREA MARINE TRANSPORT CO., LTD.",kmtc,OSAKA,40,JPOSA,WECAN,D7XP,JEH1,Import/Export,2623E,2623W,2026/06/29,2026/06/29,2026/06/30,,2026/06/30,,2026/06/30,
"KOREA MARINE TRANSPORT CO., LTD.",kmtc,FUKUYAMA,67,JPFKY,WECAN,D7XP,JEH1,Import/Export,2623E,2623W,2026/06/30,2026/06/30,2026/07/01,,2026/07/01,,2026/07/02,
"KOREA MARINE TRANSPORT CO., LTD.",kmtc,MIZUSHIMA,50,JPMIZ,WECAN,D7XP,JEH1,Import/Export,2623E,2623W,2026/06/30,2026/06/30,2026/07/01,,2026/07/01,,2026/07/01,
"KOREA MARINE TRANSPORT CO., LTD.",kmtc,HIROSHIMA,51,JPHIJ,WECAN,D7XP,JEH1,Import/Export,2623E,2623W,2026/07/01,2026/07/01,2026/07/02,,2026/07/02,,2026/07/02,
"KOREA MARINE TRANSPORT CO., LTD.",kmtc,OITA,78,JPOIT,WECAN,D7XP,JEH1,Import/Export,2623E,2623W,2026/07/02,2026/07/02,2026/07/03,,2026/07/03,,2026/07/03,
MAERSK,maersk,MOJI,70,JPMOJ,AS SIMONE,5LMJ9,IA5,Import/Export,619N,622W,2026/05/28,2026/05/28,2026/06/02,06:05,2026/06/02,07:40,2026/06/02,18:26
MAERSK,maersk,NAGOYA,35,JPNGO,ASL HAIPHONG,5LJA9,NK2,Import/Export,604E,604E,2026/06/02,2026/06/02,2026/06/02,12:15,2026/06/02,16:30,2026/06/03,19:25
MAERSK,maersk,TOKYO,13,JPTYO,ASL HAIPHONG,5LJA9,NK2,Import/Export,604E,604E,2026/06/03,2026/06/03,2026/06/04,16:47,2026/06/04,17:25,2026/06/05,04:18
MAERSK,maersk,YOKOHAMA,11,JPYOK,ASL HAIPHONG,5LJA9,NK2,Import/Export,604E,604E,2026/06/04,2026/06/04,2026/06/05,06:00,2026/06/05,19:00,2026/06/06,00:35
MAERSK,maersk,NAGOYA,35,JPNGO,ASL HAIPHONG,5LJA9,NK2,Import/Export,606E,606E,2026/06/23,2026/06/23,2026/06/23,,2026/06/23,,2026/06/23,
MAERSK,maersk,TOKYO,13,JPTYO,ASL HAIPHONG,5LJA9,NK2,Import/Export,606E,606E,2026/06/24,2026/06/24,2026/06/24,,2026/06/24,,2026/06/24,
MAERSK,maersk,YOKOHAMA,11,JPYOK,ASL HAIPHONG,5LJA9,NK2,Import/Export,606E,606E,2026/06/25,2026/06/25,2026/06/25,,2026/06/25,,2026/06/25,
MAERSK,maersk,TOKYO,13,JPTYO,BF GIANT,A8UK9,070,Import/Export,011N,012S,2026/07/02,2026/07/03,2026/07/02,15:00,2026/07/02,16:00,2026/07/03,04:00
MAERSK,maersk,KOBE,41,JPUKB,BF GIANT,A8UK9,070,Import/Export,011N,012S,2026/07/04,2026/07/04,2026/07/04,07:00,2026/07/04,08:00,2026/07/04,18:00
MAERSK,maersk,YOKOHAMA,11,JPYOK,BUDAPEST EXPRESS,5LMA2,705,Import/Export,624W,624W,2026/06/30,2026/06/30,2026/06/30,07:30,2026/06/30,08:30,2026/06/30,18:30
MAERSK,maersk,TOKYO,13,JPTYO,CONSCIENCE,V7A4532,SK2,Import/Export,620N,623S,2026/06/03,2026/06/03,2026/06/06,14:30,2026/06/07,07:48,2026/06/08,04:54
MAERSK,maersk,YOKOHAMA,11,JPYOK,CONSCIENCE,V7A4532,SK2,Import/Export,620N,623S,2026/06/03,2026/06/04,2026/06/08,06:30,2026/06/08,07:00,2026/06/08,16:50
MAERSK,maersk,YOKOHAMA,11,JPYOK,CONSCIENCE,V7A4532,SK2,Import/Export,623N,626S,2026/06/24,2026/06/25,2026/06/28,,2026/06/28,,2026/06/29,
MAERSK,maersk,TOKYO,13,JPTYO,CONSCIENCE,V7A4532,SK2,Import/Export,623N,626S,2026/06/24,2026/06/24,2026/06/28,AM,2026/06/28,,2026/06/28,
MAERSK,maersk,TOKYO,13,JPTYO,CONSERO,V7A4536,SK2,Import/Export,621N,624S,2026/06/10,2026/06/10,2026/06/14,05:12,2026/06/14,18:38,2026/06/15,18:29
MAERSK,maersk,YOKOHAMA,11,JPYOK,CONSERO,V7A4536,SK2,Import/Export,621N,624S,2026/06/10,2026/06/11,2026/06/15,20:45,2026/06/15,21:36,2026/06/16,22:00
MAERSK,maersk,YOKOHAMA,11,JPYOK,CONSERO,V7A4536,SK2,Import/Export,624N,627S,2026/07/01,2026/07/02,2026/07/01,,2026/07/01,,2026/07/02,
MAERSK,maersk,TOKYO,13,JPTYO,CONSERO,V7A4536,SK2,Import/Export,624N,627S,2026/07/01,2026/07/01,2026/07/01,,2026/07/01,,2026/07/01,
MAERSK,maersk,YOKOHAMA,11,JPYOK,CONTRIVIA,V7A4978,SK1,Import/Export,621E,621W,2026/05/25,2026/05/25,2026/05/31,08:18,2026/06/01,17:06,2026/06/02,05:00
MAERSK,maersk,TOKYO,13,JPTYO,CONTRIVIA,V7A4978,SK1,Import/Export,621E,621W,2026/05/25,2026/05/26,2026/06/02,06:44,2026/06/02,07:42,2026/06/04,06:12
MAERSK,maersk,TOKYO,13,JPTYO,COSCO FELIXSTOWE,2BOW3,070,Import/Export,203N,204S,2026/06/04,2026/06/05,2026/06/05,02:24,2026/06/06,18:24,2026/06/07,06:06
MAERSK,maersk,KOBE,41,JPUKB,COSCO FELIXSTOWE,2BOW3,070,Import/Export,203N,204S,2026/06/06,2026/06/06,2026/06/08,06:50,2026/06/08,08:07,2026/06/08,16:40
MAERSK,maersk,TOKYO,13,JPTYO,COSCO HAMBURG,2BOX9,070,Import/Export,295N,296S,2026/06/11,2026/06/12,2026/06/12,22:48,2026/06/13,17:52,2026/06/14,05:26
MAERSK,maersk,KOBE,41,JPUKB,COSCO HAMBURG,2BOX9,070,Import/Export,295N,296S,2026/06/13,2026/06/13,2026/06/15,06:45,2026/06/15,07:35,2026/06/15,16:53
MAERSK,maersk,YOKOHAMA,11,JPYOK,DELAWARE EXPRESS,WDM2180,707,Import/Export,621W,624E,2026/06/04,2026/06/04,2026/06/05,06:40,2026/06/05,07:30,2026/06/06,00:01
MAERSK,maersk,MOJI,70,JPMOJ,ERASMUS ICON,3E8758,IA5,Import/Export,620N,623W,2026/06/04,2026/06/04,2026/06/08,05:20,2026/06/08,07:33,2026/06/08,14:58
MAERSK,maersk,HIBIKI,100,JPHID,ESL SEATTLE,9V3091,PH3,Import/Export,621N,623E,2026/06/01,2026/06/03,2026/06/04,07:08,2026/06/04,07:47,2026/06/05,22:07
MAERSK,maersk,YOKOHAMA,11,JPYOK,FRANKFURT EXPRESS,5LPK5,705,Import/Export,622W,622W,2026/06/16,2026/06/16,2026/06/16,06:30,2026/06/16,07:15,2026/06/16,20:25
MAERSK,maersk,HIBIKI,100,JPHID,GALLOWAY,D5UL6,PH3,Import/Export,622N,624E,2026/06/08,2026/06/10,2026/06/12,13:23,2026/06/12,14:10,2026/06/14,17:52
MAERSK,maersk,YOKOHAMA,11,JPYOK,GLORY GUANDONG,VRQO4,SK1,Import/Export,622E,622W,2026/06/01,2026/06/01,2026/06/04,13:25,2026/06/04,14:00,2026/06/05,04:45
MAERSK,maersk,TOKYO,13,JPTYO,GLORY GUANDONG,VRQO4,SK1,Import/Export,622E,622W,2026/06/01,2026/06/02,2026/06/05,06:20,2026/06/05,07:05,2026/06/06,01:55
MAERSK,maersk,YOKOHAMA,11,JPYOK,GLORY GUANDONG,VRQO4,SK1,Import/Export,624E,624W,2026/06/15,2026/06/15,2026/06/21,15:00,2026/06/21,PM,2026/06/22,AM
MAERSK,maersk,TOKYO,13,JPTYO,GLORY GUANDONG,VRQO4,SK1,Import/Export,624E,624W,2026/06/15,2026/06/16,2026/06/22,AM,2026/06/22,AM,2026/06/22,PM
MAERSK,maersk,YOKOHAMA,11,JPYOK,GLORY GUANDONG,VRQO4,SK1,Import/Export,626E,626W,2026/06/29,2026/06/29,2026/06/29,,2026/06/29,,2026/06/29,
MAERSK,maersk,TOKYO,13,JPTYO,GLORY GUANDONG,VRQO4,SK1,Import/Export,626E,626W,2026/06/29,2026/06/30,2026/06/29,,2026/06/29,,2026/06/30,
MAERSK,maersk,YOKOHAMA,11,JPYOK,GLORY ZHENDONG,VRPZ4,SK1,Import/Export,623E,623W,2026/06/08,2026/06/08,2026/06/16,17:35,2026/06/16,18:18,2026/06/17,10:00
MAERSK,maersk,TOKYO,13,JPTYO,GLORY ZHENDONG,VRPZ4,SK1,Import/Export,623E,623W,2026/06/08,2026/06/09,2026/06/17,11:30,2026/06/17,12:30,2026/06/18,04:00
MAERSK,maersk,YOKOHAMA,11,JPYOK,GLORY ZHENDONG,VRPZ4,SK1,Import/Export,625E,625W,2026/06/22,2026/06/22,2026/06/24,PM,2026/06/24,PM,2026/06/25,
MAERSK,maersk,TOKYO,13,JPTYO,GLORY ZHENDONG,VRPZ4,SK1,Import/Export,625E,625W,2026/06/22,2026/06/23,2026/06/25,,2026/06/25,,2026/06/25,
MAERSK,maersk,YOKOHAMA,11,JPYOK,GSL GRANIA,D5QI5,701,Import/Export,624E,624E,2026/06/27,2026/06/27,2026/06/27,07:00,2026/06/27,08:00,2026/06/27,17:00
MAERSK,maersk,YOKOHAMA,11,JPYOK,GSL KALLIOPI,D5QI6,701,Import/Export,617W,621E,2026/06/04,2026/06/04,2026/06/04,11:15,2026/06/04,12:05,2026/06/04,18:05
MAERSK,maersk,YOKOHAMA,11,JPYOK,HUDSON EXPRESS,WDM2202,707,Import/Export,623W,626E,2026/06/18,2026/06/18,2026/06/18,07:00,2026/06/18,08:00,2026/06/18,18:30
MAERSK,maersk,KOBE,41,JPUKB,IRENES SOUTHERN,5BBM4,A06,Import/Export,626N,627S,2026/06/29,2026/06/30,2026/06/29,13:00,2026/06/29,14:00,2026/06/30,19:00
MAERSK,maersk,NAGOYA,35,JPNGO,IRENES SOUTHERN,5BBM4,A06,Import/Export,626N,627S,2026/07/01,2026/07/02,2026/07/01,17:00,2026/07/01,18:00,2026/07/02,18:00
MAERSK,maersk,YOKOHAMA,11,JPYOK,KOSTAS K,5LLT5,705,Import/Export,623W,623W,2026/06/23,2026/06/23,2026/06/23,07:30,2026/06/23,08:30,2026/06/23,18:30
MAERSK,maersk,YOKOHAMA,11,JPYOK,MAERSK BINTULU,9V6003,SH3,Import/Export,614D,615C,2026/05/31,2026/06/01,2026/06/01,07:10,2026/06/01,08:00,2026/06/01,18:15
MAERSK,maersk,KOBE,41,JPUKB,MAERSK BINTULU,9V6003,SH3,Import/Export,614D,615C,2026/06/02,2026/06/03,2026/06/05,12:40,2026/06/05,13:33,2026/06/05,16:21
MAERSK,maersk,YOKOHAMA,11,JPYOK,MAERSK DHAKA,3FKF4,SH3,Import/Export,622D,623C,2026/06/28,2026/06/29,2026/06/28,22:30,2026/06/28,23:30,2026/06/29,19:00
MAERSK,maersk,KOBE,41,JPUKB,MAERSK DHAKA,3FKF4,SH3,Import/Export,622D,623C,2026/06/30,2026/07/01,2026/06/30,18:30,2026/06/30,19:30,2026/07/01,04:00
MAERSK,maersk,YOKOHAMA,11,JPYOK,MAERSK EINDHOVEN,OXFG2,691,Import/Export,621E,621E,2026/06/01,2026/06/02,2026/06/01,06:50,2026/06/01,07:50,2026/06/01,23:50
MAERSK,maersk,YOKOHAMA,11,JPYOK,MAERSK EMDEN,OXLK2,691,Import/Export,618W,623E,2026/06/15,2026/06/16,2026/06/15,06:50,2026/06/15,07:45,2026/06/15,23:55
MAERSK,maersk,YOKOHAMA,11,JPYOK,MAERSK ESMERALDAS,9VMN5,691,Import/Export,619W,624E,2026/06/22,2026/06/23,2026/06/22,12:00,2026/06/22,13:00,2026/06/23,03:00
MAERSK,maersk,YOKOHAMA,11,JPYOK,MAERSK EUREKA,OVZO2,691,Import/Export,616S,622E,2026/06/08,2026/06/09,2026/06/09,06:50,2026/06/09,08:00,2026/06/09,18:35
MAERSK,maersk,YOKOHAMA,11,JPYOK,MAERSK KINLOSS,WMKA,707,Import/Export,625W,627E,2026/07/02,2026/07/02,2026/07/02,12:00,2026/07/02,13:00,2026/07/02,23:00
MAERSK,maersk,YOKOHAMA,11,JPYOK,MAERSK LIMA,OZJM2,691,Import/Export,620W,625E,2026/06/29,2026/06/30,2026/06/29,07:00,2026/06/29,08:00,2026/06/30,03:00
MAERSK,maersk,YOKOHAMA,11,JPYOK,MAERSK MONGLA,9V6009,SH3,Import/Export,545D,546C,2026/06/14,2026/06/15,2026/06/15,07:15,2026/06/15,08:25,2026/06/15,16:40
MAERSK,maersk,KOBE,41,JPUKB,MAERSK MONGLA,9V6009,SH3,Import/Export,545D,546C,2026/06/16,2026/06/17,2026/06/16,16:05,2026/06/16,16:57,2026/06/16,21:26
MAERSK,maersk,YOKOHAMA,11,JPYOK,MAERSK NAMSOS,3E8795,I88,Import/Export,623N,625S,2026/06/18,2026/06/19,2026/06/18,18:00,2026/06/18,19:00,2026/06/19,01:00
MAERSK,maersk,NAGOYA,35,JPNGO,MAERSK NAMSOS,3E8795,I88,Import/Export,623N,625S,2026/06/20,2026/06/20,2026/06/20,07:30,2026/06/20,08:30,2026/06/20,17:00
MAERSK,maersk,OSAKA,40,JPOSA,MAERSK NAMSOS,3E8795,I88,Import/Export,623N,625S,2026/06/21,2026/06/21,2026/06/21,09:00,2026/06/21,10:00,2026/06/21,16:30
MAERSK,maersk,KOBE,41,JPUKB,MAERSK NAMSOS,3E8795,I88,Import/Export,623N,625S,2026/06/21,2026/06/22,2026/06/21,17:30,2026/06/21,18:30,2026/06/22,01:00
MAERSK,maersk,HAKATA,77,JPHKT,MAERSK NAMSOS,3E8795,I88,Import/Export,623N,625S,2026/06/26,2026/06/26,2026/06/26,07:00,2026/06/26,08:00,2026/06/26,15:00
MAERSK,maersk,YOKOHAMA,11,JPYOK,MAERSK NARVIK,3EXX3,I88,Import/Export,624N,626S,2026/06/25,2026/06/26,2026/06/25,22:00,2026/06/25,23:00,2026/06/26,12:00
MAERSK,maersk,NAGOYA,35,JPNGO,MAERSK NARVIK,3EXX3,I88,Import/Export,624N,626S,2026/06/27,2026/06/27,2026/06/27,07:00,2026/06/27,08:00,2026/06/27,17:00
MAERSK,maersk,OSAKA,40,JPOSA,MAERSK NARVIK,3EXX3,I88,Import/Export,624N,626S,2026/06/28,2026/06/28,2026/06/28,09:00,2026/06/28,10:00,2026/06/28,18:00
MAERSK,maersk,KOBE,41,JPUKB,MAERSK NARVIK,3EXX3,I88,Import/Export,624N,626S,2026/06/28,2026/06/29,2026/06/28,21:00,2026/06/28,22:00,2026/06/29,04:00
MAERSK,maersk,HAKATA,77,JPHKT,MAERSK NARVIK,3EXX3,I88,Import/Export,624N,626S,2026/07/03,2026/07/03,2026/07/03,07:00,2026/07/03,08:00,2026/07/03,15:00
MAERSK,maersk,YOKOHAMA,11,JPYOK,MAERSK NUSANTARA,9V7931,SH3,Import/Export,620D,621C,2026/07/05,2026/07/06,2026/07/05,22:30,2026/07/05,23:30,2026/07/06,19:00
MAERSK,maersk,YOKOHAMA,11,JPYOK,MAERSK STEPNICA,VRVM4,701,Import/Export,619W,623E,2026/06/20,2026/06/20,2026/06/20,16:00,2026/06/20,17:00,2026/06/21,02:00
MAERSK,maersk,YOKOHAMA,11,JPYOK,MAERSK STRALSUND,9V5634,701,Import/Export,621W,625E,2026/07/04,2026/07/04,2026/07/04,07:00,2026/07/04,08:00,2026/07/04,17:00
MAERSK,maersk,YOKOHAMA,11,JPYOK,MARINA SAPPHIRE,5LVR3,JP1,Import/Export,623N,624W,2026/06/10,2026/06/11,2026/06/11,17:25,2026/06/11,18:20,2026/06/12,02:55
MAERSK,maersk,NAGOYA,35,JPNGO,MARINA SAPPHIRE,5LVR3,JP1,Import/Export,623N,624W,2026/06/11,2026/06/12,2026/06/12,17:10,2026/06/12,18:35,2026/06/12,22:35
MAERSK,maersk,KOBE,41,JPUKB,MARINA SAPPHIRE,5LVR3,JP1,Import/Export,623N,624W,2026/06/12,2026/06/13,2026/06/13,16:00,2026/06/13,16:58,2026/06/13,22:29
MAERSK,maersk,YOKOHAMA,11,JPYOK,MARINA SAPPHIRE,5LVR3,JP1,Import/Export,625N,626W,2026/06/24,2026/06/25,2026/06/24,18:00,2026/06/24,19:00,2026/06/25,02:00
MAERSK,maersk,NAGOYA,35,JPNGO,MARINA SAPPHIRE,5LVR3,JP1,Import/Export,625N,626W,2026/06/25,2026/06/26,2026/06/25,19:00,2026/06/25,20:00,2026/06/26,02:00
MAERSK,maersk,KOBE,41,JPUKB,MARINA SAPPHIRE,5LVR3,JP1,Import/Export,625N,626W,2026/06/26,2026/06/27,2026/06/26,20:00,2026/06/26,21:00,2026/06/27,04:00
MAERSK,maersk,YOKOHAMA,11,JPYOK,MARTI STAR II,5LUF2,NK2,Import/Export,615E,615E,2026/06/18,2026/06/18,2026/06/20,18:15,2026/06/20,19:15,2026/06/20,23:00
MAERSK,maersk,NAGOYA,35,JPNGO,MARTI STAR II,5LUF2,NK2,Import/Export,615E,616E,2026/06/16,2026/06/16,2026/06/19,08:30,2026/06/19,09:30,2026/06/19,17:00
MAERSK,maersk,TOKYO,13,JPTYO,MARTI STAR II,5LUF2,NK2,Import/Export,615E,616E,2026/06/17,2026/06/17,2026/06/20,07:00,2026/06/20,08:00,2026/06/20,17:00
MAERSK,maersk,YOKOHAMA,11,JPYOK,MARTIN SCHULTE,9V3397,I88,Import/Export,621N,623S,2026/06/04,2026/06/05,2026/06/05,07:10,2026/06/05,07:55,2026/06/05,12:40
MAERSK,maersk,NAGOYA,35,JPNGO,MARTIN SCHULTE,9V3397,I88,Import/Export,621N,623S,2026/06/06,2026/06/06,2026/06/06,06:20,2026/06/06,07:35,2026/06/06,15:00
MAERSK,maersk,KOBE,41,JPUKB,MARTIN SCHULTE,9V3397,I88,Import/Export,621N,623S,2026/06/07,2026/06/07,2026/06/07,07:00,2026/06/07,07:53,2026/06/07,11:05
MAERSK,maersk,OSAKA,40,JPOSA,MARTIN SCHULTE,9V3397,I88,Import/Export,621N,623S,2026/06/07,2026/06/07,2026/06/07,12:00,2026/06/07,12:35,2026/06/08,06:10
MAERSK,maersk,MOJI,70,JPMOJ,MARTIN SCHULTE,9V3397,I88,Import/Export,621N,623S,2026/06/09,2026/06/10,2026/06/09,19:29,2026/06/09,20:05,2026/06/10,05:17
MAERSK,maersk,HIBIKI,100,JPHID,MARTIN SCHULTE,9V3397,I88,Import/Export,621N,623S,2026/06/10,2026/06/10,2026/06/10,05:17,2026/06/10,07:45,2026/06/10,19:24
MAERSK,maersk,HAKATA,77,JPHKT,MARTIN SCHULTE,9V3397,I88,Import/Export,621N,623S,2026/06/12,2026/06/12,2026/06/12,23:40,2026/06/13,00:30,2026/06/13,07:43
MAERSK,maersk,YOKOHAMA,11,JPYOK,MCC CEBU,3EZV,SH3,Import/Export,617D,618C,2026/06/07,2026/06/08,2026/06/08,06:35,2026/06/08,07:25,2026/06/08,21:55
MAERSK,maersk,KOBE,41,JPUKB,MCC CEBU,3EZV,SH3,Import/Export,617D,618C,2026/06/09,2026/06/10,2026/06/09,21:05,2026/06/09,22:05,2026/06/10,10:13
MAERSK,maersk,MOJI,70,JPMOJ,MCC SHENZHEN,V2GK7,IA5,Import/Export,621N,624W,2026/06/11,2026/06/11,2026/06/15,06:00,2026/06/15,07:30,2026/06/15,16:25
MAERSK,maersk,YOKOHAMA,11,JPYOK,MCC YANGON,3EXT6,SH3,Import/Export,621D,622C,2026/06/21,2026/06/22,2026/06/22,07:30,2026/06/22,08:30,2026/06/22,18:00
MAERSK,maersk,KOBE,41,JPUKB,MCC YANGON,3EXT6,SH3,Import/Export,621D,622C,2026/06/23,2026/06/24,2026/06/23,18:00,2026/06/23,19:00,2026/06/24,02:00
MAERSK,maersk,YOKOHAMA,11,JPYOK,MERATUS TOMINI,3E4971,JP1,Import/Export,622N,623W,2026/06/03,2026/06/04,2026/06/05,11:30,2026/06/05,12:05,2026/06/05,20:50
MAERSK,maersk,NAGOYA,35,JPNGO,MERATUS TOMINI,3E4971,JP1,Import/Export,622N,623W,2026/06/04,2026/06/05,2026/06/06,15:25,2026/06/06,16:25,2026/06/06,20:40
MAERSK,maersk,KOBE,41,JPUKB,MERATUS TOMINI,3E4971,JP1,Import/Export,622N,623W,2026/06/05,2026/06/06,2026/06/07,12:20,2026/06/07,13:32,2026/06/08,06:04
MAERSK,maersk,YOKOHAMA,11,JPYOK,MERATUS TOMINI,3E4971,JP1,Import/Export,624N,625W,2026/06/17,2026/06/18,2026/06/19,07:30,2026/06/19,08:30,2026/06/19,17:00
MAERSK,maersk,NAGOYA,35,JPNGO,MERATUS TOMINI,3E4971,JP1,Import/Export,624N,625W,2026/06/18,2026/06/19,2026/06/20,07:30,2026/06/20,08:30,2026/06/20,18:00
MAERSK,maersk,KOBE,41,JPUKB,MERATUS TOMINI,3E4971,JP1,Import/Export,624N,625W,2026/06/19,2026/06/20,2026/06/21,12:00,2026/06/21,13:00,2026/06/21,21:00
MAERSK,maersk,YOKOHAMA,11,JPYOK,MERATUS TOMINI,3E4971,JP1,Import/Export,626N,627W,2026/07/01,2026/07/02,2026/07/01,18:00,2026/07/01,19:00,2026/07/02,02:00
MAERSK,maersk,NAGOYA,35,JPNGO,MERATUS TOMINI,3E4971,JP1,Import/Export,626N,627W,2026/07/02,2026/07/03,2026/07/02,19:00,2026/07/02,20:00,2026/07/03,02:00
MAERSK,maersk,KOBE,41,JPUKB,MERATUS TOMINI,3E4971,JP1,Import/Export,626N,627W,2026/07/03,2026/07/04,2026/07/03,20:00,2026/07/03,21:00,2026/07/04,04:00
MAERSK,maersk,YOKOHAMA,11,JPYOK,MILD TUNE,VROS2,SK2,Import/Export,622N,625S,2026/06/17,2026/06/18,2026/06/20,,2026/06/20,,2026/06/20,
MAERSK,maersk,TOKYO,13,JPTYO,MILD TUNE,VROS2,SK2,Import/Export,622N,625S,2026/06/17,2026/06/17,2026/06/20,05:00,2026/06/20,,2026/06/20,
MAERSK,maersk,YOKOHAMA,11,JPYOK,MISSOURI EXPRESS,WDM2203,707,Import/Export,622W,625E,2026/06/11,2026/06/11,2026/06/11,06:45,2026/06/11,07:20,2026/06/11,21:05
MAERSK,maersk,YOKOHAMA,11,JPYOK,MITRA BHUM,S6BK8,NK2,Import/Export,615E,615E,2026/07/02,2026/07/02,2026/07/02,,2026/07/02,,2026/07/02,
MAERSK,maersk,NAGOYA,35,JPNGO,MITRA BHUM,S6BK8,NK2,Import/Export,615E,616E,2026/06/30,2026/06/30,2026/06/30,,2026/06/30,,2026/06/30,
MAERSK,maersk,TOKYO,13,JPTYO,MITRA BHUM,S6BK8,NK2,Import/Export,615E,616E,2026/07/01,2026/07/01,2026/07/01,,2026/07/01,,2026/07/01,
MAERSK,maersk,HAKATA,77,JPHKT,NEW MINGZHOU 60,VRPO5,NK1,Import/Export,607N,607N,2026/06/09,2026/06/09,2026/06/10,10:55,2026/06/10,11:38,2026/06/10,17:18
MAERSK,maersk,OSAKA,40,JPOSA,NEW MINGZHOU 60,VRPO5,NK1,Import/Export,607N,607N,2026/06/10,2026/06/10,2026/06/11,15:19,2026/06/11,16:09,2026/06/12,11:17
MAERSK,maersk,KOBE,41,JPUKB,NEW MINGZHOU 60,VRPO5,NK1,Import/Export,607N,607N,2026/06/10,2026/06/10,2026/06/12,11:55,2026/06/12,12:44,2026/06/12,20:54
MAERSK,maersk,HAKATA,77,JPHKT,NEW MINGZHOU 60,VRPO5,NK1,Import/Export,608N,608N,2026/06/30,2026/06/30,2026/06/30,,2026/06/30,,2026/06/30,
MAERSK,maersk,KOBE,41,JPUKB,NEW MINGZHOU 60,VRPO5,NK1,Import/Export,608N,608N,2026/07/01,2026/07/01,2026/07/01,,2026/07/01,,2026/07/01,
MAERSK,maersk,OSAKA,40,JPOSA,NEW MINGZHOU 60,VRPO5,NK1,Import/Export,608N,608N,2026/07/01,2026/07/01,2026/07/01,,2026/07/01,,2026/07/01,
MAERSK,maersk,HAKATA,77,JPHKT,NEW MINGZHOU 66,VRQE8,NK1,Import/Export,608N,608N,2026/06/16,2026/06/16,2026/06/16,14:03,2026/06/16,14:46,2026/06/16,20:08
MAERSK,maersk,OSAKA,40,JPOSA,NEW MINGZHOU 66,VRQE8,NK1,Import/Export,608N,608N,2026/06/17,2026/06/17,2026/06/18,,2026/06/18,,2026/06/18,
MAERSK,maersk,KOBE,41,JPUKB,NEW MINGZHOU 66,VRQE8,NK1,Import/Export,608N,608N,2026/06/17,2026/06/17,2026/06/18,07:10,2026/06/18,08:10,2026/06/18,12:00
MAERSK,maersk,HAKATA,77,JPHKT,NEW MINGZHOU 68,VRQH2,NK1,Import/Export,607N,607N,2026/06/02,2026/06/02,2026/06/02,13:50,2026/06/02,14:26,2026/06/02,19:05
MAERSK,maersk,OSAKA,40,JPOSA,NEW MINGZHOU 68,VRQH2,NK1,Import/Export,607N,607N,2026/06/03,2026/06/03,2026/06/03,18:14,2026/06/03,19:05,2026/06/04,12:00
MAERSK,maersk,KOBE,41,JPUKB,NEW MINGZHOU 68,VRQH2,NK1,Import/Export,607N,607N,2026/06/03,2026/06/03,2026/06/04,12:40,2026/06/04,13:59,2026/06/04,20:03
MAERSK,maersk,HAKATA,77,JPHKT,NEW MINGZHOU 68,VRQH2,NK1,Import/Export,608N,608N,2026/06/23,2026/06/23,2026/06/23,04:00,2026/06/23,05:00,2026/06/23,10:00
MAERSK,maersk,OSAKA,40,JPOSA,NEW MINGZHOU 68,VRQH2,NK1,Import/Export,608N,608N,2026/06/24,2026/06/24,2026/06/24,08:00,2026/06/24,09:00,2026/06/24,17:00
MAERSK,maersk,KOBE,41,JPUKB,NEW MINGZHOU 68,VRQH2,NK1,Import/Export,608N,608N,2026/06/24,2026/06/24,2026/06/24,18:00,2026/06/24,19:00,2026/06/25,09:00
MAERSK,maersk,MOJI,70,JPMOJ,NORDAGER MAERSK,OYJO2,I88,Import/Export,620N,622S,2026/06/02,2026/06/03,2026/06/01,20:03,2026/06/02,13:45,2026/06/02,19:02
MAERSK,maersk,HIBIKI,100,JPHID,NORDAGER MAERSK,OYJO2,I88,Import/Export,620N,622S,2026/06/03,2026/06/03,2026/06/03,07:05,2026/06/03,07:44,2026/06/03,17:03
MAERSK,maersk,HAKATA,77,JPHKT,NORDAGER MAERSK,OYJO2,I88,Import/Export,620N,622S,2026/06/05,2026/06/05,2026/06/06,11:39,2026/06/06,12:40,2026/06/06,21:04
MAERSK,maersk,YOKOHAMA,11,JPYOK,NORDAGER MAERSK,OYJO2,I88,Import/Export,625N,627S,2026/07/02,2026/07/03,2026/07/02,22:00,2026/07/02,23:00,2026/07/03,12:00
MAERSK,maersk,NAGOYA,35,JPNGO,NORDAGER MAERSK,OYJO2,I88,Import/Export,625N,627S,2026/07/04,2026/07/04,2026/07/04,07:00,2026/07/04,08:00,2026/07/04,17:00
MAERSK,maersk,OSAKA,40,JPOSA,NORDAGER MAERSK,OYJO2,I88,Import/Export,625N,627S,2026/07/05,2026/07/05,2026/07/05,09:00,2026/07/05,10:00,2026/07/05,18:00
MAERSK,maersk,KOBE,41,JPUKB,NORDAGER MAERSK,OYJO2,I88,Import/Export,625N,627S,2026/07/05,2026/07/06,2026/07/05,21:00,2026/07/05,22:00,2026/07/06,04:00
MAERSK,maersk,YOKOHAMA,11,JPYOK,NUUK MAERSK,OYLY2,I88,Import/Export,622N,624S,2026/06/11,2026/06/12,2026/06/12,10:55,2026/06/12,11:40,2026/06/12,17:15
MAERSK,maersk,NAGOYA,35,JPNGO,NUUK MAERSK,OYLY2,I88,Import/Export,622N,624S,2026/06/13,2026/06/13,2026/06/13,06:25,2026/06/13,07:40,2026/06/13,13:55
MAERSK,maersk,OSAKA,40,JPOSA,NUUK MAERSK,OYLY2,I88,Import/Export,622N,624S,2026/06/14,2026/06/14,2026/06/14,08:00,2026/06/14,08:46,2026/06/14,14:47
MAERSK,maersk,KOBE,41,JPUKB,NUUK MAERSK,OYLY2,I88,Import/Export,622N,624S,2026/06/14,2026/06/15,2026/06/14,15:25,2026/06/14,16:33,2026/06/14,22:00
MAERSK,maersk,MOJI,70,JPMOJ,NUUK MAERSK,OYLY2,I88,Import/Export,622N,624S,2026/06/16,2026/06/17,2026/06/16,07:00,2026/06/16,07:36,2026/06/16,17:57
MAERSK,maersk,HIBIKI,100,JPHID,NUUK MAERSK,OYLY2,I88,Import/Export,622N,624S,2026/06/17,2026/06/17,2026/06/16,17:57,2026/06/16,20:27,2026/06/17,20:00
MAERSK,maersk,HAKATA,77,JPHKT,NUUK MAERSK,OYLY2,I88,Import/Export,622N,624S,2026/06/19,2026/06/19,2026/06/21,16:00,2026/06/21,17:00,2026/06/22,01:00
MAERSK,maersk,NAGOYA,35,JPNGO,OCEAN DIGNITY,VRXX5,NK2,Import/Export,615E,616E,2026/06/09,2026/06/09,2026/06/17,16:30,2026/06/17,17:30,2026/06/18,05:00
MAERSK,maersk,TOKYO,13,JPTYO,OCEAN DIGNITY,VRXX5,NK2,Import/Export,615E,616E,2026/06/10,2026/06/10,2026/06/18,15:00,2026/06/18,16:00,2026/06/19,06:00
MAERSK,maersk,YOKOHAMA,11,JPYOK,OCEAN DIGNITY,VRXX5,NK2,Import/Export,615E,616E,2026/06/11,2026/06/11,2026/06/19,07:15,2026/06/19,08:15,2026/06/19,12:00
MAERSK,maersk,YOKOHAMA,11,JPYOK,POTOMAC EXPRESS,WDM2204,707,Import/Export,624W,626E,2026/06/25,2026/06/25,2026/06/26,00:01,2026/06/26,01:00,2026/06/26,11:00
MAERSK,maersk,YOKOHAMA,11,JPYOK,PRESIDENT BUSH,WPBU,721,Import/Export,0OCW,0OCW,2026/06/16,2026/06/17,2026/06/14,16:45,2026/06/14,17:40,2026/06/15,15:50
MAERSK,maersk,YOKOHAMA,11,JPYOK,PRESIDENT CARTER,WPCW,721,Import/Export,0O8W,0O8W,2026/06/01,2026/06/03,2026/06/02,07:35,2026/06/02,08:40,2026/06/03,17:15
MAERSK,maersk,YOKOHAMA,11,JPYOK,PRESIDENT JQ ADAMS,KPJQ,721,Import/Export,0OGW,0OGW,2026/06/28,2026/06/30,2026/06/28,,2026/06/28,,2026/06/29,
MAERSK,maersk,YOKOHAMA,11,JPYOK,PRESIDENT LB JOHNSON,KPJG,721,Import/Export,0OAW,0OAW,2026/06/08,2026/06/10,2026/06/10,06:35,2026/06/10,07:35,2026/06/10,23:05
MAERSK,maersk,YOKOHAMA,11,JPYOK,PRESIDENT REAGAN,WPRU,721,Import/Export,0OEW,0OEW,2026/06/21,2026/06/23,2026/06/21,,2026/06/21,,2026/06/22,
MAERSK,maersk,TOKYO,13,JPTYO,RIO KOBE,A8TT4,A06,Import/Export,623E,623W,2026/06/05,2026/06/06,2026/06/06,18:09,2026/06/06,18:50,2026/06/07,17:19
MAERSK,maersk,YOKOHAMA,11,JPYOK,RIO KOBE,A8TT4,A06,Import/Export,623E,623W,2026/06/06,2026/06/08,2026/06/07,19:00,2026/06/07,19:55,2026/06/08,22:20
MAERSK,maersk,KOBE,41,JPUKB,RIO KOBE,A8TT4,A06,Import/Export,624N,625S,2026/06/15,2026/06/16,2026/06/17,08:10,2026/06/17,09:20,2026/06/18,00:30
MAERSK,maersk,NAGOYA,35,JPNGO,RIO KOBE,A8TT4,A06,Import/Export,624N,625S,2026/06/17,2026/06/18,2026/06/18,18:10,2026/06/18,19:10,2026/06/19,18:50
MAERSK,maersk,TOKYO,13,JPTYO,RIO KOBE,A8TT4,A06,Import/Export,626E,626W,2026/06/26,2026/06/27,2026/06/26,22:30,2026/06/26,23:30,2026/06/27,21:00
MAERSK,maersk,YOKOHAMA,11,JPYOK,RIO KOBE,A8TT4,A06,Import/Export,626E,626W,2026/06/27,2026/06/29,2026/06/27,22:00,2026/06/27,23:00,2026/06/29,04:00
MAERSK,maersk,YOKOHAMA,11,JPYOK,SEASPAN AMAZON,9VMX4,705,Import/Export,621W,621W,2026/06/09,2026/06/09,2026/06/09,19:00,2026/06/09,19:55,2026/06/10,17:35
MAERSK,maersk,KOBE,41,JPUKB,SEASPAN LINGUE,9VMS6,A06,Import/Export,622N,623S,2026/06/01,2026/06/02,2026/06/04,11:45,2026/06/04,12:49,2026/06/05,11:58
MAERSK,maersk,NAGOYA,35,JPNGO,SEASPAN LINGUE,9VMS6,A06,Import/Export,622N,623S,2026/06/03,2026/06/04,2026/06/06,06:30,2026/06/06,07:55,2026/06/07,01:45
MAERSK,maersk,TOKYO,13,JPTYO,SEASPAN LINGUE,9VMS6,A06,Import/Export,624E,624W,2026/06/12,2026/06/13,2026/06/15,17:26,2026/06/15,18:19,2026/06/17,05:25
MAERSK,maersk,YOKOHAMA,11,JPYOK,SEASPAN LINGUE,9VMS6,A06,Import/Export,624E,624W,2026/06/13,2026/06/15,2026/06/17,07:00,2026/06/17,08:00,2026/06/18,00:20
MAERSK,maersk,KOBE,41,JPUKB,SEASPAN RIO DE JANEIRO,9VMT2,A06,Import/Export,625N,626S,2026/06/22,2026/06/23,2026/06/22,21:00,2026/06/22,22:00,2026/06/23,19:00
MAERSK,maersk,NAGOYA,35,JPNGO,SEASPAN RIO DE JANEIRO,9VMT2,A06,Import/Export,625N,626S,2026/06/24,2026/06/25,2026/06/24,17:00,2026/06/24,18:00,2026/06/25,18:00
MAERSK,maersk,TOKYO,13,JPTYO,SEASPAN RIO DE JANEIRO,9VMT2,A06,Import/Export,627E,627W,2026/07/03,2026/07/04,2026/07/03,22:30,2026/07/03,23:30,2026/07/04,21:00
MAERSK,maersk,YOKOHAMA,11,JPYOK,SEASPAN RIO DE JANEIRO,9VMT2,A06,Import/Export,627E,627W,2026/07/04,2026/07/06,2026/07/04,22:00,2026/07/04,23:00,2026/07/06,04:00
MAERSK,maersk,OSAKA,40,JPOSA,SMC COLUMBUS,3E8280,TJ1,Import/Export,623E,623W,2026/06/08,2026/06/09,2026/06/10,07:14,2026/06/10,07:56,2026/06/10,19:10
MAERSK,maersk,KOBE,41,JPUKB,SMC COLUMBUS,3E8280,TJ1,Import/Export,623E,623W,2026/06/09,2026/06/09,2026/06/10,19:40,2026/06/10,20:20,2026/06/11,11:36
MAERSK,maersk,KOBE,41,JPUKB,SMC COLUMBUS,3E8280,TJ1,Import/Export,624E,624W,2026/06/16,2026/06/16,2026/06/16,13:45,2026/06/16,14:33,2026/06/16,21:43
MAERSK,maersk,OSAKA,40,JPOSA,SMC COLUMBUS,3E8280,TJ1,Import/Export,624E,624W,2026/06/15,2026/06/16,2026/06/16,22:22,2026/06/16,22:50,2026/06/17,19:00
MAERSK,maersk,OSAKA,40,JPOSA,SMC COLUMBUS,3E8280,TJ1,Import/Export,625E,625W,2026/06/22,2026/06/23,2026/06/22,,2026/06/22,,2026/06/23,
MAERSK,maersk,KOBE,41,JPUKB,SMC COLUMBUS,3E8280,TJ1,Import/Export,625E,625W,2026/06/23,2026/06/23,2026/06/23,,2026/06/23,,2026/06/23,
MAERSK,maersk,KOBE,41,JPUKB,SMC MAGELLAN,BQKH6,TJ1,Import/Export,622E,622W,2026/06/02,2026/06/02,2026/06/04,17:00,2026/06/04,17:57,2026/06/05,06:08
MAERSK,maersk,OSAKA,40,JPOSA,SMC MAGELLAN,BQKH6,TJ1,Import/Export,622E,622W,2026/06/01,2026/06/02,2026/06/05,07:01,2026/06/05,08:00,2026/06/05,19:36
MAERSK,maersk,OSAKA,40,JPOSA,SMC MAGELLAN,BQKH6,TJ1,Import/Export,624E,624W,2026/06/15,2026/06/16,2026/06/15,,2026/06/15,,2026/06/16,
MAERSK,maersk,KOBE,41,JPUKB,SMC MAGELLAN,BQKH6,TJ1,Import/Export,624E,624W,2026/06/16,2026/06/16,2026/06/16,,2026/06/16,,2026/06/16,
MAERSK,maersk,OSAKA,40,JPOSA,SMC MAGELLAN,BQKH6,TJ1,Import/Export,626E,626W,2026/06/29,2026/06/30,2026/06/29,,2026/06/29,,2026/06/30,
MAERSK,maersk,KOBE,41,JPUKB,SMC MAGELLAN,BQKH6,TJ1,Import/Export,626E,626W,2026/06/30,2026/06/30,2026/06/30,,2026/06/30,,2026/06/30,
MAERSK,maersk,YOKOHAMA,11,JPYOK,TAURANGA MAERSK,OVYL2,701,Import/Export,622E,622E,2026/06/13,2026/06/13,2026/06/13,06:40,2026/06/13,07:55,2026/06/13,15:50
MAERSK,maersk,YOKOHAMA,11,JPYOK,VIENNA EXPRESS,5LMA3,705,Import/Export,620W,620W,2026/06/02,2026/06/02,2026/06/02,06:30,2026/06/02,07:20,2026/06/02,20:20
MAERSK,maersk,TOKYO,13,JPTYO,VIRGO,9HA5181,A06,Import/Export,622E,622W,2026/05/29,2026/05/30,2026/06/05,,2026/06/05,,2026/06/05,
MAERSK,maersk,KOBE,41,JPUKB,VIRGO,9HA5181,A06,Import/Export,623N,624S,2026/06/08,2026/06/09,2026/06/11,19:55,2026/06/11,21:11,2026/06/12,22:00
MAERSK,maersk,NAGOYA,35,JPNGO,VIRGO,9HA5181,A06,Import/Export,623N,624S,2026/06/10,2026/06/11,2026/06/13,14:10,2026/06/13,15:45,2026/06/14,07:55
MAERSK,maersk,TOKYO,13,JPTYO,VIRGO,9HA5181,A06,Import/Export,625E,625W,2026/06/19,2026/06/20,2026/06/21,15:00,2026/06/21,16:00,2026/06/22,11:00
MAERSK,maersk,YOKOHAMA,11,JPYOK,VIRGO,9HA5181,A06,Import/Export,625E,625W,2026/06/20,2026/06/22,2026/06/22,11:00,2026/06/22,12:00,2026/06/23,17:00
MAERSK,maersk,TOKYO,13,JPTYO,VOLANS,D5VV2,070,Import/Export,048N,049S,2026/06/18,2026/06/19,2026/06/18,16:00,2026/06/18,17:00,2026/06/19,04:00
MAERSK,maersk,KOBE,41,JPUKB,VOLANS,D5VV2,070,Import/Export,048N,049S,2026/06/20,2026/06/20,2026/06/20,,2026/06/20,,2026/06/20,
MSC MEDITERRANEAN SHIPPING COMPANY S.A.,msc,WAKAYAMA,42,JPWAK,ATLANTIC BRIDGE,9V7910,FEEDER,Import/Export,2616E,2616W,2026/05/28,2026/05/28,2026/06/07,06:47,2026/06/07,07:25,2026/06/07,11:10
MSC MEDITERRANEAN SHIPPING COMPANY S.A.,msc,CHIBA,14,JPCHB,ATLANTIC BRIDGE,9V7910,FEEDER,Import/Export,2616E,2616W,2026/05/29,2026/05/29,2026/06/09,21:55,2026/06/09,23:00,2026/06/10,03:00
MSC MEDITERRANEAN SHIPPING COMPANY S.A.,msc,SHIMIZU,30,JPSMZ,ATLANTIC BRIDGE,9V7910,FEEDER,Import/Export,2617E,2617W,2026/06/07,2026/06/07,2026/06/07,,2026/06/07,,2026/06/07,
MSC MEDITERRANEAN SHIPPING COMPANY S.A.,msc,CHIBA,14,JPCHB,ATLANTIC BRIDGE,9V7910,FEEDER,Import/Export,2618E,2618W,2026/06/19,2026/06/19,2026/06/20,,2026/06/20,,2026/06/20,
MSC MEDITERRANEAN SHIPPING COMPANY S.A.,msc,SHIMIZU,30,JPSMZ,ATLANTIC BRIDGE,9V7910,FEEDER,Import/Export,2619E,2619W,2026/06/28,2026/06/28,2026/06/28,,2026/06/28,,2026/06/28,
MSC MEDITERRANEAN SHIPPING COMPANY S.A.,msc,AKITA,19,JPAXT,ATLANTIC SOUTH,9V8010,FEEDER,Import/Export,2620E,2620W,2026/05/20,2026/05/20,2026/05/31,11:35,2026/06/01,08:00,2026/06/01,12:00
MSC MEDITERRANEAN SHIPPING COMPANY S.A.,msc,NIIGATA,24,JPKIJ,ATLANTIC SOUTH,9V8010,FEEDER,Import/Export,2620E,2620W,2026/05/21,2026/05/21,2026/06/02,04:52,2026/06/02,05:40,2026/06/02,17:20
MSC MEDITERRANEAN SHIPPING COMPANY S.A.,msc,NAOETSU,33,JPNAO,ATLANTIC SOUTH,9V8010,FEEDER,Import/Export,2621E,2621W,2026/05/26,2026/05/26,2026/06/04,,2026/06/05,,2026/06/05,
MSC MEDITERRANEAN SHIPPING COMPANY S.A.,msc,AKITA,19,JPAXT,ATLANTIC SOUTH,9V8010,FEEDER,Import/Export,2621E,2621W,2026/05/27,2026/05/27,2026/06/06,,2026/06/06,,2026/06/06,
MSC MEDITERRANEAN SHIPPING COMPANY S.A.,msc,NIIGATA,24,JPKIJ,ATLANTIC SOUTH,9V8010,FEEDER,Import/Export,2621E,2621W,2026/05/28,2026/05/28,2026/06/06,,2026/06/07,,2026/06/07,
MSC MEDITERRANEAN SHIPPING COMPANY S.A.,msc,NAOETSU,33,JPNAO,ATLANTIC SOUTH,9V8010,FEEDER,Import/Export,2622E,2622W,2026/06/02,2026/06/02,2026/06/07,15:10,2026/06/08,06:36,2026/06/08,18:36
MSC MEDITERRANEAN SHIPPING COMPANY S.A.,msc,AKITA,19,JPAXT,ATLANTIC SOUTH,9V8010,FEEDER,Import/Export,2622E,2622W,2026/06/03,2026/06/03,2026/06/09,08:41,2026/06/09,09:30,2026/06/09,15:20
MSC MEDITERRANEAN SHIPPING COMPANY S.A.,msc,NIIGATA,24,JPKIJ,ATLANTIC SOUTH,9V8010,FEEDER,Import/Export,2622E,2622W,2026/06/04,2026/06/04,2026/06/10,06:44,2026/06/10,07:40,2026/06/10,16:30
MSC MEDITERRANEAN SHIPPING COMPANY S.A.,msc,NAOETSU,33,JPNAO,ATLANTIC SOUTH,9V8010,FEEDER,Import/Export,2623E,2623W,2026/06/09,2026/06/09,2026/06/16,05:47,2026/06/16,06:48,2026/06/16,16:54
MSC MEDITERRANEAN SHIPPING COMPANY S.A.,msc,AKITA,19,JPAXT,ATLANTIC SOUTH,9V8010,FEEDER,Import/Export,2623E,2623W,2026/06/10,2026/06/10,2026/06/17,07:30,2026/06/17,08:30,2026/06/17,11:30
MSC MEDITERRANEAN SHIPPING COMPANY S.A.,msc,NIIGATA,24,JPKIJ,ATLANTIC SOUTH,9V8010,FEEDER,Import/Export,2623E,2623W,2026/06/11,2026/06/11,2026/06/18,,2026/06/18,,2026/06/18,
MSC MEDITERRANEAN SHIPPING COMPANY S.A.,msc,NAOETSU,33,JPNAO,ATLANTIC SOUTH,9V8010,FEEDER,Import/Export,2624E,2624W,2026/06/16,2026/06/16,2026/06/23,,2026/06/23,,2026/06/23,
MSC MEDITERRANEAN SHIPPING COMPANY S.A.,msc,AKITA,19,JPAXT,ATLANTIC SOUTH,9V8010,FEEDER,Import/Export,2624E,2624W,2026/06/17,2026/06/17,2026/06/24,,2026/06/25,,2026/06/25,
MSC MEDITERRANEAN SHIPPING COMPANY S.A.,msc,NIIGATA,24,JPKIJ,ATLANTIC SOUTH,9V8010,FEEDER,Import/Export,2624E,2624W,2026/06/18,2026/06/18,2026/06/26,,2026/06/26,,2026/06/26,
MSC MEDITERRANEAN SHIPPING COMPANY S.A.,msc,NAOETSU,33,JPNAO,ATLANTIC SOUTH,9V8010,FEEDER,Import/Export,2625E,2625W,2026/06/23,2026/06/23,2026/06/29,,2026/06/29,,2026/06/29,
MSC MEDITERRANEAN SHIPPING COMPANY S.A.,msc,AKITA,19,JPAXT,ATLANTIC SOUTH,9V8010,FEEDER,Import/Export,2625E,2625W,2026/06/24,2026/06/24,2026/06/30,,2026/06/30,,2026/06/30,
MSC MEDITERRANEAN SHIPPING COMPANY S.A.,msc,NIIGATA,24,JPKIJ,ATLANTIC SOUTH,9V8010,FEEDER,Import/Export,2625E,2625W,2026/06/25,2026/06/25,2026/07/01,,2026/07/01,,2026/07/01,
MSC MEDITERRANEAN SHIPPING COMPANY S.A.,msc,NAOETSU,33,JPNAO,ATLANTIC SOUTH,9V8010,FEEDER,Import/Export,2626E,2626W,2026/06/30,2026/06/30,2026/07/01,,2026/07/02,,2026/07/02,
MSC MEDITERRANEAN SHIPPING COMPANY S.A.,msc,AKITA,19,JPAXT,ATLANTIC SOUTH,9V8010,FEEDER,Import/Export,2626E,2626W,2026/07/01,2026/07/01,2026/07/03,,2026/07/03,,2026/07/03,
MSC MEDITERRANEAN SHIPPING COMPANY S.A.,msc,NIIGATA,24,JPKIJ,ATLANTIC SOUTH,9V8010,FEEDER,Import/Export,2626E,2626W,2026/07/02,2026/07/02,2026/07/04,,2026/07/04,,2026/07/04,
MSC MEDITERRANEAN SHIPPING COMPANY S.A.,msc,IMARI,87,JPIMI,CONTRIVIA,V7A4978,FEEDER,Import/Export,2627E,2627W,2026/06/28,2026/06/29,2026/06/28,,2026/06/28,,2026/06/29,
MSC MEDITERRANEAN SHIPPING COMPANY S.A.,msc,FUKUYAMA,67,JPFKY,CONTRIVIA,V7A4978,FEEDER,Import/Export,2627E,2627W,2026/06/29,2026/06/29,2026/06/29,,2026/06/29,,2026/06/29,
MSC MEDITERRANEAN SHIPPING COMPANY S.A.,msc,MIZUSHIMA,50,JPMIZ,CONTRIVIA,V7A4978,FEEDER,Import/Export,2627E,2627W,2026/06/30,2026/06/30,2026/06/30,,2026/06/30,,2026/06/30,
MSC MEDITERRANEAN SHIPPING COMPANY S.A.,msc,TAKAMATSU,64,JPTAP,CONTRIVIA,V7A4978,FEEDER,Import/Export,2627E,2627W,2026/06/30,2026/06/30,2026/06/30,,2026/06/30,,2026/06/30,
MSC MEDITERRANEAN SHIPPING COMPANY S.A.,msc,HIROSHIMA,51,JPHIJ,CONTRIVIA,V7A4978,FEEDER,Import/Export,2627E,2627W,2026/07/01,2026/07/01,2026/07/01,,2026/07/01,,2026/07/01,
MSC MEDITERRANEAN SHIPPING COMPANY S.A.,msc,NAKANOSEKI,66,JPMNX,CONTRIVIA,V7A4978,FEEDER,Import/Export,2627E,2627W,2026/07/02,2026/07/02,2026/07/02,,2026/07/02,,2026/07/02,
MSC MEDITERRANEAN SHIPPING COMPANY S.A.,msc,TOKUYAMA,62,JPTKY,DONGJIN FIDES,D7UV,FEEDER,Import/Export,0708S,0708N,2026/06/02,2026/06/02,2026/06/03,20:40,2026/06/03,21:30,2026/06/03,23:55
MSC MEDITERRANEAN SHIPPING COMPANY S.A.,msc,TOKUYAMA,62,JPTKY,DONGJIN FIDES,D7UV,FEEDER,Import/Export,0709S,0709N,2026/06/05,2026/06/05,2026/06/09,16:48,2026/06/09,17:30,2026/06/09,20:10
MSC MEDITERRANEAN SHIPPING COMPANY S.A.,msc,TOKUYAMA,62,JPTKY,DONGJIN FIDES,D7UV,FEEDER,Import/Export,0711S,0711N,2026/06/12,2026/06/12,2026/06/16,20:54,2026/06/16,21:40,2026/06/17,01:25
MSC MEDITERRANEAN SHIPPING COMPANY S.A.,msc,TOKUYAMA,62,JPTKY,DONGJIN FIDES,D7UV,FEEDER,Import/Export,0712S,0712N,2026/06/16,2026/06/16,2026/06/19,,2026/06/19,,2026/06/19,
MSC MEDITERRANEAN SHIPPING COMPANY S.A.,msc,TOKUYAMA,62,JPTKY,DONGJIN FIDES,D7UV,FEEDER,Import/Export,0713S,0713N,2026/06/19,2026/06/19,2026/06/21,,2026/06/21,,2026/06/21,
MSC MEDITERRANEAN SHIPPING COMPANY S.A.,msc,TOKUYAMA,62,JPTKY,DONGJIN FIDES,D7UV,FEEDER,Import/Export,0715S,0715N,2026/06/26,2026/06/26,2026/06/27,,2026/06/27,,2026/06/27,
MSC MEDITERRANEAN SHIPPING COMPANY S.A.,msc,TOKUYAMA,62,JPTKY,DONGJIN FIDES,D7UV,FEEDER,Import/Export,0716S,0716N,2026/06/30,2026/06/30,2026/06/30,,2026/06/30,,2026/06/30,
MSC MEDITERRANEAN SHIPPING COMPANY S.A.,msc,TOKUYAMA,62,JPTKY,DONGJIN FIDES,D7UV,FEEDER,Import/Export,0717S,0717N,2026/07/03,2026/07/03,2026/07/03,,2026/07/03,,2026/07/03,
MSC MEDITERRANEAN SHIPPING COMPANY S.A.,msc,SHIMIZU,30,JPSMZ,DONGJIN FORTUNE,D7UJ,FEEDER,Import/Export,0186S,0186N,2026/06/04,2026/06/04,2026/06/06,13:11,2026/06/06,13:36,2026/06/06,17:00
MSC MEDITERRANEAN SHIPPING COMPANY S.A.,msc,SHIMIZU,30,JPSMZ,DONGJIN FORTUNE,D7UJ,FEEDER,Import/Export,0187S,0187N,2026/06/11,2026/06/11,2026/06/12,,2026/06/12,,2026/06/12,
MSC MEDITERRANEAN SHIPPING COMPANY S.A.,msc,SHIMIZU,30,JPSMZ,DONGJIN FORTUNE,D7UJ,FEEDER,Import/Export,0188S,0188N,2026/06/18,2026/06/18,2026/06/22,,2026/06/22,,2026/06/22,
MSC MEDITERRANEAN SHIPPING COMPANY S.A.,msc,SHIMIZU,30,JPSMZ,DONGJIN FORTUNE,D7UJ,FEEDER,Import/Export,0189S,0189N,2026/06/25,2026/06/25,2026/06/27,,2026/06/27,,2026/06/27,
MSC MEDITERRANEAN SHIPPING COMPANY S.A.,msc,SHIMIZU,30,JPSMZ,DONGJIN FORTUNE,D7UJ,FEEDER,Import/Export,0190S,0190N,2026/07/02,2026/07/02,2026/07/02,,2026/07/02,,2026/07/02,
MSC MEDITERRANEAN SHIPPING COMPANY S.A.,msc,KURE,59,JPKRE,DONGJIN GENIUS,D7PC,FEEDER,Import/Export,0378S,0378N,2026/06/17,2026/06/17,2026/06/17,,2026/06/17,,2026/06/17,
MSC MEDITERRANEAN SHIPPING COMPANY S.A.,msc,SHIMONOSEKI,71,JPSHS,HAKATA EXPRESS,3E7842,FEEDER,Import/Export,2644E,2644W,2026/06/04,2026/06/04,2026/06/05,13:30,2026/06/05,20:25,2026/06/05,23:23
MSC MEDITERRANEAN SHIPPING COMPANY S.A.,msc,IMARI,87,JPIMI,HAKATA EXPRESS,3E7842,FEEDER,Import/Export,2646E,2646W,2026/06/11,2026/06/11,2026/06/11,07:33,2026/06/11,08:05,2026/06/11,12:30
MSC MEDITERRANEAN SHIPPING COMPANY S.A.,msc,SHIMONOSEKI,71,JPSHS,HAKATA EXPRESS,3E7842,FEEDER,Import/Export,2646E,2646W,2026/06/11,2026/06/11,2026/06/11,18:54,2026/06/12,07:24,2026/06/12,10:00
MSC MEDITERRANEAN SHIPPING COMPANY S.A.,msc,SHIMONOSEKI,71,JPSHS,HAKATA EXPRESS,3E7842,FEEDER,Import/Export,2648E,2648W,2026/06/18,2026/06/18,2026/06/19,,2026/06/19,,2026/06/19,
MSC MEDITERRANEAN SHIPPING COMPANY S.A.,msc,SHIMONOSEKI,71,JPSHS,HAKATA EXPRESS,3E7842,FEEDER,Import/Export,2650E,2650W,2026/06/25,2026/06/25,2026/06/25,,2026/06/25,,2026/06/25,
MSC MEDITERRANEAN SHIPPING COMPANY S.A.,msc,SHIMONOSEKI,71,JPSHS,HAKATA EXPRESS,3E7842,FEEDER,Import/Export,2652E,2652W,2026/07/02,2026/07/02,2026/07/02,,2026/07/02,,2026/07/02,
MSC MEDITERRANEAN SHIPPING COMPANY S.A.,msc,TOKUYAMA,62,JPTKY,HAKATA VOYAGER,D7AJ,FEEDER,Import/Export,2621E,2621W,2026/06/06,2026/06/06,2026/06/04,02:40,2026/06/04,16:00,2026/06/04,20:10
MSC MEDITERRANEAN SHIPPING COMPANY S.A.,msc,IYOMISHIMA,60,JPIYM,HAKATA VOYAGER,D7AJ,FEEDER,Import/Export,2621E,2621W,2026/06/04,2026/06/04,2026/06/05,06:50,2026/06/05,07:15,2026/06/05,10:20
MSC MEDITERRANEAN SHIPPING COMPANY S.A.,msc,TAKAMATSU,64,JPTAP,HAKATA VOYAGER,D7AJ,FEEDER,Import/Export,2621E,2621W,2026/06/05,2026/06/05,2026/06/05,13:59,2026/06/05,14:30,2026/06/05,17:30
MSC MEDITERRANEAN SHIPPING COMPANY S.A.,msc,FUKUYAMA,67,JPFKY,HAKATA VOYAGER,D7AJ,FEEDER,Import/Export,2621E,2621W,2026/06/03,2026/06/03,2026/06/05,20:45,2026/06/08,07:30,2026/06/08,16:00
MSC MEDITERRANEAN SHIPPING COMPANY S.A.,msc,TAKAMATSU,64,JPTAP,HAKATA VOYAGER,D7AJ,FEEDER,Import/Export,2622E,2622W,2026/06/12,2026/06/12,2026/06/13,11:06,2026/06/13,11:30,2026/06/13,16:06
MSC MEDITERRANEAN SHIPPING COMPANY S.A.,msc,FUKUYAMA,67,JPFKY,HAKATA VOYAGER,D7AJ,FEEDER,Import/Export,2622E,2622W,2026/06/10,2026/06/10,2026/06/13,19:00,2026/06/15,07:35,2026/06/15,14:10
MSC MEDITERRANEAN SHIPPING COMPANY S.A.,msc,IYOMISHIMA,60,JPIYM,HAKATA VOYAGER,D7AJ,FEEDER,Import/Export,2622E,2622W,2026/06/11,2026/06/11,2026/06/15,16:45,2026/06/16,07:30,2026/06/16,16:30
MSC MEDITERRANEAN SHIPPING COMPANY S.A.,msc,TOKUYAMA,62,JPTKY,HAKATA VOYAGER,D7AJ,FEEDER,Import/Export,2622E,2622W,2026/06/13,2026/06/13,2026/06/17,03:50,2026/06/18,13:00,2026/06/18,16:00
MSC MEDITERRANEAN SHIPPING COMPANY S.A.,msc,FUKUYAMA,67,JPFKY,HAKATA VOYAGER,D7AJ,FEEDER,Import/Export,2623E,2623W,2026/06/17,2026/06/17,2026/06/21,,2026/06/21,,2026/06/21,
MSC MEDITERRANEAN SHIPPING COMPANY S.A.,msc,IYOMISHIMA,60,JPIYM,HAKATA VOYAGER,D7AJ,FEEDER,Import/Export,2623E,2623W,2026/06/18,2026/06/18,2026/06/21,,2026/06/21,,2026/06/22,
MSC MEDITERRANEAN SHIPPING COMPANY S.A.,msc,TAKAMATSU,64,JPTAP,HAKATA VOYAGER,D7AJ,FEEDER,Import/Export,2623E,2623W,2026/06/19,2026/06/19,2026/06/22,,2026/06/22,,2026/06/22,
MSC MEDITERRANEAN SHIPPING COMPANY S.A.,msc,TOKUYAMA,62,JPTKY,HAKATA VOYAGER,D7AJ,FEEDER,Import/Export,2623E,2623W,2026/06/20,2026/06/20,2026/06/23,,2026/06/23,,2026/06/23,
MSC MEDITERRANEAN SHIPPING COMPANY S.A.,msc,FUKUYAMA,67,JPFKY,HAKATA VOYAGER,D7AJ,FEEDER,Import/Export,2624E,2624W,2026/06/24,2026/06/24,2026/06/27,,2026/06/27,,2026/06/27,
MSC MEDITERRANEAN SHIPPING COMPANY S.A.,msc,IYOMISHIMA,60,JPIYM,HAKATA VOYAGER,D7AJ,FEEDER,Import/Export,2624E,2624W,2026/06/25,2026/06/25,2026/06/27,,2026/06/27,,2026/06/28,
MSC MEDITERRANEAN SHIPPING COMPANY S.A.,msc,TAKAMATSU,64,JPTAP,HAKATA VOYAGER,D7AJ,FEEDER,Import/Export,2624E,2624W,2026/06/26,2026/06/26,2026/06/28,,2026/06/28,,2026/06/28,
MSC MEDITERRANEAN SHIPPING COMPANY S.A.,msc,TOKUYAMA,62,JPTKY,HAKATA VOYAGER,D7AJ,FEEDER,Import/Export,2624E,2624W,2026/06/27,2026/06/27,2026/06/29,,2026/06/29,,2026/06/29,
MSC MEDITERRANEAN SHIPPING COMPANY S.A.,msc,FUKUYAMA,67,JPFKY,HAKATA VOYAGER,D7AJ,FEEDER,Import/Export,2625E,2625W,2026/07/01,2026/07/01,2026/07/03,,2026/07/03,,2026/07/03,
MSC MEDITERRANEAN SHIPPING COMPANY S.A.,msc,IYOMISHIMA,60,JPIYM,HAKATA VOYAGER,D7AJ,FEEDER,Import/Export,2625E,2625W,2026/07/02,2026/07/02,2026/07/04,,2026/07/04,,2026/07/04,
MSC MEDITERRANEAN SHIPPING COMPANY S.A.,msc,TAKAMATSU,64,JPTAP,HAKATA VOYAGER,D7AJ,FEEDER,Import/Export,2625E,2625W,2026/07/03,2026/07/03,2026/07/04,,2026/07/04,,2026/07/04,
MSC MEDITERRANEAN SHIPPING COMPANY S.A.,msc,TOKUYAMA,62,JPTKY,HAKATA VOYAGER,D7AJ,FEEDER,Import/Export,2625E,2625W,2026/07/04,2026/07/04,2026/07/05,,2026/07/05,,2026/07/05,
MSC MEDITERRANEAN SHIPPING COMPANY S.A.,msc,SHIMIZU,30,JPSMZ,HALCYON,C6WB4,FEEDER,Import/Export,2627E,2628W,2026/06/05,2026/06/05,2026/06/09,06:19,2026/06/09,06:42,2026/06/09,14:35
MSC MEDITERRANEAN SHIPPING COMPANY S.A.,msc,SHIMIZU,30,JPSMZ,HALCYON,C6WB4,FEEDER,Import/Export,2631E,2632W,2026/06/26,2026/06/26,2026/06/27,,2026/06/27,,2026/06/28,
MSC MEDITERRANEAN SHIPPING COMPANY S.A.,msc,IMARI,87,JPIMI,HANSUNG WEIHAI,3E8662,FEEDER,Import/Export,2629E,2629W,2026/06/02,2026/06/02,2026/06/02,11:48,2026/06/02,12:20,2026/06/02,15:15
MSC MEDITERRANEAN SHIPPING COMPANY S.A.,msc,SHIBUSHI,91,JPSBS,HANSUNG WEIHAI,3E8662,FEEDER,Import/Export,2629E,2629W,2026/06/04,2026/06/04,2026/06/04,06:34,2026/06/04,07:20,2026/06/04,15:45
MSC MEDITERRANEAN SHIPPING COMPANY S.A.,msc,HOSOSHIMA,90,JPHSM,HANSUNG WEIHAI,3E8662,FEEDER,Import/Export,2629E,2629W,2026/06/05,2026/06/05,2026/06/04,21:20,2026/06/05,05:10,2026/06/05,11:10
MSC MEDITERRANEAN SHIPPING COMPANY S.A.,msc,OITA,78,JPOIP,HANSUNG WEIHAI,3E8662,FEEDER,Import/Export,2629E,2629W,2026/06/03,2026/06/03,2026/06/05,16:00,2026/06/06,07:35,2026/06/06,09:54
MSC MEDITERRANEAN SHIPPING COMPANY S.A.,msc,HIROSHIMA,51,JPHIJ,HANSUNG WEIHAI,3E8662,FEEDER,Import/Export,2630E,2630W,2026/06/08,2026/06/08,2026/06/09,07:26,2026/06/09,08:00,2026/06/09,14:20
MSC MEDITERRANEAN SHIPPING COMPANY S.A.,msc,IWAKUNI,69,JPIWK,HANSUNG WEIHAI,3E8662,FEEDER,Import/Export,2630E,2630W,2026/06/08,2026/06/08,2026/06/09,18:25,2026/06/09,18:50,2026/06/09,22:20
MSC MEDITERRANEAN SHIPPING COMPANY S.A.,msc,TOKUYAMA,62,JPTKY,HANSUNG WEIHAI,3E8662,FEEDER,Import/Export,2630E,2630W,2026/06/09,2026/06/09,2026/06/10,07:19,2026/06/10,08:10,2026/06/10,17:45
MSC MEDITERRANEAN SHIPPING COMPANY S.A.,msc,MIZUSHIMA,50,JPMIZ,HANSUNG WEIHAI,3E8662,FEEDER,Import/Export,2631E,2631W,2026/06/13,2026/06/13,2026/06/12,21:12,2026/06/13,06:00,2026/06/13,10:00
MSC MEDITERRANEAN SHIPPING COMPANY S.A.,msc,IYOMISHIMA,60,JPIYM,HANSUNG WEIHAI,3E8662,FEEDER,Import/Export,2631E,2631W,2026/06/13,2026/06/13,2026/06/13,12:09,2026/06/13,12:40,2026/06/13,16:10
MSC MEDITERRANEAN SHIPPING COMPANY S.A.,msc,MATSUYAMA,61,JPMYJ,HANSUNG WEIHAI,3E8662,FEEDER,Import/Export,2631E,2631W,2026/06/12,2026/06/12,2026/06/13,20:30,2026/06/15,07:00,2026/06/15,10:50
MSC MEDITERRANEAN SHIPPING COMPANY S.A.,msc,IMABARI,63,JPIMB,HANSUNG WEIHAI,3E8662,FEEDER,Import/Export,2631E,2631W,2026/06/12,2026/06/12,2026/06/15,12:50,2026/06/15,13:25,2026/06/15,16:15
MSC MEDITERRANEAN SHIPPING COMPANY S.A.,msc,IMARI,87,JPIMI,HANSUNG WEIHAI,3E8662,FEEDER,Import/Export,2632E,2632W,2026/06/16,2026/06/16,2026/06/19,,2026/06/19,,2026/06/19,
MSC MEDITERRANEAN SHIPPING COMPANY S.A.,msc,OITA,78,JPOIP,HANSUNG WEIHAI,3E8662,FEEDER,Import/Export,2632E,2632W,2026/06/17,2026/06/17,2026/06/20,,2026/06/20,,2026/06/20,
MSC MEDITERRANEAN SHIPPING COMPANY S.A.,msc,SHIBUSHI,91,JPSBS,HANSUNG WEIHAI,3E8662,FEEDER,Import/Export,2632E,2632W,2026/06/18,2026/06/18,2026/06/21,,2026/06/21,,2026/06/21,
MSC MEDITERRANEAN SHIPPING COMPANY S.A.,msc,HOSOSHIMA,90,JPHSM,HANSUNG WEIHAI,3E8662,FEEDER,Import/Export,2632E,2632W,2026/06/19,2026/06/19,2026/06/21,,2026/06/21,,2026/06/21,
MSC MEDITERRANEAN SHIPPING COMPANY S.A.,msc,IWAKUNI,69,JPIWK,HANSUNG WEIHAI,3E8662,FEEDER,Import/Export,2633E,2633W,2026/06/22,2026/06/22,2026/06/23,,2026/06/23,,2026/06/23,
MSC MEDITERRANEAN SHIPPING COMPANY S.A.,msc,HIROSHIMA,51,JPHIJ,HANSUNG WEIHAI,3E8662,FEEDER,Import/Export,2633E,2633W,2026/06/22,2026/06/22,2026/06/23,,2026/06/23,,2026/06/23,
MSC MEDITERRANEAN SHIPPING COMPANY S.A.,msc,TOKUYAMA,62,JPTKY,HANSUNG WEIHAI,3E8662,FEEDER,Import/Export,2633E,2633W,2026/06/23,2026/06/23,2026/06/23,,2026/06/23,,2026/06/23,
MSC MEDITERRANEAN SHIPPING COMPANY S.A.,msc,MATSUYAMA,61,JPMYJ,HANSUNG WEIHAI,3E8662,FEEDER,Import/Export,2634E,2634W,2026/06/26,2026/06/26,2026/06/26,,2026/06/26,,2026/06/26,
MSC MEDITERRANEAN SHIPPING COMPANY S.A.,msc,IMABARI,63,JPIMB,HANSUNG WEIHAI,3E8662,FEEDER,Import/Export,2634E,2634W,2026/06/26,2026/06/26,2026/06/26,,2026/06/26,,2026/06/26,
MSC MEDITERRANEAN SHIPPING COMPANY S.A.,msc,IYOMISHIMA,60,JPIYM,HANSUNG WEIHAI,3E8662,FEEDER,Import/Export,2634E,2634W,2026/06/27,2026/06/27,2026/06/27,,2026/06/27,,2026/06/27,
MSC MEDITERRANEAN SHIPPING COMPANY S.A.,msc,MIZUSHIMA,50,JPMIZ,HANSUNG WEIHAI,3E8662,FEEDER,Import/Export,2634E,2634W,2026/06/27,2026/06/27,2026/06/27,,2026/06/27,,2026/06/27,
MSC MEDITERRANEAN SHIPPING COMPANY S.A.,msc,IMARI,87,JPIMI,HANSUNG WEIHAI,3E8662,FEEDER,Import/Export,2635E,2635W,2026/06/30,2026/06/30,2026/06/30,,2026/06/30,,2026/06/30,
MSC MEDITERRANEAN SHIPPING COMPANY S.A.,msc,OITA,78,JPOIP,HANSUNG WEIHAI,3E8662,FEEDER,Import/Export,2635E,2635W,2026/07/01,2026/07/01,2026/07/01,,2026/07/01,,2026/07/01,
MSC MEDITERRANEAN SHIPPING COMPANY S.A.,msc,SHIBUSHI,91,JPSBS,HANSUNG WEIHAI,3E8662,FEEDER,Import/Export,2635E,2635W,2026/07/02,2026/07/02,2026/07/02,,2026/07/02,,2026/07/02,
MSC MEDITERRANEAN SHIPPING COMPANY S.A.,msc,HOSOSHIMA,90,JPHSM,HANSUNG WEIHAI,3E8662,FEEDER,Import/Export,2635E,2635W,2026/07/03,2026/07/03,2026/07/03,,2026/07/03,,2026/07/03,
MSC MEDITERRANEAN SHIPPING COMPANY S.A.,msc,HITACHINAKA,21,JPHIC,HEUNG-A AKITA,D7MT,FEEDER,Import/Export,2620E,2620W,2026/05/28,2026/05/28,2026/05/31,21:24,2026/06/01,07:42,2026/06/01,15:18
MSC MEDITERRANEAN SHIPPING COMPANY S.A.,msc,HACHINOHE,2,JPHHE,HEUNG-A AKITA,D7MT,FEEDER,Import/Export,2620E,2620W,2026/05/30,2026/05/30,2026/06/07,08:49,2026/06/07,09:36,2026/06/07,18:10
MSC MEDITERRANEAN SHIPPING COMPANY S.A.,msc,SENDAI MIYAGI,3,JPSGM,HEUNG-A AKITA,D7MT,FEEDER,Import/Export,2620E,2620W,2026/05/29,2026/05/29,2026/06/08,08:00,2026/06/09,04:58,2026/06/09,16:47
MSC MEDITERRANEAN SHIPPING COMPANY S.A.,msc,HITACHINAKA,21,JPHIC,HEUNG-A AKITA,D7MT,FEEDER,Import/Export,2621E,2621W,2026/06/04,2026/06/04,2026/06/14,,2026/06/15,,2026/06/15,
MSC MEDITERRANEAN SHIPPING COMPANY S.A.,msc,SENDAI MIYAGI,3,JPSGM,HEUNG-A AKITA,D7MT,FEEDER,Import/Export,2621E,2621W,2026/06/05,2026/06/05,2026/06/15,,2026/06/16,,2026/06/16,
MSC MEDITERRANEAN SHIPPING COMPANY S.A.,msc,HACHINOHE,2,JPHHE,HEUNG-A AKITA,D7MT,FEEDER,Import/Export,2621E,2621W,2026/06/06,2026/06/06,2026/06/17,,2026/06/17,,2026/06/17,
MSC MEDITERRANEAN SHIPPING COMPANY S.A.,msc,TOYOHASHI,39,JPTHS,HEUNG-A AKITA,D7MT,FEEDER,Import/Export,2621S,2621N,2026/06/17,2026/06/17,2026/06/18,,2026/06/18,,2026/06/18,
MSC MEDITERRANEAN SHIPPING COMPANY S.A.,msc,KASHIMA,20,JPKSM,HEUNG-A AKITA,D7MT,FEEDER,Import/Export,2622E,2622W,2026/06/11,2026/06/11,2026/06/22,,2026/06/23,,2026/06/23,
MSC MEDITERRANEAN SHIPPING COMPANY S.A.,msc,HITACHINAKA,21,JPHIC,HEUNG-A AKITA,D7MT,FEEDER,Import/Export,2622E,2622W,2026/06/11,2026/06/11,2026/06/23,,2026/06/24,,2026/06/24,
MSC MEDITERRANEAN SHIPPING COMPANY S.A.,msc,SENDAI MIYAGI,3,JPSGM,HEUNG-A AKITA,D7MT,FEEDER,Import/Export,2622E,2622W,2026/06/12,2026/06/12,2026/06/24,,2026/06/25,,2026/06/25,
MSC MEDITERRANEAN SHIPPING COMPANY S.A.,msc,HACHINOHE,2,JPHHE,HEUNG-A AKITA,D7MT,FEEDER,Import/Export,2622E,2622W,2026/06/13,2026/06/13,2026/06/26,,2026/06/26,,2026/06/26,
MSC MEDITERRANEAN SHIPPING COMPANY S.A.,msc,TOYOHASHI,39,JPTHS,HEUNG-A AKITA,D7MT,FEEDER,Import/Export,2622S,2622N,2026/06/24,2026/06/24,2026/06/24,,2026/06/24,,2026/06/24,
MSC MEDITERRANEAN SHIPPING COMPANY S.A.,msc,TOYOHASHI,39,JPTHS,HEUNG-A AKITA,D7MT,FEEDER,Import/Export,2623S,2623N,2026/07/01,2026/07/01,2026/07/01,,2026/07/01,,2026/07/01,
MSC MEDITERRANEAN SHIPPING COMPANY S.A.,msc,ISHIKARI,7,JPISS,HEUNG-A HAIPHONG,D7NC,FEEDER,Import/Export,2620E,2620W,2026/05/20,2026/05/20,2026/06/02,14:45,2026/06/02,15:30,2026/06/03,18:10
MSC MEDITERRANEAN SHIPPING COMPANY S.A.,msc,TOMAKOMAI,1,JPTMK,HEUNG-A HAIPHONG,D7NC,FEEDER,Import/Export,2620E,2620W,2026/05/21,2026/05/21,2026/06/04,15:15,2026/06/06,13:20,2026/06/10,09:40
MSC MEDITERRANEAN SHIPPING COMPANY S.A.,msc,AKITA,19,JPAXT,HEUNG-A HAIPHONG,D7NC,FEEDER,Import/Export,2620E,2620W,2026/05/22,2026/05/22,2026/06/11,06:45,2026/06/11,07:30,2026/06/11,14:35
MSC MEDITERRANEAN SHIPPING COMPANY S.A.,msc,ISHIKARI,7,JPISS,HEUNG-A HAIPHONG,D7NC,FEEDER,Import/Export,2621E,2621W,2026/05/27,2026/05/27,2026/06/07,,2026/06/08,,2026/06/08,
MSC MEDITERRANEAN SHIPPING COMPANY S.A.,msc,TOMAKOMAI,1,JPTMK,HEUNG-A HAIPHONG,D7NC,FEEDER,Import/Export,2621E,2621W,2026/05/28,2026/05/28,2026/06/09,,2026/06/09,,2026/06/10,
MSC MEDITERRANEAN SHIPPING COMPANY S.A.,msc,AKITA,19,JPAXT,HEUNG-A HAIPHONG,D7NC,FEEDER,Import/Export,2621E,2621W,2026/05/29,2026/05/29,2026/06/11,,2026/06/11,,2026/06/11,
MSC MEDITERRANEAN SHIPPING COMPANY S.A.,msc,ISHIKARI,7,JPISS,HEUNG-A HAIPHONG,D7NC,FEEDER,Import/Export,2623E,2623W,2026/06/10,2026/06/10,2026/06/19,,2026/06/19,,2026/06/19,
MSC MEDITERRANEAN SHIPPING COMPANY S.A.,msc,TOMAKOMAI,1,JPTMK,HEUNG-A HAIPHONG,D7NC,FEEDER,Import/Export,2623E,2623W,2026/06/11,2026/06/11,2026/06/20,,2026/06/20,,2026/06/21,
MSC MEDITERRANEAN SHIPPING COMPANY S.A.,msc,AKITA,19,JPAXT,HEUNG-A HAIPHONG,D7NC,FEEDER,Import/Export,2623E,2623W,2026/06/12,2026/06/12,2026/06/22,,2026/06/22,,2026/06/22,
MSC MEDITERRANEAN SHIPPING COMPANY S.A.,msc,ISHIKARI,7,JPISS,HEUNG-A HAIPHONG,D7NC,FEEDER,Import/Export,2624E,2624W,2026/06/17,2026/06/17,2026/06/27,,2026/06/28,,2026/06/28,
MSC MEDITERRANEAN SHIPPING COMPANY S.A.,msc,TOMAKOMAI,1,JPTMK,HEUNG-A HAIPHONG,D7NC,FEEDER,Import/Export,2624E,2624W,2026/06/18,2026/06/18,2026/06/29,,2026/06/29,,2026/06/30,
MSC MEDITERRANEAN SHIPPING COMPANY S.A.,msc,AKITA,19,JPAXT,HEUNG-A HAIPHONG,D7NC,FEEDER,Import/Export,2624E,2624W,2026/06/19,2026/06/19,2026/06/30,,2026/07/01,,2026/07/01,
MSC MEDITERRANEAN SHIPPING COMPANY S.A.,msc,ISHIKARI,7,JPISS,HEUNG-A HAIPHONG,D7NC,FEEDER,Import/Export,2625E,2625W,2026/06/24,2026/06/24,2026/07/03,,2026/07/04,,2026/07/04,
MSC MEDITERRANEAN SHIPPING COMPANY S.A.,msc,TOMAKOMAI,1,JPTMK,HEUNG-A HAIPHONG,D7NC,FEEDER,Import/Export,2625E,2625W,2026/06/25,2026/06/25,2026/07/05,,2026/07/05,,2026/07/05,
MSC MEDITERRANEAN SHIPPING COMPANY S.A.,msc,KASHIMA,20,JPKSM,HEUNG-A XIAMEN,D7ND,FEEDER,Import/Export,2622E,2622W,2026/05/28,2026/05/28,2026/06/01,,2026/06/02,,2026/06/02,
MSC MEDITERRANEAN SHIPPING COMPANY S.A.,msc,HITACHINAKA,21,JPHIC,HEUNG-A XIAMEN,D7ND,FEEDER,Import/Export,2622E,2622W,2026/05/28,2026/05/28,2026/06/02,,2026/06/03,,2026/06/03,
MSC MEDITERRANEAN SHIPPING COMPANY S.A.,msc,SENDAI MIYAGI,3,JPSGM,HEUNG-A XIAMEN,D7ND,FEEDER,Import/Export,2622E,2622W,2026/05/29,2026/05/29,2026/06/03,,2026/06/03,,2026/06/03,
MSC MEDITERRANEAN SHIPPING COMPANY S.A.,msc,HACHINOHE,2,JPHHE,HEUNG-A XIAMEN,D7ND,FEEDER,Import/Export,2622E,2622W,2026/05/30,2026/05/30,2026/06/04,,2026/06/04,,2026/06/04,
MSC MEDITERRANEAN SHIPPING COMPANY S.A.,msc,TOYOHASHI,39,JPTHS,HEUNG-A XIAMEN,D7ND,FEEDER,Import/Export,2622S,2622N,2026/06/03,2026/06/03,2026/06/03,22:18,2026/06/04,13:23,2026/06/04,17:56
MSC MEDITERRANEAN SHIPPING COMPANY S.A.,msc,TOYOHASHI,39,JPTHS,HEUNG-A XIAMEN,D7ND,FEEDER,Import/Export,2623S,2623N,2026/06/10,2026/06/10,2026/06/13,07:01,2026/06/13,07:44,2026/06/13,11:08
MSC MEDITERRANEAN SHIPPING COMPANY S.A.,msc,HITACHINAKA,21,JPHIC,HEUNG-A XIAMEN,D7ND,FEEDER,Import/Export,2624E,2624W,2026/06/18,2026/06/18,2026/06/20,,2026/06/21,,2026/06/21,
MSC MEDITERRANEAN SHIPPING COMPANY S.A.,msc,KASHIMA,20,JPKSM,HEUNG-A XIAMEN,D7ND,FEEDER,Import/Export,2624E,2624W,2026/06/18,2026/06/18,2026/06/20,,2026/06/20,,2026/06/20,
MSC MEDITERRANEAN SHIPPING COMPANY S.A.,msc,SENDAI MIYAGI,3,JPSGM,HEUNG-A XIAMEN,D7ND,FEEDER,Import/Export,2624E,2624W,2026/06/19,2026/06/19,2026/06/22,,2026/06/22,,2026/06/22,
MSC MEDITERRANEAN SHIPPING COMPANY S.A.,msc,HACHINOHE,2,JPHHE,HEUNG-A XIAMEN,D7ND,FEEDER,Import/Export,2624E,2624W,2026/06/20,2026/06/20,2026/06/23,,2026/06/23,,2026/06/23,
MSC MEDITERRANEAN SHIPPING COMPANY S.A.,msc,TOYOHASHI,39,JPTHS,HEUNG-A XIAMEN,D7ND,FEEDER,Import/Export,2624S,2624N,2026/06/17,2026/06/17,2026/06/18,,2026/06/18,,2026/06/18,
MSC MEDITERRANEAN SHIPPING COMPANY S.A.,msc,HITACHINAKA,21,JPHIC,HEUNG-A XIAMEN,D7ND,FEEDER,Import/Export,2625E,2625W,2026/06/25,2026/06/25,2026/06/29,,2026/06/29,,2026/06/29,
MSC MEDITERRANEAN SHIPPING COMPANY S.A.,msc,SENDAI MIYAGI,3,JPSGM,HEUNG-A XIAMEN,D7ND,FEEDER,Import/Export,2625E,2625W,2026/06/26,2026/06/26,2026/06/29,,2026/06/30,,2026/06/30,
MSC MEDITERRANEAN SHIPPING COMPANY S.A.,msc,HACHINOHE,2,JPHHE,HEUNG-A XIAMEN,D7ND,FEEDER,Import/Export,2625E,2625W,2026/06/27,2026/06/27,2026/07/01,,2026/07/01,,2026/07/01,
MSC MEDITERRANEAN SHIPPING COMPANY S.A.,msc,TOYOHASHI,39,JPTHS,HEUNG-A XIAMEN,D7ND,FEEDER,Import/Export,2625S,2625N,2026/06/24,2026/06/24,2026/06/24,,2026/06/24,,2026/06/24,
MSC MEDITERRANEAN SHIPPING COMPANY S.A.,msc,KASHIMA,20,JPKSM,HEUNG-A XIAMEN,D7ND,FEEDER,Import/Export,2626E,2626W,2026/07/02,2026/07/02,2026/07/05,,2026/07/05,,2026/07/05,
MSC MEDITERRANEAN SHIPPING COMPANY S.A.,msc,HITACHINAKA,21,JPHIC,HEUNG-A XIAMEN,D7ND,FEEDER,Import/Export,2626E,2626W,2026/07/02,2026/07/02,2026/07/05,,2026/07/05,,2026/07/05,
MSC MEDITERRANEAN SHIPPING COMPANY S.A.,msc,TOYOHASHI,39,JPTHS,HEUNG-A XIAMEN,D7ND,FEEDER,Import/Export,2626S,2626N,2026/07/01,2026/07/01,2026/07/01,,2026/07/01,,2026/07/01,
MSC MEDITERRANEAN SHIPPING COMPANY S.A.,msc,HIROSHIMA,51,JPHIJ,HONOR VOYAGER,3E3843,FEEDER,Import/Export,2622E,2622W,2026/06/02,2026/06/02,2026/06/02,12:59,2026/06/02,13:30,2026/06/02,17:00
MSC MEDITERRANEAN SHIPPING COMPANY S.A.,msc,TAKAMATSU,64,JPTAP,HONOR VOYAGER,3E3843,FEEDER,Import/Export,2622E,2622W,2026/06/04,2026/06/04,2026/06/05,07:16,2026/06/05,07:45,2026/06/05,11:00
MSC MEDITERRANEAN SHIPPING COMPANY S.A.,msc,MIZUSHIMA,50,JPMIZ,HONOR VOYAGER,3E3843,FEEDER,Import/Export,2622E,2622W,2026/06/04,2026/06/04,2026/06/05,12:44,2026/06/05,13:24,2026/06/05,17:55
MSC MEDITERRANEAN SHIPPING COMPANY S.A.,msc,HIROSHIMA,51,JPHIJ,HONOR VOYAGER,3E3843,FEEDER,Import/Export,2623E,2623W,2026/06/09,2026/06/09,2026/06/09,13:00,2026/06/09,15:00,2026/06/09,19:20
MSC MEDITERRANEAN SHIPPING COMPANY S.A.,msc,TAKAMATSU,64,JPTAP,HONOR VOYAGER,3E3843,FEEDER,Import/Export,2623E,2623W,2026/06/11,2026/06/11,2026/06/11,07:17,2026/06/11,07:50,2026/06/11,10:35
MSC MEDITERRANEAN SHIPPING COMPANY S.A.,msc,MIZUSHIMA,50,JPMIZ,HONOR VOYAGER,3E3843,FEEDER,Import/Export,2623E,2623W,2026/06/11,2026/06/11,2026/06/11,12:30,2026/06/11,13:24,2026/06/11,18:39
MSC MEDITERRANEAN SHIPPING COMPANY S.A.,msc,HIROSHIMA,51,JPHIJ,HONOR VOYAGER,3E3843,FEEDER,Import/Export,2624E,2624W,2026/06/16,2026/06/16,2026/06/16,06:45,2026/06/16,07:36,2026/06/16,10:35
MSC MEDITERRANEAN SHIPPING COMPANY S.A.,msc,TAKAMATSU,64,JPTAP,HONOR VOYAGER,3E3843,FEEDER,Import/Export,2624E,2624W,2026/06/18,2026/06/18,2026/06/18,,2026/06/18,,2026/06/18,
MSC MEDITERRANEAN SHIPPING COMPANY S.A.,msc,MIZUSHIMA,50,JPMIZ,HONOR VOYAGER,3E3843,FEEDER,Import/Export,2624E,2624W,2026/06/18,2026/06/18,2026/06/18,14:30,2026/06/18,15:30,2026/06/18,19:00
MSC MEDITERRANEAN SHIPPING COMPANY S.A.,msc,HIROSHIMA,51,JPHIJ,HONOR VOYAGER,3E3843,FEEDER,Import/Export,2625E,2625W,2026/06/23,2026/06/23,2026/06/23,,2026/06/23,,2026/06/23,
MSC MEDITERRANEAN SHIPPING COMPANY S.A.,msc,TAKAMATSU,64,JPTAP,HONOR VOYAGER,3E3843,FEEDER,Import/Export,2625E,2625W,2026/06/25,2026/06/25,2026/06/25,,2026/06/25,,2026/06/25,
MSC MEDITERRANEAN SHIPPING COMPANY S.A.,msc,MIZUSHIMA,50,JPMIZ,HONOR VOYAGER,3E3843,FEEDER,Import/Export,2625E,2625W,2026/06/25,2026/06/25,2026/06/25,,2026/06/25,,2026/06/25,
MSC MEDITERRANEAN SHIPPING COMPANY S.A.,msc,HIROSHIMA,51,JPHIJ,HONOR VOYAGER,3E3843,FEEDER,Import/Export,2626E,2626W,2026/06/30,2026/06/30,2026/06/30,,2026/06/30,,2026/06/30,
MSC MEDITERRANEAN SHIPPING COMPANY S.A.,msc,TAKAMATSU,64,JPTAP,HONOR VOYAGER,3E3843,FEEDER,Import/Export,2626E,2626W,2026/07/02,2026/07/02,2026/07/02,,2026/07/02,,2026/07/02,
MSC MEDITERRANEAN SHIPPING COMPANY S.A.,msc,MIZUSHIMA,50,JPMIZ,HONOR VOYAGER,3E3843,FEEDER,Import/Export,2626E,2626W,2026/07/02,2026/07/02,2026/07/02,,2026/07/02,,2026/07/02,
MSC MEDITERRANEAN SHIPPING COMPANY S.A.,msc,SHIMIZU,30,JPSMZ,HYPERION,C6WS5,FEEDER,Import/Export,2627E,2628W,2026/06/12,2026/06/12,2026/06/16,23:53,2026/06/17,00:18,2026/06/17,12:00
MSC MEDITERRANEAN SHIPPING COMPANY S.A.,msc,SHIMIZU,30,JPSMZ,HYPERION,C6WS5,FEEDER,Import/Export,2631E,2632W,2026/07/03,2026/07/03,2026/07/03,,2026/07/03,,2026/07/03,
MSC MEDITERRANEAN SHIPPING COMPANY S.A.,msc,TOKUYAMA,62,JPTKY,INTRA BHUM,HSB4803,FEEDER,Import/Export,2614E,2615W,2026/06/01,2026/06/01,2026/05/31,,2026/06/01,,2026/06/01,
MSC MEDITERRANEAN SHIPPING COMPANY S.A.,msc,HITACHINAKA,21,JPHIC,INTRA BHUM,HSB4803,FEEDER,Import/Export,2616E,2617W,2026/06/11,2026/06/11,2026/06/11,07:15,2026/06/11,08:12,2026/06/11,12:48
MSC MEDITERRANEAN SHIPPING COMPANY S.A.,msc,SENDAI MIYAGI,3,JPSGM,INTRA BHUM,HSB4803,FEEDER,Import/Export,2616E,2617W,2026/06/11,2026/06/12,2026/06/12,03:55,2026/06/12,04:58,2026/06/12,12:37
MSC MEDITERRANEAN SHIPPING COMPANY S.A.,msc,TOKUYAMA,62,JPTKY,INTRA BHUM,HSB4803,FEEDER,Import/Export,2616E,2617W,2026/06/12,2026/06/12,2026/06/15,06:30,2026/06/17,04:30,2026/06/17,15:00
MSC MEDITERRANEAN SHIPPING COMPANY S.A.,msc,HITACHINAKA,21,JPHIC,INTRA BHUM,HSB4803,FEEDER,Import/Export,2618E,2619W,2026/06/25,2026/06/25,2026/06/24,,2026/06/25,,2026/06/25,
MSC MEDITERRANEAN SHIPPING COMPANY S.A.,msc,SENDAI MIYAGI,3,JPSGM,INTRA BHUM,HSB4803,FEEDER,Import/Export,2618E,2619W,2026/06/25,2026/06/26,2026/06/26,,2026/06/26,,2026/06/26,
MSC MEDITERRANEAN SHIPPING COMPANY S.A.,msc,YOKOHAMA,11,JPYOK,IQUIQUE EXPRESS,5LQD5,AZTEC,Import/Export,2610W,2610W,2026/05/23,2026/05/24,2026/05/31,17:55,2026/05/31,18:35,2026/06/01,22:25
MSC MEDITERRANEAN SHIPPING COMPANY S.A.,msc,YOKOHAMA,11,JPYOK,IQUIQUE EXPRESS,5LQD5,AZTEC,Import/Export,2623E,2623E,2026/06/18,2026/06/18,2026/06/23,21:00,2026/06/23,22:00,2026/06/24,08:00
MSC MEDITERRANEAN SHIPPING COMPANY S.A.,msc,IMARI,87,JPIMI,ISARA BHUM,9VLP4,FEEDER,Import/Export,2619E,2619W,2026/06/07,2026/06/08,2026/06/07,23:44,2026/06/08,00:30,2026/06/08,08:30
MSC MEDITERRANEAN SHIPPING COMPANY S.A.,msc,TAKAMATSU,64,JPTAP,ISARA BHUM,9VLP4,FEEDER,Import/Export,2619E,2619W,2026/06/09,2026/06/09,2026/06/09,06:53,2026/06/09,07:40,2026/06/09,10:40
MSC MEDITERRANEAN SHIPPING COMPANY S.A.,msc,FUKUYAMA,67,JPFKY,ISARA BHUM,9VLP4,FEEDER,Import/Export,2619E,2619W,2026/06/08,2026/06/08,2026/06/09,13:14,2026/06/09,14:30,2026/06/09,18:35
MSC MEDITERRANEAN SHIPPING COMPANY S.A.,msc,MIZUSHIMA,50,JPMIZ,ISARA BHUM,9VLP4,FEEDER,Import/Export,2619E,2619W,2026/06/09,2026/06/09,2026/06/09,20:30,2026/06/10,07:20,2026/06/10,12:00
MSC MEDITERRANEAN SHIPPING COMPANY S.A.,msc,HIROSHIMA,51,JPHIJ,ISARA BHUM,9VLP4,FEEDER,Import/Export,2619E,2619W,2026/06/10,2026/06/10,2026/06/10,19:50,2026/06/11,08:08,2026/06/11,15:15
MSC MEDITERRANEAN SHIPPING COMPANY S.A.,msc,NAKANOSEKI,66,JPMNX,ISARA BHUM,9VLP4,FEEDER,Import/Export,2619E,2619W,2026/06/11,2026/06/11,2026/06/12,07:21,2026/06/12,07:55,2026/06/12,12:00
MSC MEDITERRANEAN SHIPPING COMPANY S.A.,msc,IMARI,87,JPIMI,ISARA BHUM,9VLP4,FEEDER,Import/Export,2620E,2620W,2026/06/21,2026/06/22,2026/06/21,,2026/06/21,,2026/06/22,
MSC MEDITERRANEAN SHIPPING COMPANY S.A.,msc,FUKUYAMA,67,JPFKY,ISARA BHUM,9VLP4,FEEDER,Import/Export,2620E,2620W,2026/06/22,2026/06/22,2026/06/22,,2026/06/22,,2026/06/22,
MSC MEDITERRANEAN SHIPPING COMPANY S.A.,msc,MIZUSHIMA,50,JPMIZ,ISARA BHUM,9VLP4,FEEDER,Import/Export,2620E,2620W,2026/06/23,2026/06/23,2026/06/23,,2026/06/23,,2026/06/23,
MSC MEDITERRANEAN SHIPPING COMPANY S.A.,msc,TAKAMATSU,64,JPTAP,ISARA BHUM,9VLP4,FEEDER,Import/Export,2620E,2620W,2026/06/23,2026/06/23,2026/06/23,,2026/06/23,,2026/06/23,
MSC MEDITERRANEAN SHIPPING COMPANY S.A.,msc,HIROSHIMA,51,JPHIJ,ISARA BHUM,9VLP4,FEEDER,Import/Export,2620E,2620W,2026/06/24,2026/06/24,2026/06/24,,2026/06/24,,2026/06/24,
MSC MEDITERRANEAN SHIPPING COMPANY S.A.,msc,NAKANOSEKI,66,JPMNX,ISARA BHUM,9VLP4,FEEDER,Import/Export,2620E,2620W,2026/06/25,2026/06/25,2026/06/25,,2026/06/25,,2026/06/25,
MSC MEDITERRANEAN SHIPPING COMPANY S.A.,msc,IMARI,87,JPIMI,ISARA BHUM,9VLP4,FEEDER,Import/Export,2621E,2621W,2026/07/05,2026/07/06,2026/07/05,,2026/07/05,,2026/07/06,
MSC MEDITERRANEAN SHIPPING COMPANY S.A.,msc,MATSUYAMA,61,JPMYJ,ITX EHIME,3FPM7,FEEDER,Import/Export,108N,109S,2026/05/27,2026/05/27,2026/06/01,08:32,2026/06/01,09:30,2026/06/01,11:30
MSC MEDITERRANEAN SHIPPING COMPANY S.A.,msc,OITA,78,JPOIP,ITX EHIME,3FPM7,FEEDER,Import/Export,108N,109S,2026/05/28,2026/05/28,2026/06/01,15:40,2026/06/01,16:06,2026/06/02,11:40
MSC MEDITERRANEAN SHIPPING COMPANY S.A.,msc,NAHA,93,JPNAH,ITX EHIME,3FPM7,FEEDER,Import/Export,108N,109S,2026/06/01,2026/06/01,2026/06/04,07:43,2026/06/04,08:20,2026/06/04,18:10
MSC MEDITERRANEAN SHIPPING COMPANY S.A.,msc,NAHA,93,JPNAH,ITX EHIME,3FPM7,FEEDER,Import/Export,109N,110S,2026/06/06,2026/06/06,2026/06/11,13:24,2026/06/11,14:00,2026/06/11,21:50
MSC MEDITERRANEAN SHIPPING COMPANY S.A.,msc,MATSUYAMA,61,JPMYJ,ITX EHIME,3FPM7,FEEDER,Import/Export,109N,110S,2026/06/10,2026/06/10,2026/06/12,,2026/06/12,,2026/06/12,
MSC MEDITERRANEAN SHIPPING COMPANY S.A.,msc,OITA,78,JPOIP,ITX EHIME,3FPM7,FEEDER,Import/Export,109N,110S,2026/06/11,2026/06/11,2026/06/12,,2026/06/13,,2026/06/13,
MSC MEDITERRANEAN SHIPPING COMPANY S.A.,msc,YATSUSHIRO,96,JPYAT,ITX EHIME,3FPM7,FEEDER,Import/Export,109N,110S,2026/06/08,2026/06/08,2026/06/13,06:33,2026/06/13,07:30,2026/06/13,10:00
MSC MEDITERRANEAN SHIPPING COMPANY S.A.,msc,SHIBUSHI,91,JPSBS,ITX EHIME,3FPM7,FEEDER,Import/Export,109N,110S,2026/06/12,2026/06/12,2026/06/15,15:30,2026/06/16,13:20,2026/06/16,22:20
MSC MEDITERRANEAN SHIPPING COMPANY S.A.,msc,NAHA,93,JPNAH,ITX EHIME,3FPM7,FEEDER,Import/Export,109N,110S,2026/06/15,2026/06/15,2026/06/18,03:00,2026/06/18,09:00,2026/06/18,15:00
MSC MEDITERRANEAN SHIPPING COMPANY S.A.,msc,NAHA,93,JPNAH,ITX EHIME,3FPM7,FEEDER,Import/Export,110N,111S,2026/06/20,2026/06/20,2026/06/21,,2026/06/21,,2026/06/21,
MSC MEDITERRANEAN SHIPPING COMPANY S.A.,msc,YATSUSHIRO,96,JPYAT,ITX EHIME,3FPM7,FEEDER,Import/Export,110N,111S,2026/06/22,2026/06/22,2026/06/24,05:00,2026/06/24,08:00,2026/06/24,11:00
MSC MEDITERRANEAN SHIPPING COMPANY S.A.,msc,MATSUYAMA,61,JPMYJ,ITX EHIME,3FPM7,FEEDER,Import/Export,110N,111S,2026/06/24,2026/06/24,2026/06/26,12:00,2026/06/26,13:00,2026/06/26,18:00
MSC MEDITERRANEAN SHIPPING COMPANY S.A.,msc,OITA,78,JPOIP,ITX EHIME,3FPM7,FEEDER,Import/Export,110N,111S,2026/06/25,2026/06/25,2026/06/26,23:00,2026/06/27,09:00,2026/06/27,18:00
MSC MEDITERRANEAN SHIPPING COMPANY S.A.,msc,SHIBUSHI,91,JPSBS,ITX EHIME,3FPM7,FEEDER,Import/Export,110N,111S,2026/06/26,2026/06/26,2026/06/28,07:00,2026/06/28,08:00,2026/06/28,18:00
MSC MEDITERRANEAN SHIPPING COMPANY S.A.,msc,NAHA,93,JPNAH,ITX EHIME,3FPM7,FEEDER,Import/Export,110N,111S,2026/06/29,2026/06/29,2026/06/30,01:00,2026/06/30,09:00,2026/06/30,15:00
MSC MEDITERRANEAN SHIPPING COMPANY S.A.,msc,NAHA,93,JPNAH,ITX EHIME,3FPM7,FEEDER,Import/Export,111N,112S,2026/07/04,2026/07/04,2026/07/05,09:00,2026/07/05,10:00,2026/07/05,16:00
MSC MEDITERRANEAN SHIPPING COMPANY S.A.,msc,YATSUSHIRO,96,JPYAT,ITX HIGO,3E7419,FEEDER,Import/Export,263N,264S,2026/06/01,2026/06/01,2026/05/31,20:15,2026/06/01,07:50,2026/06/01,10:50
MSC MEDITERRANEAN SHIPPING COMPANY S.A.,msc,MATSUYAMA,61,JPMYJ,ITX HIGO,3E7419,FEEDER,Import/Export,263N,264S,2026/06/03,2026/06/03,2026/06/03,10:39,2026/06/03,11:35,2026/06/03,14:10
MSC MEDITERRANEAN SHIPPING COMPANY S.A.,msc,OITA,78,JPOIP,ITX HIGO,3E7419,FEEDER,Import/Export,263N,264S,2026/06/04,2026/06/04,2026/06/03,19:12,2026/06/04,07:18,2026/06/04,11:30
MSC MEDITERRANEAN SHIPPING COMPANY S.A.,msc,HOSOSHIMA,90,JPHSM,ITX HIGO,3E7419,FEEDER,Import/Export,263N,264S,2026/06/04,2026/06/04,2026/06/04,17:42,2026/06/04,18:45,2026/06/04,22:50
MSC MEDITERRANEAN SHIPPING COMPANY S.A.,msc,SHIBUSHI,91,JPSBS,ITX HIGO,3E7419,FEEDER,Import/Export,263N,264S,2026/06/05,2026/06/05,2026/06/05,07:25,2026/06/05,08:10,2026/06/05,16:30
MSC MEDITERRANEAN SHIPPING COMPANY S.A.,msc,NAHA,93,JPNAH,ITX HIGO,3E7419,FEEDER,Import/Export,263N,264S,2026/06/08,2026/06/08,2026/06/07,01:50,2026/06/08,06:50,2026/06/09,15:00
MSC MEDITERRANEAN SHIPPING COMPANY S.A.,msc,NAHA,93,JPNAH,ITX HIGO,3E7419,FEEDER,Import/Export,264N,265S,2026/06/13,2026/06/13,2026/06/15,06:13,2026/06/15,06:50,2026/06/15,11:30
MSC MEDITERRANEAN SHIPPING COMPANY S.A.,msc,YATSUSHIRO,96,JPYAT,ITX HIGO,3E7419,FEEDER,Import/Export,264N,265S,2026/06/15,2026/06/15,2026/06/16,14:42,2026/06/16,15:40,2026/06/16,18:30
MSC MEDITERRANEAN SHIPPING COMPANY S.A.,msc,MATSUYAMA,61,JPMYJ,ITX HIGO,3E7419,FEEDER,Import/Export,264N,265S,2026/06/17,2026/06/17,2026/06/18,19:00,2026/06/19,09:00,2026/06/19,12:00
MSC MEDITERRANEAN SHIPPING COMPANY S.A.,msc,OITA,78,JPOIP,ITX HIGO,3E7419,FEEDER,Import/Export,264N,265S,2026/06/18,2026/06/18,2026/06/19,17:00,2026/06/20,09:00,2026/06/20,15:00
MSC MEDITERRANEAN SHIPPING COMPANY S.A.,msc,HOSOSHIMA,90,JPHSM,ITX HIGO,3E7419,FEEDER,Import/Export,264N,265S,2026/06/18,2026/06/18,2026/06/20,21:00,2026/06/20,22:00,2026/06/20,23:59
MSC MEDITERRANEAN SHIPPING COMPANY S.A.,msc,SHIBUSHI,91,JPSBS,ITX HIGO,3E7419,FEEDER,Import/Export,264N,265S,2026/06/19,2026/06/19,2026/06/21,07:00,2026/06/21,09:00,2026/06/21,13:00
MSC MEDITERRANEAN SHIPPING COMPANY S.A.,msc,NAHA,93,JPNAH,ITX HIGO,3E7419,FEEDER,Import/Export,264N,265S,2026/06/22,2026/06/22,2026/06/22,15:00,2026/06/22,16:00,2026/06/22,22:00
MSC MEDITERRANEAN SHIPPING COMPANY S.A.,msc,NAHA,93,JPNAH,ITX HIGO,3E7419,FEEDER,Import/Export,265N,266S,2026/06/27,2026/06/27,2026/06/27,14:00,2026/06/27,15:00,2026/06/27,21:00
MSC MEDITERRANEAN SHIPPING COMPANY S.A.,msc,YATSUSHIRO,96,JPYAT,ITX HIGO,3E7419,FEEDER,Import/Export,265N,266S,2026/06/29,2026/06/29,2026/06/29,06:00,2026/06/29,09:00,2026/06/29,11:00
MSC MEDITERRANEAN SHIPPING COMPANY S.A.,msc,OITA,78,JPOIP,ITX HIGO,3E7419,FEEDER,Import/Export,265N,266S,2026/07/01,2026/07/01,2026/07/01,08:00,2026/07/01,09:00,2026/07/01,16:00
MSC MEDITERRANEAN SHIPPING COMPANY S.A.,msc,HOSOSHIMA,90,JPHSM,ITX HIGO,3E7419,FEEDER,Import/Export,265N,266S,2026/07/02,2026/07/02,2026/07/01,22:00,2026/07/02,09:00,2026/07/02,16:00
MSC MEDITERRANEAN SHIPPING COMPANY S.A.,msc,SHIBUSHI,91,JPSBS,ITX HIGO,3E7419,FEEDER,Import/Export,265N,266S,2026/07/03,2026/07/03,2026/07/02,23:00,2026/07/03,09:00,2026/07/03,16:00
MSC MEDITERRANEAN SHIPPING COMPANY S.A.,msc,TOYAMA SHINKO,25,JPTOS,JIA DE,BPZP5,FEEDER,Import/Export,26021E,26021W,2026/05/24,2026/05/24,2026/06/05,07:02,2026/06/05,07:50,2026/06/05,17:15
MSC MEDITERRANEAN SHIPPING COMPANY S.A.,msc,NIIGATA,24,JPKIJ,JIA DE,BPZP5,FEEDER,Import/Export,26021E,26021W,2026/05/26,2026/05/26,2026/06/07,06:15,2026/06/07,07:20,2026/06/07,17:00
MSC MEDITERRANEAN SHIPPING COMPANY S.A.,msc,AKITA,19,JPAXT,JIA DE,BPZP5,FEEDER,Import/Export,26021E,26021W,2026/05/25,2026/05/25,2026/06/08,05:00,2026/06/08,07:30,2026/06/08,11:30
MSC MEDITERRANEAN SHIPPING COMPANY S.A.,msc,AKITA,19,JPAXT,JIA DE,BPZP5,FEEDER,Import/Export,26022E,26022W,2026/06/01,2026/06/01,2026/06/14,09:00,2026/06/15,07:00,2026/06/15,11:50
MSC MEDITERRANEAN SHIPPING COMPANY S.A.,msc,TOYAMA SHINKO,25,JPTOS,JIA DE,BPZP5,FEEDER,Import/Export,26022E,26022W,2026/05/31,2026/05/31,2026/06/16,11:44,2026/06/16,12:30,2026/06/16,20:15
MSC MEDITERRANEAN SHIPPING COMPANY S.A.,msc,NIIGATA,24,JPKIJ,JIA DE,BPZP5,FEEDER,Import/Export,26022E,26022W,2026/06/02,2026/06/02,2026/06/17,13:15,2026/06/17,14:15,2026/06/18,03:00
MSC MEDITERRANEAN SHIPPING COMPANY S.A.,msc,TOYAMA SHINKO,25,JPTOS,JIA DE,BPZP5,FEEDER,Import/Export,26023E,26023W,2026/06/07,2026/06/07,2026/06/23,,2026/06/23,,2026/06/23,
MSC MEDITERRANEAN SHIPPING COMPANY S.A.,msc,AKITA,19,JPAXT,JIA DE,BPZP5,FEEDER,Import/Export,26023E,26023W,2026/06/08,2026/06/08,2026/06/24,,2026/06/24,,2026/06/24,
MSC MEDITERRANEAN SHIPPING COMPANY S.A.,msc,NIIGATA,24,JPKIJ,JIA DE,BPZP5,FEEDER,Import/Export,26023E,26023W,2026/06/09,2026/06/09,2026/06/25,,2026/06/25,,2026/06/25,
MSC MEDITERRANEAN SHIPPING COMPANY S.A.,msc,TOYAMA SHINKO,25,JPTOS,JIA DE,BPZP5,FEEDER,Import/Export,26024E,26024W,2026/06/14,2026/06/14,2026/06/14,,2026/06/14,,2026/06/14,
MSC MEDITERRANEAN SHIPPING COMPANY S.A.,msc,AKITA,19,JPAXT,JIA DE,BPZP5,FEEDER,Import/Export,26024E,26024W,2026/06/15,2026/06/15,2026/06/15,,2026/06/15,,2026/06/15,
MSC MEDITERRANEAN SHIPPING COMPANY S.A.,msc,NIIGATA,24,JPKIJ,JIA DE,BPZP5,FEEDER,Import/Export,26024E,26024W,2026/06/16,2026/06/16,2026/06/16,,2026/06/16,,2026/06/16,
MSC MEDITERRANEAN SHIPPING COMPANY S.A.,msc,TOYAMA SHINKO,25,JPTOS,JIA DE,BPZP5,FEEDER,Import/Export,26025E,26025W,2026/06/21,2026/06/21,2026/06/30,,2026/06/30,,2026/06/30,
MSC MEDITERRANEAN SHIPPING COMPANY S.A.,msc,AKITA,19,JPAXT,JIA DE,BPZP5,FEEDER,Import/Export,26025E,26025W,2026/06/22,2026/06/22,2026/07/01,,2026/07/01,,2026/07/01,
MSC MEDITERRANEAN SHIPPING COMPANY S.A.,msc,NIIGATA,24,JPKIJ,JIA DE,BPZP5,FEEDER,Import/Export,26025E,26025W,2026/06/23,2026/06/23,2026/07/02,,2026/07/02,,2026/07/02,
MSC MEDITERRANEAN SHIPPING COMPANY S.A.,msc,TOYAMA SHINKO,25,JPTOS,JIA DE,BPZP5,FEEDER,Import/Export,26026E,26026W,2026/06/28,2026/06/28,2026/06/28,,2026/06/28,,2026/06/28,
MSC MEDITERRANEAN SHIPPING COMPANY S.A.,msc,AKITA,19,JPAXT,JIA DE,BPZP5,FEEDER,Import/Export,26026E,26026W,2026/06/29,2026/06/29,2026/06/29,,2026/06/29,,2026/06/29,
MSC MEDITERRANEAN SHIPPING COMPANY S.A.,msc,NIIGATA,24,JPKIJ,JIA DE,BPZP5,FEEDER,Import/Export,26026E,26026W,2026/06/30,2026/06/30,2026/06/30,,2026/06/30,,2026/06/30,
MSC MEDITERRANEAN SHIPPING COMPANY S.A.,msc,MOJI,70,JPMOJ,JULIE,D5WN3,SUNRISE,0,HT623R,HT623R,2026/06/03,2026/06/04,2026/06/03,05:59,2026/06/03,07:43,2026/06/03,18:11
MSC MEDITERRANEAN SHIPPING COMPANY S.A.,msc,HIBIKI,100,JPHID,JULIE,D5WN3,SUNRISE,0,HT623R,HT623R,2026/06/04,2026/06/05,2026/06/04,06:09,2026/06/04,06:55,2026/06/04,19:07
MSC MEDITERRANEAN SHIPPING COMPANY S.A.,msc,HAKATA,77,JPHKT,JULIE,D5WN3,SUNRISE,Import/Export,HT623R,HT623R,2026/06/05,2026/06/06,2026/06/05,04:38,2026/06/05,05:25,2026/06/05,18:18
MSC MEDITERRANEAN SHIPPING COMPANY S.A.,msc,MOJI,70,JPMOJ,JULIE,D5WN3,SUNRISE,0,HT624R,HT624R,2026/06/10,2026/06/11,2026/06/11,05:31,2026/06/11,07:13,2026/06/11,17:23
MSC MEDITERRANEAN SHIPPING COMPANY S.A.,msc,HIBIKI,100,JPHID,JULIE,D5WN3,SUNRISE,0,HT624R,HT624R,2026/06/11,2026/06/12,2026/06/12,07:30,2026/06/12,08:26,2026/06/12,17:55
MSC MEDITERRANEAN SHIPPING COMPANY S.A.,msc,HAKATA,77,JPHKT,JULIE,D5WN3,SUNRISE,Import/Export,HT624R,HT624R,2026/06/12,2026/06/13,2026/06/13,04:03,2026/06/13,04:54,2026/06/13,16:17
MSC MEDITERRANEAN SHIPPING COMPANY S.A.,msc,MOJI,70,JPMOJ,JULIE,D5WN3,SUNRISE,0,HT625R,HT625R,2026/06/17,2026/06/18,2026/06/21,03:30,2026/06/21,04:30,2026/06/21,15:30
MSC MEDITERRANEAN SHIPPING COMPANY S.A.,msc,HIBIKI,100,JPHID,JULIE,D5WN3,SUNRISE,0,HT625R,HT625R,2026/06/18,2026/06/19,2026/06/21,15:30,2026/06/21,18:00,2026/06/22,06:00
MSC MEDITERRANEAN SHIPPING COMPANY S.A.,msc,HAKATA,77,JPHKT,JULIE,D5WN3,SUNRISE,Import/Export,HT625R,HT625R,2026/06/19,2026/06/20,2026/06/22,08:15,2026/06/22,09:15,2026/06/22,20:15
MSC MEDITERRANEAN SHIPPING COMPANY S.A.,msc,MOJI,70,JPMOJ,JULIE,D5WN3,SUNRISE,0,HT626R,HT626R,2026/06/24,2026/06/25,2026/06/24,11:15,2026/06/24,12:15,2026/06/25,12:15
MSC MEDITERRANEAN SHIPPING COMPANY S.A.,msc,HIBIKI,100,JPHID,JULIE,D5WN3,SUNRISE,0,HT626R,HT626R,2026/06/25,2026/06/26,2026/06/25,12:15,2026/06/25,16:00,2026/06/26,02:00
MSC MEDITERRANEAN SHIPPING COMPANY S.A.,msc,HAKATA,77,JPHKT,JULIE,D5WN3,SUNRISE,Import/Export,HT626R,HT626R,2026/06/26,2026/06/27,2026/06/26,11:00,2026/06/26,12:00,2026/06/27,12:00
MSC MEDITERRANEAN SHIPPING COMPANY S.A.,msc,MOJI,70,JPMOJ,JULIE,D5WN3,SUNRISE,0,HT627R,HT627R,2026/07/01,2026/07/02,2026/07/01,08:00,2026/07/01,09:00,2026/07/02,09:00
MSC MEDITERRANEAN SHIPPING COMPANY S.A.,msc,HIBIKI,100,JPHID,JULIE,D5WN3,SUNRISE,0,HT627R,HT627R,2026/07/02,2026/07/03,2026/07/02,09:00,2026/07/02,16:00,2026/07/03,02:00
MSC MEDITERRANEAN SHIPPING COMPANY S.A.,msc,HAKATA,77,JPHKT,JULIE,D5WN3,SUNRISE,Import/Export,HT627R,HT627R,2026/07/03,2026/07/04,2026/07/03,11:00,2026/07/03,12:00,2026/07/04,12:00
MSC MEDITERRANEAN SHIPPING COMPANY S.A.,msc,HIROSHIMA,51,JPHIJ,MAGNA,C6TN2,FEEDER,Import/Export,4661E,4661W,2026/06/02,2026/06/02,2026/06/02,22:48,2026/06/03,09:36,2026/06/03,17:25
MSC MEDITERRANEAN SHIPPING COMPANY S.A.,msc,TOKUYAMA,62,JPTKY,MAGNA,C6TN2,FEEDER,Import/Export,4661E,4661W,2026/06/01,2026/06/01,2026/06/04,01:45,2026/06/04,10:00,2026/06/04,15:40
MSC MEDITERRANEAN SHIPPING COMPANY S.A.,msc,NAKANOSEKI,66,JPMNX,MAGNA,C6TN2,FEEDER,Import/Export,4662E,4662W,2026/06/04,2026/06/04,2026/06/08,13:55,2026/06/08,14:45,2026/06/08,16:40
MSC MEDITERRANEAN SHIPPING COMPANY S.A.,msc,TOKUYAMA,62,JPTKY,MAGNA,C6TN2,FEEDER,Import/Export,4662E,4662W,2026/06/08,2026/06/08,2026/06/08,18:04,2026/06/08,19:10,2026/06/09,01:35
MSC MEDITERRANEAN SHIPPING COMPANY S.A.,msc,HIROSHIMA,51,JPHIJ,MAGNA,C6TN2,FEEDER,Import/Export,4662E,4662W,2026/06/05,2026/06/05,2026/06/09,08:12,2026/06/09,09:06,2026/06/09,15:35
MSC MEDITERRANEAN SHIPPING COMPANY S.A.,msc,TOKUYAMA,62,JPTKY,MAGNA,C6TN2,FEEDER,Import/Export,4663E,4663W,2026/06/08,2026/06/08,2026/06/11,,2026/06/11,,2026/06/11,
MSC MEDITERRANEAN SHIPPING COMPANY S.A.,msc,NAKANOSEKI,66,JPMNX,MAGNA,C6TN2,FEEDER,Import/Export,4663E,4663W,2026/06/11,2026/06/11,2026/06/11,12:01,2026/06/11,12:50,2026/06/11,14:30
MSC MEDITERRANEAN SHIPPING COMPANY S.A.,msc,HIROSHIMA,51,JPHIJ,MAGNA,C6TN2,FEEDER,Import/Export,4663E,4663W,2026/06/09,2026/06/09,2026/06/11,22:24,2026/06/12,08:06,2026/06/12,19:25
MSC MEDITERRANEAN SHIPPING COMPANY S.A.,msc,NAKANOSEKI,66,JPMNX,MAGNA,C6TN2,FEEDER,Import/Export,4664E,4664W,2026/06/11,2026/06/11,2026/06/11,,2026/06/11,,2026/06/11,
MSC MEDITERRANEAN SHIPPING COMPANY S.A.,msc,HIROSHIMA,51,JPHIJ,MAGNA,C6TN2,FEEDER,Import/Export,4664E,4664W,2026/06/12,2026/06/12,2026/06/12,,2026/06/12,,2026/06/12,
MSC MEDITERRANEAN SHIPPING COMPANY S.A.,msc,TOKUYAMA,62,JPTKY,MAGNA,C6TN2,FEEDER,Import/Export,4665E,4665W,2026/06/15,2026/06/15,2026/06/15,13:47,2026/06/15,14:30,2026/06/15,21:00
MSC MEDITERRANEAN SHIPPING COMPANY S.A.,msc,HIROSHIMA,51,JPHIJ,MAGNA,C6TN2,FEEDER,Import/Export,4665E,4665W,2026/06/16,2026/06/16,2026/06/16,04:48,2026/06/16,10:00,2026/06/16,19:08
MSC MEDITERRANEAN SHIPPING COMPANY S.A.,msc,HIROSHIMA,51,JPHIJ,MAGNA,C6TN2,FEEDER,Import/Export,4666E,4666W,2026/06/19,2026/06/19,2026/06/19,,2026/06/19,,2026/06/19,
MSC MEDITERRANEAN SHIPPING COMPANY S.A.,msc,NAKANOSEKI,66,JPMNX,MAGNA,C6TN2,FEEDER,Import/Export,4666E,4666W,2026/06/18,2026/06/18,2026/06/20,,2026/06/20,,2026/06/20,
MSC MEDITERRANEAN SHIPPING COMPANY S.A.,msc,TOKUYAMA,62,JPTKY,MAGNA,C6TN2,FEEDER,Import/Export,4667E,4667W,2026/06/22,2026/06/22,2026/06/22,,2026/06/22,,2026/06/22,
MSC MEDITERRANEAN SHIPPING COMPANY S.A.,msc,HIROSHIMA,51,JPHIJ,MAGNA,C6TN2,FEEDER,Import/Export,4667E,4667W,2026/06/23,2026/06/23,2026/06/23,,2026/06/23,,2026/06/23,
MSC MEDITERRANEAN SHIPPING COMPANY S.A.,msc,NAKANOSEKI,66,JPMNX,MAGNA,C6TN2,FEEDER,Import/Export,4668E,4668W,2026/06/25,2026/06/25,2026/06/25,,2026/06/25,,2026/06/25,
MSC MEDITERRANEAN SHIPPING COMPANY S.A.,msc,HIROSHIMA,51,JPHIJ,MAGNA,C6TN2,FEEDER,Import/Export,4668E,4668W,2026/06/26,2026/06/26,2026/06/26,,2026/06/26,,2026/06/26,
MSC MEDITERRANEAN SHIPPING COMPANY S.A.,msc,TOKUYAMA,62,JPTKY,MAGNA,C6TN2,FEEDER,Import/Export,4669E,4669W,2026/06/29,2026/06/29,2026/06/29,,2026/06/29,,2026/06/29,
MSC MEDITERRANEAN SHIPPING COMPANY S.A.,msc,HIROSHIMA,51,JPHIJ,MAGNA,C6TN2,FEEDER,Import/Export,4669E,4669W,2026/06/30,2026/06/30,2026/06/30,,2026/06/30,,2026/06/30,
MSC MEDITERRANEAN SHIPPING COMPANY S.A.,msc,NAKANOSEKI,66,JPMNX,MAGNA,C6TN2,FEEDER,Import/Export,4670E,4670W,2026/07/02,2026/07/02,2026/07/02,,2026/07/02,,2026/07/02,
MSC MEDITERRANEAN SHIPPING COMPANY S.A.,msc,HIROSHIMA,51,JPHIJ,MAGNA,C6TN2,FEEDER,Import/Export,4670E,4670W,2026/07/03,2026/07/03,2026/07/03,,2026/07/03,,2026/07/03,
MSC MEDITERRANEAN SHIPPING COMPANY S.A.,msc,SHIMIZU,30,JPSMZ,MITRA BHUM,S6BK8,FEEDER,Import/Export,2614E,2614W,2026/06/21,2026/06/21,2026/06/21,00:01,2026/06/21,01:00,2026/06/21,14:00
MSC MEDITERRANEAN SHIPPING COMPANY S.A.,msc,NAHA,93,JPNAH,MIYARABI NO.2,JD3080,FEEDER,Export,,2610,2026/06/05,2026/06/05,2026/06/05,08:26,2026/06/05,09:15,2026/06/05,19:00
MSC MEDITERRANEAN SHIPPING COMPANY S.A.,msc,NAHA,93,JPNAH,MIYARABI NO.2,JD3080,FEEDER,Export,,2611,2026/06/12,2026/06/12,2026/06/12,08:26,2026/06/12,09:00,2026/06/12,19:30
MSC MEDITERRANEAN SHIPPING COMPANY S.A.,msc,NAHA,93,JPNAH,MIYARABI NO.2,JD3080,FEEDER,Export,,2612,2026/06/19,2026/06/19,2026/06/19,07:00,2026/06/19,08:00,2026/06/19,19:00
MSC MEDITERRANEAN SHIPPING COMPANY S.A.,msc,NAHA,93,JPNAH,MIYARABI NO.2,JD3080,FEEDER,Export,,2613,2026/06/26,2026/06/26,2026/06/26,,2026/06/26,,2026/06/26,
MSC MEDITERRANEAN SHIPPING COMPANY S.A.,msc,KAGOSHIMA,101,JPKOJ,MIYARABI NO.2,JD3080,FEEDER,Export,,2614,2026/07/02,2026/07/02,2026/07/02,,2026/07/02,,2026/07/02,
MSC MEDITERRANEAN SHIPPING COMPANY S.A.,msc,NAHA,93,JPNAH,MIYARABI NO.2,JD3080,FEEDER,Export,,2614,2026/07/03,2026/07/03,2026/07/03,,2026/07/03,,2026/07/03,
MSC MEDITERRANEAN SHIPPING COMPANY S.A.,msc,KAGOSHIMA,101,JPKOJ,MIYARABI NO.2,JD3080,FEEDER,Import/Export,2609,2610,2026/06/04,2026/06/04,2026/06/04,08:10,2026/06/04,08:45,2026/06/04,12:55
MSC MEDITERRANEAN SHIPPING COMPANY S.A.,msc,NAHA,93,JPNAH,MIYARABI NO.2,JD3080,FEEDER,Import,2610,,2026/06/08,2026/06/08,2026/06/08,20:05,2026/06/08,20:40,2026/06/09,10:20
MSC MEDITERRANEAN SHIPPING COMPANY S.A.,msc,KAGOSHIMA,101,JPKOJ,MIYARABI NO.2,JD3080,FEEDER,Import/Export,2610,2611,2026/06/11,2026/06/11,2026/06/11,08:35,2026/06/11,09:10,2026/06/11,13:35
MSC MEDITERRANEAN SHIPPING COMPANY S.A.,msc,NAHA,93,JPNAH,MIYARABI NO.2,JD3080,FEEDER,Import,2611,,2026/06/15,2026/06/15,2026/06/15,17:52,2026/06/15,18:20,2026/06/16,10:00
MSC MEDITERRANEAN SHIPPING COMPANY S.A.,msc,KAGOSHIMA,101,JPKOJ,MIYARABI NO.2,JD3080,FEEDER,Import/Export,2611,2612,2026/06/18,2026/06/18,2026/06/18,07:00,2026/06/18,08:00,2026/06/18,13:00
MSC MEDITERRANEAN SHIPPING COMPANY S.A.,msc,NAHA,93,JPNAH,MIYARABI NO.2,JD3080,FEEDER,Import,2612,,2026/06/22,2026/06/22,2026/06/22,,2026/06/22,,2026/06/22,
MSC MEDITERRANEAN SHIPPING COMPANY S.A.,msc,KAGOSHIMA,101,JPKOJ,MIYARABI NO.2,JD3080,FEEDER,Import/Export,2612,2613,2026/06/25,2026/06/25,2026/06/25,,2026/06/25,,2026/06/25,
MSC MEDITERRANEAN SHIPPING COMPANY S.A.,msc,NAHA,93,JPNAH,MIYARABI NO.2,JD3080,FEEDER,Import,2613,,2026/06/29,2026/06/29,2026/06/29,,2026/06/29,,2026/06/29,
MSC MEDITERRANEAN SHIPPING COMPANY S.A.,msc,KAGOSHIMA,101,JPKOJ,MIYARABI NO.2,JD3080,FEEDER,Import,2613,,2026/06/30,2026/06/30,2026/06/30,,2026/06/30,,2026/06/30,
MSC MEDITERRANEAN SHIPPING COMPANY S.A.,msc,HIROSHIMA,51,JPHIJ,MOJI EXPRESS,3E8451,FEEDER,Import/Export,2633E,2633W,2026/06/01,2026/06/01,2026/06/01,11:54,2026/06/01,12:30,2026/06/01,16:24
MSC MEDITERRANEAN SHIPPING COMPANY S.A.,msc,IWAKUNI,69,JPIWK,MOJI EXPRESS,3E8451,FEEDER,Import/Export,2633E,2633W,2026/06/01,2026/06/01,2026/06/01,17:28,2026/06/01,17:50,2026/06/01,21:35
MSC MEDITERRANEAN SHIPPING COMPANY S.A.,msc,TOKUYAMA,62,JPTKY,MOJI EXPRESS,3E8451,FEEDER,Import/Export,2633E,2633W,2026/06/02,2026/06/02,2026/06/02,02:20,2026/06/02,11:15,2026/06/02,16:15
MSC MEDITERRANEAN SHIPPING COMPANY S.A.,msc,MATSUYAMA,61,JPMYJ,MOJI EXPRESS,3E8451,FEEDER,Import/Export,2634E,2634W,2026/06/05,2026/06/05,2026/06/05,12:23,2026/06/05,13:00,2026/06/05,15:40
MSC MEDITERRANEAN SHIPPING COMPANY S.A.,msc,IMABARI,63,JPIMB,MOJI EXPRESS,3E8451,FEEDER,Import/Export,2634E,2634W,2026/06/05,2026/06/05,2026/06/05,17:39,2026/06/05,18:00,2026/06/05,20:20
MSC MEDITERRANEAN SHIPPING COMPANY S.A.,msc,MIZUSHIMA,50,JPMIZ,MOJI EXPRESS,3E8451,FEEDER,Import/Export,2634E,2634W,2026/06/06,2026/06/06,2026/06/05,23:48,2026/06/06,06:00,2026/06/06,10:06
MSC MEDITERRANEAN SHIPPING COMPANY S.A.,msc,IYOMISHIMA,60,JPIYM,MOJI EXPRESS,3E8451,FEEDER,Import/Export,2634E,2634W,2026/06/06,2026/06/06,2026/06/06,13:52,2026/06/06,14:20,2026/06/06,17:10
MSC MEDITERRANEAN SHIPPING COMPANY S.A.,msc,IMARI,87,JPIMI,MOJI EXPRESS,3E8451,FEEDER,Import/Export,2635E,2635W,2026/06/09,2026/06/09,2026/06/09,10:50,2026/06/09,12:15,2026/06/09,15:40
MSC MEDITERRANEAN SHIPPING COMPANY S.A.,msc,OITA,78,JPOIP,MOJI EXPRESS,3E8451,FEEDER,Import/Export,2635E,2635W,2026/06/10,2026/06/10,2026/06/10,01:36,2026/06/10,07:30,2026/06/10,09:43
MSC MEDITERRANEAN SHIPPING COMPANY S.A.,msc,SHIBUSHI,91,JPSBS,MOJI EXPRESS,3E8451,FEEDER,Import/Export,2635E,2635W,2026/06/11,2026/06/11,2026/06/10,18:15,2026/06/11,12:36,2026/06/11,17:40
MSC MEDITERRANEAN SHIPPING COMPANY S.A.,msc,HOSOSHIMA,90,JPHSM,MOJI EXPRESS,3E8451,FEEDER,Import/Export,2635E,2635W,2026/06/12,2026/06/12,2026/06/11,22:45,2026/06/12,05:10,2026/06/12,11:10
MSC MEDITERRANEAN SHIPPING COMPANY S.A.,msc,HIROSHIMA,51,JPHIJ,MOJI EXPRESS,3E8451,FEEDER,Import/Export,2636E,2636W,2026/06/15,2026/06/15,2026/06/15,12:00,2026/06/15,12:30,2026/06/15,17:15
MSC MEDITERRANEAN SHIPPING COMPANY S.A.,msc,IWAKUNI,69,JPIWK,MOJI EXPRESS,3E8451,FEEDER,Import/Export,2636E,2636W,2026/06/15,2026/06/15,2026/06/15,18:15,2026/06/15,18:40,2026/06/16,06:30
MSC MEDITERRANEAN SHIPPING COMPANY S.A.,msc,TOKUYAMA,62,JPTKY,MOJI EXPRESS,3E8451,FEEDER,Import/Export,2636E,2636W,2026/06/16,2026/06/16,2026/06/16,12:09,2026/06/16,13:05,2026/06/16,19:00
MSC MEDITERRANEAN SHIPPING COMPANY S.A.,msc,IMABARI,63,JPIMB,MOJI EXPRESS,3E8451,FEEDER,Import/Export,2637E,2637W,2026/06/19,2026/06/19,2026/06/18,,2026/06/19,,2026/06/19,
MSC MEDITERRANEAN SHIPPING COMPANY S.A.,msc,MATSUYAMA,61,JPMYJ,MOJI EXPRESS,3E8451,FEEDER,Import/Export,2637E,2637W,2026/06/19,2026/06/19,2026/06/19,,2026/06/19,,2026/06/19,
MSC MEDITERRANEAN SHIPPING COMPANY S.A.,msc,IYOMISHIMA,60,JPIYM,MOJI EXPRESS,3E8451,FEEDER,Import/Export,2637E,2637W,2026/06/20,2026/06/20,2026/06/20,,2026/06/20,,2026/06/20,
MSC MEDITERRANEAN SHIPPING COMPANY S.A.,msc,MIZUSHIMA,50,JPMIZ,MOJI EXPRESS,3E8451,FEEDER,Import/Export,2637E,2637W,2026/06/20,2026/06/20,2026/06/20,,2026/06/20,,2026/06/20,
MSC MEDITERRANEAN SHIPPING COMPANY S.A.,msc,IMARI,87,JPIMI,MOJI EXPRESS,3E8451,FEEDER,Import/Export,2638E,2638W,2026/06/23,2026/06/23,2026/06/23,,2026/06/23,,2026/06/23,
MSC MEDITERRANEAN SHIPPING COMPANY S.A.,msc,OITA,78,JPOIP,MOJI EXPRESS,3E8451,FEEDER,Import/Export,2638E,2638W,2026/06/24,2026/06/24,2026/06/24,,2026/06/24,,2026/06/24,
MSC MEDITERRANEAN SHIPPING COMPANY S.A.,msc,SHIBUSHI,91,JPSBS,MOJI EXPRESS,3E8451,FEEDER,Import/Export,2638E,2638W,2026/06/25,2026/06/25,2026/06/25,,2026/06/25,,2026/06/25,
MSC MEDITERRANEAN SHIPPING COMPANY S.A.,msc,HOSOSHIMA,90,JPHSM,MOJI EXPRESS,3E8451,FEEDER,Import/Export,2638E,2638W,2026/06/26,2026/06/26,2026/06/26,,2026/06/26,,2026/06/26,
MSC MEDITERRANEAN SHIPPING COMPANY S.A.,msc,IWAKUNI,69,JPIWK,MOJI EXPRESS,3E8451,FEEDER,Import/Export,2639E,2639W,2026/06/29,2026/06/29,2026/06/29,,2026/06/29,,2026/06/29,
MSC MEDITERRANEAN SHIPPING COMPANY S.A.,msc,HIROSHIMA,51,JPHIJ,MOJI EXPRESS,3E8451,FEEDER,Import/Export,2639E,2639W,2026/06/29,2026/06/29,2026/06/29,,2026/06/29,,2026/06/29,
MSC MEDITERRANEAN SHIPPING COMPANY S.A.,msc,TOKUYAMA,62,JPTKY,MOJI EXPRESS,3E8451,FEEDER,Import/Export,2639E,2639W,2026/06/30,2026/06/30,2026/06/30,,2026/06/30,,2026/06/30,
MSC MEDITERRANEAN SHIPPING COMPANY S.A.,msc,MATSUYAMA,61,JPMYJ,MOJI EXPRESS,3E8451,FEEDER,Import/Export,2640E,2640W,2026/07/03,2026/07/03,2026/07/03,,2026/07/03,,2026/07/03,
MSC MEDITERRANEAN SHIPPING COMPANY S.A.,msc,IMABARI,63,JPIMB,MOJI EXPRESS,3E8451,FEEDER,Import/Export,2640E,2640W,2026/07/03,2026/07/03,2026/07/03,,2026/07/03,,2026/07/03,
MSC MEDITERRANEAN SHIPPING COMPANY S.A.,msc,IYOMISHIMA,60,JPIYM,MOJI EXPRESS,3E8451,FEEDER,Import/Export,2640E,2640W,2026/07/04,2026/07/04,2026/07/04,,2026/07/04,,2026/07/04,
MSC MEDITERRANEAN SHIPPING COMPANY S.A.,msc,MIZUSHIMA,50,JPMIZ,MOJI EXPRESS,3E8451,FEEDER,Import/Export,2640E,2640W,2026/07/04,2026/07/04,2026/07/04,,2026/07/04,,2026/07/04,
MSC MEDITERRANEAN SHIPPING COMPANY S.A.,msc,TOKYO,13,JPTYO,MSC ALMA VII,5LHG5,ORIGAMI,Import/Export,HI628A,HI628A,2026/07/05,2026/07/06,2026/07/05,07:00,2026/07/05,08:00,2026/07/06,05:00
MSC MEDITERRANEAN SHIPPING COMPANY S.A.,msc,YOKOHAMA,11,JPYOK,MSC CANDIDA,5LMV9,ANDES,Import/Export,FA618R,FA618R,2026/06/12,2026/06/13,2026/06/12,16:10,2026/06/12,17:15,2026/06/13,12:40
MSC MEDITERRANEAN SHIPPING COMPANY S.A.,msc,YOKOHAMA,11,JPYOK,MSC FLORIANA VI,5LLJ6,ORIGAMI,Import/Export,HI623A,HI623A,2026/06/01,2026/06/02,2026/06/05,07:20,2026/06/05,08:15,2026/06/06,17:00
MSC MEDITERRANEAN SHIPPING COMPANY S.A.,msc,TOKYO,13,JPTYO,MSC FLORIANA VI,5LLJ6,ORIGAMI,Import/Export,HI623A,HI623A,2026/05/31,2026/06/01,2026/06/06,18:50,2026/06/08,07:13,2026/06/09,05:04
MSC MEDITERRANEAN SHIPPING COMPANY S.A.,msc,YOKKAICHI,36,JPYKK,MSC FLORIANA VI,5LLJ6,ORIGAMI,Import/Export,HI623A,HI623A,2026/06/03,2026/06/03,2026/06/10,06:30,2026/06/10,07:20,2026/06/10,15:30
MSC MEDITERRANEAN SHIPPING COMPANY S.A.,msc,NAGOYA,35,JPNGO,MSC FLORIANA VI,5LLJ6,ORIGAMI,Import/Export,HI623A,HI623A,2026/06/04,2026/06/04,2026/06/10,17:10,2026/06/10,18:50,2026/06/11,22:00
MSC MEDITERRANEAN SHIPPING COMPANY S.A.,msc,TOKYO,13,JPTYO,MSC GENERAL IV,A8MW8,ORIGAMI,Import/Export,HI626A,HI626A,2026/06/21,2026/06/22,2026/06/25,18:00,2026/06/25,19:00,2026/06/26,17:00
MSC MEDITERRANEAN SHIPPING COMPANY S.A.,msc,YOKOHAMA,11,JPYOK,MSC GENERAL IV,A8MW8,ORIGAMI,Import/Export,HI626A,HI626A,2026/06/22,2026/06/23,2026/06/26,18:00,2026/06/26,19:00,2026/06/27,17:00
MSC MEDITERRANEAN SHIPPING COMPANY S.A.,msc,YOKKAICHI,36,JPYKK,MSC GENERAL IV,A8MW8,ORIGAMI,Import/Export,HI626A,HI626A,2026/06/24,2026/06/24,2026/06/28,08:00,2026/06/28,09:00,2026/06/28,17:00
MSC MEDITERRANEAN SHIPPING COMPANY S.A.,msc,NAGOYA,35,JPNGO,MSC GENERAL IV,A8MW8,ORIGAMI,Import/Export,HI626A,HI626A,2026/06/25,2026/06/25,2026/06/28,18:00,2026/06/28,19:00,2026/06/29,17:00
MSC MEDITERRANEAN SHIPPING COMPANY S.A.,msc,TOKYO,13,JPTYO,MSC KALAMATA VII,5LHF8,ORIGAMI,Import/Export,HI625A,HI625A,2026/06/14,2026/06/15,2026/06/14,06:48,2026/06/14,07:27,2026/06/14,16:40
MSC MEDITERRANEAN SHIPPING COMPANY S.A.,msc,YOKOHAMA,11,JPYOK,MSC KALAMATA VII,5LHF8,ORIGAMI,Import/Export,HI625A,HI625A,2026/06/15,2026/06/16,2026/06/14,17:55,2026/06/14,18:40,2026/06/15,21:50
MSC MEDITERRANEAN SHIPPING COMPANY S.A.,msc,YOKKAICHI,36,JPYKK,MSC KALAMATA VII,5LHF8,ORIGAMI,Import/Export,HI625A,HI625A,2026/06/17,2026/06/17,2026/06/17,06:45,2026/06/17,07:40,2026/06/17,16:30
MSC MEDITERRANEAN SHIPPING COMPANY S.A.,msc,NAGOYA,35,JPNGO,MSC KALAMATA VII,5LHF8,ORIGAMI,Import/Export,HI625A,HI625A,2026/06/18,2026/06/18,2026/06/17,17:30,2026/06/17,23:40,2026/06/18,22:00
MSC MEDITERRANEAN SHIPPING COMPANY S.A.,msc,KOBE,41,JPUKB,MSC MANYA,A8ZK7,KAGUYA,Import/Export,HG623A,HG623A,2026/06/02,2026/06/03,2026/06/05,11:00,2026/06/05,12:23,2026/06/06,06:04
MSC MEDITERRANEAN SHIPPING COMPANY S.A.,msc,OSAKA,40,JPOSA,MSC MANYA,A8ZK7,KAGUYA,Import/Export,HG623A,HG623A,2026/06/03,2026/06/03,2026/06/06,06:57,2026/06/06,07:35,2026/06/06,21:23
MSC MEDITERRANEAN SHIPPING COMPANY S.A.,msc,KOBE,41,JPUKB,MSC MANYA,A8ZK7,KAGUYA,Import/Export,HG624A,HG624A,2026/06/09,2026/06/10,2026/06/13,11:10,2026/06/13,11:51,2026/06/14,06:09
MSC MEDITERRANEAN SHIPPING COMPANY S.A.,msc,OSAKA,40,JPOSA,MSC MANYA,A8ZK7,KAGUYA,Import/Export,HG624A,HG624A,2026/06/10,2026/06/10,2026/06/14,07:07,2026/06/14,07:43,2026/06/14,19:02
MSC MEDITERRANEAN SHIPPING COMPANY S.A.,msc,KOBE,41,JPUKB,MSC MANYA,A8ZK7,KAGUYA,Import/Export,HG625A,HG625A,2026/06/16,2026/06/17,2026/06/19,,2026/06/19,,2026/06/20,
MSC MEDITERRANEAN SHIPPING COMPANY S.A.,msc,OSAKA,40,JPOSA,MSC MANYA,A8ZK7,KAGUYA,Import/Export,HG625A,HG625A,2026/06/17,2026/06/17,2026/06/20,,2026/06/20,,2026/06/20,
MSC MEDITERRANEAN SHIPPING COMPANY S.A.,msc,KOBE,41,JPUKB,MSC MANYA,A8ZK7,KAGUYA,Import/Export,HG626A,HG626A,2026/06/23,2026/06/24,2026/06/24,07:00,2026/06/24,08:00,2026/06/25,00:01
MSC MEDITERRANEAN SHIPPING COMPANY S.A.,msc,OSAKA,40,JPOSA,MSC MANYA,A8ZK7,KAGUYA,Import/Export,HG626A,HG626A,2026/06/24,2026/06/24,2026/06/25,07:00,2026/06/25,08:00,2026/06/25,18:00
MSC MEDITERRANEAN SHIPPING COMPANY S.A.,msc,KOBE,41,JPUKB,MSC MANYA,A8ZK7,KAGUYA,Import/Export,HG627A,HG627A,2026/06/30,2026/07/01,2026/07/01,07:00,2026/07/01,08:00,2026/07/02,00:01
MSC MEDITERRANEAN SHIPPING COMPANY S.A.,msc,OSAKA,40,JPOSA,MSC MANYA,A8ZK7,KAGUYA,Import/Export,HG627A,HG627A,2026/07/01,2026/07/01,2026/07/02,07:00,2026/07/02,08:00,2026/07/02,18:00
MSC MEDITERRANEAN SHIPPING COMPANY S.A.,msc,YOKOHAMA,11,JPYOK,MSC PROCIDA,5LXU3,AZTEC,Import/Export,FZ614R,FZ614R,2026/06/20,2026/06/21,2026/06/27,17:00,2026/06/27,18:00,2026/06/28,02:00
MSC MEDITERRANEAN SHIPPING COMPANY S.A.,msc,TOKYO,13,JPTYO,MSC STELLA,H8PA,ORIGAMI,Import/Export,HI624A,HI624A,2026/06/07,2026/06/08,2026/06/11,17:45,2026/06/11,18:24,2026/06/12,16:36
MSC MEDITERRANEAN SHIPPING COMPANY S.A.,msc,YOKKAICHI,36,JPYKK,MSC STELLA,H8PA,ORIGAMI,Import/Export,HI624A,HI624A,2026/06/10,2026/06/10,2026/06/13,07:00,2026/06/13,08:00,2026/06/13,16:25
MSC MEDITERRANEAN SHIPPING COMPANY S.A.,msc,NAGOYA,35,JPNGO,MSC STELLA,H8PA,ORIGAMI,Import/Export,HI624A,HI624A,2026/06/11,2026/06/11,2026/06/13,17:15,2026/06/13,18:35,2026/06/14,21:30
MSC MEDITERRANEAN SHIPPING COMPANY S.A.,msc,YOKOHAMA,11,JPYOK,MSC STELLA,H8PA,ORIGAMI,Import/Export,HI624A,HI624A,2026/06/08,2026/06/09,2026/06/15,22:30,2026/06/15,23:36,2026/06/16,23:45
MSC MEDITERRANEAN SHIPPING COMPANY S.A.,msc,YOKOHAMA,11,JPYOK,MSC VALENTINA,5LLW3,ANDES,Import/Export,FA617R,FA617R,2026/06/05,2026/06/06,2026/06/07,06:50,2026/06/07,07:40,2026/06/07,20:55
MSC MEDITERRANEAN SHIPPING COMPANY S.A.,msc,YOKOHAMA,11,JPYOK,MSC VIVIENNE,5LLY5,ANDES,Import/Export,FA620R,FA620R,2026/06/26,2026/06/27,2026/06/26,13:00,2026/06/26,14:00,2026/06/27,05:00
MSC MEDITERRANEAN SHIPPING COMPANY S.A.,msc,HIROSHIMA,51,JPHIJ,NEW MINGZHOU 68,VRQH2,FEEDER,Import/Export,2607N,2608S,2026/06/05,2026/06/05,2026/06/05,11:54,2026/06/05,12:24,2026/06/05,15:50
MSC MEDITERRANEAN SHIPPING COMPANY S.A.,msc,HIROSHIMA,51,JPHIJ,NEW MINGZHOU 68,VRQH2,FEEDER,Import/Export,2608N,2609S,2026/06/26,2026/06/26,2026/06/25,22:00,2026/06/26,08:00,2026/06/26,12:00
MSC MEDITERRANEAN SHIPPING COMPANY S.A.,msc,YOKOHAMA,11,JPYOK,ONE SERENITY,5LQT7,AZTEC,Import/Export,2612W,2612W,2026/06/06,2026/06/07,2026/06/13,17:10,2026/06/13,18:00,2026/06/14,16:05
MSC MEDITERRANEAN SHIPPING COMPANY S.A.,msc,YOKOHAMA,11,JPYOK,ONE SHINE,S6UW5,AZTEC,Import/Export,2613W,2613W,2026/06/13,2026/06/14,2026/06/20,17:00,2026/06/20,18:00,2026/06/21,18:00
MSC MEDITERRANEAN SHIPPING COMPANY S.A.,msc,YOKOHAMA,11,JPYOK,ONE SIMPLICITY,5LQT9,ANDES,Import/Export,2613W,2613W,2026/07/03,2026/07/04,2026/07/03,18:00,2026/07/03,19:00,2026/07/04,10:00
MSC MEDITERRANEAN SHIPPING COMPANY S.A.,msc,YOKOHAMA,11,JPYOK,ONE SPARKLE,9V9625,AZTEC,Import/Export,2611W,2611W,2026/05/30,2026/05/31,2026/06/09,06:00,2026/06/09,06:55,2026/06/10,17:45
MSC MEDITERRANEAN SHIPPING COMPANY S.A.,msc,YOKOHAMA,11,JPYOK,ONE SPARKLE,9V9625,AZTEC,Import/Export,2624E,2624E,2026/06/25,2026/06/25,2026/07/01,17:00,2026/07/01,18:00,2026/07/02,10:00
MSC MEDITERRANEAN SHIPPING COMPANY S.A.,msc,YOKOHAMA,11,JPYOK,ONE SPIRIT,9V9630,ANDES,Import/Export,2611W,2611W,2026/06/19,2026/06/20,2026/06/19,18:00,2026/06/19,19:00,2026/06/20,17:00
MSC MEDITERRANEAN SHIPPING COMPANY S.A.,msc,NIIGATA,24,JPKIJ,OSAKA VOYAGER,D7AA,FEEDER,Import/Export,2625E,2625W,2026/06/03,2026/06/03,2026/06/03,05:51,2026/06/03,07:00,2026/06/03,17:10
MSC MEDITERRANEAN SHIPPING COMPANY S.A.,msc,TOYAMA SHINKO,25,JPTOS,OSAKA VOYAGER,D7AA,FEEDER,Import/Export,2625E,2625W,2026/06/04,2026/06/04,2026/06/04,07:49,2026/06/04,08:30,2026/06/04,13:50
MSC MEDITERRANEAN SHIPPING COMPANY S.A.,msc,KANAZAWA,26,JPKNZ,OSAKA VOYAGER,D7AA,FEEDER,Import/Export,2625E,2625W,2026/06/05,2026/06/05,2026/06/05,07:35,2026/06/05,08:20,2026/06/05,13:15
MSC MEDITERRANEAN SHIPPING COMPANY S.A.,msc,HAMADA,18,JPHMD,OSAKA VOYAGER,D7AA,FEEDER,Import/Export,2625E,2625W,2026/06/06,2026/06/06,2026/06/06,09:32,2026/06/06,10:10,2026/06/06,16:00
MSC MEDITERRANEAN SHIPPING COMPANY S.A.,msc,TOYAMA SHINKO,25,JPTOS,OSAKA VOYAGER,D7AA,FEEDER,Import/Export,2628E,2628W,2026/06/18,2026/06/18,2026/06/17,07:00,2026/06/18,08:00,2026/06/18,18:00
MSC MEDITERRANEAN SHIPPING COMPANY S.A.,msc,NIIGATA,24,JPKIJ,OSAKA VOYAGER,D7AA,FEEDER,Import/Export,2628E,2628W,2026/06/17,2026/06/17,2026/06/19,,2026/06/19,,2026/06/19,
MSC MEDITERRANEAN SHIPPING COMPANY S.A.,msc,KANAZAWA,26,JPKNZ,OSAKA VOYAGER,D7AA,FEEDER,Import/Export,2628E,2628W,2026/06/19,2026/06/19,2026/06/20,,2026/06/20,,2026/06/20,
MSC MEDITERRANEAN SHIPPING COMPANY S.A.,msc,HAMADA,18,JPHMD,OSAKA VOYAGER,D7AA,FEEDER,Import/Export,2628E,2628W,2026/06/20,2026/06/20,2026/06/21,,2026/06/21,,2026/06/21,
MSC MEDITERRANEAN SHIPPING COMPANY S.A.,msc,NIIGATA,24,JPKIJ,OSAKA VOYAGER,D7AA,FEEDER,Import/Export,2631E,2631W,2026/07/01,2026/07/01,2026/06/30,,2026/07/01,,2026/07/01,
MSC MEDITERRANEAN SHIPPING COMPANY S.A.,msc,TOYAMA SHINKO,25,JPTOS,OSAKA VOYAGER,D7AA,FEEDER,Import/Export,2631E,2631W,2026/07/02,2026/07/02,2026/07/02,,2026/07/02,,2026/07/02,
MSC MEDITERRANEAN SHIPPING COMPANY S.A.,msc,KANAZAWA,26,JPKNZ,OSAKA VOYAGER,D7AA,FEEDER,Import/Export,2631E,2631W,2026/07/03,2026/07/03,2026/07/03,,2026/07/03,,2026/07/03,
MSC MEDITERRANEAN SHIPPING COMPANY S.A.,msc,HAMADA,18,JPHMD,OSAKA VOYAGER,D7AA,FEEDER,Import/Export,2631E,2631W,2026/07/04,2026/07/04,2026/07/04,,2026/07/04,,2026/07/04,
MSC MEDITERRANEAN SHIPPING COMPANY S.A.,msc,MATSUYAMA,61,JPMYJ,PACIFIC BUSAN,9V8001,FEEDER,Export,,2622W,2026/06/02,2026/06/02,2026/06/04,03:31,2026/06/04,04:30,2026/06/04,07:55
MSC MEDITERRANEAN SHIPPING COMPANY S.A.,msc,MATSUYAMA,61,JPMYJ,PACIFIC BUSAN,9V8001,FEEDER,Export,,2623W,2026/06/09,2026/06/09,2026/06/11,03:54,2026/06/11,04:45,2026/06/11,07:55
MSC MEDITERRANEAN SHIPPING COMPANY S.A.,msc,MATSUYAMA,61,JPMYJ,PACIFIC BUSAN,9V8001,FEEDER,Import,2622E,,2026/06/02,2026/06/02,2026/06/02,14:34,2026/06/02,15:20,2026/06/02,17:20
MSC MEDITERRANEAN SHIPPING COMPANY S.A.,msc,IMABARI,63,JPIMB,PACIFIC BUSAN,9V8001,FEEDER,Import/Export,2622E,2622W,2026/06/02,2026/06/02,2026/06/02,08:47,2026/06/02,09:10,2026/06/02,12:20
MSC MEDITERRANEAN SHIPPING COMPANY S.A.,msc,MIZUSHIMA,50,JPMIZ,PACIFIC BUSAN,9V8001,FEEDER,Import/Export,2622E,2622W,2026/06/03,2026/06/03,2026/06/03,07:04,2026/06/03,07:42,2026/06/03,12:34
MSC MEDITERRANEAN SHIPPING COMPANY S.A.,msc,TAKAMATSU,64,JPTAP,PACIFIC BUSAN,9V8001,FEEDER,Import/Export,2622E,2622W,2026/06/03,2026/06/04,2026/06/03,14:38,2026/06/03,15:15,2026/06/03,18:00
MSC MEDITERRANEAN SHIPPING COMPANY S.A.,msc,FUKUYAMA,67,JPFKY,PACIFIC BUSAN,9V8001,FEEDER,Import/Export,2622E,2622W,2026/06/01,2026/06/01,2026/06/04,13:20,2026/06/04,14:15,2026/06/04,20:30
MSC MEDITERRANEAN SHIPPING COMPANY S.A.,msc,MATSUYAMA,61,JPMYJ,PACIFIC BUSAN,9V8001,FEEDER,Import,2623E,,2026/06/09,2026/06/09,2026/06/09,15:44,2026/06/09,16:30,2026/06/09,19:00
MSC MEDITERRANEAN SHIPPING COMPANY S.A.,msc,IMABARI,63,JPIMB,PACIFIC BUSAN,9V8001,FEEDER,Import/Export,2623E,2623W,2026/06/09,2026/06/09,2026/06/09,09:10,2026/06/09,09:30,2026/06/09,13:00
MSC MEDITERRANEAN SHIPPING COMPANY S.A.,msc,MIZUSHIMA,50,JPMIZ,PACIFIC BUSAN,9V8001,FEEDER,Import/Export,2623E,2623W,2026/06/10,2026/06/10,2026/06/10,05:34,2026/06/10,06:12,2026/06/10,11:32
MSC MEDITERRANEAN SHIPPING COMPANY S.A.,msc,TAKAMATSU,64,JPTAP,PACIFIC BUSAN,9V8001,FEEDER,Import/Export,2623E,2623W,2026/06/10,2026/06/11,2026/06/10,13:40,2026/06/10,14:10,2026/06/10,17:55
MSC MEDITERRANEAN SHIPPING COMPANY S.A.,msc,FUKUYAMA,67,JPFKY,PACIFIC BUSAN,9V8001,FEEDER,Import/Export,2623E,2623W,2026/06/08,2026/06/08,2026/06/11,13:08,2026/06/11,13:50,2026/06/11,20:00
MSC MEDITERRANEAN SHIPPING COMPANY S.A.,msc,IMABARI,63,JPIMB,PACIFIC BUSAN,9V8001,FEEDER,Import/Export,2624E,2624W,2026/06/16,2026/06/16,2026/06/16,09:00,2026/06/16,10:00,2026/06/16,12:35
MSC MEDITERRANEAN SHIPPING COMPANY S.A.,msc,MATSUYAMA,61,JPMYJ,PACIFIC BUSAN,9V8001,FEEDER,Import/Export,2624E,2624W,2026/06/16,2026/06/16,2026/06/16,14:57,2026/06/16,15:40,2026/06/16,19:00
MSC MEDITERRANEAN SHIPPING COMPANY S.A.,msc,MIZUSHIMA,50,JPMIZ,PACIFIC BUSAN,9V8001,FEEDER,Import/Export,2624E,2624W,2026/06/17,2026/06/17,2026/06/17,05:01,2026/06/17,05:36,2026/06/17,12:30
MSC MEDITERRANEAN SHIPPING COMPANY S.A.,msc,TAKAMATSU,64,JPTAP,PACIFIC BUSAN,9V8001,FEEDER,Import/Export,2624E,2624W,2026/06/17,2026/06/18,2026/06/17,14:00,2026/06/17,15:00,2026/06/17,19:00
MSC MEDITERRANEAN SHIPPING COMPANY S.A.,msc,FUKUYAMA,67,JPFKY,PACIFIC BUSAN,9V8001,FEEDER,Import/Export,2624E,2624W,2026/06/15,2026/06/15,2026/06/18,,2026/06/18,,2026/06/18,
MSC MEDITERRANEAN SHIPPING COMPANY S.A.,msc,FUKUYAMA,67,JPFKY,PACIFIC BUSAN,9V8001,FEEDER,Import/Export,2625E,2625W,2026/06/22,2026/06/22,2026/06/22,,2026/06/22,,2026/06/22,
MSC MEDITERRANEAN SHIPPING COMPANY S.A.,msc,IMABARI,63,JPIMB,PACIFIC BUSAN,9V8001,FEEDER,Import/Export,2625E,2625W,2026/06/23,2026/06/23,2026/06/23,,2026/06/23,,2026/06/23,
MSC MEDITERRANEAN SHIPPING COMPANY S.A.,msc,MATSUYAMA,61,JPMYJ,PACIFIC BUSAN,9V8001,FEEDER,Import/Export,2625E,2625W,2026/06/23,2026/06/23,2026/06/23,,2026/06/23,,2026/06/23,
MSC MEDITERRANEAN SHIPPING COMPANY S.A.,msc,TAKAMATSU,64,JPTAP,PACIFIC BUSAN,9V8001,FEEDER,Import/Export,2625E,2625W,2026/06/24,2026/06/25,2026/06/24,,2026/06/24,,2026/06/25,
MSC MEDITERRANEAN SHIPPING COMPANY S.A.,msc,MIZUSHIMA,50,JPMIZ,PACIFIC BUSAN,9V8001,FEEDER,Import/Export,2625E,2625W,2026/06/24,2026/06/24,2026/06/24,,2026/06/24,,2026/06/24,
MSC MEDITERRANEAN SHIPPING COMPANY S.A.,msc,FUKUYAMA,67,JPFKY,PACIFIC BUSAN,9V8001,FEEDER,Import/Export,2626E,2626W,2026/06/29,2026/06/29,2026/06/29,,2026/06/29,,2026/06/29,
MSC MEDITERRANEAN SHIPPING COMPANY S.A.,msc,IMABARI,63,JPIMB,PACIFIC BUSAN,9V8001,FEEDER,Import/Export,2626E,2626W,2026/06/30,2026/06/30,2026/06/30,,2026/06/30,,2026/06/30,
MSC MEDITERRANEAN SHIPPING COMPANY S.A.,msc,MATSUYAMA,61,JPMYJ,PACIFIC BUSAN,9V8001,FEEDER,Import/Export,2626E,2626W,2026/06/30,2026/06/30,2026/06/30,,2026/06/30,,2026/06/30,
MSC MEDITERRANEAN SHIPPING COMPANY S.A.,msc,TAKAMATSU,64,JPTAP,PACIFIC BUSAN,9V8001,FEEDER,Import/Export,2626E,2626W,2026/07/01,2026/07/02,2026/07/01,,2026/07/01,,2026/07/02,
MSC MEDITERRANEAN SHIPPING COMPANY S.A.,msc,MIZUSHIMA,50,JPMIZ,PACIFIC BUSAN,9V8001,FEEDER,Import/Export,2626E,2626W,2026/07/01,2026/07/01,2026/07/01,,2026/07/01,,2026/07/01,
MSC MEDITERRANEAN SHIPPING COMPANY S.A.,msc,MIZUSHIMA,50,JPMIZ,PACIFIC MONACO,9V7999,FEEDER,Import/Export,2621E,2621W,2026/05/30,2026/05/30,2026/06/04,10:55,2026/06/04,11:42,2026/06/04,16:52
MSC MEDITERRANEAN SHIPPING COMPANY S.A.,msc,MIZUSHIMA,50,JPMIZ,PACIFIC MONACO,9V7999,FEEDER,Import/Export,2622E,2622W,2026/06/06,2026/06/06,2026/06/12,07:44,2026/06/12,08:36,2026/06/12,12:10
MSC MEDITERRANEAN SHIPPING COMPANY S.A.,msc,MIZUSHIMA,50,JPMIZ,PACIFIC MONACO,9V7999,FEEDER,Import/Export,2623E,2623W,2026/06/13,2026/06/13,2026/06/13,,2026/06/13,,2026/06/13,
MSC MEDITERRANEAN SHIPPING COMPANY S.A.,msc,MIZUSHIMA,50,JPMIZ,PACIFIC MONACO,9V7999,FEEDER,Import/Export,2624E,2624W,2026/06/20,2026/06/20,2026/06/20,,2026/06/20,,2026/06/20,
MSC MEDITERRANEAN SHIPPING COMPANY S.A.,msc,MIZUSHIMA,50,JPMIZ,PACIFIC MONACO,9V7999,FEEDER,Import/Export,2625E,2625W,2026/06/27,2026/06/27,2026/06/27,,2026/06/27,,2026/06/27,
MSC MEDITERRANEAN SHIPPING COMPANY S.A.,msc,MIZUSHIMA,50,JPMIZ,PACIFIC MONACO,9V7999,FEEDER,Import/Export,2626E,2626W,2026/07/04,2026/07/04,2026/07/04,,2026/07/04,,2026/07/04,
MSC MEDITERRANEAN SHIPPING COMPANY S.A.,msc,TSURUGA,27,JPTRG,PACIFIC NINGBO,9V8013,FEEDER,Import/Export,2621E,2621W,2026/05/25,2026/05/25,2026/05/31,15:30,2026/06/01,07:40,2026/06/01,16:40
MSC MEDITERRANEAN SHIPPING COMPANY S.A.,msc,MAIZURU,28,JPMAI,PACIFIC NINGBO,9V8013,FEEDER,Import/Export,2621E,2621W,2026/05/27,2026/05/27,2026/06/02,07:07,2026/06/02,08:00,2026/06/02,14:50
MSC MEDITERRANEAN SHIPPING COMPANY S.A.,msc,KANAZAWA,26,JPKNZ,PACIFIC NINGBO,9V8013,FEEDER,Import/Export,2621E,2621W,2026/05/26,2026/05/26,2026/06/03,08:37,2026/06/03,09:30,2026/06/03,16:55
MSC MEDITERRANEAN SHIPPING COMPANY S.A.,msc,SAKAIMINATO,29,JPSMN,PACIFIC NINGBO,9V8013,FEEDER,Import/Export,2621E,2621W,2026/05/28,2026/05/28,2026/06/04,08:43,2026/06/04,09:20,2026/06/04,12:30
MSC MEDITERRANEAN SHIPPING COMPANY S.A.,msc,TSURUGA,27,JPTRG,PACIFIC NINGBO,9V8013,FEEDER,Import/Export,2622E,2622W,2026/06/01,2026/06/01,2026/06/07,,2026/06/07,,2026/06/07,
MSC MEDITERRANEAN SHIPPING COMPANY S.A.,msc,KANAZAWA,26,JPKNZ,PACIFIC NINGBO,9V8013,FEEDER,Import/Export,2622E,2622W,2026/06/02,2026/06/02,2026/06/08,,2026/06/08,,2026/06/08,
MSC MEDITERRANEAN SHIPPING COMPANY S.A.,msc,MAIZURU,28,JPMAI,PACIFIC NINGBO,9V8013,FEEDER,Import/Export,2622E,2622W,2026/06/03,2026/06/03,2026/06/09,,2026/06/09,,2026/06/09,
MSC MEDITERRANEAN SHIPPING COMPANY S.A.,msc,SAKAIMINATO,29,JPSMN,PACIFIC NINGBO,9V8013,FEEDER,Import/Export,2622E,2622W,2026/06/04,2026/06/04,2026/06/10,,2026/06/10,,2026/06/10,
MSC MEDITERRANEAN SHIPPING COMPANY S.A.,msc,TSURUGA,27,JPTRG,PACIFIC NINGBO,9V8013,FEEDER,Import/Export,2623E,2623W,2026/06/08,2026/06/08,2026/06/08,10:04,2026/06/08,10:40,2026/06/09,11:20
MSC MEDITERRANEAN SHIPPING COMPANY S.A.,msc,KANAZAWA,26,JPKNZ,PACIFIC NINGBO,9V8013,FEEDER,Import/Export,2623E,2623W,2026/06/09,2026/06/09,2026/06/10,06:04,2026/06/10,06:48,2026/06/10,13:10
MSC MEDITERRANEAN SHIPPING COMPANY S.A.,msc,MAIZURU,28,JPMAI,PACIFIC NINGBO,9V8013,FEEDER,Import/Export,2623E,2623W,2026/06/10,2026/06/10,2026/06/11,06:57,2026/06/11,08:00,2026/06/11,15:10
MSC MEDITERRANEAN SHIPPING COMPANY S.A.,msc,SAKAIMINATO,29,JPSMN,PACIFIC NINGBO,9V8013,FEEDER,Import/Export,2623E,2623W,2026/06/11,2026/06/11,2026/06/12,07:04,2026/06/12,07:45,2026/06/12,17:20
MSC MEDITERRANEAN SHIPPING COMPANY S.A.,msc,TSURUGA,27,JPTRG,PACIFIC NINGBO,9V8013,FEEDER,Import/Export,2624E,2624W,2026/06/15,2026/06/15,2026/06/16,16:24,2026/06/16,17:00,2026/06/17,08:30
MSC MEDITERRANEAN SHIPPING COMPANY S.A.,msc,KANAZAWA,26,JPKNZ,PACIFIC NINGBO,9V8013,FEEDER,Import/Export,2624E,2624W,2026/06/16,2026/06/16,2026/06/18,,2026/06/18,,2026/06/18,
MSC MEDITERRANEAN SHIPPING COMPANY S.A.,msc,MAIZURU,28,JPMAI,PACIFIC NINGBO,9V8013,FEEDER,Import/Export,2624E,2624W,2026/06/17,2026/06/17,2026/06/19,,2026/06/19,,2026/06/19,
MSC MEDITERRANEAN SHIPPING COMPANY S.A.,msc,SAKAIMINATO,29,JPSMN,PACIFIC NINGBO,9V8013,FEEDER,Import/Export,2624E,2624W,2026/06/18,2026/06/18,2026/06/20,,2026/06/20,,2026/06/20,
MSC MEDITERRANEAN SHIPPING COMPANY S.A.,msc,TSURUGA,27,JPTRG,PACIFIC NINGBO,9V8013,FEEDER,Import/Export,2625E,2625W,2026/06/22,2026/06/22,2026/06/24,,2026/06/24,,2026/06/24,
MSC MEDITERRANEAN SHIPPING COMPANY S.A.,msc,KANAZAWA,26,JPKNZ,PACIFIC NINGBO,9V8013,FEEDER,Import/Export,2625E,2625W,2026/06/23,2026/06/23,2026/06/25,,2026/06/25,,2026/06/25,
MSC MEDITERRANEAN SHIPPING COMPANY S.A.,msc,MAIZURU,28,JPMAI,PACIFIC NINGBO,9V8013,FEEDER,Import/Export,2625E,2625W,2026/06/24,2026/06/24,2026/06/26,,2026/06/26,,2026/06/26,
MSC MEDITERRANEAN SHIPPING COMPANY S.A.,msc,SAKAIMINATO,29,JPSMN,PACIFIC NINGBO,9V8013,FEEDER,Import/Export,2625E,2625W,2026/06/25,2026/06/25,2026/06/27,,2026/06/27,,2026/06/27,
MSC MEDITERRANEAN SHIPPING COMPANY S.A.,msc,TSURUGA,27,JPTRG,PACIFIC NINGBO,9V8013,FEEDER,Import/Export,2626E,2626W,2026/06/29,2026/06/29,2026/06/30,,2026/06/30,,2026/06/30,
MSC MEDITERRANEAN SHIPPING COMPANY S.A.,msc,KANAZAWA,26,JPKNZ,PACIFIC NINGBO,9V8013,FEEDER,Import/Export,2626E,2626W,2026/06/30,2026/06/30,2026/07/01,,2026/07/01,,2026/07/01,
MSC MEDITERRANEAN SHIPPING COMPANY S.A.,msc,MAIZURU,28,JPMAI,PACIFIC NINGBO,9V8013,FEEDER,Import/Export,2626E,2626W,2026/07/01,2026/07/01,2026/07/02,,2026/07/02,,2026/07/02,
MSC MEDITERRANEAN SHIPPING COMPANY S.A.,msc,SAKAIMINATO,29,JPSMN,PACIFIC NINGBO,9V8013,FEEDER,Import/Export,2626E,2626W,2026/07/02,2026/07/02,2026/07/03,,2026/07/03,,2026/07/03,
MSC MEDITERRANEAN SHIPPING COMPANY S.A.,msc,IYOMISHIMA,60,JPIYM,PACIFIC TIANJIN,9V8011,FEEDER,Import/Export,2627E,2627W,2026/06/02,2026/06/02,2026/06/03,12:00,2026/06/04,07:20,2026/06/04,14:30
MSC MEDITERRANEAN SHIPPING COMPANY S.A.,msc,TOKUSHIMA,65,JPTKS,PACIFIC TIANJIN,9V8011,FEEDER,Import/Export,2627E,2627W,2026/06/03,2026/06/03,2026/06/05,07:34,2026/06/05,08:20,2026/06/05,16:50
MSC MEDITERRANEAN SHIPPING COMPANY S.A.,msc,KOCHI,76,JPKCZ,PACIFIC TIANJIN,9V8011,FEEDER,Import/Export,2627E,2627W,2026/06/04,2026/06/04,2026/06/06,07:23,2026/06/06,08:00,2026/06/06,15:40
MSC MEDITERRANEAN SHIPPING COMPANY S.A.,msc,HIROSHIMA,51,JPHIJ,PACIFIC TIANJIN,9V8011,FEEDER,Import/Export,2627E,2627W,2026/06/05,2026/06/05,2026/06/07,07:30,2026/06/07,16:00,2026/06/07,18:10
MSC MEDITERRANEAN SHIPPING COMPANY S.A.,msc,IWAKUNI,69,JPIWK,PACIFIC TIANJIN,9V8011,FEEDER,Import/Export,2627E,2627W,2026/06/05,2026/06/05,2026/06/08,07:33,2026/06/08,07:55,2026/06/08,13:00
MSC MEDITERRANEAN SHIPPING COMPANY S.A.,msc,IYOMISHIMA,60,JPIYM,PACIFIC TIANJIN,9V8011,FEEDER,Import/Export,2628E,2628W,2026/06/09,2026/06/09,2026/06/15,12:42,2026/06/15,13:15,2026/06/15,16:40
MSC MEDITERRANEAN SHIPPING COMPANY S.A.,msc,TOKUSHIMA,65,JPTKS,PACIFIC TIANJIN,9V8011,FEEDER,Import/Export,2628E,2628W,2026/06/10,2026/06/10,2026/06/16,07:15,2026/06/17,07:00,2026/06/17,13:00
MSC MEDITERRANEAN SHIPPING COMPANY S.A.,msc,KOCHI,76,JPKCZ,PACIFIC TIANJIN,9V8011,FEEDER,Import/Export,2628E,2628W,2026/06/11,2026/06/11,2026/06/18,,2026/06/18,,2026/06/18,
MSC MEDITERRANEAN SHIPPING COMPANY S.A.,msc,IWAKUNI,69,JPIWK,PACIFIC TIANJIN,9V8011,FEEDER,Import/Export,2628E,2628W,2026/06/12,2026/06/12,2026/06/19,,2026/06/19,,2026/06/19,
MSC MEDITERRANEAN SHIPPING COMPANY S.A.,msc,HIROSHIMA,51,JPHIJ,PACIFIC TIANJIN,9V8011,FEEDER,Import/Export,2628E,2628W,2026/06/12,2026/06/12,2026/06/19,,2026/06/19,,2026/06/19,
MSC MEDITERRANEAN SHIPPING COMPANY S.A.,msc,IYOMISHIMA,60,JPIYM,PACIFIC TIANJIN,9V8011,FEEDER,Import/Export,2629E,2629W,2026/06/16,2026/06/16,2026/06/19,,2026/06/19,,2026/06/19,
MSC MEDITERRANEAN SHIPPING COMPANY S.A.,msc,TOKUSHIMA,65,JPTKS,PACIFIC TIANJIN,9V8011,FEEDER,Import/Export,2629E,2629W,2026/06/17,2026/06/17,2026/06/20,,2026/06/20,,2026/06/20,
MSC MEDITERRANEAN SHIPPING COMPANY S.A.,msc,KOCHI,76,JPKCZ,PACIFIC TIANJIN,9V8011,FEEDER,Import/Export,2629E,2629W,2026/06/18,2026/06/18,2026/06/21,,2026/06/21,,2026/06/21,
MSC MEDITERRANEAN SHIPPING COMPANY S.A.,msc,IWAKUNI,69,JPIWK,PACIFIC TIANJIN,9V8011,FEEDER,Import/Export,2629E,2629W,2026/06/19,2026/06/19,2026/06/22,,2026/06/22,,2026/06/22,
MSC MEDITERRANEAN SHIPPING COMPANY S.A.,msc,HIROSHIMA,51,JPHIJ,PACIFIC TIANJIN,9V8011,FEEDER,Import/Export,2629E,2629W,2026/06/19,2026/06/19,2026/06/22,,2026/06/22,,2026/06/22,
MSC MEDITERRANEAN SHIPPING COMPANY S.A.,msc,IYOMISHIMA,60,JPIYM,PACIFIC TIANJIN,9V8011,FEEDER,Import/Export,2630E,2630W,2026/06/23,2026/06/23,2026/06/23,,2026/06/23,,2026/06/23,
MSC MEDITERRANEAN SHIPPING COMPANY S.A.,msc,TOKUSHIMA,65,JPTKS,PACIFIC TIANJIN,9V8011,FEEDER,Import/Export,2630E,2630W,2026/06/24,2026/06/24,2026/06/24,,2026/06/24,,2026/06/24,
MSC MEDITERRANEAN SHIPPING COMPANY S.A.,msc,KOCHI,76,JPKCZ,PACIFIC TIANJIN,9V8011,FEEDER,Import/Export,2630E,2630W,2026/06/25,2026/06/25,2026/06/25,,2026/06/25,,2026/06/25,
MSC MEDITERRANEAN SHIPPING COMPANY S.A.,msc,IWAKUNI,69,JPIWK,PACIFIC TIANJIN,9V8011,FEEDER,Import/Export,2630E,2630W,2026/06/26,2026/06/26,2026/06/26,,2026/06/26,,2026/06/26,
MSC MEDITERRANEAN SHIPPING COMPANY S.A.,msc,HIROSHIMA,51,JPHIJ,PACIFIC TIANJIN,9V8011,FEEDER,Import/Export,2630E,2630W,2026/06/26,2026/06/26,2026/06/26,,2026/06/26,,2026/06/26,
MSC MEDITERRANEAN SHIPPING COMPANY S.A.,msc,IYOMISHIMA,60,JPIYM,PACIFIC TIANJIN,9V8011,FEEDER,Import/Export,2631E,2631W,2026/06/30,2026/06/30,2026/06/30,,2026/06/30,,2026/06/30,
MSC MEDITERRANEAN SHIPPING COMPANY S.A.,msc,TOKUSHIMA,65,JPTKS,PACIFIC TIANJIN,9V8011,FEEDER,Import/Export,2631E,2631W,2026/07/01,2026/07/01,2026/07/01,,2026/07/01,,2026/07/01,
MSC MEDITERRANEAN SHIPPING COMPANY S.A.,msc,KOCHI,76,JPKCZ,PACIFIC TIANJIN,9V8011,FEEDER,Import/Export,2631E,2631W,2026/07/02,2026/07/02,2026/07/02,,2026/07/02,,2026/07/02,
MSC MEDITERRANEAN SHIPPING COMPANY S.A.,msc,IWAKUNI,69,JPIWK,PACIFIC TIANJIN,9V8011,FEEDER,Import/Export,2631E,2631W,2026/07/03,2026/07/03,2026/07/03,,2026/07/03,,2026/07/03,
MSC MEDITERRANEAN SHIPPING COMPANY S.A.,msc,HIROSHIMA,51,JPHIJ,PACIFIC TIANJIN,9V8011,FEEDER,Import/Export,2631E,2631W,2026/07/03,2026/07/03,2026/07/03,,2026/07/03,,2026/07/03,
MSC MEDITERRANEAN SHIPPING COMPANY S.A.,msc,TOYOHASHI,39,JPTHS,PANCON SUCCESS,DSRI7,FEEDER,Import/Export,2618E,2618W,2026/05/28,2026/05/28,2026/06/04,07:18,2026/06/04,07:57,2026/06/04,11:56
MSC MEDITERRANEAN SHIPPING COMPANY S.A.,msc,SHIMIZU,30,JPSMZ,PANCON SUCCESS,DSRI7,FEEDER,Import/Export,2619E,2619W,2026/06/02,2026/06/02,2026/06/02,,2026/06/02,,2026/06/02,
MSC MEDITERRANEAN SHIPPING COMPANY S.A.,msc,TOYOHASHI,39,JPTHS,PANCON SUCCESS,DSRI7,FEEDER,Import/Export,2619E,2619W,2026/06/04,2026/06/04,2026/06/08,16:45,2026/06/09,08:00,2026/06/09,11:51
MSC MEDITERRANEAN SHIPPING COMPANY S.A.,msc,TOYOHASHI,39,JPTHS,PANCON SUCCESS,DSRI7,FEEDER,Import/Export,2620E,2620W,2026/06/11,2026/06/11,2026/06/19,07:00,2026/06/19,08:00,2026/06/19,11:00
MSC MEDITERRANEAN SHIPPING COMPANY S.A.,msc,SHIMIZU,30,JPSMZ,PANCON SUCCESS,DSRI7,FEEDER,Import/Export,2620E,2620W,2026/06/09,2026/06/09,2026/06/19,18:00,2026/06/20,00:00,2026/06/20,12:00
MSC MEDITERRANEAN SHIPPING COMPANY S.A.,msc,SHIMIZU,30,JPSMZ,PANCON SUCCESS,DSRI7,FEEDER,Import/Export,2621E,2621W,2026/06/23,2026/06/23,2026/06/23,,2026/06/23,,2026/06/23,
MSC MEDITERRANEAN SHIPPING COMPANY S.A.,msc,TOYOHASHI,39,JPTHS,PANCON SUCCESS,DSRI7,FEEDER,Import/Export,2621E,2621W,2026/06/25,2026/06/25,2026/06/25,,2026/06/25,,2026/06/25,
MSC MEDITERRANEAN SHIPPING COMPANY S.A.,msc,SHIMIZU,30,JPSMZ,PANCON SUCCESS,DSRI7,FEEDER,Import/Export,2622E,2622W,2026/06/30,2026/06/30,2026/06/30,,2026/06/30,,2026/06/30,
MSC MEDITERRANEAN SHIPPING COMPANY S.A.,msc,TOYOHASHI,39,JPTHS,PANCON SUCCESS,DSRI7,FEEDER,Import/Export,2622E,2622W,2026/07/02,2026/07/02,2026/07/02,,2026/07/02,,2026/07/02,
MSC MEDITERRANEAN SHIPPING COMPANY S.A.,msc,KANAZAWA,26,JPKNZ,PANCON SUNSHINE,D7CO,FEEDER,Import/Export,2609E,2609W,2026/05/28,2026/05/28,2026/06/01,06:51,2026/06/01,07:30,2026/06/01,16:30
MSC MEDITERRANEAN SHIPPING COMPANY S.A.,msc,NIIGATA,24,JPKIJ,PANCON SUNSHINE,D7CO,FEEDER,Import/Export,2610E,2610W,2026/06/09,2026/06/09,2026/06/17,06:24,2026/06/17,07:10,2026/06/18,04:00
MSC MEDITERRANEAN SHIPPING COMPANY S.A.,msc,TOYAMA SHINKO,25,JPTOS,PANCON SUNSHINE,D7CO,FEEDER,Import/Export,2610E,2610W,2026/06/10,2026/06/10,2026/06/18,,2026/06/19,,2026/06/19,
MSC MEDITERRANEAN SHIPPING COMPANY S.A.,msc,KANAZAWA,26,JPKNZ,PANCON SUNSHINE,D7CO,FEEDER,Import/Export,2610E,2610W,2026/06/11,2026/06/11,2026/06/20,,2026/06/20,,2026/06/20,
MSC MEDITERRANEAN SHIPPING COMPANY S.A.,msc,NIIGATA,24,JPKIJ,PANCON SUNSHINE,D7CO,FEEDER,Import/Export,2611E,2611W,2026/06/30,2026/06/30,2026/07/01,,2026/07/01,,2026/07/02,
MSC MEDITERRANEAN SHIPPING COMPANY S.A.,msc,TOYAMA SHINKO,25,JPTOS,PANCON SUNSHINE,D7CO,FEEDER,Import/Export,2611E,2611W,2026/07/01,2026/07/01,2026/07/03,,2026/07/03,,2026/07/03,
MSC MEDITERRANEAN SHIPPING COMPANY S.A.,msc,KANAZAWA,26,JPKNZ,PANCON SUNSHINE,D7CO,FEEDER,Import/Export,2611E,2611W,2026/07/02,2026/07/02,2026/07/04,,2026/07/04,,2026/07/04,
MSC MEDITERRANEAN SHIPPING COMPANY S.A.,msc,TSURUGA,27,JPTRG,PANSTAR GENIE,D8FB,FEEDER,Import/Export,6546E,6546W,2026/06/10,2026/06/10,2026/06/10,07:35,2026/06/10,08:20,2026/06/10,15:20
MSC MEDITERRANEAN SHIPPING COMPANY S.A.,msc,TSURUGA,27,JPTRG,PANSTAR GENIE NO.2,D8RV,FEEDER,Import/Export,6544E,6544W,2026/06/03,2026/06/03,2026/06/03,08:27,2026/06/03,09:00,2026/06/03,17:00
MSC MEDITERRANEAN SHIPPING COMPANY S.A.,msc,TSURUGA,27,JPTRG,PANSTAR GENIE NO.2,D8RV,FEEDER,Import/Export,6546E,6546W,2026/06/10,2026/06/10,2026/06/10,,2026/06/10,,2026/06/10,
MSC MEDITERRANEAN SHIPPING COMPANY S.A.,msc,TSURUGA,27,JPTRG,PANSTAR GENIE NO.2,D8RV,FEEDER,Import/Export,6548E,6548W,2026/06/17,2026/06/17,2026/06/17,08:10,2026/06/17,09:10,2026/06/17,18:30
MSC MEDITERRANEAN SHIPPING COMPANY S.A.,msc,TSURUGA,27,JPTRG,PANSTAR GENIE NO.2,D8RV,FEEDER,Import/Export,6550E,6550W,2026/06/24,2026/06/24,2026/06/24,,2026/06/24,,2026/06/24,
MSC MEDITERRANEAN SHIPPING COMPANY S.A.,msc,SHIMIZU,30,JPSMZ,PEGASUS PETA,D7ER,FEEDER,Import/Export,2612E,2612W,2026/06/03,2026/06/03,2026/06/05,19:56,2026/06/05,20:18,2026/06/06,06:55
MSC MEDITERRANEAN SHIPPING COMPANY S.A.,msc,SHIMIZU,30,JPSMZ,PEGASUS PETA,D7ER,FEEDER,Import/Export,2613E,2613W,2026/06/17,2026/06/17,2026/06/18,,2026/06/19,,2026/06/19,
MSC MEDITERRANEAN SHIPPING COMPANY S.A.,msc,SHIMIZU,30,JPSMZ,PEGASUS PETA,D7ER,FEEDER,Import/Export,2614E,2614W,2026/06/24,2026/06/24,2026/06/25,,2026/06/25,,2026/06/26,
MSC MEDITERRANEAN SHIPPING COMPANY S.A.,msc,SHIMIZU,30,JPSMZ,PEGASUS TERA,D7BH,FEEDER,Import/Export,2612E,2612W,2026/06/17,2026/06/17,2026/06/17,11:00,2026/06/17,12:00,2026/06/18,02:00
MSC MEDITERRANEAN SHIPPING COMPANY S.A.,msc,SHIMIZU,30,JPSMZ,PEGASUS TERA,D7BH,FEEDER,Import/Export,2613E,2613W,2026/07/01,2026/07/01,2026/07/01,,2026/07/01,,2026/07/01,
MSC MEDITERRANEAN SHIPPING COMPANY S.A.,msc,YOKOHAMA,11,JPYOK,POSORJA EXPRESS,C6FI8,AZTEC,Import/Export,2620E,2620E,2026/05/28,2026/05/28,2026/06/04,12:25,2026/06/04,13:15,2026/06/05,03:30
MSC MEDITERRANEAN SHIPPING COMPANY S.A.,msc,YOKOHAMA,11,JPYOK,RDO ACE,5LKJ9,AZTEC,Import/Export,2615W,2615W,2026/06/27,2026/06/28,2026/07/04,17:00,2026/07/04,18:00,2026/07/05,18:00
MSC MEDITERRANEAN SHIPPING COMPANY S.A.,msc,NAKANOSEKI,66,JPMNX,REFLECTION,C6TI5,FEEDER,Import/Export,2550E,2550W,2026/06/04,2026/06/04,2026/06/04,07:13,2026/06/04,07:50,2026/06/04,13:20
MSC MEDITERRANEAN SHIPPING COMPANY S.A.,msc,FUKUYAMA,67,JPFKY,REFLECTION,C6TI5,FEEDER,Import/Export,2550E,2550W,2026/06/05,2026/06/05,2026/06/04,21:50,2026/06/05,04:50,2026/06/05,07:50
MSC MEDITERRANEAN SHIPPING COMPANY S.A.,msc,MIZUSHIMA,50,JPMIZ,REFLECTION,C6TI5,FEEDER,Import/Export,2550E,2550W,2026/06/05,2026/06/05,2026/06/05,12:23,2026/06/05,13:06,2026/06/05,16:40
MSC MEDITERRANEAN SHIPPING COMPANY S.A.,msc,IYOMISHIMA,60,JPIYM,REFLECTION,C6TI5,FEEDER,Import/Export,2550E,2550W,2026/06/06,2026/06/06,2026/06/05,19:30,2026/06/06,06:10,2026/06/06,11:10
MSC MEDITERRANEAN SHIPPING COMPANY S.A.,msc,HIROSHIMA,51,JPHIJ,REFLECTION,C6TI5,FEEDER,Import/Export,2550E,2550W,2026/06/06,2026/06/06,2026/06/06,16:35,2026/06/06,17:06,2026/06/06,20:40
MSC MEDITERRANEAN SHIPPING COMPANY S.A.,msc,NAKANOSEKI,66,JPMNX,REFLECTION,C6TI5,FEEDER,Import/Export,2551E,2551W,2026/06/11,2026/06/11,2026/06/11,07:39,2026/06/11,08:10,2026/06/11,11:55
MSC MEDITERRANEAN SHIPPING COMPANY S.A.,msc,MIZUSHIMA,50,JPMIZ,REFLECTION,C6TI5,FEEDER,Import/Export,2551E,2551W,2026/06/12,2026/06/12,2026/06/11,21:06,2026/06/12,07:12,2026/06/12,12:20
MSC MEDITERRANEAN SHIPPING COMPANY S.A.,msc,FUKUYAMA,67,JPFKY,REFLECTION,C6TI5,FEEDER,Import/Export,2551E,2551W,2026/06/12,2026/06/12,2026/06/12,13:40,2026/06/12,14:15,2026/06/12,16:45
MSC MEDITERRANEAN SHIPPING COMPANY S.A.,msc,IYOMISHIMA,60,JPIYM,REFLECTION,C6TI5,FEEDER,Import/Export,2551E,2551W,2026/06/13,2026/06/13,2026/06/12,19:00,2026/06/13,06:20,2026/06/13,11:30
MSC MEDITERRANEAN SHIPPING COMPANY S.A.,msc,HIROSHIMA,51,JPHIJ,REFLECTION,C6TI5,FEEDER,Import/Export,2551E,2551W,2026/06/13,2026/06/13,2026/06/13,16:48,2026/06/13,17:18,2026/06/13,20:55
MSC MEDITERRANEAN SHIPPING COMPANY S.A.,msc,NAKANOSEKI,66,JPMNX,REFLECTION,C6TI5,FEEDER,Import/Export,2552E,2552W,2026/06/18,2026/06/18,2026/06/18,12:30,2026/06/18,PM,2026/06/18,PM
MSC MEDITERRANEAN SHIPPING COMPANY S.A.,msc,FUKUYAMA,67,JPFKY,REFLECTION,C6TI5,FEEDER,Import/Export,2552E,2552W,2026/06/19,2026/06/19,2026/06/19,,2026/06/19,,2026/06/19,
MSC MEDITERRANEAN SHIPPING COMPANY S.A.,msc,MIZUSHIMA,50,JPMIZ,REFLECTION,C6TI5,FEEDER,Import/Export,2552E,2552W,2026/06/19,2026/06/19,2026/06/19,,2026/06/19,,2026/06/19,
MSC MEDITERRANEAN SHIPPING COMPANY S.A.,msc,IYOMISHIMA,60,JPIYM,REFLECTION,C6TI5,FEEDER,Import/Export,2552E,2552W,2026/06/20,2026/06/20,2026/06/20,,2026/06/20,,2026/06/20,
MSC MEDITERRANEAN SHIPPING COMPANY S.A.,msc,HIROSHIMA,51,JPHIJ,REFLECTION,C6TI5,FEEDER,Import/Export,2552E,2552W,2026/06/20,2026/06/20,2026/06/20,,2026/06/20,,2026/06/20,
MSC MEDITERRANEAN SHIPPING COMPANY S.A.,msc,NAKANOSEKI,66,JPMNX,REFLECTION,C6TI5,FEEDER,Import/Export,2553E,2553W,2026/06/25,2026/06/25,2026/06/25,,2026/06/25,,2026/06/25,
MSC MEDITERRANEAN SHIPPING COMPANY S.A.,msc,FUKUYAMA,67,JPFKY,REFLECTION,C6TI5,FEEDER,Import/Export,2553E,2553W,2026/06/26,2026/06/26,2026/06/26,,2026/06/26,,2026/06/26,
MSC MEDITERRANEAN SHIPPING COMPANY S.A.,msc,MIZUSHIMA,50,JPMIZ,REFLECTION,C6TI5,FEEDER,Import/Export,2553E,2553W,2026/06/26,2026/06/26,2026/06/26,,2026/06/26,,2026/06/26,
MSC MEDITERRANEAN SHIPPING COMPANY S.A.,msc,IYOMISHIMA,60,JPIYM,REFLECTION,C6TI5,FEEDER,Import/Export,2553E,2553W,2026/06/27,2026/06/27,2026/06/27,,2026/06/27,,2026/06/27,
MSC MEDITERRANEAN SHIPPING COMPANY S.A.,msc,HIROSHIMA,51,JPHIJ,REFLECTION,C6TI5,FEEDER,Import/Export,2553E,2553W,2026/06/27,2026/06/27,2026/06/27,,2026/06/27,,2026/06/27,
MSC MEDITERRANEAN SHIPPING COMPANY S.A.,msc,NAKANOSEKI,66,JPMNX,REFLECTION,C6TI5,FEEDER,Import/Export,2554E,2554W,2026/07/02,2026/07/02,2026/07/02,,2026/07/02,,2026/07/02,
MSC MEDITERRANEAN SHIPPING COMPANY S.A.,msc,FUKUYAMA,67,JPFKY,REFLECTION,C6TI5,FEEDER,Import/Export,2554E,2554W,2026/07/03,2026/07/03,2026/07/03,,2026/07/03,,2026/07/03,
MSC MEDITERRANEAN SHIPPING COMPANY S.A.,msc,MIZUSHIMA,50,JPMIZ,REFLECTION,C6TI5,FEEDER,Import/Export,2554E,2554W,2026/07/03,2026/07/03,2026/07/03,,2026/07/03,,2026/07/03,
MSC MEDITERRANEAN SHIPPING COMPANY S.A.,msc,IYOMISHIMA,60,JPIYM,REFLECTION,C6TI5,FEEDER,Import/Export,2554E,2554W,2026/07/04,2026/07/04,2026/07/04,,2026/07/04,,2026/07/04,
MSC MEDITERRANEAN SHIPPING COMPANY S.A.,msc,HIROSHIMA,51,JPHIJ,REFLECTION,C6TI5,FEEDER,Import/Export,2554E,2554W,2026/07/04,2026/07/04,2026/07/04,,2026/07/04,,2026/07/04,
MSC MEDITERRANEAN SHIPPING COMPANY S.A.,msc,YOKOHAMA,11,JPYOK,SEASPAN BRAVO,9VMW8,AZTEC,Import/Export,0103E,0103E,2026/06/11,2026/06/11,2026/06/16,21:50,2026/06/16,22:45,2026/06/17,16:30
MSC MEDITERRANEAN SHIPPING COMPANY S.A.,msc,NAGASAKI,92,JPNGS,SINOKOR NIIGATA,DSRA2,FEEDER,Import/Export,2621E,2621W,2026/05/26,2026/05/26,2026/05/31,07:05,2026/06/01,08:30,2026/06/01,11:10
MSC MEDITERRANEAN SHIPPING COMPANY S.A.,msc,YATSUSHIRO,96,JPYAT,SINOKOR NIIGATA,DSRA2,FEEDER,Import/Export,2621E,2621W,2026/05/28,2026/05/28,2026/06/03,07:44,2026/06/03,08:40,2026/06/03,18:00
MSC MEDITERRANEAN SHIPPING COMPANY S.A.,msc,KUMAMOTO,95,JPKMP,SINOKOR NIIGATA,DSRA2,FEEDER,Import/Export,2621E,2621W,2026/05/26,2026/05/26,2026/06/04,04:40,2026/06/04,08:35,2026/06/04,12:30
MSC MEDITERRANEAN SHIPPING COMPANY S.A.,msc,SENDAI KAGOSHIMA,97,JPSEN,SINOKOR NIIGATA,DSRA2,FEEDER,Import/Export,2621E,2621W,2026/05/27,2026/05/27,2026/06/04,19:30,2026/06/05,10:48,2026/06/05,16:05
MSC MEDITERRANEAN SHIPPING COMPANY S.A.,msc,IMARI,87,JPIMI,SINOKOR NIIGATA,DSRA2,FEEDER,Import/Export,2621E,2621W,2026/05/29,2026/05/29,2026/06/06,07:41,2026/06/06,08:15,2026/06/06,11:25
MSC MEDITERRANEAN SHIPPING COMPANY S.A.,msc,SHIBUSHI,91,JPSBS,SINOKOR NIIGATA,DSRA2,FEEDER,Import/Export,2622E,2622W,2026/06/01,2026/06/01,2026/06/09,03:00,2026/06/09,08:20,2026/06/09,14:40
MSC MEDITERRANEAN SHIPPING COMPANY S.A.,msc,SENDAI KAGOSHIMA,97,JPSEN,SINOKOR NIIGATA,DSRA2,FEEDER,Import/Export,2622E,2622W,2026/06/03,2026/06/03,2026/06/10,08:12,2026/06/10,08:36,2026/06/10,12:35
MSC MEDITERRANEAN SHIPPING COMPANY S.A.,msc,YATSUSHIRO,96,JPYAT,SINOKOR NIIGATA,DSRA2,FEEDER,Import/Export,2622E,2622W,2026/06/04,2026/06/04,2026/06/10,17:00,2026/06/11,07:50,2026/06/11,16:45
MSC MEDITERRANEAN SHIPPING COMPANY S.A.,msc,NAGASAKI,92,JPNGS,SINOKOR NIIGATA,DSRA2,FEEDER,Import/Export,2622E,2622W,2026/06/02,2026/06/02,2026/06/12,06:58,2026/06/12,07:50,2026/06/12,11:40
MSC MEDITERRANEAN SHIPPING COMPANY S.A.,msc,KUMAMOTO,95,JPKMP,SINOKOR NIIGATA,DSRA2,FEEDER,Import/Export,2622E,2622W,2026/06/02,2026/06/02,2026/06/12,15:55,2026/06/12,16:45,2026/06/12,19:30
MSC MEDITERRANEAN SHIPPING COMPANY S.A.,msc,IMARI,87,JPIMI,SINOKOR NIIGATA,DSRA2,FEEDER,Import/Export,2622E,2622W,2026/06/05,2026/06/05,2026/06/13,07:46,2026/06/13,08:20,2026/06/13,12:00
MSC MEDITERRANEAN SHIPPING COMPANY S.A.,msc,SHIBUSHI,91,JPSBS,SINOKOR NIIGATA,DSRA2,FEEDER,Import/Export,2623E,2623W,2026/06/08,2026/06/08,2026/06/17,14:00,2026/06/17,15:00,2026/06/17,18:30
MSC MEDITERRANEAN SHIPPING COMPANY S.A.,msc,KUMAMOTO,95,JPKMP,SINOKOR NIIGATA,DSRA2,FEEDER,Import/Export,2623E,2623W,2026/06/09,2026/06/09,2026/06/18,,2026/06/18,,2026/06/18,
MSC MEDITERRANEAN SHIPPING COMPANY S.A.,msc,NAGASAKI,92,JPNGS,SINOKOR NIIGATA,DSRA2,FEEDER,Import/Export,2623E,2623W,2026/06/09,2026/06/09,2026/06/19,,2026/06/19,,2026/06/19,
MSC MEDITERRANEAN SHIPPING COMPANY S.A.,msc,SENDAI KAGOSHIMA,97,JPSEN,SINOKOR NIIGATA,DSRA2,FEEDER,Import/Export,2623E,2623W,2026/06/10,2026/06/10,2026/06/20,,2026/06/20,,2026/06/20,
MSC MEDITERRANEAN SHIPPING COMPANY S.A.,msc,YATSUSHIRO,96,JPYAT,SINOKOR NIIGATA,DSRA2,FEEDER,Import/Export,2623E,2623W,2026/06/11,2026/06/11,2026/06/22,,2026/06/22,,2026/06/22,
MSC MEDITERRANEAN SHIPPING COMPANY S.A.,msc,IMARI,87,JPIMI,SINOKOR NIIGATA,DSRA2,FEEDER,Import/Export,2623E,2623W,2026/06/12,2026/06/12,2026/06/23,,2026/06/23,,2026/06/23,
MSC MEDITERRANEAN SHIPPING COMPANY S.A.,msc,SHIBUSHI,91,JPSBS,SINOKOR NIIGATA,DSRA2,FEEDER,Import/Export,2624E,2624W,2026/06/15,2026/06/15,2026/06/26,,2026/06/26,,2026/06/26,
MSC MEDITERRANEAN SHIPPING COMPANY S.A.,msc,KUMAMOTO,95,JPKMP,SINOKOR NIIGATA,DSRA2,FEEDER,Import/Export,2624E,2624W,2026/06/16,2026/06/16,2026/06/27,,2026/06/27,,2026/06/27,
MSC MEDITERRANEAN SHIPPING COMPANY S.A.,msc,NAGASAKI,92,JPNGS,SINOKOR NIIGATA,DSRA2,FEEDER,Import/Export,2624E,2624W,2026/06/16,2026/06/16,2026/06/27,,2026/06/27,,2026/06/27,
MSC MEDITERRANEAN SHIPPING COMPANY S.A.,msc,SENDAI KAGOSHIMA,97,JPSEN,SINOKOR NIIGATA,DSRA2,FEEDER,Import/Export,2624E,2624W,2026/06/17,2026/06/17,2026/06/28,,2026/06/28,,2026/06/28,
MSC MEDITERRANEAN SHIPPING COMPANY S.A.,msc,YATSUSHIRO,96,JPYAT,SINOKOR NIIGATA,DSRA2,FEEDER,Import/Export,2624E,2624W,2026/06/18,2026/06/18,2026/06/29,,2026/06/29,,2026/06/29,
MSC MEDITERRANEAN SHIPPING COMPANY S.A.,msc,IMARI,87,JPIMI,SINOKOR NIIGATA,DSRA2,FEEDER,Import/Export,2624E,2624W,2026/06/19,2026/06/19,2026/06/30,,2026/06/30,,2026/06/30,
MSC MEDITERRANEAN SHIPPING COMPANY S.A.,msc,SHIBUSHI,91,JPSBS,SINOKOR NIIGATA,DSRA2,FEEDER,Import/Export,2625E,2625W,2026/06/22,2026/06/22,2026/06/29,,2026/06/29,,2026/06/29,
MSC MEDITERRANEAN SHIPPING COMPANY S.A.,msc,KUMAMOTO,95,JPKMP,SINOKOR NIIGATA,DSRA2,FEEDER,Import/Export,2625E,2625W,2026/06/23,2026/06/23,2026/06/30,,2026/06/30,,2026/06/30,
MSC MEDITERRANEAN SHIPPING COMPANY S.A.,msc,NAGASAKI,92,JPNGS,SINOKOR NIIGATA,DSRA2,FEEDER,Import/Export,2625E,2625W,2026/06/23,2026/06/23,2026/06/30,,2026/06/30,,2026/06/30,
MSC MEDITERRANEAN SHIPPING COMPANY S.A.,msc,SENDAI KAGOSHIMA,97,JPSEN,SINOKOR NIIGATA,DSRA2,FEEDER,Import/Export,2625E,2625W,2026/06/24,2026/06/24,2026/07/01,,2026/07/01,,2026/07/01,
MSC MEDITERRANEAN SHIPPING COMPANY S.A.,msc,YATSUSHIRO,96,JPYAT,SINOKOR NIIGATA,DSRA2,FEEDER,Import/Export,2625E,2625W,2026/06/25,2026/06/25,2026/07/02,,2026/07/02,,2026/07/02,
MSC MEDITERRANEAN SHIPPING COMPANY S.A.,msc,IMARI,87,JPIMI,SINOKOR NIIGATA,DSRA2,FEEDER,Import/Export,2625E,2625W,2026/06/26,2026/06/26,2026/07/03,,2026/07/03,,2026/07/03,
MSC MEDITERRANEAN SHIPPING COMPANY S.A.,msc,SHIBUSHI,91,JPSBS,SINOKOR NIIGATA,DSRA2,FEEDER,Import/Export,2626E,2626W,2026/06/29,2026/06/29,2026/07/03,,2026/07/03,,2026/07/03,
MSC MEDITERRANEAN SHIPPING COMPANY S.A.,msc,KUMAMOTO,95,JPKMP,SINOKOR NIIGATA,DSRA2,FEEDER,Import/Export,2626E,2626W,2026/06/30,2026/06/30,2026/07/04,,2026/07/04,,2026/07/04,
MSC MEDITERRANEAN SHIPPING COMPANY S.A.,msc,NAGASAKI,92,JPNGS,SINOKOR NIIGATA,DSRA2,FEEDER,Import/Export,2626E,2626W,2026/06/30,2026/06/30,2026/07/04,,2026/07/04,,2026/07/04,
MSC MEDITERRANEAN SHIPPING COMPANY S.A.,msc,SENDAI KAGOSHIMA,97,JPSEN,SINOKOR NIIGATA,DSRA2,FEEDER,Import/Export,2626E,2626W,2026/07/01,2026/07/01,2026/07/05,,2026/07/05,,2026/07/05,
MSC MEDITERRANEAN SHIPPING COMPANY S.A.,msc,KAWASAKI,12,JPKWS,SITC SHIMIZU,VRLG2,FEEDER,Import/Export,2613N,2614S,2026/06/12,2026/06/12,2026/06/13,12:45,2026/06/13,13:13,2026/06/13,16:30
MSC MEDITERRANEAN SHIPPING COMPANY S.A.,msc,KAWASAKI,12,JPKWS,SITC SHIMIZU,VRLG2,FEEDER,Import/Export,2615N,2616S,2026/07/03,2026/07/03,2026/07/03,,2026/07/03,,2026/07/03,
MSC MEDITERRANEAN SHIPPING COMPANY S.A.,msc,NIIGATA,24,JPKIJ,SKY FLOWER,3EUE6,FEEDER,Import/Export,2610E,2610W,2026/06/06,2026/06/06,2026/06/11,05:53,2026/06/11,06:50,2026/06/11,18:40
MSC MEDITERRANEAN SHIPPING COMPANY S.A.,msc,TOYAMA SHINKO,25,JPTOS,SKY FLOWER,3EUE6,FEEDER,Import/Export,2610E,2610W,2026/06/07,2026/06/07,2026/06/12,06:14,2026/06/12,07:00,2026/06/12,11:50
MSC MEDITERRANEAN SHIPPING COMPANY S.A.,msc,NAOETSU,33,JPNAO,SKY FLOWER,3EUE6,FEEDER,Import/Export,2610E,2610W,2026/06/08,2026/06/08,2026/06/13,06:07,2026/06/13,07:00,2026/06/13,14:50
MSC MEDITERRANEAN SHIPPING COMPANY S.A.,msc,NIIGATA,24,JPKIJ,SKY FLOWER,3EUE6,FEEDER,Import/Export,2611E,2611W,2026/06/20,2026/06/20,2026/06/24,,2026/06/24,,2026/06/24,
MSC MEDITERRANEAN SHIPPING COMPANY S.A.,msc,TOYAMA SHINKO,25,JPTOS,SKY FLOWER,3EUE6,FEEDER,Import/Export,2611E,2611W,2026/06/21,2026/06/21,2026/06/25,,2026/06/25,,2026/06/25,
MSC MEDITERRANEAN SHIPPING COMPANY S.A.,msc,NAOETSU,33,JPNAO,SKY FLOWER,3EUE6,FEEDER,Import/Export,2611E,2611W,2026/06/22,2026/06/22,2026/06/26,,2026/06/26,,2026/06/26,
MSC MEDITERRANEAN SHIPPING COMPANY S.A.,msc,NIIGATA,24,JPKIJ,SKY FLOWER,3EUE6,FEEDER,Import/Export,2612E,2612W,2026/07/04,2026/07/04,2026/07/04,,2026/07/04,,2026/07/04,
MSC MEDITERRANEAN SHIPPING COMPANY S.A.,msc,TOYAMA SHINKO,25,JPTOS,SKY FLOWER,3EUE6,FEEDER,Import/Export,2612E,2612W,2026/07/05,2026/07/05,2026/07/05,,2026/07/05,,2026/07/05,
MSC MEDITERRANEAN SHIPPING COMPANY S.A.,msc,NIIGATA,24,JPKIJ,SKY JADE,V7ER5,FEEDER,Import/Export,2610E,2610W,2026/06/02,2026/06/02,2026/06/15,06:03,2026/06/15,06:50,2026/06/16,17:35
MSC MEDITERRANEAN SHIPPING COMPANY S.A.,msc,TOYAMA SHINKO,25,JPTOS,SKY JADE,V7ER5,FEEDER,Import/Export,2610E,2610W,2026/06/03,2026/06/03,2026/06/17,06:09,2026/06/17,06:50,2026/06/17,14:00
MSC MEDITERRANEAN SHIPPING COMPANY S.A.,msc,KANAZAWA,26,JPKNZ,SKY JADE,V7ER5,FEEDER,Import/Export,2610E,2610W,2026/06/04,2026/06/04,2026/06/19,,2026/06/19,,2026/06/19,
MSC MEDITERRANEAN SHIPPING COMPANY S.A.,msc,NIIGATA,24,JPKIJ,SKY JADE,V7ER5,FEEDER,Import/Export,2611E,2611W,2026/06/23,2026/06/23,2026/06/27,,2026/06/28,,2026/06/28,
MSC MEDITERRANEAN SHIPPING COMPANY S.A.,msc,TOYAMA SHINKO,25,JPTOS,SKY JADE,V7ER5,FEEDER,Import/Export,2611E,2611W,2026/06/24,2026/06/24,2026/06/29,,2026/06/29,,2026/06/29,
MSC MEDITERRANEAN SHIPPING COMPANY S.A.,msc,KANAZAWA,26,JPKNZ,SKY JADE,V7ER5,FEEDER,Import/Export,2611E,2611W,2026/06/25,2026/06/25,2026/06/30,,2026/06/30,,2026/06/30,
MSC MEDITERRANEAN SHIPPING COMPANY S.A.,msc,IYOMISHIMA,60,JPIYM,STAR CHALLENGER,D7CH,FEEDER,Export,,2622W,2026/06/03,2026/06/03,2026/06/02,19:45,2026/06/03,07:55,2026/06/03,12:18
MSC MEDITERRANEAN SHIPPING COMPANY S.A.,msc,IYOMISHIMA,60,JPIYM,STAR CHALLENGER,D7CH,FEEDER,Export,,2623W,2026/06/10,2026/06/10,2026/06/10,06:53,2026/06/10,07:20,2026/06/10,11:10
MSC MEDITERRANEAN SHIPPING COMPANY S.A.,msc,IYOMISHIMA,60,JPIYM,STAR CHALLENGER,D7CH,FEEDER,Export,,2624W,2026/06/17,2026/06/17,2026/06/16,21:00,2026/06/17,07:18,2026/06/17,11:15
MSC MEDITERRANEAN SHIPPING COMPANY S.A.,msc,IYOMISHIMA,60,JPIYM,STAR CHALLENGER,D7CH,FEEDER,Export,,2625W,2026/06/24,2026/06/24,2026/06/24,,2026/06/24,,2026/06/24,
MSC MEDITERRANEAN SHIPPING COMPANY S.A.,msc,IYOMISHIMA,60,JPIYM,STAR CHALLENGER,D7CH,FEEDER,Export,,2626W,2026/07/01,2026/07/01,2026/07/01,,2026/07/01,,2026/07/01,
MSC MEDITERRANEAN SHIPPING COMPANY S.A.,msc,IYOMISHIMA,60,JPIYM,STAR CHALLENGER,D7CH,FEEDER,Import,2622E,,2026/06/01,2026/06/01,2026/06/01,06:30,2026/06/01,07:20,2026/06/01,14:30
MSC MEDITERRANEAN SHIPPING COMPANY S.A.,msc,MATSUYAMA,61,JPMYJ,STAR CHALLENGER,D7CH,FEEDER,Import/Export,2622E,2622W,2026/06/02,2026/06/02,2026/06/01,18:05,2026/06/01,18:40,2026/06/02,10:55
MSC MEDITERRANEAN SHIPPING COMPANY S.A.,msc,IMABARI,63,JPIMB,STAR CHALLENGER,D7CH,FEEDER,Import/Export,2622E,2622W,2026/06/02,2026/06/02,2026/06/02,13:25,2026/06/02,13:45,2026/06/02,17:30
MSC MEDITERRANEAN SHIPPING COMPANY S.A.,msc,MIZUSHIMA,50,JPMIZ,STAR CHALLENGER,D7CH,FEEDER,Import/Export,2622E,2622W,2026/06/03,2026/06/03,2026/06/03,14:23,2026/06/03,14:54,2026/06/03,17:14
MSC MEDITERRANEAN SHIPPING COMPANY S.A.,msc,IYOMISHIMA,60,JPIYM,STAR CHALLENGER,D7CH,FEEDER,Import,2623E,,2026/06/08,2026/06/08,2026/06/07,14:40,2026/06/08,07:20,2026/06/08,15:30
MSC MEDITERRANEAN SHIPPING COMPANY S.A.,msc,HIROSHIMA,51,JPHIJ,STAR CHALLENGER,D7CH,FEEDER,Import/Export,2623E,2623W,2026/06/06,2026/06/07,2026/06/06,16:50,2026/06/06,17:36,2026/06/06,23:25
MSC MEDITERRANEAN SHIPPING COMPANY S.A.,msc,MATSUYAMA,61,JPMYJ,STAR CHALLENGER,D7CH,FEEDER,Import/Export,2623E,2623W,2026/06/09,2026/06/09,2026/06/08,20:00,2026/06/09,07:35,2026/06/09,14:00
MSC MEDITERRANEAN SHIPPING COMPANY S.A.,msc,IMABARI,63,JPIMB,STAR CHALLENGER,D7CH,FEEDER,Import/Export,2623E,2623W,2026/06/09,2026/06/09,2026/06/09,16:09,2026/06/09,16:30,2026/06/09,21:30
MSC MEDITERRANEAN SHIPPING COMPANY S.A.,msc,MIZUSHIMA,50,JPMIZ,STAR CHALLENGER,D7CH,FEEDER,Import/Export,2623E,2623W,2026/06/10,2026/06/10,2026/06/10,13:48,2026/06/10,14:30,2026/06/10,17:55
MSC MEDITERRANEAN SHIPPING COMPANY S.A.,msc,IYOMISHIMA,60,JPIYM,STAR CHALLENGER,D7CH,FEEDER,Import,2624E,,2026/06/15,2026/06/15,2026/06/14,17:55,2026/06/15,07:30,2026/06/15,10:42
MSC MEDITERRANEAN SHIPPING COMPANY S.A.,msc,HIROSHIMA,51,JPHIJ,STAR CHALLENGER,D7CH,FEEDER,Import/Export,2624E,2624W,2026/06/13,2026/06/14,2026/06/14,07:19,2026/06/14,07:48,2026/06/14,11:40
MSC MEDITERRANEAN SHIPPING COMPANY S.A.,msc,MATSUYAMA,61,JPMYJ,STAR CHALLENGER,D7CH,FEEDER,Import/Export,2624E,2624W,2026/06/16,2026/06/16,2026/06/15,15:00,2026/06/16,07:25,2026/06/16,11:20
MSC MEDITERRANEAN SHIPPING COMPANY S.A.,msc,IMABARI,63,JPIMB,STAR CHALLENGER,D7CH,FEEDER,Import/Export,2624E,2624W,2026/06/16,2026/06/16,2026/06/16,13:59,2026/06/16,14:20,2026/06/16,18:30
MSC MEDITERRANEAN SHIPPING COMPANY S.A.,msc,MIZUSHIMA,50,JPMIZ,STAR CHALLENGER,D7CH,FEEDER,Import/Export,2624E,2624W,2026/06/17,2026/06/17,2026/06/17,14:00,2026/06/17,15:00,2026/06/17,18:30
MSC MEDITERRANEAN SHIPPING COMPANY S.A.,msc,IYOMISHIMA,60,JPIYM,STAR CHALLENGER,D7CH,FEEDER,Import,2625E,,2026/06/22,2026/06/22,2026/06/22,,2026/06/22,,2026/06/22,
MSC MEDITERRANEAN SHIPPING COMPANY S.A.,msc,HIROSHIMA,51,JPHIJ,STAR CHALLENGER,D7CH,FEEDER,Import/Export,2625E,2625W,2026/06/20,2026/06/21,2026/06/20,,2026/06/20,,2026/06/21,
MSC MEDITERRANEAN SHIPPING COMPANY S.A.,msc,MATSUYAMA,61,JPMYJ,STAR CHALLENGER,D7CH,FEEDER,Import/Export,2625E,2625W,2026/06/23,2026/06/23,2026/06/23,,2026/06/23,,2026/06/23,
MSC MEDITERRANEAN SHIPPING COMPANY S.A.,msc,IMABARI,63,JPIMB,STAR CHALLENGER,D7CH,FEEDER,Import/Export,2625E,2625W,2026/06/23,2026/06/23,2026/06/23,,2026/06/23,,2026/06/23,
MSC MEDITERRANEAN SHIPPING COMPANY S.A.,msc,MIZUSHIMA,50,JPMIZ,STAR CHALLENGER,D7CH,FEEDER,Import/Export,2625E,2625W,2026/06/24,2026/06/24,2026/06/24,,2026/06/24,,2026/06/24,
MSC MEDITERRANEAN SHIPPING COMPANY S.A.,msc,IYOMISHIMA,60,JPIYM,STAR CHALLENGER,D7CH,FEEDER,Import,2626E,,2026/06/29,2026/06/29,2026/06/29,,2026/06/29,,2026/06/29,
MSC MEDITERRANEAN SHIPPING COMPANY S.A.,msc,HIROSHIMA,51,JPHIJ,STAR CHALLENGER,D7CH,FEEDER,Import/Export,2626E,2626W,2026/06/27,2026/06/28,2026/06/27,,2026/06/27,,2026/06/28,
MSC MEDITERRANEAN SHIPPING COMPANY S.A.,msc,MATSUYAMA,61,JPMYJ,STAR CHALLENGER,D7CH,FEEDER,Import/Export,2626E,2626W,2026/06/30,2026/06/30,2026/06/30,,2026/06/30,,2026/06/30,
MSC MEDITERRANEAN SHIPPING COMPANY S.A.,msc,IMABARI,63,JPIMB,STAR CHALLENGER,D7CH,FEEDER,Import/Export,2626E,2626W,2026/06/30,2026/06/30,2026/06/30,,2026/06/30,,2026/06/30,
MSC MEDITERRANEAN SHIPPING COMPANY S.A.,msc,MIZUSHIMA,50,JPMIZ,STAR CHALLENGER,D7CH,FEEDER,Import/Export,2626E,2626W,2026/07/01,2026/07/01,2026/07/01,,2026/07/01,,2026/07/01,
MSC MEDITERRANEAN SHIPPING COMPANY S.A.,msc,HIROSHIMA,51,JPHIJ,STAR CHALLENGER,D7CH,FEEDER,Import/Export,2627E,2627W,2026/07/04,2026/07/05,2026/07/04,,2026/07/04,,2026/07/05,
MSC MEDITERRANEAN SHIPPING COMPANY S.A.,msc,KAWASAKI,12,JPKWS,STAR CHASER,V7A5051,FEEDER,Import/Export,2606E,2606W,2026/06/05,2026/06/05,2026/06/05,,2026/06/05,,2026/06/05,
MSC MEDITERRANEAN SHIPPING COMPANY S.A.,msc,HITACHINAKA,21,JPHIC,STAR CHASER,V7A5051,FEEDER,Import/Export,2606E,2606W,2026/06/06,2026/06/06,2026/06/12,07:20,2026/06/12,08:15,2026/06/12,19:42
MSC MEDITERRANEAN SHIPPING COMPANY S.A.,msc,SENDAI MIYAGI,3,JPSGM,STAR CHASER,V7A5051,FEEDER,Import/Export,2606E,2606W,2026/06/07,2026/06/07,2026/06/13,05:18,2026/06/15,07:27,2026/06/15,15:50
MSC MEDITERRANEAN SHIPPING COMPANY S.A.,msc,TOMAKOMAI,1,JPTMK,STAR CHASER,V7A5051,FEEDER,Import/Export,2606E,2606W,2026/06/09,2026/06/09,2026/06/16,12:27,2026/06/16,13:10,2026/06/17,
MSC MEDITERRANEAN SHIPPING COMPANY S.A.,msc,ISHIKARI,7,JPISS,STAR CHASER,V7A5051,FEEDER,Import/Export,2606E,2606W,2026/06/11,2026/06/11,2026/06/18,13:00,2026/06/18,14:00,2026/06/18,15:30
MSC MEDITERRANEAN SHIPPING COMPANY S.A.,msc,SAKATA,17,JPSKT,STAR CHASER,V7A5051,FEEDER,Import/Export,2606E,2606W,2026/06/13,2026/06/13,2026/06/20,,2026/06/20,,2026/06/20,
MSC MEDITERRANEAN SHIPPING COMPANY S.A.,msc,SAKAIMINATO,29,JPSMN,STAR CHASER,V7A5051,FEEDER,Import/Export,2606E,2606W,2026/06/15,2026/06/15,2026/06/22,,2026/06/22,,2026/06/22,
MSC MEDITERRANEAN SHIPPING COMPANY S.A.,msc,KAWASAKI,12,JPKWS,STAR CHASER,V7A5051,FEEDER,Import/Export,2607E,2607W,2026/06/26,2026/06/26,2026/07/01,,2026/07/01,,2026/07/02,
MSC MEDITERRANEAN SHIPPING COMPANY S.A.,msc,HITACHINAKA,21,JPHIC,STAR CHASER,V7A5051,FEEDER,Import/Export,2607E,2607W,2026/06/27,2026/06/27,2026/07/02,,2026/07/02,,2026/07/03,
MSC MEDITERRANEAN SHIPPING COMPANY S.A.,msc,SENDAI MIYAGI,3,JPSGM,STAR CHASER,V7A5051,FEEDER,Import/Export,2607E,2607W,2026/06/28,2026/06/28,2026/07/03,,2026/07/03,,2026/07/04,
MSC MEDITERRANEAN SHIPPING COMPANY S.A.,msc,TOMAKOMAI,1,JPTMK,STAR CHASER,V7A5051,FEEDER,Import/Export,2607E,2607W,2026/06/30,2026/06/30,2026/07/05,,2026/07/05,,2026/07/06,
MSC MEDITERRANEAN SHIPPING COMPANY S.A.,msc,ONAHAMA,5,JPONA,STAR CLIPPER,V7UG4,FEEDER,Import/Export,2607E,2607W,2026/05/25,2026/05/25,2026/05/29,03:20,2026/05/30,12:30,2026/06/01,15:10
MSC MEDITERRANEAN SHIPPING COMPANY S.A.,msc,SENDAI MIYAGI,3,JPSGM,STAR CLIPPER,V7UG4,FEEDER,Import/Export,2607E,2607W,2026/05/26,2026/05/26,2026/06/02,04:10,2026/06/02,04:56,2026/06/02,17:11
MSC MEDITERRANEAN SHIPPING COMPANY S.A.,msc,KAMAISHI,16,JPKIS,STAR CLIPPER,V7UG4,FEEDER,Import/Export,2607E,2607W,2026/05/27,2026/05/27,2026/06/03,04:58,2026/06/03,05:40,2026/06/03,14:20
MSC MEDITERRANEAN SHIPPING COMPANY S.A.,msc,NIIGATA,24,JPKIJ,STAR CLIPPER,V7UG4,FEEDER,Import/Export,2607E,2607W,2026/05/29,2026/05/29,2026/06/04,20:30,2026/06/05,08:50,2026/06/05,18:20
MSC MEDITERRANEAN SHIPPING COMPANY S.A.,msc,SAKAIMINATO,29,JPSMN,STAR CLIPPER,V7UG4,FEEDER,Import/Export,2607E,2607W,2026/05/30,2026/05/30,2026/06/06,18:20,2026/06/07,07:00,2026/06/07,12:35
MSC MEDITERRANEAN SHIPPING COMPANY S.A.,msc,SHIMIZU,30,JPSMZ,STAR CLIPPER,V7UG4,FEEDER,Import/Export,2608E,2608W,2026/06/14,2026/06/14,2026/06/19,,2026/06/19,,2026/06/19,
MSC MEDITERRANEAN SHIPPING COMPANY S.A.,msc,ONAHAMA,5,JPONA,STAR CLIPPER,V7UG4,FEEDER,Import/Export,2608E,2608W,2026/06/15,2026/06/15,2026/06/20,,2026/06/20,,2026/06/20,
MSC MEDITERRANEAN SHIPPING COMPANY S.A.,msc,SENDAI MIYAGI,3,JPSGM,STAR CLIPPER,V7UG4,FEEDER,Import/Export,2608E,2608W,2026/06/16,2026/06/16,2026/06/21,,2026/06/21,,2026/06/21,
MSC MEDITERRANEAN SHIPPING COMPANY S.A.,msc,NIIGATA,24,JPKIJ,STAR CLIPPER,V7UG4,FEEDER,Import/Export,2608E,2608W,2026/06/19,2026/06/19,2026/06/23,,2026/06/23,,2026/06/23,
MSC MEDITERRANEAN SHIPPING COMPANY S.A.,msc,SAKAIMINATO,29,JPSMN,STAR CLIPPER,V7UG4,FEEDER,Import/Export,2608E,2608W,2026/06/20,2026/06/20,2026/06/24,,2026/06/24,,2026/06/24,
MSC MEDITERRANEAN SHIPPING COMPANY S.A.,msc,NIIGATA,24,JPKIJ,STAR EXPRESS,D7XH,FEEDER,Import/Export,2607E,2607W,2026/06/04,2026/06/04,2026/06/04,,2026/06/04,,2026/06/04,
MSC MEDITERRANEAN SHIPPING COMPANY S.A.,msc,AKITA,19,JPAXT,STAR EXPRESS,D7XH,FEEDER,Import/Export,2607E,2607W,2026/06/06,2026/06/06,2026/06/13,16:18,2026/06/13,17:30,2026/06/13,21:40
MSC MEDITERRANEAN SHIPPING COMPANY S.A.,msc,TOMAKOMAI,1,JPTMK,STAR EXPRESS,D7XH,FEEDER,Import/Export,2607E,2607W,2026/06/07,2026/06/07,2026/06/14,11:49,2026/06/14,12:30,2026/06/15,18:10
MSC MEDITERRANEAN SHIPPING COMPANY S.A.,msc,HACHINOHE,2,JPHHE,STAR EXPRESS,D7XH,FEEDER,Import/Export,2607E,2607W,2026/06/08,2026/06/08,2026/06/16,03:50,2026/06/16,15:30,2026/06/16,21:40
MSC MEDITERRANEAN SHIPPING COMPANY S.A.,msc,SENDAI MIYAGI,3,JPSGM,STAR EXPRESS,D7XH,FEEDER,Import/Export,2607E,2607W,2026/06/10,2026/06/10,2026/06/18,,2026/06/18,,2026/06/18,
MSC MEDITERRANEAN SHIPPING COMPANY S.A.,msc,HITACHINAKA,21,JPHIC,STAR EXPRESS,D7XH,FEEDER,Import/Export,2607E,2607W,2026/06/11,2026/06/11,2026/06/19,,2026/06/19,,2026/06/19,
MSC MEDITERRANEAN SHIPPING COMPANY S.A.,msc,NIIGATA,24,JPKIJ,STAR EXPRESS,D7XH,FEEDER,Import/Export,2608E,2608W,2026/07/02,2026/07/02,2026/07/02,,2026/07/02,,2026/07/02,
MSC MEDITERRANEAN SHIPPING COMPANY S.A.,msc,AKITA,19,JPAXT,STAR EXPRESS,D7XH,FEEDER,Import/Export,2608E,2608W,2026/07/04,2026/07/04,2026/07/04,,2026/07/04,,2026/07/04,
MSC MEDITERRANEAN SHIPPING COMPANY S.A.,msc,TOMAKOMAI,1,JPTMK,STAR EXPRESS,D7XH,FEEDER,Import/Export,2608E,2608W,2026/07/05,2026/07/05,2026/07/05,,2026/07/05,,2026/07/05,
MSC MEDITERRANEAN SHIPPING COMPANY S.A.,msc,KAWASAKI,12,JPKWS,STAR RANGER,V7A5052,FEEDER,Import/Export,2607E,2607W,2026/05/29,2026/05/29,2026/06/06,07:25,2026/06/06,08:06,2026/06/06,19:15
MSC MEDITERRANEAN SHIPPING COMPANY S.A.,msc,HITACHINAKA,21,JPHIC,STAR RANGER,V7A5052,FEEDER,Import/Export,2607E,2607W,2026/05/30,2026/05/30,2026/06/07,09:45,2026/06/07,10:30,2026/06/07,18:48
MSC MEDITERRANEAN SHIPPING COMPANY S.A.,msc,SENDAI MIYAGI,3,JPSGM,STAR RANGER,V7A5052,FEEDER,Import/Export,2607E,2607W,2026/05/31,2026/05/31,2026/06/08,05:13,2026/06/08,05:48,2026/06/08,15:23
MSC MEDITERRANEAN SHIPPING COMPANY S.A.,msc,ISHIKARI,7,JPISS,STAR RANGER,V7A5052,FEEDER,Import/Export,2607E,2607W,2026/06/04,2026/06/04,2026/06/10,06:54,2026/06/10,07:24,2026/06/10,11:55
MSC MEDITERRANEAN SHIPPING COMPANY S.A.,msc,TOMAKOMAI,1,JPTMK,STAR RANGER,V7A5052,FEEDER,Import/Export,2607E,2607W,2026/06/02,2026/06/02,2026/06/11,10:30,2026/06/11,18:45,2026/06/12,19:45
MSC MEDITERRANEAN SHIPPING COMPANY S.A.,msc,SAKAIMINATO,29,JPSMN,STAR RANGER,V7A5052,FEEDER,Import/Export,2607E,2607W,2026/06/08,2026/06/08,2026/06/13,,2026/06/13,,2026/06/13,
MSC MEDITERRANEAN SHIPPING COMPANY S.A.,msc,SAKATA,17,JPSKT,STAR RANGER,V7A5052,FEEDER,Import/Export,2607E,2607W,2026/06/06,2026/06/06,2026/06/13,13:52,2026/06/13,14:30,2026/06/14,16:00
MSC MEDITERRANEAN SHIPPING COMPANY S.A.,msc,HITACHINAKA,21,JPHIC,STAR RANGER,V7A5052,FEEDER,Import/Export,2608E,2608W,2026/06/20,2026/06/20,2026/06/25,,2026/06/25,,2026/06/25,
MSC MEDITERRANEAN SHIPPING COMPANY S.A.,msc,SENDAI MIYAGI,3,JPSGM,STAR RANGER,V7A5052,FEEDER,Import/Export,2608E,2608W,2026/06/21,2026/06/21,2026/06/26,,2026/06/26,,2026/06/26,
MSC MEDITERRANEAN SHIPPING COMPANY S.A.,msc,TOMAKOMAI,1,JPTMK,STAR RANGER,V7A5052,FEEDER,Import/Export,2608E,2608W,2026/06/23,2026/06/23,2026/06/28,,2026/06/28,,2026/06/28,
MSC MEDITERRANEAN SHIPPING COMPANY S.A.,msc,ISHIKARI,7,JPISS,STAR RANGER,V7A5052,FEEDER,Import/Export,2608E,2608W,2026/06/25,2026/06/25,2026/06/30,,2026/06/30,,2026/06/30,
MSC MEDITERRANEAN SHIPPING COMPANY S.A.,msc,SAKATA,17,JPSKT,STAR RANGER,V7A5052,FEEDER,Import/Export,2608E,2608W,2026/06/27,2026/06/27,2026/07/02,,2026/07/02,,2026/07/02,
MSC MEDITERRANEAN SHIPPING COMPANY S.A.,msc,SAKAIMINATO,29,JPSMN,STAR RANGER,V7A5052,FEEDER,Import/Export,2608E,2608W,2026/06/29,2026/06/29,2026/07/04,,2026/07/04,,2026/07/04,
MSC MEDITERRANEAN SHIPPING COMPANY S.A.,msc,KANAZAWA,26,JPKNZ,STAR SKIPPER,V7UJ2,FEEDER,Import/Export,2610E,2610W,2026/06/01,2026/06/01,2026/06/02,17:13,2026/06/02,18:00,2026/06/03,09:50
MSC MEDITERRANEAN SHIPPING COMPANY S.A.,msc,TOMAKOMAI,1,JPTMK,STAR SKIPPER,V7UJ2,FEEDER,Import/Export,2610E,2610W,2026/06/06,2026/06/06,2026/06/04,17:45,2026/06/06,19:00,2026/06/09,21:30
MSC MEDITERRANEAN SHIPPING COMPANY S.A.,msc,KUSHIRO,8,JPKUH,STAR SKIPPER,V7UJ2,FEEDER,Import/Export,2610E,2610W,2026/06/03,2026/06/04,2026/06/10,10:00,2026/06/11,07:20,2026/06/12,15:30
MSC MEDITERRANEAN SHIPPING COMPANY S.A.,msc,ISHIKARI,7,JPISS,STAR SKIPPER,V7UJ2,FEEDER,Import/Export,2610E,2610W,2026/06/08,2026/06/08,2026/06/13,22:10,2026/06/14,07:30,2026/06/14,16:00
MSC MEDITERRANEAN SHIPPING COMPANY S.A.,msc,AKITA,19,JPAXT,STAR SKIPPER,V7UJ2,FEEDER,Import/Export,2610E,2610W,2026/06/09,2026/06/09,2026/06/15,12:32,2026/06/15,13:20,2026/06/16,14:35
MSC MEDITERRANEAN SHIPPING COMPANY S.A.,msc,KANAZAWA,26,JPKNZ,STAR SKIPPER,V7UJ2,FEEDER,Import/Export,2611E,2611W,2026/06/15,2026/06/15,2026/06/22,,2026/06/22,,2026/06/22,
MSC MEDITERRANEAN SHIPPING COMPANY S.A.,msc,TOMAKOMAI,1,JPTMK,STAR SKIPPER,V7UJ2,FEEDER,Import/Export,2611E,2611W,2026/06/20,2026/06/20,2026/06/24,,2026/06/24,,2026/06/24,
MSC MEDITERRANEAN SHIPPING COMPANY S.A.,msc,KUSHIRO,8,JPKUH,STAR SKIPPER,V7UJ2,FEEDER,Import/Export,2611E,2611W,2026/06/17,2026/06/18,2026/06/25,,2026/06/25,,2026/06/26,
MSC MEDITERRANEAN SHIPPING COMPANY S.A.,msc,ISHIKARI,7,JPISS,STAR SKIPPER,V7UJ2,FEEDER,Import/Export,2611E,2611W,2026/06/22,2026/06/22,2026/06/28,,2026/06/28,,2026/06/28,
MSC MEDITERRANEAN SHIPPING COMPANY S.A.,msc,AKITA,19,JPAXT,STAR SKIPPER,V7UJ2,FEEDER,Import/Export,2611E,2611W,2026/06/23,2026/06/23,2026/06/29,,2026/06/29,,2026/06/29,
MSC MEDITERRANEAN SHIPPING COMPANY S.A.,msc,OITA,78,JPOIP,STAR VOYAGER,D7FU,FEEDER,Import/Export,2621E,2621W,2026/06/01,2026/06/01,2026/06/02,,2026/06/03,,2026/06/03,
MSC MEDITERRANEAN SHIPPING COMPANY S.A.,msc,OITA,78,JPOIP,STAR VOYAGER,D7FU,FEEDER,Import/Export,2622E,2622W,2026/06/08,2026/06/08,2026/06/09,19:48,2026/06/10,06:54,2026/06/10,12:20
MSC MEDITERRANEAN SHIPPING COMPANY S.A.,msc,CHIBA,14,JPCHB,STAR VOYAGER,D7FU,FEEDER,Import/Export,2623E,2623W,2026/06/12,2026/06/12,2026/06/14,09:40,2026/06/14,10:30,2026/06/14,13:23
MSC MEDITERRANEAN SHIPPING COMPANY S.A.,msc,OITA,78,JPOIP,STAR VOYAGER,D7FU,FEEDER,Import/Export,2624E,2624W,2026/06/22,2026/06/22,2026/06/23,,2026/06/24,,2026/06/24,
MSC MEDITERRANEAN SHIPPING COMPANY S.A.,msc,OITA,78,JPOIP,STAR VOYAGER,D7FU,FEEDER,Import/Export,2625E,2625W,2026/06/29,2026/06/29,2026/06/29,,2026/06/30,,2026/06/30,
MSC MEDITERRANEAN SHIPPING COMPANY S.A.,msc,FUKUYAMA,67,JPFKY,SUNNY CALLA,VRNX4,FEEDER,Import/Export,2622E,2622W,2026/06/02,2026/06/02,2026/06/02,,2026/06/02,,2026/06/02,
MSC MEDITERRANEAN SHIPPING COMPANY S.A.,msc,MIZUSHIMA,50,JPMIZ,SUNNY CALLA,VRNX4,FEEDER,Import/Export,2622E,2622W,2026/06/02,2026/06/02,2026/06/02,,2026/06/02,,2026/06/02,
MSC MEDITERRANEAN SHIPPING COMPANY S.A.,msc,HIROSHIMA,51,JPHIJ,SUNNY CALLA,VRNX4,FEEDER,Import/Export,2622E,2622W,2026/06/03,2026/06/03,2026/06/03,,2026/06/03,,2026/06/03,
MSC MEDITERRANEAN SHIPPING COMPANY S.A.,msc,OITA,78,JPOIP,SUNNY CALLA,VRNX4,FEEDER,Import/Export,2622E,2622W,2026/06/04,2026/06/04,2026/06/04,,2026/06/04,,2026/06/04,
MSC MEDITERRANEAN SHIPPING COMPANY S.A.,msc,FUKUYAMA,67,JPFKY,SUNNY CALLA,VRNX4,FEEDER,Import/Export,2623E,2623W,2026/06/09,2026/06/09,2026/06/09,,2026/06/09,,2026/06/09,
MSC MEDITERRANEAN SHIPPING COMPANY S.A.,msc,MIZUSHIMA,50,JPMIZ,SUNNY CALLA,VRNX4,FEEDER,Import/Export,2623E,2623W,2026/06/09,2026/06/09,2026/06/09,,2026/06/09,,2026/06/09,
MSC MEDITERRANEAN SHIPPING COMPANY S.A.,msc,TOKUYAMA,62,JPTKY,SUNNY CALLA,VRNX4,FEEDER,Import/Export,2623E,2623W,2026/06/10,2026/06/10,2026/06/10,,2026/06/10,,2026/06/10,
MSC MEDITERRANEAN SHIPPING COMPANY S.A.,msc,HIROSHIMA,51,JPHIJ,SUNNY CALLA,VRNX4,FEEDER,Import/Export,2623E,2623W,2026/06/11,2026/06/11,2026/06/11,,2026/06/11,,2026/06/11,
MSC MEDITERRANEAN SHIPPING COMPANY S.A.,msc,KAMAISHI,16,JPKIS,SUNNY CAMELLIA,VRNZ6,FEEDER,Import/Export,2607E,2607W,2026/06/03,2026/06/03,2026/06/05,,2026/06/05,,2026/06/05,
MSC MEDITERRANEAN SHIPPING COMPANY S.A.,msc,SHIMIZU,30,JPSMZ,SUNNY CAMELLIA,VRNZ6,FEEDER,Import/Export,2607E,2607W,2026/05/31,2026/05/31,2026/06/08,06:22,2026/06/08,07:00,2026/06/09,10:44
MSC MEDITERRANEAN SHIPPING COMPANY S.A.,msc,ONAHAMA,5,JPONA,SUNNY CAMELLIA,VRNZ6,FEEDER,Import/Export,2607E,2607W,2026/06/01,2026/06/01,2026/06/10,05:26,2026/06/10,06:42,2026/06/11,16:10
MSC MEDITERRANEAN SHIPPING COMPANY S.A.,msc,SENDAI MIYAGI,3,JPSGM,SUNNY CAMELLIA,VRNZ6,FEEDER,Import/Export,2607E,2607W,2026/06/02,2026/06/02,2026/06/12,03:30,2026/06/12,04:36,2026/06/12,16:41
MSC MEDITERRANEAN SHIPPING COMPANY S.A.,msc,NIIGATA,24,JPKIJ,SUNNY CAMELLIA,VRNZ6,FEEDER,Import/Export,2607E,2607W,2026/06/05,2026/06/05,2026/06/14,06:51,2026/06/14,07:50,2026/06/14,16:30
MSC MEDITERRANEAN SHIPPING COMPANY S.A.,msc,SAKAIMINATO,29,JPSMN,SUNNY CAMELLIA,VRNZ6,FEEDER,Import/Export,2607E,2607W,2026/06/06,2026/06/06,2026/06/16,06:51,2026/06/16,07:50,2026/06/16,14:40
MSC MEDITERRANEAN SHIPPING COMPANY S.A.,msc,SHIMIZU,30,JPSMZ,SUNNY CAMELLIA,VRNZ6,FEEDER,Import/Export,2608E,2608W,2026/06/21,2026/06/21,2026/06/28,,2026/06/28,,2026/06/28,
MSC MEDITERRANEAN SHIPPING COMPANY S.A.,msc,ONAHAMA,5,JPONA,SUNNY CAMELLIA,VRNZ6,FEEDER,Import/Export,2608E,2608W,2026/06/22,2026/06/22,2026/06/29,,2026/06/29,,2026/06/29,
MSC MEDITERRANEAN SHIPPING COMPANY S.A.,msc,SENDAI MIYAGI,3,JPSGM,SUNNY CAMELLIA,VRNZ6,FEEDER,Import/Export,2608E,2608W,2026/06/23,2026/06/23,2026/06/30,,2026/06/30,,2026/06/30,
MSC MEDITERRANEAN SHIPPING COMPANY S.A.,msc,KAMAISHI,16,JPKIS,SUNNY CAMELLIA,VRNZ6,FEEDER,Import/Export,2608E,2608W,2026/06/24,2026/06/24,2026/07/01,,2026/07/01,,2026/07/01,
MSC MEDITERRANEAN SHIPPING COMPANY S.A.,msc,NIIGATA,24,JPKIJ,SUNNY CAMELLIA,VRNZ6,FEEDER,Import/Export,2608E,2608W,2026/06/26,2026/06/26,2026/07/03,,2026/07/03,,2026/07/03,
MSC MEDITERRANEAN SHIPPING COMPANY S.A.,msc,SAKAIMINATO,29,JPSMN,SUNNY CAMELLIA,VRNZ6,FEEDER,Import/Export,2608E,2608W,2026/06/27,2026/06/27,2026/07/04,,2026/07/04,,2026/07/04,
MSC MEDITERRANEAN SHIPPING COMPANY S.A.,msc,NIIGATA,24,JPKIJ,SUNNY CANNA,3FLX7,FEEDER,Import/Export,2606E,2606W,2026/05/22,2026/05/22,2026/06/02,07:17,2026/06/02,08:10,2026/06/02,16:40
MSC MEDITERRANEAN SHIPPING COMPANY S.A.,msc,SAKAIMINATO,29,JPSMN,SUNNY CANNA,3FLX7,FEEDER,Import/Export,2606E,2606W,2026/05/23,2026/05/23,2026/06/03,16:39,2026/06/03,17:20,2026/06/03,19:10
MSC MEDITERRANEAN SHIPPING COMPANY S.A.,msc,SHIMIZU,30,JPSMZ,SUNNY CANNA,3FLX7,FEEDER,Import/Export,2607E,2607W,2026/06/07,2026/06/07,2026/06/15,10:26,2026/06/15,11:00,2026/06/15,15:41
MSC MEDITERRANEAN SHIPPING COMPANY S.A.,msc,ONAHAMA,5,JPONA,SUNNY CANNA,3FLX7,FEEDER,Import/Export,2607E,2607W,2026/06/08,2026/06/08,2026/06/16,10:35,2026/06/16,11:12,2026/06/17,15:00
MSC MEDITERRANEAN SHIPPING COMPANY S.A.,msc,SENDAI MIYAGI,3,JPSGM,SUNNY CANNA,3FLX7,FEEDER,Import/Export,2607E,2607W,2026/06/09,2026/06/09,2026/06/19,04:30,2026/06/19,05:30,2026/06/19,17:00
MSC MEDITERRANEAN SHIPPING COMPANY S.A.,msc,KAMAISHI,16,JPKIS,SUNNY CANNA,3FLX7,FEEDER,Import/Export,2607E,2607W,2026/06/10,2026/06/10,2026/06/20,08:00,2026/06/20,09:00,2026/06/20,17:00
MSC MEDITERRANEAN SHIPPING COMPANY S.A.,msc,NIIGATA,24,JPKIJ,SUNNY CANNA,3FLX7,FEEDER,Import/Export,2607E,2607W,2026/06/12,2026/06/12,2026/06/22,,2026/06/22,,2026/06/22,
MSC MEDITERRANEAN SHIPPING COMPANY S.A.,msc,SAKAIMINATO,29,JPSMN,SUNNY CANNA,3FLX7,FEEDER,Import/Export,2607E,2607W,2026/06/13,2026/06/13,2026/06/23,,2026/06/23,,2026/06/23,
MSC MEDITERRANEAN SHIPPING COMPANY S.A.,msc,SHIMIZU,30,JPSMZ,SUNNY CANNA,3FLX7,FEEDER,Import/Export,2608E,2608W,2026/06/28,2026/06/28,2026/07/04,,2026/07/04,,2026/07/05,
MSC MEDITERRANEAN SHIPPING COMPANY S.A.,msc,NIIGATA,24,JPKIJ,SUNNY CLOVER,D8FA,FEEDER,Import/Export,2610E,2610W,2026/05/30,2026/05/30,2026/06/05,06:05,2026/06/05,07:10,2026/06/06,15:30
MSC MEDITERRANEAN SHIPPING COMPANY S.A.,msc,NAOETSU,33,JPNAO,SUNNY CLOVER,D8FA,FEEDER,Import/Export,2610E,2610W,2026/06/01,2026/06/01,2026/06/07,06:09,2026/06/07,06:54,2026/06/07,16:50
MSC MEDITERRANEAN SHIPPING COMPANY S.A.,msc,TOYAMA SHINKO,25,JPTOS,SUNNY CLOVER,D8FA,FEEDER,Import/Export,2610E,2610W,2026/05/31,2026/05/31,2026/06/08,05:41,2026/06/08,06:30,2026/06/08,15:50
MSC MEDITERRANEAN SHIPPING COMPANY S.A.,msc,NIIGATA,24,JPKIJ,SUNNY CLOVER,D8FA,FEEDER,Import/Export,2611E,2611W,2026/06/13,2026/06/13,2026/06/20,,2026/06/20,,2026/06/21,
MSC MEDITERRANEAN SHIPPING COMPANY S.A.,msc,TOYAMA SHINKO,25,JPTOS,SUNNY CLOVER,D8FA,FEEDER,Import/Export,2611E,2611W,2026/06/14,2026/06/14,2026/06/22,,2026/06/22,,2026/06/22,
MSC MEDITERRANEAN SHIPPING COMPANY S.A.,msc,NAOETSU,33,JPNAO,SUNNY CLOVER,D8FA,FEEDER,Import/Export,2611E,2611W,2026/06/15,2026/06/15,2026/06/23,,2026/06/23,,2026/06/23,
MSC MEDITERRANEAN SHIPPING COMPANY S.A.,msc,NIIGATA,24,JPKIJ,SUNNY CLOVER,D8FA,FEEDER,Import/Export,2612E,2612W,2026/06/27,2026/06/27,2026/07/02,,2026/07/02,,2026/07/03,
MSC MEDITERRANEAN SHIPPING COMPANY S.A.,msc,TOYAMA SHINKO,25,JPTOS,SUNNY CLOVER,D8FA,FEEDER,Import/Export,2612E,2612W,2026/06/28,2026/06/28,2026/07/03,,2026/07/03,,2026/07/04,
MSC MEDITERRANEAN SHIPPING COMPANY S.A.,msc,NAOETSU,33,JPNAO,SUNNY CLOVER,D8FA,FEEDER,Import/Export,2612E,2612W,2026/06/29,2026/06/29,2026/07/04,,2026/07/04,,2026/07/04,
MSC MEDITERRANEAN SHIPPING COMPANY S.A.,msc,TAKAMATSU,64,JPTAP,SUNNY DAHLIA,D7UA,FEEDER,Import/Export,2621E,2621W,2026/06/01,2026/06/01,2026/05/31,14:30,2026/06/01,07:40,2026/06/01,10:45
MSC MEDITERRANEAN SHIPPING COMPANY S.A.,msc,IWAKUNI,69,JPIWK,SUNNY DAHLIA,D7UA,FEEDER,Import/Export,2621E,2621W,2026/06/02,2026/06/02,2026/06/01,19:15,2026/06/02,07:15,2026/06/02,11:15
MSC MEDITERRANEAN SHIPPING COMPANY S.A.,msc,IYOMISHIMA,60,JPIYM,SUNNY DAHLIA,D7UA,FEEDER,Import/Export,2622E,2622W,2026/06/05,2026/06/05,2026/06/05,07:00,2026/06/05,12:30,2026/06/05,16:40
MSC MEDITERRANEAN SHIPPING COMPANY S.A.,msc,IMABARI,63,JPIMB,SUNNY DAHLIA,D7UA,FEEDER,Import/Export,2622E,2622W,2026/06/06,2026/06/06,2026/06/05,19:00,2026/06/06,07:10,2026/06/06,10:10
MSC MEDITERRANEAN SHIPPING COMPANY S.A.,msc,MATSUYAMA,61,JPMYJ,SUNNY DAHLIA,D7UA,FEEDER,Import/Export,2622E,2622W,2026/06/06,2026/06/06,2026/06/06,12:51,2026/06/06,13:40,2026/06/06,18:30
MSC MEDITERRANEAN SHIPPING COMPANY S.A.,msc,TOKUSHIMA,65,JPTKS,SUNNY DAHLIA,D7UA,FEEDER,Import/Export,2622E,2622W,2026/06/07,2026/06/07,2026/06/07,07:40,2026/06/07,08:35,2026/06/07,13:00
MSC MEDITERRANEAN SHIPPING COMPANY S.A.,msc,TAKAMATSU,64,JPTAP,SUNNY DAHLIA,D7UA,FEEDER,Import/Export,2622E,2622W,2026/06/08,2026/06/08,2026/06/07,17:20,2026/06/08,07:50,2026/06/08,09:40
MSC MEDITERRANEAN SHIPPING COMPANY S.A.,msc,IWAKUNI,69,JPIWK,SUNNY DAHLIA,D7UA,FEEDER,Import/Export,2622E,2622W,2026/06/09,2026/06/09,2026/06/08,18:25,2026/06/09,07:10,2026/06/09,11:35
MSC MEDITERRANEAN SHIPPING COMPANY S.A.,msc,IYOMISHIMA,60,JPIYM,SUNNY DAHLIA,D7UA,FEEDER,Import/Export,2623E,2623W,2026/06/12,2026/06/12,2026/06/12,06:56,2026/06/12,07:30,2026/06/12,12:10
MSC MEDITERRANEAN SHIPPING COMPANY S.A.,msc,IMABARI,63,JPIMB,SUNNY DAHLIA,D7UA,FEEDER,Import/Export,2623E,2623W,2026/06/13,2026/06/13,2026/06/12,14:30,2026/06/13,06:50,2026/06/13,10:40
MSC MEDITERRANEAN SHIPPING COMPANY S.A.,msc,MATSUYAMA,61,JPMYJ,SUNNY DAHLIA,D7UA,FEEDER,Import/Export,2623E,2623W,2026/06/13,2026/06/13,2026/06/13,12:58,2026/06/13,13:40,2026/06/13,17:20
MSC MEDITERRANEAN SHIPPING COMPANY S.A.,msc,TOKUSHIMA,65,JPTKS,SUNNY DAHLIA,D7UA,FEEDER,Import/Export,2623E,2623W,2026/06/14,2026/06/14,2026/06/14,04:20,2026/06/14,08:10,2026/06/14,12:30
MSC MEDITERRANEAN SHIPPING COMPANY S.A.,msc,TAKAMATSU,64,JPTAP,SUNNY DAHLIA,D7UA,FEEDER,Import/Export,2623E,2623W,2026/06/15,2026/06/15,2026/06/14,16:50,2026/06/15,08:10,2026/06/15,13:10
MSC MEDITERRANEAN SHIPPING COMPANY S.A.,msc,IWAKUNI,69,JPIWK,SUNNY DAHLIA,D7UA,FEEDER,Import/Export,2623E,2623W,2026/06/16,2026/06/16,2026/06/15,22:30,2026/06/16,07:20,2026/06/16,11:20
MSC MEDITERRANEAN SHIPPING COMPANY S.A.,msc,IYOMISHIMA,60,JPIYM,SUNNY DAHLIA,D7UA,FEEDER,Import/Export,2624E,2624W,2026/06/19,2026/06/19,2026/06/19,,2026/06/19,,2026/06/19,
MSC MEDITERRANEAN SHIPPING COMPANY S.A.,msc,MATSUYAMA,61,JPMYJ,SUNNY DAHLIA,D7UA,FEEDER,Import/Export,2624E,2624W,2026/06/20,2026/06/20,2026/06/20,,2026/06/20,,2026/06/20,
MSC MEDITERRANEAN SHIPPING COMPANY S.A.,msc,IMABARI,63,JPIMB,SUNNY DAHLIA,D7UA,FEEDER,Import/Export,2624E,2624W,2026/06/20,2026/06/20,2026/06/20,,2026/06/20,,2026/06/20,
MSC MEDITERRANEAN SHIPPING COMPANY S.A.,msc,TOKUSHIMA,65,JPTKS,SUNNY DAHLIA,D7UA,FEEDER,Import/Export,2624E,2624W,2026/06/21,2026/06/21,2026/06/21,,2026/06/21,,2026/06/21,
MSC MEDITERRANEAN SHIPPING COMPANY S.A.,msc,TAKAMATSU,64,JPTAP,SUNNY DAHLIA,D7UA,FEEDER,Import/Export,2624E,2624W,2026/06/22,2026/06/22,2026/06/22,,2026/06/22,,2026/06/22,
MSC MEDITERRANEAN SHIPPING COMPANY S.A.,msc,IWAKUNI,69,JPIWK,SUNNY DAHLIA,D7UA,FEEDER,Import/Export,2624E,2624W,2026/06/23,2026/06/23,2026/06/23,,2026/06/23,,2026/06/23,
MSC MEDITERRANEAN SHIPPING COMPANY S.A.,msc,IYOMISHIMA,60,JPIYM,SUNNY DAHLIA,D7UA,FEEDER,Import/Export,2625E,2625W,2026/06/26,2026/06/26,2026/06/26,,2026/06/26,,2026/06/26,
MSC MEDITERRANEAN SHIPPING COMPANY S.A.,msc,MATSUYAMA,61,JPMYJ,SUNNY DAHLIA,D7UA,FEEDER,Import/Export,2625E,2625W,2026/06/27,2026/06/27,2026/06/27,,2026/06/27,,2026/06/27,
MSC MEDITERRANEAN SHIPPING COMPANY S.A.,msc,IMABARI,63,JPIMB,SUNNY DAHLIA,D7UA,FEEDER,Import/Export,2625E,2625W,2026/06/27,2026/06/27,2026/06/27,,2026/06/27,,2026/06/27,
MSC MEDITERRANEAN SHIPPING COMPANY S.A.,msc,TOKUSHIMA,65,JPTKS,SUNNY DAHLIA,D7UA,FEEDER,Import/Export,2625E,2625W,2026/06/28,2026/06/28,2026/06/28,,2026/06/28,,2026/06/28,
MSC MEDITERRANEAN SHIPPING COMPANY S.A.,msc,TAKAMATSU,64,JPTAP,SUNNY DAHLIA,D7UA,FEEDER,Import/Export,2625E,2625W,2026/06/29,2026/06/29,2026/06/29,,2026/06/29,,2026/06/29,
MSC MEDITERRANEAN SHIPPING COMPANY S.A.,msc,IWAKUNI,69,JPIWK,SUNNY DAHLIA,D7UA,FEEDER,Import/Export,2625E,2625W,2026/06/30,2026/06/30,2026/06/30,,2026/06/30,,2026/06/30,
MSC MEDITERRANEAN SHIPPING COMPANY S.A.,msc,IYOMISHIMA,60,JPIYM,SUNNY DAHLIA,D7UA,FEEDER,Import/Export,2626E,2626W,2026/07/03,2026/07/03,2026/07/03,,2026/07/03,,2026/07/03,
MSC MEDITERRANEAN SHIPPING COMPANY S.A.,msc,MATSUYAMA,61,JPMYJ,SUNNY DAHLIA,D7UA,FEEDER,Import/Export,2626E,2626W,2026/07/04,2026/07/04,2026/07/04,,2026/07/04,,2026/07/04,
MSC MEDITERRANEAN SHIPPING COMPANY S.A.,msc,IMABARI,63,JPIMB,SUNNY DAHLIA,D7UA,FEEDER,Import/Export,2626E,2626W,2026/07/04,2026/07/04,2026/07/04,,2026/07/04,,2026/07/04,
MSC MEDITERRANEAN SHIPPING COMPANY S.A.,msc,TOKUSHIMA,65,JPTKS,SUNNY DAHLIA,D7UA,FEEDER,Import/Export,2626E,2626W,2026/07/05,2026/07/05,2026/07/05,,2026/07/05,,2026/07/05,
MSC MEDITERRANEAN SHIPPING COMPANY S.A.,msc,SAKATA,17,JPSKT,SUNNY DAISY,D7LL,FEEDER,Import/Export,2606E,2606W,2026/05/30,2026/05/30,2026/06/05,16:13,2026/06/05,17:00,2026/06/06,14:30
MSC MEDITERRANEAN SHIPPING COMPANY S.A.,msc,ISHIKARI,7,JPISS,SUNNY DAISY,D7LL,FEEDER,Import/Export,2606E,2606W,2026/05/28,2026/05/28,2026/06/07,15:58,2026/06/07,16:40,2026/06/08,11:20
MSC MEDITERRANEAN SHIPPING COMPANY S.A.,msc,TOMAKOMAI,1,JPTMK,SUNNY DAISY,D7LL,FEEDER,Import/Export,2606E,2606W,2026/05/26,2026/05/26,2026/06/09,14:20,2026/06/10,11:10,2026/06/11,17:40
MSC MEDITERRANEAN SHIPPING COMPANY S.A.,msc,SENDAI MIYAGI,3,JPSGM,SUNNY DAISY,D7LL,FEEDER,Import/Export,2606E,2606W,2026/05/24,2026/05/24,2026/06/12,19:42,2026/06/13,04:49,2026/06/13,14:18
MSC MEDITERRANEAN SHIPPING COMPANY S.A.,msc,SAKAIMINATO,29,JPSMN,SUNNY DAISY,D7LL,FEEDER,Import/Export,2606E,2606W,2026/06/01,2026/06/01,2026/06/13,,2026/06/13,,2026/06/14,
MSC MEDITERRANEAN SHIPPING COMPANY S.A.,msc,HITACHINAKA,21,JPHIC,SUNNY DAISY,D7LL,FEEDER,Import/Export,2606E,2606W,2026/05/23,2026/05/23,2026/06/14,07:05,2026/06/14,08:06,2026/06/14,16:30
MSC MEDITERRANEAN SHIPPING COMPANY S.A.,msc,KAWASAKI,12,JPKWS,SUNNY DAISY,D7LL,FEEDER,Import/Export,2607E,2607W,2026/06/12,2026/06/12,2026/06/20,,2026/06/20,,2026/06/20,
MSC MEDITERRANEAN SHIPPING COMPANY S.A.,msc,SENDAI MIYAGI,3,JPSGM,SUNNY DAISY,D7LL,FEEDER,Import/Export,2607E,2607W,2026/06/14,2026/06/14,2026/06/21,,2026/06/22,,2026/06/22,
MSC MEDITERRANEAN SHIPPING COMPANY S.A.,msc,HITACHINAKA,21,JPHIC,SUNNY DAISY,D7LL,FEEDER,Import/Export,2607E,2607W,2026/06/13,2026/06/13,2026/06/21,,2026/06/21,,2026/06/21,
MSC MEDITERRANEAN SHIPPING COMPANY S.A.,msc,SAKAIMINATO,29,JPSMN,SUNNY DAISY,D7LL,FEEDER,Import/Export,2607E,2607W,2026/06/22,2026/06/22,2026/06/22,,2026/06/22,,2026/06/22,
MSC MEDITERRANEAN SHIPPING COMPANY S.A.,msc,TOMAKOMAI,1,JPTMK,SUNNY DAISY,D7LL,FEEDER,Import/Export,2607E,2607W,2026/06/16,2026/06/16,2026/06/23,,2026/06/23,,2026/06/24,
MSC MEDITERRANEAN SHIPPING COMPANY S.A.,msc,ISHIKARI,7,JPISS,SUNNY DAISY,D7LL,FEEDER,Import/Export,2607E,2607W,2026/06/18,2026/06/18,2026/06/25,,2026/06/25,,2026/06/26,
MSC MEDITERRANEAN SHIPPING COMPANY S.A.,msc,SAKATA,17,JPSKT,SUNNY DAISY,D7LL,FEEDER,Import/Export,2607E,2607W,2026/06/20,2026/06/20,2026/06/27,,2026/06/27,,2026/06/27,
MSC MEDITERRANEAN SHIPPING COMPANY S.A.,msc,CHIBA,14,JPCHB,SUNNY FREESIA,VRSS8,FEEDER,Import/Export,2615N,2615S,2026/06/09,2026/06/10,2026/06/09,07:10,2026/06/09,08:00,2026/06/09,15:50
MSC MEDITERRANEAN SHIPPING COMPANY S.A.,msc,CHIBA,14,JPCHB,SUNNY FREESIA,VRSS8,FEEDER,Import/Export,2616N,2616S,2026/06/30,2026/07/01,2026/06/30,,2026/06/30,,2026/07/01,
MSC MEDITERRANEAN SHIPPING COMPANY S.A.,msc,TOMAKOMAI,1,JPTMK,SUNNY IVY,VRTX9,FEEDER,Import/Export,2607E,2607W,2026/05/24,2026/05/24,2026/05/30,06:00,2026/05/30,06:50,2026/06/01,11:40
MSC MEDITERRANEAN SHIPPING COMPANY S.A.,msc,HACHINOHE,2,JPHHE,SUNNY IVY,VRTX9,FEEDER,Import/Export,2607E,2607W,2026/05/25,2026/05/25,2026/06/02,14:17,2026/06/02,15:00,2026/06/03,16:20
MSC MEDITERRANEAN SHIPPING COMPANY S.A.,msc,SENDAI MIYAGI,3,JPSGM,SUNNY IVY,VRTX9,FEEDER,Import/Export,2607E,2607W,2026/05/27,2026/05/27,2026/06/07,10:30,2026/06/07,11:08,2026/06/07,18:00
MSC MEDITERRANEAN SHIPPING COMPANY S.A.,msc,HITACHINAKA,21,JPHIC,SUNNY IVY,VRTX9,FEEDER,Import/Export,2607E,2607W,2026/05/28,2026/05/28,2026/06/08,03:25,2026/06/08,08:35,2026/06/09,18:48
MSC MEDITERRANEAN SHIPPING COMPANY S.A.,msc,NIIGATA,24,JPKIJ,SUNNY IVY,VRTX9,FEEDER,Import/Export,2608E,2608W,2026/06/18,2026/06/18,2026/06/23,,2026/06/23,,2026/06/23,
MSC MEDITERRANEAN SHIPPING COMPANY S.A.,msc,AKITA,19,JPAXT,SUNNY IVY,VRTX9,FEEDER,Import/Export,2608E,2608W,2026/06/20,2026/06/20,2026/06/24,,2026/06/25,,2026/06/25,
MSC MEDITERRANEAN SHIPPING COMPANY S.A.,msc,TOMAKOMAI,1,JPTMK,SUNNY IVY,VRTX9,FEEDER,Import/Export,2608E,2608W,2026/06/21,2026/06/21,2026/06/25,,2026/06/25,,2026/06/26,
MSC MEDITERRANEAN SHIPPING COMPANY S.A.,msc,HACHINOHE,2,JPHHE,SUNNY IVY,VRTX9,FEEDER,Import/Export,2608E,2608W,2026/06/22,2026/06/22,2026/06/26,,2026/06/26,,2026/06/27,
MSC MEDITERRANEAN SHIPPING COMPANY S.A.,msc,SENDAI MIYAGI,3,JPSGM,SUNNY IVY,VRTX9,FEEDER,Import/Export,2608E,2608W,2026/06/24,2026/06/24,2026/06/27,,2026/06/27,,2026/06/28,
MSC MEDITERRANEAN SHIPPING COMPANY S.A.,msc,KANAZAWA,26,JPKNZ,SUNNY LAUREL,H8BZ,FEEDER,Import/Export,2610E,2610W,2026/05/25,2026/05/25,2026/06/06,07:26,2026/06/06,08:10,2026/06/06,10:45
MSC MEDITERRANEAN SHIPPING COMPANY S.A.,msc,ISHIKARI,7,JPISS,SUNNY LAUREL,H8BZ,FEEDER,Import/Export,2610E,2610W,2026/06/01,2026/06/01,2026/06/07,,2026/06/07,,2026/06/07,
MSC MEDITERRANEAN SHIPPING COMPANY S.A.,msc,TOMAKOMAI,1,JPTMK,SUNNY LAUREL,H8BZ,FEEDER,Import/Export,2610E,2610W,2026/05/30,2026/05/30,2026/06/07,19:40,2026/06/10,09:15,2026/06/11,16:20
MSC MEDITERRANEAN SHIPPING COMPANY S.A.,msc,AKITA,19,JPAXT,SUNNY LAUREL,H8BZ,FEEDER,Import/Export,2610E,2610W,2026/06/02,2026/06/02,2026/06/08,,2026/06/08,,2026/06/08,
MSC MEDITERRANEAN SHIPPING COMPANY S.A.,msc,KUSHIRO,8,JPKUH,SUNNY LAUREL,H8BZ,FEEDER,Import/Export,2610E,2610W,2026/05/27,2026/05/28,2026/06/12,10:20,2026/06/13,07:30,2026/06/14,13:30
MSC MEDITERRANEAN SHIPPING COMPANY S.A.,msc,KANAZAWA,26,JPKNZ,SUNNY LAUREL,H8BZ,FEEDER,Import/Export,2611E,2611W,2026/06/08,2026/06/08,2026/06/16,,2026/06/16,,2026/06/16,
MSC MEDITERRANEAN SHIPPING COMPANY S.A.,msc,KUSHIRO,8,JPKUH,SUNNY LAUREL,H8BZ,FEEDER,Import/Export,2611E,2611W,2026/06/10,2026/06/11,2026/06/21,,2026/06/21,,2026/06/22,
MSC MEDITERRANEAN SHIPPING COMPANY S.A.,msc,AKITA,19,JPAXT,SUNNY LAUREL,H8BZ,FEEDER,Import/Export,2611E,2611W,2026/06/16,2026/06/16,2026/06/22,,2026/06/22,,2026/06/22,
MSC MEDITERRANEAN SHIPPING COMPANY S.A.,msc,TOMAKOMAI,1,JPTMK,SUNNY LAUREL,H8BZ,FEEDER,Import/Export,2611E,2611W,2026/06/13,2026/06/13,2026/06/23,,2026/06/23,,2026/06/23,
MSC MEDITERRANEAN SHIPPING COMPANY S.A.,msc,ISHIKARI,7,JPISS,SUNNY LAUREL,H8BZ,FEEDER,Import/Export,2611E,2611W,2026/06/15,2026/06/15,2026/06/24,,2026/06/24,,2026/06/24,
MSC MEDITERRANEAN SHIPPING COMPANY S.A.,msc,KANAZAWA,26,JPKNZ,SUNNY LAUREL,H8BZ,FEEDER,Import/Export,2612E,2612W,2026/06/29,2026/06/29,2026/06/30,,2026/06/30,,2026/07/01,
MSC MEDITERRANEAN SHIPPING COMPANY S.A.,msc,KUSHIRO,8,JPKUH,SUNNY LAUREL,H8BZ,FEEDER,Import/Export,2612E,2612W,2026/07/01,2026/07/02,2026/07/03,,2026/07/03,,2026/07/04,
MSC MEDITERRANEAN SHIPPING COMPANY S.A.,msc,TOMAKOMAI,1,JPTMK,SUNNY LAUREL,H8BZ,FEEDER,Import/Export,2612E,2612W,2026/07/04,2026/07/04,2026/07/05,,2026/07/05,,2026/07/05,
MSC MEDITERRANEAN SHIPPING COMPANY S.A.,msc,CHIBA,14,JPCHB,SUNNY LAVENDER,3FHO8,FEEDER,Import/Export,2608N,2608S,2026/06/16,2026/06/17,2026/06/18,18:30,2026/06/18,19:30,2026/06/19,04:00
MSC MEDITERRANEAN SHIPPING COMPANY S.A.,msc,IMARI,87,JPIMI,SUNNY PALM,DSEK8,FEEDER,Import/Export,2622E,2622W,2026/06/02,2026/06/02,2026/06/02,04:55,2026/06/02,05:30,2026/06/02,10:25
MSC MEDITERRANEAN SHIPPING COMPANY S.A.,msc,NAGASAKI,92,JPNGS,SUNNY PALM,DSEK8,FEEDER,Import/Export,2622E,2622W,2026/06/03,2026/06/03,2026/06/02,18:35,2026/06/03,08:30,2026/06/03,10:10
MSC MEDITERRANEAN SHIPPING COMPANY S.A.,msc,SHIBUSHI,91,JPSBS,SUNNY PALM,DSEK8,FEEDER,Import/Export,2622E,2622W,2026/06/04,2026/06/04,2026/06/04,02:05,2026/06/04,08:00,2026/06/04,13:10
MSC MEDITERRANEAN SHIPPING COMPANY S.A.,msc,SENDAI KAGOSHIMA,97,JPSEN,SUNNY PALM,DSEK8,FEEDER,Import/Export,2622E,2622W,2026/06/05,2026/06/05,2026/06/04,23:30,2026/06/05,07:15,2026/06/05,10:15
MSC MEDITERRANEAN SHIPPING COMPANY S.A.,msc,IMARI,87,JPIMI,SUNNY PALM,DSEK8,FEEDER,Import/Export,2623E,2623W,2026/06/09,2026/06/09,2026/06/09,07:47,2026/06/09,08:20,2026/06/09,11:50
MSC MEDITERRANEAN SHIPPING COMPANY S.A.,msc,YATSUSHIRO,96,JPYAT,SUNNY PALM,DSEK8,FEEDER,Import/Export,2623E,2623W,2026/06/10,2026/06/10,2026/06/10,07:09,2026/06/10,08:10,2026/06/10,17:30
MSC MEDITERRANEAN SHIPPING COMPANY S.A.,msc,SHIBUSHI,91,JPSBS,SUNNY PALM,DSEK8,FEEDER,Import/Export,2623E,2623W,2026/06/11,2026/06/11,2026/06/11,12:17,2026/06/11,13:10,2026/06/11,17:20
MSC MEDITERRANEAN SHIPPING COMPANY S.A.,msc,SENDAI KAGOSHIMA,97,JPSEN,SUNNY PALM,DSEK8,FEEDER,Import/Export,2623E,2623W,2026/06/12,2026/06/12,2026/06/12,,2026/06/12,,2026/06/12,
MSC MEDITERRANEAN SHIPPING COMPANY S.A.,msc,IMARI,87,JPIMI,SUNNY PALM,DSEK8,FEEDER,Import/Export,2624E,2624W,2026/06/16,2026/06/16,2026/06/16,05:45,2026/06/16,06:30,2026/06/16,10:00
MSC MEDITERRANEAN SHIPPING COMPANY S.A.,msc,NAGASAKI,92,JPNGS,SUNNY PALM,DSEK8,FEEDER,Import/Export,2624E,2624W,2026/06/17,2026/06/17,2026/06/16,17:50,2026/06/17,08:30,2026/06/17,10:00
MSC MEDITERRANEAN SHIPPING COMPANY S.A.,msc,SHIBUSHI,91,JPSBS,SUNNY PALM,DSEK8,FEEDER,Import/Export,2624E,2624W,2026/06/18,2026/06/18,2026/06/18,,2026/06/18,,2026/06/18,
MSC MEDITERRANEAN SHIPPING COMPANY S.A.,msc,SENDAI KAGOSHIMA,97,JPSEN,SUNNY PALM,DSEK8,FEEDER,Import/Export,2624E,2624W,2026/06/19,2026/06/19,2026/06/19,,2026/06/19,,2026/06/19,
MSC MEDITERRANEAN SHIPPING COMPANY S.A.,msc,IMARI,87,JPIMI,SUNNY PALM,DSEK8,FEEDER,Import/Export,2624W,2625E,2026/06/19,2026/06/19,2026/06/19,,2026/06/19,,2026/06/19,
MSC MEDITERRANEAN SHIPPING COMPANY S.A.,msc,IMARI,87,JPIMI,SUNNY PALM,DSEK8,FEEDER,Import/Export,2625E,2625W,2026/06/23,2026/06/23,2026/06/23,,2026/06/23,,2026/06/23,
MSC MEDITERRANEAN SHIPPING COMPANY S.A.,msc,YATSUSHIRO,96,JPYAT,SUNNY PALM,DSEK8,FEEDER,Import/Export,2625E,2625W,2026/06/24,2026/06/24,2026/06/24,,2026/06/24,,2026/06/24,
MSC MEDITERRANEAN SHIPPING COMPANY S.A.,msc,SHIBUSHI,91,JPSBS,SUNNY PALM,DSEK8,FEEDER,Import/Export,2625E,2625W,2026/06/25,2026/06/25,2026/06/25,,2026/06/25,,2026/06/25,
MSC MEDITERRANEAN SHIPPING COMPANY S.A.,msc,SENDAI KAGOSHIMA,97,JPSEN,SUNNY PALM,DSEK8,FEEDER,Import/Export,2625E,2625W,2026/06/26,2026/06/26,2026/06/26,,2026/06/26,,2026/06/26,
MSC MEDITERRANEAN SHIPPING COMPANY S.A.,msc,CHIBA,14,JPCHB,SUNNY ROSE,D7PQ,FEEDER,Import/Export,2607N,2607S,2026/06/02,2026/06/03,2026/06/02,20:10,2026/06/02,20:54,2026/06/03,03:20
MSC MEDITERRANEAN SHIPPING COMPANY S.A.,msc,CHIBA,14,JPCHB,SUNNY ROSE,D7PQ,FEEDER,Import/Export,2608N,2608S,2026/06/23,2026/06/24,2026/06/25,,2026/06/25,,2026/06/25,
MSC MEDITERRANEAN SHIPPING COMPANY S.A.,msc,NIIGATA,24,JPKIJ,SUNNY VIOLET,3E5968,FEEDER,Import/Export,2606E,2606W,2026/05/28,2026/05/28,2026/06/05,09:18,2026/06/05,10:20,2026/06/05,15:10
MSC MEDITERRANEAN SHIPPING COMPANY S.A.,msc,HITACHINAKA,21,JPHIC,SUNNY VIOLET,3E5968,FEEDER,Import/Export,2606E,2606W,2026/06/04,2026/06/04,2026/06/06,,2026/06/06,,2026/06/06,
MSC MEDITERRANEAN SHIPPING COMPANY S.A.,msc,AKITA,19,JPAXT,SUNNY VIOLET,3E5968,FEEDER,Import/Export,2606E,2606W,2026/05/30,2026/05/30,2026/06/06,01:40,2026/06/06,09:40,2026/06/06,11:40
MSC MEDITERRANEAN SHIPPING COMPANY S.A.,msc,TOMAKOMAI,1,JPTMK,SUNNY VIOLET,3E5968,FEEDER,Import/Export,2606E,2606W,2026/05/31,2026/05/31,2026/06/07,03:40,2026/06/07,18:55,2026/06/10,16:40
MSC MEDITERRANEAN SHIPPING COMPANY S.A.,msc,HACHINOHE,2,JPHHE,SUNNY VIOLET,3E5968,FEEDER,Import/Export,2606E,2606W,2026/06/01,2026/06/01,2026/06/11,07:44,2026/06/11,08:30,2026/06/11,18:40
MSC MEDITERRANEAN SHIPPING COMPANY S.A.,msc,SENDAI MIYAGI,3,JPSGM,SUNNY VIOLET,3E5968,FEEDER,Import/Export,2606E,2606W,2026/06/03,2026/06/03,2026/06/12,07:54,2026/06/14,04:24,2026/06/14,15:53
MSC MEDITERRANEAN SHIPPING COMPANY S.A.,msc,AKITA,19,JPAXT,SUNNY VIOLET,3E5968,FEEDER,Import/Export,2607E,2607W,2026/06/27,2026/06/27,2026/06/27,,2026/06/28,,2026/06/28,
MSC MEDITERRANEAN SHIPPING COMPANY S.A.,msc,TOMAKOMAI,1,JPTMK,SUNNY VIOLET,3E5968,FEEDER,Import/Export,2607E,2607W,2026/06/28,2026/06/28,2026/06/29,,2026/06/29,,2026/06/29,
MSC MEDITERRANEAN SHIPPING COMPANY S.A.,msc,HACHINOHE,2,JPHHE,SUNNY VIOLET,3E5968,FEEDER,Import/Export,2607E,2607W,2026/06/29,2026/06/29,2026/06/30,,2026/06/30,,2026/06/30,
MSC MEDITERRANEAN SHIPPING COMPANY S.A.,msc,SENDAI MIYAGI,3,JPSGM,SUNNY VIOLET,3E5968,FEEDER,Import/Export,2607E,2607W,2026/07/01,2026/07/01,2026/07/01,,2026/07/01,,2026/07/01,
MSC MEDITERRANEAN SHIPPING COMPANY S.A.,msc,HITACHINAKA,21,JPHIC,SUNNY VIOLET,3E5968,FEEDER,Import/Export,2607E,2607W,2026/07/02,2026/07/02,2026/07/02,,2026/07/02,,2026/07/02,
MSC MEDITERRANEAN SHIPPING COMPANY S.A.,msc,TOKYO,13,JPTYO,TORRANCE,D5YU8,ORIGAMI,Import/Export,HI627A,HI627A,2026/06/28,2026/06/29,2026/07/02,07:00,2026/07/02,08:00,2026/07/03,05:00
MSC MEDITERRANEAN SHIPPING COMPANY S.A.,msc,YOKOHAMA,11,JPYOK,TORRANCE,D5YU8,ORIGAMI,Import/Export,HI627A,HI627A,2026/06/29,2026/06/30,2026/07/03,07:00,2026/07/03,08:00,2026/07/04,05:00
MSC MEDITERRANEAN SHIPPING COMPANY S.A.,msc,YOKKAICHI,36,JPYKK,TORRANCE,D5YU8,ORIGAMI,Import/Export,HI627A,HI627A,2026/07/01,2026/07/01,2026/07/04,20:00,2026/07/04,21:00,2026/07/05,05:00
MSC MEDITERRANEAN SHIPPING COMPANY S.A.,msc,NAGOYA,35,JPNGO,TORRANCE,D5YU8,ORIGAMI,Import/Export,HI627A,HI627A,2026/07/02,2026/07/02,2026/07/05,07:00,2026/07/05,08:00,2026/07/06,05:00
MSC MEDITERRANEAN SHIPPING COMPANY S.A.,msc,SENDAI MIYAGI,3,JPSGM,TOYAMA TRADER,5LLR8,FEEDER,Import/Export,2618E,2618W,2026/05/21,2026/05/21,2026/06/01,11:16,2026/06/01,11:57,2026/06/02,16:03
MSC MEDITERRANEAN SHIPPING COMPANY S.A.,msc,TOMAKOMAI,1,JPTMK,TOYAMA TRADER,5LLR8,FEEDER,Import/Export,2619E,2619W,2026/05/27,2026/05/27,2026/06/01,,2026/06/01,,2026/06/01,
MSC MEDITERRANEAN SHIPPING COMPANY S.A.,msc,SENDAI MIYAGI,3,JPSGM,TOYAMA TRADER,5LLR8,FEEDER,Import/Export,2619E,2619W,2026/05/28,2026/05/28,2026/06/02,,2026/06/02,,2026/06/02,
MSC MEDITERRANEAN SHIPPING COMPANY S.A.,msc,SENDAI MIYAGI,3,JPSGM,TOYAMA TRADER,5LLR8,FEEDER,Import/Export,2620E,2620W,2026/06/04,2026/06/04,2026/06/09,19:36,2026/06/10,05:04,2026/06/10,15:57
MSC MEDITERRANEAN SHIPPING COMPANY S.A.,msc,TOMAKOMAI,1,JPTMK,TOYAMA TRADER,5LLR8,FEEDER,Import/Export,2620E,2620W,2026/06/03,2026/06/03,2026/06/12,06:47,2026/06/12,07:30,2026/06/13,20:00
MSC MEDITERRANEAN SHIPPING COMPANY S.A.,msc,SENDAI MIYAGI,3,JPSGM,TOYAMA TRADER,5LLR8,FEEDER,Import/Export,2621E,2621W,2026/06/11,2026/06/11,2026/06/23,,2026/06/24,,2026/06/24,
MSC MEDITERRANEAN SHIPPING COMPANY S.A.,msc,TOMAKOMAI,1,JPTMK,TOYAMA TRADER,5LLR8,FEEDER,Import/Export,2621E,2621W,2026/06/10,2026/06/10,2026/06/25,,2026/06/25,,2026/06/27,
MSC MEDITERRANEAN SHIPPING COMPANY S.A.,msc,TOMAKOMAI,1,JPTMK,TOYAMA TRADER,5LLR8,FEEDER,Import/Export,2622E,2622W,2026/06/17,2026/06/17,2026/06/30,,2026/06/30,,2026/07/01,
MSC MEDITERRANEAN SHIPPING COMPANY S.A.,msc,SENDAI MIYAGI,3,JPSGM,TOYAMA TRADER,5LLR8,FEEDER,Import/Export,2622E,2622W,2026/06/18,2026/06/18,2026/07/02,,2026/07/02,,2026/07/02,
MSC MEDITERRANEAN SHIPPING COMPANY S.A.,msc,TOMAKOMAI,1,JPTMK,TOYAMA TRADER,5LLR8,FEEDER,Import/Export,2623E,2623W,2026/06/24,2026/06/24,2026/07/03,,2026/07/03,,2026/07/04,
MSC MEDITERRANEAN SHIPPING COMPANY S.A.,msc,SENDAI MIYAGI,3,JPSGM,TOYAMA TRADER,5LLR8,FEEDER,Import/Export,2623E,2623W,2026/06/25,2026/06/25,2026/07/05,,2026/07/05,,2026/07/05,
MSC MEDITERRANEAN SHIPPING COMPANY S.A.,msc,SHIMIZU,30,JPSMZ,TY INCHEON,D8TI,FEEDER,Import/Export,2614E,2614W,2026/05/31,2026/05/31,2026/06/10,13:35,2026/06/10,14:10,2026/06/10,19:25
MSC MEDITERRANEAN SHIPPING COMPANY S.A.,msc,CHIBA,14,JPCHB,TY INCHEON,D8TI,FEEDER,Import/Export,2615E,2615W,2026/06/12,2026/06/12,2026/06/18,,2026/06/18,,2026/06/18,
MSC MEDITERRANEAN SHIPPING COMPANY S.A.,msc,SHIMIZU,30,JPSMZ,TY INCHEON,D8TI,FEEDER,Import/Export,2616E,2616W,2026/06/21,2026/06/21,2026/06/26,,2026/06/26,,2026/06/27,
MSC MEDITERRANEAN SHIPPING COMPANY S.A.,msc,CHIBA,14,JPCHB,TY INCHEON,D8TI,FEEDER,Import/Export,2617E,2617W,2026/07/03,2026/07/03,2026/07/03,,2026/07/03,,2026/07/03,
MSC MEDITERRANEAN SHIPPING COMPANY S.A.,msc,SHIMIZU,30,JPSMZ,VICTORY STAR,VRVY4,FEEDER,Import/Export,2614E,2614W,2026/05/24,2026/05/24,2026/06/04,10:23,2026/06/04,10:42,2026/06/04,17:00
MSC MEDITERRANEAN SHIPPING COMPANY S.A.,msc,CHIBA,14,JPCHB,VICTORY STAR,VRVY4,FEEDER,Import/Export,2615E,2615W,2026/06/05,2026/06/05,2026/06/15,19:00,2026/06/15,19:42,2026/06/16,00:01
MSC MEDITERRANEAN SHIPPING COMPANY S.A.,msc,SHIMIZU,30,JPSMZ,VICTORY STAR,VRVY4,FEEDER,Import/Export,2616E,2616W,2026/06/14,2026/06/14,2026/06/23,,2026/06/23,,2026/06/23,
MSC MEDITERRANEAN SHIPPING COMPANY S.A.,msc,WAKAYAMA,42,JPWAK,VICTORY STAR,VRVY4,FEEDER,Import/Export,2617E,2617W,2026/06/25,2026/06/25,2026/07/01,,2026/07/01,,2026/07/01,
MSC MEDITERRANEAN SHIPPING COMPANY S.A.,msc,CHIBA,14,JPCHB,VICTORY STAR,VRVY4,FEEDER,Import/Export,2617E,2617W,2026/06/26,2026/06/26,2026/07/01,,2026/07/01,,2026/07/01,
MSC MEDITERRANEAN SHIPPING COMPANY S.A.,msc,SHIMIZU,30,JPSMZ,VICTORY STAR,VRVY4,FEEDER,Import/Export,2618E,2618W,2026/07/05,2026/07/05,2026/07/05,,2026/07/05,,2026/07/05,
MSC MEDITERRANEAN SHIPPING COMPANY S.A.,msc,HAMADA,18,JPHMD,VOSTOCHNY VOYAGER,D8CM,FEEDER,Import/Export,2630E,2630W,2026/05/30,2026/05/30,2026/06/01,10:55,2026/06/01,11:18,2026/06/01,16:20
MSC MEDITERRANEAN SHIPPING COMPANY S.A.,msc,TOYAMA SHINKO,25,JPTOS,VOSTOCHNY VOYAGER,D8CM,FEEDER,Import/Export,2633E,2633W,2026/06/11,2026/06/11,2026/06/11,06:17,2026/06/11,07:00,2026/06/11,15:00
MSC MEDITERRANEAN SHIPPING COMPANY S.A.,msc,NIIGATA,24,JPKIJ,VOSTOCHNY VOYAGER,D8CM,FEEDER,Import/Export,2633E,2633W,2026/06/10,2026/06/10,2026/06/12,07:38,2026/06/12,08:55,2026/06/12,17:05
MSC MEDITERRANEAN SHIPPING COMPANY S.A.,msc,KANAZAWA,26,JPKNZ,VOSTOCHNY VOYAGER,D8CM,FEEDER,Import/Export,2633E,2633W,2026/06/12,2026/06/12,2026/06/13,07:40,2026/06/13,08:30,2026/06/13,13:00
MSC MEDITERRANEAN SHIPPING COMPANY S.A.,msc,HAMADA,18,JPHMD,VOSTOCHNY VOYAGER,D8CM,FEEDER,Import/Export,2633E,2633W,2026/06/13,2026/06/13,2026/06/14,10:50,2026/06/14,11:30,2026/06/14,18:40
MSC MEDITERRANEAN SHIPPING COMPANY S.A.,msc,NIIGATA,24,JPKIJ,VOSTOCHNY VOYAGER,D8CM,FEEDER,Import/Export,2636E,2636W,2026/06/24,2026/06/24,2026/06/23,,2026/06/24,,2026/06/24,
MSC MEDITERRANEAN SHIPPING COMPANY S.A.,msc,TOYAMA SHINKO,25,JPTOS,VOSTOCHNY VOYAGER,D8CM,FEEDER,Import/Export,2636E,2636W,2026/06/25,2026/06/25,2026/06/25,,2026/06/25,,2026/06/25,
MSC MEDITERRANEAN SHIPPING COMPANY S.A.,msc,KANAZAWA,26,JPKNZ,VOSTOCHNY VOYAGER,D8CM,FEEDER,Import/Export,2636E,2636W,2026/06/26,2026/06/26,2026/06/26,,2026/06/26,,2026/06/26,
MSC MEDITERRANEAN SHIPPING COMPANY S.A.,msc,HAMADA,18,JPHMD,VOSTOCHNY VOYAGER,D8CM,FEEDER,Import/Export,2636E,2636W,2026/06/27,2026/06/27,2026/06/27,,2026/06/27,,2026/06/27,
MSC MEDITERRANEAN SHIPPING COMPANY S.A.,msc,TOYOHASHI,39,JPTHS,WECAN,D7XP,FEEDER,Import/Export,2619E,2619W,2026/05/30,2026/05/30,2026/06/02,,2026/06/02,,2026/06/02,
MSC MEDITERRANEAN SHIPPING COMPANY S.A.,msc,FUKUYAMA,67,JPFKY,WECAN,D7XP,FEEDER,Import/Export,2619E,2619W,2026/06/02,2026/06/02,2026/06/03,18:25,2026/06/04,06:45,2026/06/04,17:10
MSC MEDITERRANEAN SHIPPING COMPANY S.A.,msc,MIZUSHIMA,50,JPMIZ,WECAN,D7XP,FEEDER,Import/Export,2619E,2619W,2026/06/02,2026/06/02,2026/06/04,19:00,2026/06/05,06:24,2026/06/05,12:14
MSC MEDITERRANEAN SHIPPING COMPANY S.A.,msc,HIROSHIMA,51,JPHIJ,WECAN,D7XP,FEEDER,Import/Export,2619E,2619W,2026/06/03,2026/06/03,2026/06/05,20:14,2026/06/07,08:06,2026/06/07,15:20
MSC MEDITERRANEAN SHIPPING COMPANY S.A.,msc,OITA,78,JPOIP,WECAN,D7XP,FEEDER,Import/Export,2619E,2619W,2026/06/04,2026/06/04,2026/06/07,22:44,2026/06/08,06:48,2026/06/08,15:04
MSC MEDITERRANEAN SHIPPING COMPANY S.A.,msc,SHIMIZU,30,JPSMZ,WECAN,D7XP,FEEDER,Import/Export,2620E,2620W,2026/06/04,2026/06/04,2026/06/07,,2026/06/07,,2026/06/07,
MSC MEDITERRANEAN SHIPPING COMPANY S.A.,msc,TOYOHASHI,39,JPTHS,WECAN,D7XP,FEEDER,Import/Export,2620E,2620W,2026/06/06,2026/06/06,2026/06/08,,2026/06/08,,2026/06/08,
MSC MEDITERRANEAN SHIPPING COMPANY S.A.,msc,TOKUYAMA,62,JPTKY,WECAN,D7XP,FEEDER,Import/Export,2620E,2620W,2026/06/10,2026/06/10,2026/06/11,14:55,2026/06/11,15:40,2026/06/11,20:10
MSC MEDITERRANEAN SHIPPING COMPANY S.A.,msc,FUKUYAMA,67,JPFKY,WECAN,D7XP,FEEDER,Import/Export,2620E,2620W,2026/06/09,2026/06/09,2026/06/12,05:08,2026/06/12,06:00,2026/06/12,12:00
MSC MEDITERRANEAN SHIPPING COMPANY S.A.,msc,MIZUSHIMA,50,JPMIZ,WECAN,D7XP,FEEDER,Import/Export,2620E,2620W,2026/06/09,2026/06/09,2026/06/12,13:45,2026/06/12,14:18,2026/06/12,18:31
MSC MEDITERRANEAN SHIPPING COMPANY S.A.,msc,HIROSHIMA,51,JPHIJ,WECAN,D7XP,FEEDER,Import/Export,2620E,2620W,2026/06/11,2026/06/11,2026/06/14,12:50,2026/06/14,13:24,2026/06/14,19:00
MSC MEDITERRANEAN SHIPPING COMPANY S.A.,msc,SHIMIZU,30,JPSMZ,WECAN,D7XP,FEEDER,Import/Export,2621E,2621W,2026/06/11,2026/06/11,2026/06/13,,2026/06/13,,2026/06/13,
MSC MEDITERRANEAN SHIPPING COMPANY S.A.,msc,TOYOHASHI,39,JPTHS,WECAN,D7XP,FEEDER,Import/Export,2621E,2621W,2026/06/13,2026/06/13,2026/06/14,,2026/06/14,,2026/06/14,
MSC MEDITERRANEAN SHIPPING COMPANY S.A.,msc,FUKUYAMA,67,JPFKY,WECAN,D7XP,FEEDER,Import/Export,2621E,2621W,2026/06/16,2026/06/16,2026/06/19,,2026/06/19,,2026/06/19,
MSC MEDITERRANEAN SHIPPING COMPANY S.A.,msc,MIZUSHIMA,50,JPMIZ,WECAN,D7XP,FEEDER,Import/Export,2621E,2621W,2026/06/16,2026/06/16,2026/06/19,,2026/06/19,,2026/06/19,
MSC MEDITERRANEAN SHIPPING COMPANY S.A.,msc,HIROSHIMA,51,JPHIJ,WECAN,D7XP,FEEDER,Import/Export,2621E,2621W,2026/06/17,2026/06/17,2026/06/20,,2026/06/20,,2026/06/20,
MSC MEDITERRANEAN SHIPPING COMPANY S.A.,msc,OITA,78,JPOIP,WECAN,D7XP,FEEDER,Import/Export,2621E,2621W,2026/06/18,2026/06/18,2026/06/22,,2026/06/22,,2026/06/22,
MSC MEDITERRANEAN SHIPPING COMPANY S.A.,msc,SHIMIZU,30,JPSMZ,WECAN,D7XP,FEEDER,Import/Export,2622E,2622W,2026/06/18,2026/06/18,2026/06/19,,2026/06/19,,2026/06/20,
MSC MEDITERRANEAN SHIPPING COMPANY S.A.,msc,TOYOHASHI,39,JPTHS,WECAN,D7XP,FEEDER,Import/Export,2622E,2622W,2026/06/20,2026/06/20,2026/06/21,,2026/06/21,,2026/06/21,
MSC MEDITERRANEAN SHIPPING COMPANY S.A.,msc,FUKUYAMA,67,JPFKY,WECAN,D7XP,FEEDER,Import/Export,2622E,2622W,2026/06/23,2026/06/23,2026/06/25,,2026/06/25,,2026/06/25,
MSC MEDITERRANEAN SHIPPING COMPANY S.A.,msc,MIZUSHIMA,50,JPMIZ,WECAN,D7XP,FEEDER,Import/Export,2622E,2622W,2026/06/23,2026/06/23,2026/06/25,,2026/06/25,,2026/06/25,
MSC MEDITERRANEAN SHIPPING COMPANY S.A.,msc,TOKUYAMA,62,JPTKY,WECAN,D7XP,FEEDER,Import/Export,2622E,2622W,2026/06/24,2026/06/24,2026/06/26,,2026/06/26,,2026/06/26,
MSC MEDITERRANEAN SHIPPING COMPANY S.A.,msc,HIROSHIMA,51,JPHIJ,WECAN,D7XP,FEEDER,Import/Export,2622E,2622W,2026/06/25,2026/06/25,2026/06/26,,2026/06/26,,2026/06/27,
MSC MEDITERRANEAN SHIPPING COMPANY S.A.,msc,MIZUSHIMA,50,JPMIZ,WECAN,D7XP,FEEDER,Import/Export,2623E,2623W,2026/06/30,2026/06/30,2026/07/01,,2026/07/01,,2026/07/01,
MSC MEDITERRANEAN SHIPPING COMPANY S.A.,msc,FUKUYAMA,67,JPFKY,WECAN,D7XP,FEEDER,Import/Export,2623E,2623W,2026/06/30,2026/06/30,2026/07/01,,2026/07/01,,2026/07/02,
MSC MEDITERRANEAN SHIPPING COMPANY S.A.,msc,HIROSHIMA,51,JPHIJ,WECAN,D7XP,FEEDER,Import/Export,2623E,2623W,2026/07/01,2026/07/01,2026/07/02,,2026/07/02,,2026/07/02,
MSC MEDITERRANEAN SHIPPING COMPANY S.A.,msc,OITA,78,JPOIP,WECAN,D7XP,FEEDER,Import/Export,2623E,2623W,2026/07/02,2026/07/02,2026/07/03,,2026/07/03,,2026/07/03,
MSC MEDITERRANEAN SHIPPING COMPANY S.A.,msc,YOKOHAMA,11,JPYOK,YOKOHAMA EXPRESS,9V7315,AZTEC,Import/Export,2621E,2621E,2026/06/04,2026/06/04,2026/06/11,21:40,2026/06/11,22:25,2026/06/12,15:25
MSC MEDITERRANEAN SHIPPING COMPANY S.A.,msc,TOMAKOMAI,1,JPTMK,YONG SHUN,3E6006,FEEDER,Import/Export,26021E,26021W,2026/05/24,2026/05/25,2026/06/01,06:08,2026/06/01,07:00,2026/06/06,17:55
MSC MEDITERRANEAN SHIPPING COMPANY S.A.,msc,TOMAKOMAI,1,JPTMK,YONG SHUN,3E6006,FEEDER,Import/Export,26022E,26022W,2026/05/31,2026/06/01,2026/06/14,05:58,2026/06/14,06:45,2026/06/16,10:50
MSC MEDITERRANEAN SHIPPING COMPANY S.A.,msc,TOMAKOMAI,1,JPTMK,YONG SHUN,3E6006,FEEDER,Import/Export,26023E,26023W,2026/06/07,2026/06/08,2026/06/07,,2026/06/07,,2026/06/08,
MSC MEDITERRANEAN SHIPPING COMPANY S.A.,msc,TOMAKOMAI,1,JPTMK,YONG SHUN,3E6006,FEEDER,Import/Export,26024E,26024W,2026/06/14,2026/06/15,2026/06/22,,2026/06/22,,2026/06/26,
MSC MEDITERRANEAN SHIPPING COMPANY S.A.,msc,TOMAKOMAI,1,JPTMK,YONG SHUN,3E6006,FEEDER,Import/Export,26025E,26025W,2026/06/21,2026/06/22,2026/06/21,,2026/06/21,,2026/06/22,
MSC MEDITERRANEAN SHIPPING COMPANY S.A.,msc,TOMAKOMAI,1,JPTMK,YONG SHUN,3E6006,FEEDER,Import/Export,26026E,26026W,2026/06/28,2026/06/29,2026/07/02,,2026/07/02,,2026/07/03,
OCEAN NETWORK EXPRESS,one,NAGOYA,35,JPNGO,ACX CRYSTAL,3ESV6,JPH,Import/Export,0328N,0329S,2026/06/27,2026/06/28,2026/06/27,17:00,2026/06/27,18:00,2026/06/28,04:00
OCEAN NETWORK EXPRESS,one,YOKKAICHI,36,JPYKK,ACX CRYSTAL,3ESV6,JPH,Import/Export,0328N,0329S,2026/06/28,2026/06/28,2026/06/28,07:30,2026/06/28,08:30,2026/06/28,12:30
OCEAN NETWORK EXPRESS,one,SHIMIZU,30,JPSMZ,ACX CRYSTAL,3ESV6,JPH,Import/Export,0328N,0329S,2026/06/28,2026/06/29,2026/06/28,22:00,2026/06/28,23:00,2026/06/29,08:00
OCEAN NETWORK EXPRESS,one,TOKYO,13,JPTYO,ACX CRYSTAL,3ESV6,JPH,Import/Export,0328N,0329S,2026/06/29,2026/06/30,2026/06/29,17:00,2026/06/29,18:00,2026/06/30,07:00
OCEAN NETWORK EXPRESS,one,YOKOHAMA,11,JPYOK,ACX CRYSTAL,3ESV6,JPH,Import/Export,0328N,0329S,2026/06/30,2026/06/30,2026/06/30,08:00,2026/06/30,09:00,2026/06/30,18:00
OCEAN NETWORK EXPRESS,one,OSAKA,40,JPOSA,ACX CRYSTAL,3ESV6,JPH,Import/Export,0328N,0329S,2026/07/01,2026/07/02,2026/07/01,19:00,2026/07/01,20:00,2026/07/02,06:00
OCEAN NETWORK EXPRESS,one,KOBE,41,JPUKB,ACX CRYSTAL,3ESV6,JPH,Import/Export,0328N,0329S,2026/07/03,2026/07/04,2026/07/03,12:00,2026/07/03,13:00,2026/07/04,03:00
OCEAN NETWORK EXPRESS,one,TOKYO,13,JPTYO,ADDISON,D5MB8,JKS,Import/Export,059E,059W,2026/06/05,2026/06/07,2026/06/05,16:54,2026/06/06,18:45,2026/06/07,04:49
OCEAN NETWORK EXPRESS,one,NAGOYA,35,JPNGO,ADDISON,D5MB8,JKS,Import/Export,059E,059W,2026/06/07,2026/06/08,2026/06/08,06:05,2026/06/08,07:05,2026/06/08,15:55
OCEAN NETWORK EXPRESS,one,KOBE,41,JPUKB,ADDISON,D5MB8,JKS,Import/Export,059E,059W,2026/06/09,2026/06/10,2026/06/09,16:50,2026/06/09,17:52,2026/06/10,06:40
OCEAN NETWORK EXPRESS,one,KOBE,41,JPUKB,ADDISON,D5MB8,JKS,Import/Export,060E,060W,2026/06/15,2026/06/16,2026/06/15,09:45,2026/06/15,10:31,2026/06/16,08:40
OCEAN NETWORK EXPRESS,one,NAGOYA,35,JPNGO,ADDISON,D5MB8,JKS,Import/Export,060E,060W,2026/06/17,2026/06/18,2026/06/17,07:30,2026/06/17,08:25,2026/06/17,21:00
OCEAN NETWORK EXPRESS,one,TOKYO,13,JPTYO,ADDISON,D5MB8,JKS,Import/Export,060E,060W,2026/06/18,2026/06/20,2026/06/18,17:00,2026/06/18,18:00,2026/06/19,05:00
OCEAN NETWORK EXPRESS,one,TOKYO,13,JPTYO,ADDISON,D5MB8,JKS,Import/Export,061E,061W,2026/06/26,2026/06/28,2026/06/25,13:00,2026/06/26,18:00,2026/06/28,01:00
OCEAN NETWORK EXPRESS,one,NAGOYA,35,JPNGO,ADDISON,D5MB8,JKS,Import/Export,061E,061W,2026/06/28,2026/06/29,2026/06/28,19:00,2026/06/28,20:00,2026/06/29,09:00
OCEAN NETWORK EXPRESS,one,KOBE,41,JPUKB,ADDISON,D5MB8,JKS,Import/Export,061E,061W,2026/06/30,2026/07/01,2026/06/30,08:00,2026/06/30,09:00,2026/07/01,05:00
OCEAN NETWORK EXPRESS,one,KOBE,41,JPUKB,AS CARLOTTA,V2DV5,JKS,Import/Export,532E,532W,2026/06/01,2026/06/02,2026/06/01,11:15,2026/06/01,12:26,2026/06/03,14:42
OCEAN NETWORK EXPRESS,one,NAGOYA,35,JPNGO,AS CARLOTTA,V2DV5,JKS,Import/Export,532E,532W,2026/06/03,2026/06/04,2026/06/04,10:20,2026/06/04,11:40,2026/06/04,19:55
OCEAN NETWORK EXPRESS,one,TOKYO,13,JPTYO,AS CARLOTTA,V2DV5,JKS,Import/Export,532E,532W,2026/06/04,2026/06/06,2026/06/05,15:24,2026/06/06,07:55,2026/06/06,17:44
OCEAN NETWORK EXPRESS,one,HAKATA,77,JPHKT,ASL TAIPEI,VRVM6,THX,Import,2621N,,2026/06/16,2026/06/17,2026/06/21,,2026/06/21,,2026/06/21,
OCEAN NETWORK EXPRESS,one,OSAKA,40,JPOSA,ASL TAIPEI,VRVM6,THX,Import/Export,2621N,2625S,2026/06/18,2026/06/19,2026/06/22,,2026/06/22,,2026/06/23,
OCEAN NETWORK EXPRESS,one,KOBE,41,JPUKB,ASL TAIPEI,VRVM6,THX,Import/Export,2621N,2625S,2026/06/19,2026/06/19,2026/06/23,,2026/06/23,,2026/06/23,
OCEAN NETWORK EXPRESS,one,TOKYO,13,JPTYO,BACH,A8RV5,JSM,Import/Export,326N,327S,2026/06/13,2026/06/14,2026/06/13,06:48,2026/06/13,07:30,2026/06/14,04:16
OCEAN NETWORK EXPRESS,one,YOKOHAMA,11,JPYOK,BACH,A8RV5,JSM,Import/Export,326N,327S,2026/06/14,2026/06/15,2026/06/14,06:15,2026/06/14,15:05,2026/06/15,02:40
OCEAN NETWORK EXPRESS,one,NAGOYA,35,JPNGO,BACH,A8RV5,JSM,Import/Export,326N,327S,2026/06/16,2026/06/17,2026/06/16,06:35,2026/06/16,07:55,2026/06/16,17:45
OCEAN NETWORK EXPRESS,one,KOBE,41,JPUKB,BACH,A8RV5,JSM,Import/Export,326N,327S,2026/06/17,2026/06/19,2026/06/17,14:00,2026/06/17,15:00,2026/06/18,04:00
OCEAN NETWORK EXPRESS,one,TOKYO,13,JPTYO,BAI CHAY BRIDGE,3FAD8,JTI,Import/Export,0151E,0152W,2026/06/06,2026/06/08,2026/06/07,17:56,2026/06/07,18:36,2026/06/09,09:29
OCEAN NETWORK EXPRESS,one,YOKOHAMA,11,JPYOK,BAI CHAY BRIDGE,3FAD8,JTI,Import/Export,0151E,0152W,2026/06/08,2026/06/08,2026/06/09,11:00,2026/06/09,11:35,2026/06/10,04:10
OCEAN NETWORK EXPRESS,one,SHIMIZU,30,JPSMZ,BAI CHAY BRIDGE,3FAD8,JTI,Import/Export,0151E,0152W,2026/06/09,2026/06/09,2026/06/12,22:10,2026/06/12,23:08,2026/06/13,17:55
OCEAN NETWORK EXPRESS,one,NAGOYA,35,JPNGO,BAI CHAY BRIDGE,3FAD8,JTI,Import/Export,0151E,0152W,2026/06/10,2026/06/11,2026/06/14,05:35,2026/06/14,07:10,2026/06/14,20:10
OCEAN NETWORK EXPRESS,one,OSAKA,40,JPOSA,BAI CHAY BRIDGE,3FAD8,JTI,Import/Export,0151E,0152W,2026/06/12,2026/06/12,2026/06/16,06:42,2026/06/16,07:44,2026/06/16,19:23
OCEAN NETWORK EXPRESS,one,KOBE,41,JPUKB,BAI CHAY BRIDGE,3FAD8,JTI,Import/Export,0151E,0152W,2026/06/13,2026/06/13,2026/06/16,20:20,2026/06/16,21:29,2026/06/17,19:30
OCEAN NETWORK EXPRESS,one,TOKYO,13,JPTYO,BANGKOK BRIDGE,3FTZ8,JTI,Import/Export,0516E,0517W,2026/07/04,2026/07/06,2026/07/04,17:00,2026/07/04,18:00,2026/07/06,00:01
OCEAN NETWORK EXPRESS,one,KOBE,41,JPUKB,BEAR MOUNTAIN BRIDGE,3FBQ5,JID,Import/Export,135N,136S,2026/06/25,2026/06/25,2026/06/25,07:30,2026/06/25,08:30,2026/06/25,23:30
OCEAN NETWORK EXPRESS,one,TOKYO,13,JPTYO,BEAR MOUNTAIN BRIDGE,3FBQ5,JID,Import/Export,135N,136S,2026/06/27,2026/06/28,2026/06/27,07:00,2026/06/27,08:00,2026/06/28,04:00
OCEAN NETWORK EXPRESS,one,YOKOHAMA,11,JPYOK,BEAR MOUNTAIN BRIDGE,3FBQ5,JID,Import/Export,135N,136S,2026/06/28,2026/06/28,2026/06/28,07:30,2026/06/28,08:30,2026/06/28,18:00
OCEAN NETWORK EXPRESS,one,SHIMIZU,30,JPSMZ,BEAR MOUNTAIN BRIDGE,3FBQ5,JID,Import/Export,135N,136S,2026/06/29,2026/06/29,2026/06/29,08:00,2026/06/29,09:00,2026/06/29,18:00
OCEAN NETWORK EXPRESS,one,YOKKAICHI,36,JPYKK,BEAR MOUNTAIN BRIDGE,3FBQ5,JID,Import/Export,135N,136S,2026/06/30,2026/06/30,2026/06/30,07:30,2026/06/30,08:30,2026/06/30,17:00
OCEAN NETWORK EXPRESS,one,NAGOYA,35,JPNGO,BEAR MOUNTAIN BRIDGE,3FBQ5,JID,Import/Export,135N,136S,2026/07/01,2026/07/01,2026/07/01,07:00,2026/07/01,08:00,2026/07/01,18:00
OCEAN NETWORK EXPRESS,one,TOKYO,13,JPTYO,BF GIANT,A8UK9,NZJ,Import/Export,011N,012S,2026/07/02,2026/07/03,2026/07/02,15:00,2026/07/02,16:00,2026/07/03,04:00
OCEAN NETWORK EXPRESS,one,KOBE,41,JPUKB,BF GIANT,A8UK9,NZJ,Import/Export,011N,012S,2026/07/04,2026/07/04,2026/07/04,07:00,2026/07/04,08:00,2026/07/04,18:00
OCEAN NETWORK EXPRESS,one,TOKYO,13,JPTYO,BRIGHT SAKURA,3E5997,JSM,Import/Export,016N,017S,2026/06/20,2026/06/21,2026/06/24,07:00,2026/06/24,08:00,2026/06/25,02:00
OCEAN NETWORK EXPRESS,one,YOKOHAMA,11,JPYOK,BRIGHT SAKURA,3E5997,JSM,Import/Export,016N,017S,2026/06/21,2026/06/22,2026/06/25,07:00,2026/06/25,08:00,2026/06/25,18:00
OCEAN NETWORK EXPRESS,one,NAGOYA,35,JPNGO,BRIGHT SAKURA,3E5997,JSM,Import/Export,016N,017S,2026/06/23,2026/06/24,2026/06/26,11:00,2026/06/26,12:00,2026/06/26,23:00
OCEAN NETWORK EXPRESS,one,KOBE,41,JPUKB,BRIGHT SAKURA,3E5997,JSM,Import/Export,016N,017S,2026/06/24,2026/06/26,2026/06/27,17:00,2026/06/27,18:00,2026/06/28,06:00
OCEAN NETWORK EXPRESS,one,NAGOYA,35,JPNGO,BRIGHTON,2ANQ9,PN1,Import/Export,026E,026E,2026/06/26,2026/06/27,2026/06/26,18:00,2026/06/26,19:00,2026/06/27,12:00
OCEAN NETWORK EXPRESS,one,TOKYO,13,JPTYO,BRIGHTON,2ANQ9,PN1,Import/Export,026E,026E,2026/06/28,2026/06/28,2026/06/28,07:00,2026/06/28,08:00,2026/06/28,22:00
OCEAN NETWORK EXPRESS,one,TOKYO,13,JPTYO,BROOKLYN BRIDGE,7KPG,JTI,Import/Export,0182E,0183W,2026/05/30,2026/06/01,2026/05/31,16:52,2026/05/31,17:37,2026/06/02,04:52
OCEAN NETWORK EXPRESS,one,YOKOHAMA,11,JPYOK,BROOKLYN BRIDGE,7KPG,JTI,Import/Export,0182E,0183W,2026/06/01,2026/06/01,2026/06/02,06:15,2026/06/02,06:55,2026/06/02,16:35
OCEAN NETWORK EXPRESS,one,SHIMIZU,30,JPSMZ,BROOKLYN BRIDGE,7KPG,JTI,Import/Export,0182E,0183W,2026/06/02,2026/06/02,2026/06/04,17:25,2026/06/04,18:23,2026/06/05,14:35
OCEAN NETWORK EXPRESS,one,NAGOYA,35,JPNGO,BROOKLYN BRIDGE,7KPG,JTI,Import/Export,0182E,0183W,2026/06/03,2026/06/04,2026/06/06,05:25,2026/06/06,06:55,2026/06/06,22:20
OCEAN NETWORK EXPRESS,one,OSAKA,40,JPOSA,BROOKLYN BRIDGE,7KPG,JTI,Import/Export,0182E,0183W,2026/06/05,2026/06/05,2026/06/07,15:39,2026/06/07,16:38,2026/06/08,06:10
OCEAN NETWORK EXPRESS,one,KOBE,41,JPUKB,BROOKLYN BRIDGE,7KPG,JTI,Import/Export,0182E,0183W,2026/06/06,2026/06/06,2026/06/08,07:15,2026/06/08,08:30,2026/06/09,00:41
OCEAN NETWORK EXPRESS,one,TOKYO,13,JPTYO,CARL SCHULTE,9V2334,PN1,Import/Export,014W,014W,2026/06/23,2026/06/24,2026/06/25,07:00,2026/06/25,08:00,2026/06/26,12:00
OCEAN NETWORK EXPRESS,one,NAGOYA,35,JPNGO,CARL SCHULTE,9V2334,PN1,Import/Export,014W,014W,2026/06/27,2026/06/28,2026/06/27,07:30,2026/06/27,08:30,2026/06/27,17:00
OCEAN NETWORK EXPRESS,one,KOBE,41,JPUKB,CARL SCHULTE,9V2334,PN1,Import/Export,014W,014W,2026/06/25,2026/06/26,2026/06/28,11:00,2026/06/28,12:00,2026/06/29,09:00
OCEAN NETWORK EXPRESS,one,NAGOYA,35,JPNGO,CHARLOTTE SCHULTE,9V9804,PN1,Import/Export,611W,611W,2026/05/30,2026/05/30,2026/06/01,09:10,2026/06/01,10:30,2026/06/01,19:45
OCEAN NETWORK EXPRESS,one,KOBE,41,JPUKB,CHARLOTTE SCHULTE,9V9804,PN1,Import/Export,611W,611W,2026/05/28,2026/05/29,2026/06/04,12:35,2026/06/04,13:34,2026/06/05,02:01
OCEAN NETWORK EXPRESS,one,NAGOYA,35,JPNGO,CHARLOTTE SCHULTE,9V9804,PN1,Import/Export,612E,612E,2026/06/12,2026/06/13,2026/06/16,10:55,2026/06/16,12:25,2026/06/16,21:00
OCEAN NETWORK EXPRESS,one,TOKYO,13,JPTYO,CHARLOTTE SCHULTE,9V9804,PN1,Import/Export,612E,612E,2026/06/14,2026/06/14,2026/06/17,12:00,2026/06/17,13:00,2026/06/18,05:00
OCEAN NETWORK EXPRESS,one,KOBE,41,JPUKB,CORAL ISLANDER II,HORQ,SPS,Import/Export,170,170,2026/06/10,2026/06/10,2026/06/30,,2026/06/30,,2026/06/30,
OCEAN NETWORK EXPRESS,one,NAGOYA,35,JPNGO,CORAL ISLANDER II,HORQ,SPS,Import/Export,170,170,2026/06/11,2026/06/11,2026/07/01,,2026/07/01,,2026/07/01,
OCEAN NETWORK EXPRESS,one,YOKOHAMA,11,JPYOK,CORAL ISLANDER II,HORQ,SPS,Import/Export,170,170,2026/06/11,2026/06/12,2026/07/02,,2026/07/02,,2026/07/02,
OCEAN NETWORK EXPRESS,one,TOKYO,13,JPTYO,COSCO FELIXSTOWE,2BOW3,NZJ,Import/Export,203N,204S,2026/06/04,2026/06/05,2026/06/05,02:24,2026/06/06,18:24,2026/06/07,06:06
OCEAN NETWORK EXPRESS,one,KOBE,41,JPUKB,COSCO FELIXSTOWE,2BOW3,NZJ,Import/Export,203N,204S,2026/06/06,2026/06/06,2026/06/08,06:50,2026/06/08,08:07,2026/06/08,16:40
OCEAN NETWORK EXPRESS,one,TOKYO,13,JPTYO,COSCO HAMBURG,2BOX9,NZJ,Import/Export,295N,296S,2026/06/11,2026/06/12,2026/06/12,22:48,2026/06/13,17:52,2026/06/14,05:26
OCEAN NETWORK EXPRESS,one,KOBE,41,JPUKB,COSCO HAMBURG,2BOX9,NZJ,Import/Export,295N,296S,2026/06/13,2026/06/13,2026/06/15,06:45,2026/06/15,07:35,2026/06/15,16:53
OCEAN NETWORK EXPRESS,one,TOKYO,13,JPTYO,EMMANUEL P,V7A5488,JSM,Import/Export,009N,010S,2026/05/30,2026/05/31,2026/05/31,18:06,2026/06/01,07:20,2026/06/01,21:57
OCEAN NETWORK EXPRESS,one,NAGOYA,35,JPNGO,EMMANUEL P,V7A5488,JSM,Import/Export,009N,010S,2026/06/02,2026/06/03,2026/06/04,20:15,2026/06/04,21:30,2026/06/05,06:05
OCEAN NETWORK EXPRESS,one,KOBE,41,JPUKB,EMMANUEL P,V7A5488,JSM,Import/Export,009N,010S,2026/06/03,2026/06/05,2026/06/06,06:20,2026/06/06,07:21,2026/06/06,16:44
OCEAN NETWORK EXPRESS,one,TOKYO,13,JPTYO,EMMANUEL P,V7A5488,JSM,Import/Export,010N,011S,2026/06/27,2026/06/28,2026/06/27,17:00,2026/06/27,18:00,2026/06/28,12:00
OCEAN NETWORK EXPRESS,one,YOKOHAMA,11,JPYOK,EMMANUEL P,V7A5488,JSM,Import/Export,010N,011S,2026/06/28,2026/06/29,2026/06/28,13:00,2026/06/28,14:00,2026/06/29,00:01
OCEAN NETWORK EXPRESS,one,NAGOYA,35,JPNGO,EMMANUEL P,V7A5488,JSM,Import/Export,010N,011S,2026/06/30,2026/07/01,2026/06/30,14:00,2026/06/30,15:00,2026/07/01,02:00
OCEAN NETWORK EXPRESS,one,KOBE,41,JPUKB,EMMANUEL P,V7A5488,JSM,Import/Export,010N,011S,2026/07/01,2026/07/03,2026/07/01,18:00,2026/07/01,19:00,2026/07/02,07:00
OCEAN NETWORK EXPRESS,one,HAKATA,77,JPHKT,ERASMUS FUTURE,3E7786,JK2,Import/Export,265E,265W,2026/05/30,2026/05/30,2026/05/31,00:36,2026/06/01,05:42,2026/06/01,14:42
OCEAN NETWORK EXPRESS,one,KOBE,41,JPUKB,ERASMUS FUTURE,3E7786,JK2,Import/Export,266E,266W,2026/06/03,2026/06/04,2026/06/03,,2026/06/03,,2026/06/04,
OCEAN NETWORK EXPRESS,one,OSAKA,40,JPOSA,ERASMUS FUTURE,3E7786,JK2,Import/Export,266E,266W,2026/06/03,2026/06/03,2026/06/04,08:52,2026/06/04,09:45,2026/06/05,06:02
OCEAN NETWORK EXPRESS,one,MOJI,70,JPMOJ,ERASMUS FUTURE,3E7786,JK2,Import/Export,266E,266W,2026/06/05,2026/06/05,2026/06/06,06:52,2026/06/06,07:22,2026/06/06,19:56
OCEAN NETWORK EXPRESS,one,HAKATA,77,JPHKT,ERASMUS FUTURE,3E7786,JK2,Import/Export,266E,266W,2026/06/06,2026/06/06,2026/06/07,03:20,2026/06/07,04:06,2026/06/07,13:39
OCEAN NETWORK EXPRESS,one,OSAKA,40,JPOSA,ERASMUS FUTURE,3E7786,JK2,Import/Export,267E,267W,2026/06/10,2026/06/10,2026/06/10,14:28,2026/06/10,15:22,2026/06/11,05:56
OCEAN NETWORK EXPRESS,one,KOBE,41,JPUKB,ERASMUS FUTURE,3E7786,JK2,Import/Export,267E,267W,2026/06/10,2026/06/11,2026/06/11,06:45,2026/06/11,07:30,2026/06/11,11:15
OCEAN NETWORK EXPRESS,one,MOJI,70,JPMOJ,ERASMUS FUTURE,3E7786,JK2,Import/Export,267E,267W,2026/06/12,2026/06/12,2026/06/12,14:24,2026/06/12,14:52,2026/06/12,22:18
OCEAN NETWORK EXPRESS,one,HAKATA,77,JPHKT,ERASMUS FUTURE,3E7786,JK2,Import/Export,267E,267W,2026/06/13,2026/06/13,2026/06/13,05:46,2026/06/13,06:32,2026/06/13,13:39
OCEAN NETWORK EXPRESS,one,OSAKA,40,JPOSA,ERASMUS FUTURE,3E7786,JK2,Import/Export,268E,268W,2026/06/17,2026/06/17,2026/06/18,07:00,2026/06/18,08:00,2026/06/18,18:00
OCEAN NETWORK EXPRESS,one,KOBE,41,JPUKB,ERASMUS FUTURE,3E7786,JK2,Import/Export,268E,268W,2026/06/17,2026/06/18,2026/06/18,20:00,2026/06/18,21:00,2026/06/19,04:00
OCEAN NETWORK EXPRESS,one,MOJI,70,JPMOJ,ERASMUS FUTURE,3E7786,JK2,Import/Export,268E,268W,2026/06/19,2026/06/19,2026/06/20,07:30,2026/06/20,08:30,2026/06/20,20:00
OCEAN NETWORK EXPRESS,one,HAKATA,77,JPHKT,ERASMUS FUTURE,3E7786,JK2,Import/Export,268E,268W,2026/06/20,2026/06/20,2026/06/21,04:00,2026/06/21,05:00,2026/06/21,14:00
OCEAN NETWORK EXPRESS,one,OSAKA,40,JPOSA,ERASMUS FUTURE,3E7786,JK2,Import/Export,269E,269W,2026/06/24,2026/06/24,2026/06/25,07:00,2026/06/25,08:00,2026/06/25,18:00
OCEAN NETWORK EXPRESS,one,KOBE,41,JPUKB,ERASMUS FUTURE,3E7786,JK2,Import/Export,269E,269W,2026/06/24,2026/06/25,2026/06/25,20:00,2026/06/25,21:00,2026/06/26,04:00
OCEAN NETWORK EXPRESS,one,MOJI,70,JPMOJ,ERASMUS FUTURE,3E7786,JK2,Import/Export,269E,269W,2026/06/26,2026/06/26,2026/06/27,07:30,2026/06/27,08:30,2026/06/27,20:00
OCEAN NETWORK EXPRESS,one,HAKATA,77,JPHKT,ERASMUS FUTURE,3E7786,JK2,Import/Export,269E,269W,2026/06/27,2026/06/27,2026/06/28,04:00,2026/06/28,05:00,2026/06/28,14:00
OCEAN NETWORK EXPRESS,one,OSAKA,40,JPOSA,ERASMUS FUTURE,3E7786,JK2,Import/Export,270E,270W,2026/07/01,2026/07/01,2026/07/01,07:00,2026/07/01,08:00,2026/07/01,18:00
OCEAN NETWORK EXPRESS,one,KOBE,41,JPUKB,ERASMUS FUTURE,3E7786,JK2,Import/Export,270E,270W,2026/07/01,2026/07/02,2026/07/01,20:00,2026/07/01,21:00,2026/07/02,04:00
OCEAN NETWORK EXPRESS,one,MOJI,70,JPMOJ,ERASMUS FUTURE,3E7786,JK2,Import/Export,270E,270W,2026/07/03,2026/07/03,2026/07/03,07:30,2026/07/03,08:30,2026/07/03,20:00
OCEAN NETWORK EXPRESS,one,HAKATA,77,JPHKT,ERASMUS FUTURE,3E7786,JK2,Import/Export,270E,270W,2026/07/04,2026/07/04,2026/07/04,04:00,2026/07/04,05:00,2026/07/04,14:00
OCEAN NETWORK EXPRESS,one,KOBE,41,JPUKB,HMM GOODWILL,D7GW,JID,Import/Export,001S,001S,2026/06/04,2026/06/04,2026/06/04,17:05,2026/06/04,17:57,2026/06/05,15:30
OCEAN NETWORK EXPRESS,one,TOKYO,13,JPTYO,HMM GOODWILL,D7GW,JID,Import/Export,001S,001S,2026/06/06,2026/06/07,2026/06/07,06:57,2026/06/07,07:42,2026/06/07,16:50
OCEAN NETWORK EXPRESS,one,YOKOHAMA,11,JPYOK,HMM GOODWILL,D7GW,JID,Import/Export,001S,001S,2026/06/07,2026/06/07,2026/06/07,18:45,2026/06/07,19:25,2026/06/08,04:40
OCEAN NETWORK EXPRESS,one,SHIMIZU,30,JPSMZ,HMM GOODWILL,D7GW,JID,Import/Export,001S,001S,2026/06/08,2026/06/08,2026/06/09,11:50,2026/06/09,12:47,2026/06/09,16:12
OCEAN NETWORK EXPRESS,one,NAGOYA,35,JPNGO,HMM GOODWILL,D7GW,JID,Import/Export,001S,001S,2026/06/10,2026/06/10,2026/06/10,06:40,2026/06/10,08:00,2026/06/10,16:05
OCEAN NETWORK EXPRESS,one,YOKKAICHI,36,JPYKK,HMM GOODWILL,D7GW,JID,Import/Export,001S,001S,2026/06/09,2026/06/09,2026/06/10,17:42,2026/06/11,07:45,2026/06/11,11:50
OCEAN NETWORK EXPRESS,one,TOKYO,13,JPTYO,HMM VANCOUVER,D7CX,PN3,Import/Export,305W,305W,2026/06/28,2026/06/29,2026/06/30,19:30,2026/06/30,20:30,2026/07/01,13:30
OCEAN NETWORK EXPRESS,one,KOBE,41,JPUKB,HMM VANCOUVER,D7CX,PN3,Import/Export,305W,305W,2026/07/01,2026/07/02,2026/07/02,22:30,2026/07/03,02:30,2026/07/03,15:30
OCEAN NETWORK EXPRESS,one,YOKOHAMA,11,JPYOK,HYUNDAI COURAGE,V7PP4,AX4,Import/Export,123W,123W,2026/06/16,2026/06/17,2026/06/16,19:00,2026/06/16,20:00,2026/06/17,02:50
OCEAN NETWORK EXPRESS,one,TOKYO,13,JPTYO,HYUNDAI FORWARD,V7PX2,PN3,Import/Export,169W,169W,2026/06/21,2026/06/22,2026/06/21,22:30,2026/06/21,23:30,2026/06/22,16:30
OCEAN NETWORK EXPRESS,one,KOBE,41,JPUKB,HYUNDAI FORWARD,V7PX2,PN3,Import/Export,169W,169W,2026/06/24,2026/06/25,2026/06/24,11:00,2026/06/24,12:00,2026/06/25,01:00
OCEAN NETWORK EXPRESS,one,TOKYO,13,JPTYO,HYUNDAI JUPITER,MEED8,PS3,Import/Export,049W,049W,2026/06/29,2026/06/30,2026/07/04,17:00,2026/07/04,18:00,2026/07/05,12:00
OCEAN NETWORK EXPRESS,one,KOBE,41,JPUKB,HYUNDAI MARS,MGGA6,FP1,Import,054E,,2026/06/21,2026/06/22,2026/06/23,16:00,2026/06/23,17:00,2026/06/24,11:00
OCEAN NETWORK EXPRESS,one,NAGOYA,35,JPNGO,HYUNDAI MARS,MGGA6,FP1,Import,054E,,2026/06/23,2026/06/24,2026/06/25,07:00,2026/06/25,08:00,2026/06/26,03:00
OCEAN NETWORK EXPRESS,one,TOKYO,13,JPTYO,HYUNDAI PLUTO,MEDZ8,FP2,Import,045W,,,,2026/06/15,07:00,2026/06/15,07:45,2026/06/15,18:59
OCEAN NETWORK EXPRESS,one,KOBE,41,JPUKB,HYUNDAI PLUTO,MEDZ8,FP2,Import,045W,,,,2026/06/17,06:50,2026/06/17,08:10,2026/06/18,06:40
OCEAN NETWORK EXPRESS,one,KOBE,41,JPUKB,INTERASIA TENACITY,9V9131,JS3,Import/Export,N020,S021,2026/05/26,2026/05/27,2026/06/05,09:45,2026/06/05,10:40,2026/06/06,06:05
OCEAN NETWORK EXPRESS,one,OSAKA,40,JPOSA,INTERASIA TENACITY,9V9131,JS3,Import/Export,N020,S021,2026/05/25,2026/05/26,2026/06/06,06:50,2026/06/06,07:39,2026/06/07,06:09
OCEAN NETWORK EXPRESS,one,YOKOHAMA,11,JPYOK,INTERASIA TENACITY,9V9131,JS3,Import/Export,N020,S021,2026/05/29,2026/05/30,2026/06/08,22:15,2026/06/08,23:00,2026/06/10,05:35
OCEAN NETWORK EXPRESS,one,TOKYO,13,JPTYO,INTERASIA TENACITY,9V9131,JS3,Import/Export,N020,S021,2026/05/30,2026/05/31,2026/06/10,07:30,2026/06/10,17:28,2026/06/11,14:20
OCEAN NETWORK EXPRESS,one,OSAKA,40,JPOSA,INTERASIA TENACITY,9V9131,JS3,Import/Export,N021,S022,2026/06/29,2026/06/30,2026/07/02,,2026/07/02,,2026/07/04,
OCEAN NETWORK EXPRESS,one,KOBE,41,JPUKB,INTERASIA TENACITY,9V9131,JS3,Import/Export,N021,S022,2026/06/30,2026/07/01,2026/07/04,,2026/07/04,,2026/07/05,
OCEAN NETWORK EXPRESS,one,NAGOYA,35,JPNGO,INTERASIA TENACITY,9V9131,JS3,Import/Export,N021,S022,2026/07/02,2026/07/02,2026/07/05,,2026/07/05,,2026/07/06,
OCEAN NETWORK EXPRESS,one,YOKOHAMA,11,JPYOK,IQUIQUE EXPRESS,5LQD5,AX3,Import/Export,2610W,2610W,2026/05/30,2026/05/31,2026/05/31,17:55,2026/05/31,18:35,2026/06/01,22:25
OCEAN NETWORK EXPRESS,one,YOKOHAMA,11,JPYOK,IQUIQUE EXPRESS,5LQD5,AX3,Import/Export,2623E,2623E,2026/06/17,2026/06/18,2026/06/23,21:00,2026/06/23,22:00,2026/06/24,08:00
OCEAN NETWORK EXPRESS,one,KOBE,41,JPUKB,IRENES RALLY,5BNU6,JKS,Import/Export,014E,014W,2026/06/29,2026/06/30,2026/06/28,10:00,2026/06/29,17:00,2026/06/30,13:00
OCEAN NETWORK EXPRESS,one,NAGOYA,35,JPNGO,IRENES RALLY,5BNU6,JKS,Import/Export,014E,014W,2026/07/01,2026/07/02,2026/07/01,11:00,2026/07/01,12:00,2026/07/02,01:00
OCEAN NETWORK EXPRESS,one,TOKYO,13,JPTYO,IRENES RALLY,5BNU6,JKS,Import/Export,014E,014W,2026/07/02,2026/07/04,2026/07/02,17:00,2026/07/02,18:00,2026/07/03,08:00
OCEAN NETWORK EXPRESS,one,TOYAMA,25,JPTOS,JIA DE,BPZP5,BNX,Import/Export,26021E,26021W,2026/05/24,2026/05/24,2026/06/05,07:02,2026/06/05,07:50,2026/06/05,17:15
OCEAN NETWORK EXPRESS,one,NIIGATA,24,JPKIJ,JIA DE,BPZP5,BNX,Import/Export,26021E,26021W,2026/05/26,2026/05/26,2026/06/07,06:15,2026/06/07,07:20,2026/06/07,17:00
OCEAN NETWORK EXPRESS,one,AKITA,19,JPAXT,JIA DE,BPZP5,BNX,Import/Export,26021E,26021W,2026/05/25,2026/05/25,2026/06/08,05:00,2026/06/08,07:30,2026/06/08,11:30
OCEAN NETWORK EXPRESS,one,AKITA,19,JPAXT,JIA DE,BPZP5,BNX,Import/Export,26022E,26022W,2026/06/01,2026/06/01,2026/06/14,09:00,2026/06/15,07:00,2026/06/15,11:50
OCEAN NETWORK EXPRESS,one,TOYAMA,25,JPTOS,JIA DE,BPZP5,BNX,Import/Export,26022E,26022W,2026/05/31,2026/05/31,2026/06/16,11:44,2026/06/16,12:30,2026/06/16,20:15
OCEAN NETWORK EXPRESS,one,NIIGATA,24,JPKIJ,JIA DE,BPZP5,BNX,Import/Export,26022E,26022W,2026/06/02,2026/06/02,2026/06/17,13:15,2026/06/17,14:15,2026/06/18,03:00
OCEAN NETWORK EXPRESS,one,TOYAMA,25,JPTOS,JIA DE,BPZP5,BNX,Import/Export,26023E,26023W,2026/06/07,2026/06/07,2026/06/23,,2026/06/23,,2026/06/23,
OCEAN NETWORK EXPRESS,one,AKITA,19,JPAXT,JIA DE,BPZP5,BNX,Import/Export,26023E,26023W,2026/06/08,2026/06/08,2026/06/24,,2026/06/24,,2026/06/24,
OCEAN NETWORK EXPRESS,one,NIIGATA,24,JPKIJ,JIA DE,BPZP5,BNX,Import/Export,26023E,26023W,2026/06/09,2026/06/09,2026/06/25,,2026/06/25,,2026/06/25,
OCEAN NETWORK EXPRESS,one,TOYAMA,25,JPTOS,JIA DE,BPZP5,BNX,Import/Export,26025E,26025W,2026/06/21,2026/06/21,2026/06/30,,2026/06/30,,2026/06/30,
OCEAN NETWORK EXPRESS,one,AKITA,19,JPAXT,JIA DE,BPZP5,BNX,Import/Export,26025E,26025W,2026/06/22,2026/06/22,2026/07/01,,2026/07/01,,2026/07/01,
OCEAN NETWORK EXPRESS,one,NIIGATA,24,JPKIJ,JIA DE,BPZP5,BNX,Import/Export,26025E,26025W,2026/06/23,2026/06/23,2026/07/02,,2026/07/02,,2026/07/02,
OCEAN NETWORK EXPRESS,one,YOKOHAMA,11,JPYOK,KALAMAZOO,9V5023,AHX,Import/Export,059W,060E,2026/06/11,2026/06/12,2026/06/12,14:25,2026/06/12,15:40,2026/06/12,20:40
OCEAN NETWORK EXPRESS,one,KOBE,41,JPUKB,LOS ANDES BRIDGE,3EWK3,JPH,Import/Export,0236N,0237S,2026/05/29,2026/05/30,2026/05/31,16:40,2026/05/31,17:23,2026/06/01,00:59
OCEAN NETWORK EXPRESS,one,NAGOYA,35,JPNGO,LOS ANDES BRIDGE,3EWK3,JPH,Import/Export,0237N,0238S,2026/06/13,2026/06/14,2026/06/13,16:50,2026/06/13,18:05,2026/06/14,05:55
OCEAN NETWORK EXPRESS,one,YOKKAICHI,36,JPYKK,LOS ANDES BRIDGE,3EWK3,JPH,Import/Export,0237N,0238S,2026/06/14,2026/06/14,2026/06/14,07:05,2026/06/14,08:00,2026/06/14,11:50
OCEAN NETWORK EXPRESS,one,SHIMIZU,30,JPSMZ,LOS ANDES BRIDGE,3EWK3,JPH,Import/Export,0237N,0238S,2026/06/14,2026/06/15,2026/06/14,20:55,2026/06/14,22:18,2026/06/15,09:54
OCEAN NETWORK EXPRESS,one,TOKYO,13,JPTYO,LOS ANDES BRIDGE,3EWK3,JPH,Import/Export,0237N,0238S,2026/06/15,2026/06/16,2026/06/15,20:24,2026/06/15,21:11,2026/06/16,04:42
OCEAN NETWORK EXPRESS,one,YOKOHAMA,11,JPYOK,LOS ANDES BRIDGE,3EWK3,JPH,Import/Export,0237N,0238S,2026/06/16,2026/06/16,2026/06/16,06:10,2026/06/16,06:45,2026/06/16,16:10
OCEAN NETWORK EXPRESS,one,OSAKA,40,JPOSA,LOS ANDES BRIDGE,3EWK3,JPH,Import/Export,0237N,0238S,2026/06/17,2026/06/18,2026/06/17,17:00,2026/06/17,18:00,2026/06/18,06:15
OCEAN NETWORK EXPRESS,one,KOBE,41,JPUKB,LOS ANDES BRIDGE,3EWK3,JPH,Import/Export,0237N,0238S,2026/06/19,2026/06/20,2026/06/18,07:00,2026/06/19,08:00,2026/06/20,09:00
OCEAN NETWORK EXPRESS,one,NAGOYA,35,JPNGO,LOS ANDES BRIDGE,3EWK3,JPH,Import/Export,0238N,0239S,2026/07/04,2026/07/05,2026/07/04,17:00,2026/07/04,18:00,2026/07/05,04:00
OCEAN NETWORK EXPRESS,one,YOKKAICHI,36,JPYKK,LOS ANDES BRIDGE,3EWK3,JPH,Import/Export,0238N,0239S,2026/07/05,2026/07/05,2026/07/05,07:30,2026/07/05,08:30,2026/07/05,12:30
OCEAN NETWORK EXPRESS,one,SHIMIZU,30,JPSMZ,LOS ANDES BRIDGE,3EWK3,JPH,Import/Export,0238N,0239S,2026/07/05,2026/07/06,2026/07/05,22:00,2026/07/05,23:00,2026/07/06,08:00
OCEAN NETWORK EXPRESS,one,YOKOHAMA,11,JPYOK,MARINA SAPPHIRE,5LVR3,OC9,Import/Export,623N,624W,2026/06/12,2026/06/13,2026/06/11,17:25,2026/06/11,18:20,2026/06/12,02:55
OCEAN NETWORK EXPRESS,one,NAGOYA,35,JPNGO,MARINA SAPPHIRE,5LVR3,OC9,Import/Export,623N,624W,2026/06/14,2026/06/14,2026/06/12,17:10,2026/06/12,18:35,2026/06/12,22:35
OCEAN NETWORK EXPRESS,one,KOBE,41,JPUKB,MARINA SAPPHIRE,5LVR3,OC9,Import/Export,623N,624W,2026/06/15,2026/06/15,2026/06/13,16:00,2026/06/13,16:58,2026/06/13,22:29
OCEAN NETWORK EXPRESS,one,YOKOHAMA,11,JPYOK,MARINA SAPPHIRE,5LVR3,OC9,Import/Export,625N,626W,2026/06/26,2026/06/27,2026/06/24,18:00,2026/06/24,19:00,2026/06/25,02:00
OCEAN NETWORK EXPRESS,one,NAGOYA,35,JPNGO,MARINA SAPPHIRE,5LVR3,OC9,Import/Export,625N,626W,2026/06/28,2026/06/28,2026/06/25,19:00,2026/06/25,20:00,2026/06/26,02:00
OCEAN NETWORK EXPRESS,one,KOBE,41,JPUKB,MARINA SAPPHIRE,5LVR3,OC9,Import/Export,625N,626W,2026/06/29,2026/06/29,2026/06/26,20:00,2026/06/26,21:00,2026/06/27,04:00
OCEAN NETWORK EXPRESS,one,YOKOHAMA,11,JPYOK,MERATUS TOMINI,3E4971,OC9,Import/Export,622N,623W,2026/06/05,2026/06/06,2026/06/05,11:30,2026/06/05,12:05,2026/06/05,20:50
OCEAN NETWORK EXPRESS,one,NAGOYA,35,JPNGO,MERATUS TOMINI,3E4971,OC9,Import/Export,622N,623W,2026/06/07,2026/06/07,2026/06/06,15:25,2026/06/06,16:25,2026/06/06,20:40
OCEAN NETWORK EXPRESS,one,KOBE,41,JPUKB,MERATUS TOMINI,3E4971,OC9,Import/Export,622N,623W,2026/06/08,2026/06/08,2026/06/07,12:20,2026/06/07,13:32,2026/06/08,06:04
OCEAN NETWORK EXPRESS,one,YOKOHAMA,11,JPYOK,MERATUS TOMINI,3E4971,OC9,Import/Export,624N,625W,2026/06/19,2026/06/20,2026/06/19,07:30,2026/06/19,08:30,2026/06/19,17:00
OCEAN NETWORK EXPRESS,one,NAGOYA,35,JPNGO,MERATUS TOMINI,3E4971,OC9,Import/Export,624N,625W,2026/06/21,2026/06/21,2026/06/20,07:30,2026/06/20,08:30,2026/06/20,18:00
OCEAN NETWORK EXPRESS,one,KOBE,41,JPUKB,MERATUS TOMINI,3E4971,OC9,Import/Export,624N,625W,2026/06/22,2026/06/22,2026/06/21,12:00,2026/06/21,13:00,2026/06/21,21:00
OCEAN NETWORK EXPRESS,one,YOKOHAMA,11,JPYOK,MERATUS TOMINI,3E4971,OC9,Import/Export,626N,627W,2026/07/03,2026/07/04,2026/07/01,18:00,2026/07/01,19:00,2026/07/02,02:00
OCEAN NETWORK EXPRESS,one,NAGOYA,35,JPNGO,MERATUS TOMINI,3E4971,OC9,Import/Export,626N,627W,2026/07/05,2026/07/05,2026/07/02,19:00,2026/07/02,20:00,2026/07/03,02:00
OCEAN NETWORK EXPRESS,one,KOBE,41,JPUKB,MERATUS TOMINI,3E4971,OC9,Import/Export,626N,627W,2026/07/06,2026/07/06,2026/07/03,20:00,2026/07/03,21:00,2026/07/04,04:00
OCEAN NETWORK EXPRESS,one,TOKYO,13,JPTYO,MOL EARNEST,3EMD3,JTI,Import/Export,0115E,0116W,2026/06/27,2026/06/29,2026/06/27,17:00,2026/06/27,18:00,2026/06/29,00:01
OCEAN NETWORK EXPRESS,one,YOKOHAMA,11,JPYOK,MOL EARNEST,3EMD3,JTI,Import/Export,0115E,0116W,2026/06/29,2026/06/29,2026/06/29,07:00,2026/06/29,08:00,2026/06/29,21:00
OCEAN NETWORK EXPRESS,one,SHIMIZU,30,JPSMZ,MOL EARNEST,3EMD3,JTI,Import/Export,0115E,0116W,2026/06/30,2026/06/30,2026/06/30,06:00,2026/06/30,07:00,2026/06/30,15:00
OCEAN NETWORK EXPRESS,one,NAGOYA,35,JPNGO,MOL EARNEST,3EMD3,JTI,Import/Export,0115E,0116W,2026/07/01,2026/07/02,2026/07/01,07:00,2026/07/01,08:00,2026/07/01,23:30
OCEAN NETWORK EXPRESS,one,OSAKA,40,JPOSA,MOL EARNEST,3EMD3,JTI,Import/Export,0115E,0116W,2026/07/03,2026/07/03,2026/07/03,07:00,2026/07/03,08:00,2026/07/03,21:00
OCEAN NETWORK EXPRESS,one,KOBE,41,JPUKB,MOL EARNEST,3EMD3,JTI,Import/Export,0115E,0116W,2026/07/04,2026/07/04,2026/07/04,07:00,2026/07/04,08:00,2026/07/04,21:00
OCEAN NETWORK EXPRESS,one,YOKOHAMA,11,JPYOK,MSC CANDIDA,5LMV9,AX2,Import/Export,FA618R,FA618R,2026/06/12,2026/06/13,2026/06/12,16:10,2026/06/12,17:15,2026/06/13,12:40
OCEAN NETWORK EXPRESS,one,YOKOHAMA,11,JPYOK,MSC PROCIDA,5LXU3,AX3,Import/Export,FZ614R,FZ614R,2026/06/27,2026/06/28,2026/06/27,17:00,2026/06/27,18:00,2026/06/28,02:00
OCEAN NETWORK EXPRESS,one,YOKOHAMA,11,JPYOK,MSC VALENTINA,5LLW3,AX2,Import/Export,FA617R,FA617R,2026/06/05,2026/06/06,2026/06/07,06:50,2026/06/07,07:40,2026/06/07,20:55
OCEAN NETWORK EXPRESS,one,YOKOHAMA,11,JPYOK,MSC VIVIENNE,5LLY5,AX2,Import/Export,FA620R,FA620R,2026/06/26,2026/06/27,2026/06/26,13:00,2026/06/26,14:00,2026/06/27,05:00
OCEAN NETWORK EXPRESS,one,KOBE,41,JPUKB,NAGOYA TOWER,D5DG5,JID,Import/Export,029N,030S,2026/06/18,2026/06/18,2026/06/18,06:50,2026/06/18,07:50,2026/06/18,19:30
OCEAN NETWORK EXPRESS,one,TOKYO,13,JPTYO,NAGOYA TOWER,D5DG5,JID,Import/Export,029N,030S,2026/06/20,2026/06/21,2026/06/20,06:00,2026/06/20,07:00,2026/06/21,04:00
OCEAN NETWORK EXPRESS,one,YOKOHAMA,11,JPYOK,NAGOYA TOWER,D5DG5,JID,Import/Export,029N,030S,2026/06/21,2026/06/21,2026/06/21,05:00,2026/06/21,06:00,2026/06/21,16:00
OCEAN NETWORK EXPRESS,one,SHIMIZU,30,JPSMZ,NAGOYA TOWER,D5DG5,JID,Import/Export,029N,030S,2026/06/22,2026/06/22,2026/06/22,06:00,2026/06/22,07:00,2026/06/22,16:00
OCEAN NETWORK EXPRESS,one,YOKKAICHI,36,JPYKK,NAGOYA TOWER,D5DG5,JID,Import/Export,029N,030S,2026/06/23,2026/06/23,2026/06/23,05:30,2026/06/23,06:30,2026/06/23,15:00
OCEAN NETWORK EXPRESS,one,NAGOYA,35,JPNGO,NAGOYA TOWER,D5DG5,JID,Import/Export,029N,030S,2026/06/24,2026/06/24,2026/06/23,16:00,2026/06/23,17:00,2026/06/24,05:00
OCEAN NETWORK EXPRESS,one,NAGOYA,35,JPNGO,NAVIOS CYAN,A8OD2,PS1,Export,,001E,2026/06/01,2026/06/03,2026/06/01,11:25,2026/06/01,12:35,2026/06/02,08:50
OCEAN NETWORK EXPRESS,one,TOKYO,13,JPTYO,NAVIOS CYAN,A8OD2,PS1,Export,,001E,2026/06/04,2026/06/05,2026/06/05,07:03,2026/06/05,08:01,2026/06/06,04:54
OCEAN NETWORK EXPRESS,one,YOKOHAMA,11,JPYOK,NEW GUINEA CHIEF,VROO8,SPS,Import/Export,2612N,2618S,2026/06/14,2026/06/16,2026/06/19,,2026/06/19,,2026/06/20,
OCEAN NETWORK EXPRESS,one,YOKOHAMA,11,JPYOK,NOBILITY,D5AX9,AHX,Import/Export,1003W,1004E,2026/06/25,2026/06/26,2026/06/25,17:00,2026/06/25,18:00,2026/06/26,00:01
OCEAN NETWORK EXPRESS,one,YOKKAICHI,36,JPYKK,NYK DAEDALUS,ZGKY8,JID,Import/Export,102N,103S,2026/06/02,2026/06/02,2026/06/02,,2026/06/02,,2026/06/02,
OCEAN NETWORK EXPRESS,one,KOBE,41,JPUKB,NYK DAEDALUS,ZGKY8,JID,Import/Export,102N,103S,2026/05/28,2026/05/28,2026/06/03,,2026/06/03,,2026/06/03,
OCEAN NETWORK EXPRESS,one,TOKYO,13,JPTYO,NYK DAEDALUS,ZGKY8,JID,Import/Export,102N,103S,2026/05/30,2026/05/31,2026/06/08,06:51,2026/06/08,07:44,2026/06/09,05:08
OCEAN NETWORK EXPRESS,one,YOKOHAMA,11,JPYOK,NYK DAEDALUS,ZGKY8,JID,Import/Export,102N,103S,2026/05/31,2026/05/31,2026/06/09,07:00,2026/06/09,08:15,2026/06/09,18:20
OCEAN NETWORK EXPRESS,one,SHIMIZU,30,JPSMZ,NYK DAEDALUS,ZGKY8,JID,Import/Export,102N,103S,2026/06/01,2026/06/01,2026/06/10,02:55,2026/06/10,03:56,2026/06/10,16:05
OCEAN NETWORK EXPRESS,one,NAGOYA,35,JPNGO,NYK DAEDALUS,ZGKY8,JID,Import/Export,102N,103S,2026/06/03,2026/06/03,2026/06/11,15:00,2026/06/12,14:00,2026/06/13,08:50
OCEAN NETWORK EXPRESS,one,TOKYO,13,JPTYO,NYK FUJI,9V8738,JTI,Import/Export,0137E,0138W,2026/06/20,2026/06/22,2026/06/21,17:00,2026/06/21,18:00,2026/06/22,16:30
OCEAN NETWORK EXPRESS,one,YOKOHAMA,11,JPYOK,NYK FUJI,9V8738,JTI,Import/Export,0137E,0138W,2026/06/22,2026/06/22,2026/06/22,18:00,2026/06/22,19:00,2026/06/23,08:00
OCEAN NETWORK EXPRESS,one,SHIMIZU,30,JPSMZ,NYK FUJI,9V8738,JTI,Import/Export,0137E,0138W,2026/06/23,2026/06/23,2026/06/23,17:00,2026/06/23,18:00,2026/06/24,02:00
OCEAN NETWORK EXPRESS,one,NAGOYA,35,JPNGO,NYK FUJI,9V8738,JTI,Import/Export,0137E,0138W,2026/06/24,2026/06/25,2026/06/24,11:30,2026/06/24,12:30,2026/06/25,04:00
OCEAN NETWORK EXPRESS,one,OSAKA,40,JPOSA,NYK FUJI,9V8738,JTI,Import/Export,0137E,0138W,2026/06/26,2026/06/26,2026/06/26,07:00,2026/06/26,08:00,2026/06/26,21:00
OCEAN NETWORK EXPRESS,one,KOBE,41,JPUKB,NYK FUJI,9V8738,JTI,Import/Export,0137E,0138W,2026/06/27,2026/06/27,2026/06/27,07:00,2026/06/27,08:00,2026/06/27,21:00
OCEAN NETWORK EXPRESS,one,KOBE,41,JPUKB,NYK OCEANUS,3EMR8,FP1,Import,081E,,2026/05/15,2026/05/17,2026/06/06,17:20,2026/06/08,07:48,2026/06/09,06:08
OCEAN NETWORK EXPRESS,one,NAGOYA,35,JPNGO,NYK OCEANUS,3EMR8,FP1,Import,081E,,2026/05/18,2026/05/19,2026/06/10,06:10,2026/06/10,07:40,2026/06/10,22:20
OCEAN NETWORK EXPRESS,one,TOKYO,13,JPTYO,NYK OCEANUS,3EMR8,FP1,Import,081E,,2026/05/20,2026/05/22,2026/06/11,17:36,2026/06/13,07:48,2026/06/14,04:59
OCEAN NETWORK EXPRESS,one,TOKYO,13,JPTYO,NYK PAULA,3FJC7,JKS,Import/Export,1041E,1041W,2026/06/12,2026/06/14,2026/06/11,09:54,2026/06/12,18:25,2026/06/13,05:08
OCEAN NETWORK EXPRESS,one,NAGOYA,35,JPNGO,NYK PAULA,3FJC7,JKS,Import/Export,1041E,1041W,2026/06/14,2026/06/15,2026/06/14,06:05,2026/06/14,07:35,2026/06/14,15:40
OCEAN NETWORK EXPRESS,one,KOBE,41,JPUKB,NYK PAULA,3FJC7,JKS,Import/Export,1041E,1041W,2026/06/16,2026/06/17,2026/06/15,14:35,2026/06/15,15:35,2026/06/17,08:10
OCEAN NETWORK EXPRESS,one,KOBE,41,JPUKB,NYK PAULA,3FJC7,JKS,Import/Export,1042E,1042W,2026/06/22,2026/06/23,2026/06/22,17:00,2026/06/22,18:00,2026/06/23,09:00
OCEAN NETWORK EXPRESS,one,NAGOYA,35,JPNGO,NYK PAULA,3FJC7,JKS,Import/Export,1042E,1042W,2026/06/24,2026/06/25,2026/06/24,07:00,2026/06/24,08:00,2026/06/24,21:00
OCEAN NETWORK EXPRESS,one,TOKYO,13,JPTYO,NYK PAULA,3FJC7,JKS,Import/Export,1042E,1042W,2026/06/25,2026/06/27,2026/06/25,17:00,2026/06/25,18:00,2026/06/26,16:30
OCEAN NETWORK EXPRESS,one,TOKYO,13,JPTYO,NYK PAULA,3FJC7,JKS,Import/Export,1043E,1043W,2026/07/03,2026/07/05,2026/07/03,17:00,2026/07/03,18:00,2026/07/05,01:00
OCEAN NETWORK EXPRESS,one,NAGOYA,35,JPNGO,NYK PAULA,3FJC7,JKS,Import/Export,1043E,1043W,2026/07/05,2026/07/06,2026/07/05,19:00,2026/07/05,20:00,2026/07/06,09:00
OCEAN NETWORK EXPRESS,one,TOKYO,13,JPTYO,ONE ALTAIR,7KHW,FP1,Import/Export,073E,074W,2026/06/29,2026/06/29,2026/07/01,07:00,2026/07/01,08:00,2026/07/02,05:00
OCEAN NETWORK EXPRESS,one,NAGOYA,35,JPNGO,ONE ALTAIR,7KHW,FP1,Import/Export,073E,074W,2026/07/01,2026/07/02,2026/07/03,07:00,2026/07/03,08:00,2026/07/04,03:00
OCEAN NETWORK EXPRESS,one,KOBE,41,JPUKB,ONE ALTAIR,7KHW,FP1,Import/Export,073E,074W,2026/07/02,2026/07/03,2026/07/05,07:00,2026/07/05,08:00,2026/07/06,02:00
OCEAN NETWORK EXPRESS,one,TOKYO,13,JPTYO,ONE ARCADIA,ZGOK7,PS3,Import/Export,077W,077W,2026/06/08,2026/06/09,2026/06/12,06:45,2026/06/12,07:25,2026/06/13,05:05
OCEAN NETWORK EXPRESS,one,NAGOYA,35,JPNGO,ONE ARCADIA,ZGOK7,PS3,Import/Export,077W,077W,2026/06/11,2026/06/12,2026/06/14,22:55,2026/06/15,00:15,2026/06/15,16:30
OCEAN NETWORK EXPRESS,one,KOBE,41,JPUKB,ONE ARCADIA,ZGOK7,PS3,Import/Export,077W,077W,2026/06/12,2026/06/13,2026/06/16,09:40,2026/06/16,10:46,2026/06/17,06:48
OCEAN NETWORK EXPRESS,one,KOBE,41,JPUKB,ONE CLARA,9VFW9,JKS,Import/Export,011E,011W,2026/06/02,2026/06/03,2026/06/01,18:20,2026/06/01,19:15,2026/06/04,14:40
OCEAN NETWORK EXPRESS,one,KOBE,41,JPUKB,ONE CLARA,9VFW9,JKS,Import/Export,012E,012W,2026/06/08,2026/06/09,2026/06/09,08:50,2026/06/09,09:46,2026/06/09,18:48
OCEAN NETWORK EXPRESS,one,NAGOYA,35,JPNGO,ONE CLARA,9VFW9,JKS,Import/Export,012E,012W,2026/06/10,2026/06/11,2026/06/10,22:15,2026/06/11,00:15,2026/06/11,10:50
OCEAN NETWORK EXPRESS,one,TOKYO,13,JPTYO,ONE CLARA,9VFW9,JKS,Import/Export,012E,012W,2026/06/11,2026/06/13,2026/06/12,07:00,2026/06/12,07:41,2026/06/13,03:50
OCEAN NETWORK EXPRESS,one,TOKYO,13,JPTYO,ONE CLARA,9VFW9,JKS,Import/Export,013E,013W,2026/06/19,2026/06/21,2026/06/21,07:00,2026/06/21,08:00,2026/06/21,19:00
OCEAN NETWORK EXPRESS,one,NAGOYA,35,JPNGO,ONE CLARA,9VFW9,JKS,Import/Export,013E,013W,2026/06/21,2026/06/22,2026/06/22,11:00,2026/06/22,12:00,2026/06/23,01:00
OCEAN NETWORK EXPRESS,one,KOBE,41,JPUKB,ONE CLARA,9VFW9,JKS,Import/Export,013E,013W,2026/06/23,2026/06/24,2026/06/23,16:00,2026/06/23,17:00,2026/06/24,17:00
OCEAN NETWORK EXPRESS,one,NAGOYA,35,JPNGO,ONE DANIELLA,9VFC2,JPH,Import/Export,0006N,0007S,2026/05/30,2026/05/31,2026/05/31,16:20,2026/05/31,17:45,2026/06/01,05:55
OCEAN NETWORK EXPRESS,one,YOKKAICHI,36,JPYKK,ONE DANIELLA,9VFC2,JPH,Import/Export,0006N,0007S,2026/05/31,2026/05/31,2026/06/01,07:00,2026/06/01,07:50,2026/06/01,15:20
OCEAN NETWORK EXPRESS,one,SHIMIZU,30,JPSMZ,ONE DANIELLA,9VFC2,JPH,Import/Export,0006N,0007S,2026/05/31,2026/06/01,2026/06/02,00:25,2026/06/02,01:10,2026/06/02,11:40
OCEAN NETWORK EXPRESS,one,TOKYO,13,JPTYO,ONE DANIELLA,9VFC2,JPH,Import/Export,0006N,0007S,2026/06/01,2026/06/02,2026/06/04,17:05,2026/06/04,17:38,2026/06/05,05:13
OCEAN NETWORK EXPRESS,one,YOKOHAMA,11,JPYOK,ONE DANIELLA,9VFC2,JPH,Import/Export,0006N,0007S,2026/06/02,2026/06/02,2026/06/05,07:35,2026/06/05,18:45,2026/06/06,04:10
OCEAN NETWORK EXPRESS,one,OSAKA,40,JPOSA,ONE DANIELLA,9VFC2,JPH,Import/Export,0006N,0007S,2026/06/03,2026/06/04,2026/06/07,06:58,2026/06/07,07:47,2026/06/08,06:05
OCEAN NETWORK EXPRESS,one,KOBE,41,JPUKB,ONE DANIELLA,9VFC2,JPH,Import/Export,0006N,0007S,2026/06/05,2026/06/06,2026/06/08,06:50,2026/06/08,07:20,2026/06/08,11:55
OCEAN NETWORK EXPRESS,one,NAGOYA,35,JPNGO,ONE DANIELLA,9VFC2,JPH,Import/Export,0007N,0008S,2026/06/20,2026/06/21,2026/06/23,17:00,2026/06/23,18:00,2026/06/24,04:00
OCEAN NETWORK EXPRESS,one,YOKKAICHI,36,JPYKK,ONE DANIELLA,9VFC2,JPH,Import/Export,0007N,0008S,2026/06/21,2026/06/21,2026/06/24,07:30,2026/06/24,08:30,2026/06/24,12:30
OCEAN NETWORK EXPRESS,one,SHIMIZU,30,JPSMZ,ONE DANIELLA,9VFC2,JPH,Import/Export,0007N,0008S,2026/06/21,2026/06/22,2026/06/24,22:00,2026/06/24,23:00,2026/06/25,08:00
OCEAN NETWORK EXPRESS,one,TOKYO,13,JPTYO,ONE DANIELLA,9VFC2,JPH,Import/Export,0007N,0008S,2026/06/22,2026/06/23,2026/06/25,17:00,2026/06/25,18:00,2026/06/26,07:00
OCEAN NETWORK EXPRESS,one,YOKOHAMA,11,JPYOK,ONE DANIELLA,9VFC2,JPH,Import/Export,0007N,0008S,2026/06/23,2026/06/23,2026/06/26,08:00,2026/06/26,09:00,2026/06/26,18:00
OCEAN NETWORK EXPRESS,one,OSAKA,40,JPOSA,ONE DANIELLA,9VFC2,JPH,Import/Export,0007N,0008S,2026/06/24,2026/06/25,2026/06/27,19:00,2026/06/27,20:00,2026/06/28,06:00
OCEAN NETWORK EXPRESS,one,KOBE,41,JPUKB,ONE DANIELLA,9VFC2,JPH,Import/Export,0007N,0008S,2026/06/26,2026/06/27,2026/06/29,,2026/06/29,,2026/06/30,
OCEAN NETWORK EXPRESS,one,TOKYO,13,JPTYO,ONE HONOLULU,7KRR,PS3,Import/Export,230W,230W,2026/06/22,2026/06/23,2026/06/28,07:00,2026/06/28,08:00,2026/06/29,02:00
OCEAN NETWORK EXPRESS,one,KOBE,41,JPUKB,ONE MAESTRO,9V9883,PS1,Export,,086E,2026/06/06,2026/06/07,2026/06/05,16:18,2026/06/06,07:36,2026/06/07,16:05
OCEAN NETWORK EXPRESS,one,NAGOYA,35,JPNGO,ONE MAESTRO,9V9883,PS1,Export,,086E,2026/06/08,2026/06/10,2026/06/08,19:00,2026/06/08,20:15,2026/06/10,04:25
OCEAN NETWORK EXPRESS,one,TOKYO,13,JPTYO,ONE MAESTRO,9V9883,PS1,Export,,086E,2026/06/11,2026/06/12,2026/06/11,06:38,2026/06/11,07:15,2026/06/11,23:57
OCEAN NETWORK EXPRESS,one,KOBE,41,JPUKB,ONE MATRIX,7KSS,PS1,Import/Export,184W,185E,2026/06/13,2026/06/14,2026/06/12,08:35,2026/06/13,21:08,2026/06/14,14:59
OCEAN NETWORK EXPRESS,one,NAGOYA,35,JPNGO,ONE MATRIX,7KSS,PS1,Import/Export,184W,185E,2026/06/15,2026/06/17,2026/06/15,18:05,2026/06/15,19:30,2026/06/16,10:00
OCEAN NETWORK EXPRESS,one,TOKYO,13,JPTYO,ONE MATRIX,7KSS,PS1,Import/Export,184W,185E,2026/06/18,2026/06/19,2026/06/18,07:00,2026/06/18,08:00,2026/06/19,09:00
OCEAN NETWORK EXPRESS,one,TOKYO,13,JPTYO,ONE MISSION,V7VS5,PS1,Export,,088E,2026/07/02,2026/07/03,2026/07/02,07:00,2026/07/02,08:00,2026/07/03,09:00
OCEAN NETWORK EXPRESS,one,TOKYO,13,JPTYO,ONE MISSION,V7VS5,PS1,Import,087W,,2026/06/22,2026/06/24,2026/06/23,11:00,2026/06/23,12:00,2026/06/25,01:00
OCEAN NETWORK EXPRESS,one,KOBE,41,JPUKB,ONE MISSION,V7VS5,PS1,Import/Export,087W,088E,2026/06/27,2026/06/28,2026/06/27,07:00,2026/06/27,08:00,2026/06/28,16:00
OCEAN NETWORK EXPRESS,one,NAGOYA,35,JPNGO,ONE MISSION,V7VS5,PS1,Import/Export,087W,088E,2026/06/29,2026/07/01,2026/06/29,18:00,2026/06/29,19:00,2026/07/01,04:00
OCEAN NETWORK EXPRESS,one,TOKYO,13,JPTYO,ONE MODERN,V7VS6,PS1,Import,080W,,2026/06/29,2026/07/01,2026/07/01,11:00,2026/07/01,12:00,2026/07/03,01:00
OCEAN NETWORK EXPRESS,one,KOBE,41,JPUKB,ONE MODERN,V7VS6,PS1,Import/Export,080W,081E,2026/07/04,2026/07/05,2026/07/04,07:00,2026/07/04,08:00,2026/07/05,16:00
OCEAN NETWORK EXPRESS,one,SHIMIZU,30,JPSMZ,ONE OLYMPUS,9VPQ7,FP1,Import/Export,080W,080W,2026/06/02,2026/06/02,2026/06/02,,2026/06/02,,2026/06/02,
OCEAN NETWORK EXPRESS,one,TOKYO,13,JPTYO,ONE OLYMPUS,9VPQ7,FP1,Import/Export,080W,080W,2026/06/01,2026/06/01,2026/06/05,06:35,2026/06/05,07:27,2026/06/06,04:42
OCEAN NETWORK EXPRESS,one,NAGOYA,35,JPNGO,ONE OLYMPUS,9VPQ7,FP1,Import/Export,080W,080W,2026/06/03,2026/06/04,2026/06/06,19:10,2026/06/06,20:40,2026/06/08,03:35
OCEAN NETWORK EXPRESS,one,KOBE,41,JPUKB,ONE OLYMPUS,9VPQ7,FP1,Import/Export,080W,080W,2026/06/04,2026/06/05,2026/06/08,18:10,2026/06/08,19:12,2026/06/09,16:40
OCEAN NETWORK EXPRESS,one,TOKYO,13,JPTYO,ONE REASSURANCE,9V3808,PS1,Import/Export,254W,254W,2026/06/08,2026/06/10,2026/06/08,10:50,2026/06/08,11:35,2026/06/09,05:29
OCEAN NETWORK EXPRESS,one,NAGOYA,35,JPNGO,ONE REASSURANCE,9V3808,PS1,Import/Export,254W,254W,,,2026/06/11,20:30,2026/06/11,22:35,2026/06/12,10:50
OCEAN NETWORK EXPRESS,one,KOBE,41,JPUKB,ONE REASSURANCE,9V3808,PS1,Import/Export,254W,254W,,,2026/06/13,06:35,2026/06/13,07:29,2026/06/14,00:14
OCEAN NETWORK EXPRESS,one,KOBE,41,JPUKB,ONE REASSURANCE,9V3808,PS1,Import/Export,255E,255E,2026/06/20,2026/06/21,2026/06/20,07:00,2026/06/20,08:00,2026/06/21,16:00
OCEAN NETWORK EXPRESS,one,NAGOYA,35,JPNGO,ONE REASSURANCE,9V3808,PS1,Import/Export,255E,255E,2026/06/22,2026/06/24,2026/06/22,18:00,2026/06/22,19:00,2026/06/24,04:00
OCEAN NETWORK EXPRESS,one,TOKYO,13,JPTYO,ONE REASSURANCE,9V3808,PS1,Import/Export,255E,255E,2026/06/25,2026/06/26,2026/06/25,07:00,2026/06/25,08:00,2026/06/26,09:00
OCEAN NETWORK EXPRESS,one,YOKOHAMA,11,JPYOK,ONE SERENITY,5LQT7,AX3,Import/Export,2612W,2612W,2026/06/13,2026/06/14,2026/06/13,17:10,2026/06/13,18:00,2026/06/14,16:05
OCEAN NETWORK EXPRESS,one,YOKOHAMA,11,JPYOK,ONE SHINE,S6UW5,AX3,Import/Export,2613W,2613W,2026/06/20,2026/06/21,2026/06/20,17:00,2026/06/20,18:00,2026/06/21,18:00
OCEAN NETWORK EXPRESS,one,YOKOHAMA,11,JPYOK,ONE SIMPLICITY,5LQT9,AX2,Import/Export,2613W,2613W,2026/07/03,2026/07/04,2026/07/03,18:00,2026/07/03,19:00,2026/07/04,10:00
OCEAN NETWORK EXPRESS,one,YOKOHAMA,11,JPYOK,ONE SPARKLE,9V9625,AX3,Import/Export,2611W,2611W,2026/06/06,2026/06/07,2026/06/09,06:00,2026/06/09,06:55,2026/06/10,17:45
OCEAN NETWORK EXPRESS,one,YOKOHAMA,11,JPYOK,ONE SPARKLE,9V9625,AX3,Import/Export,2624E,2624E,2026/06/24,2026/06/25,2026/07/01,17:00,2026/07/01,18:00,2026/07/02,10:00
OCEAN NETWORK EXPRESS,one,YOKOHAMA,11,JPYOK,ONE SPIRIT,9V9630,AX2,Import/Export,2611W,2611W,2026/06/19,2026/06/20,2026/06/19,18:00,2026/06/19,19:00,2026/06/20,17:00
OCEAN NETWORK EXPRESS,one,HAKATA,77,JPHKT,PEARL RIVER BRIDGE,9V9638,JVH,Import/Export,231N,232S,2026/06/08,2026/06/08,2026/06/08,,2026/06/08,,2026/06/08,
OCEAN NETWORK EXPRESS,one,TOKYO,13,JPTYO,PEARL RIVER BRIDGE,9V9638,JVH,Import/Export,231N,232S,2026/06/10,2026/06/10,2026/06/10,06:47,2026/06/10,07:23,2026/06/10,17:21
OCEAN NETWORK EXPRESS,one,SHIMIZU,30,JPSMZ,PEARL RIVER BRIDGE,9V9638,JVH,Import/Export,231N,232S,2026/06/11,2026/06/11,2026/06/11,14:50,2026/06/11,15:41,2026/06/12,06:04
OCEAN NETWORK EXPRESS,one,NAGOYA,35,JPNGO,PEARL RIVER BRIDGE,9V9638,JVH,Import/Export,231N,232S,2026/06/12,2026/06/12,2026/06/12,15:50,2026/06/12,17:20,2026/06/13,00:45
OCEAN NETWORK EXPRESS,one,KOBE,41,JPUKB,PEARL RIVER BRIDGE,9V9638,JVH,Import/Export,231N,232S,2026/06/13,2026/06/13,2026/06/13,16:20,2026/06/13,17:16,2026/06/14,01:07
OCEAN NETWORK EXPRESS,one,TOKYO,13,JPTYO,PEARL RIVER BRIDGE,9V9638,JVH,Import/Export,232N,233S,2026/07/01,2026/07/01,2026/07/01,07:00,2026/07/01,08:00,2026/07/01,21:00
OCEAN NETWORK EXPRESS,one,SHIMIZU,30,JPSMZ,PEARL RIVER BRIDGE,9V9638,JVH,Import/Export,232N,233S,2026/07/02,2026/07/02,2026/07/02,13:00,2026/07/02,14:00,2026/07/02,20:00
OCEAN NETWORK EXPRESS,one,NAGOYA,35,JPNGO,PEARL RIVER BRIDGE,9V9638,JVH,Import/Export,232N,233S,2026/07/03,2026/07/03,2026/07/03,07:00,2026/07/03,08:00,2026/07/03,14:00
OCEAN NETWORK EXPRESS,one,KOBE,41,JPUKB,PEARL RIVER BRIDGE,9V9638,JVH,Import/Export,232N,233S,2026/07/04,2026/07/04,2026/07/04,07:00,2026/07/04,08:00,2026/07/04,18:00
OCEAN NETWORK EXPRESS,one,YOKOHAMA,11,JPYOK,POSORJA EXPRESS,C6FI8,AX3,Import/Export,2620E,2620E,2026/05/27,2026/05/28,2026/06/04,12:25,2026/06/04,13:15,2026/06/05,03:30
OCEAN NETWORK EXPRESS,one,YOKOHAMA,11,JPYOK,RDO ACE,5LKJ9,AX3,Import/Export,2615W,2615W,2026/07/04,2026/07/05,2026/07/04,17:00,2026/07/04,18:00,2026/07/05,18:00
OCEAN NETWORK EXPRESS,one,TOKYO,13,JPTYO,RUBY TOWER,5LXL7,PS3,Import/Export,004W,004W,2026/06/15,2026/06/16,2026/06/21,07:00,2026/06/21,08:00,2026/06/22,02:00
OCEAN NETWORK EXPRESS,one,NAGOYA,35,JPNGO,SEABREEZE,5LCI2,JPH,Import/Export,2155N,2156S,2026/06/06,2026/06/07,2026/06/09,06:20,2026/06/09,07:30,2026/06/09,15:50
OCEAN NETWORK EXPRESS,one,YOKKAICHI,36,JPYKK,SEABREEZE,5LCI2,JPH,Import/Export,2155N,2156S,2026/06/07,2026/06/07,2026/06/09,17:05,2026/06/09,17:50,2026/06/10,04:55
OCEAN NETWORK EXPRESS,one,SHIMIZU,30,JPSMZ,SEABREEZE,5LCI2,JPH,Import/Export,2155N,2156S,2026/06/07,2026/06/08,2026/06/10,16:45,2026/06/10,17:29,2026/06/11,14:11
OCEAN NETWORK EXPRESS,one,TOKYO,13,JPTYO,SEABREEZE,5LCI2,JPH,Import/Export,2155N,2156S,2026/06/08,2026/06/09,2026/06/12,07:09,2026/06/12,07:59,2026/06/12,17:44
OCEAN NETWORK EXPRESS,one,YOKOHAMA,11,JPYOK,SEABREEZE,5LCI2,JPH,Import/Export,2155N,2156S,2026/06/09,2026/06/09,2026/06/12,19:10,2026/06/12,19:50,2026/06/13,04:15
OCEAN NETWORK EXPRESS,one,OSAKA,40,JPOSA,SEABREEZE,5LCI2,JPH,Import/Export,2155N,2156S,2026/06/10,2026/06/11,2026/06/14,07:15,2026/06/14,08:12,2026/06/14,16:43
OCEAN NETWORK EXPRESS,one,KOBE,41,JPUKB,SEABREEZE,5LCI2,JPH,Import/Export,2155N,2156S,2026/06/12,2026/06/13,2026/06/14,17:30,2026/06/14,18:10,2026/06/15,01:28
OCEAN NETWORK EXPRESS,one,YOKOHAMA,11,JPYOK,SEASPAN BRAVO,9VMW8,AX3,Import/Export,0103E,0103E,2026/06/10,2026/06/11,2026/06/16,21:50,2026/06/16,22:45,2026/06/17,16:30
OCEAN NETWORK EXPRESS,one,TOKYO,13,JPTYO,SEASPAN OSAKA,9VMT6,JTI,Import/Export,0034E,0035W,2026/06/13,2026/06/15,2026/06/13,16:58,2026/06/13,17:42,2026/06/15,04:54
OCEAN NETWORK EXPRESS,one,YOKOHAMA,11,JPYOK,SEASPAN OSAKA,9VMT6,JTI,Import/Export,0034E,0035W,2026/06/15,2026/06/15,2026/06/15,06:30,2026/06/15,07:05,2026/06/15,18:15
OCEAN NETWORK EXPRESS,one,SHIMIZU,30,JPSMZ,SEASPAN OSAKA,9VMT6,JTI,Import/Export,0034E,0035W,2026/06/16,2026/06/16,2026/06/16,06:20,2026/06/16,07:15,2026/06/16,17:58
OCEAN NETWORK EXPRESS,one,NAGOYA,35,JPNGO,SEASPAN OSAKA,9VMT6,JTI,Import/Export,0034E,0035W,2026/06/17,2026/06/18,2026/06/17,06:30,2026/06/17,07:55,2026/06/18,09:00
OCEAN NETWORK EXPRESS,one,OSAKA,40,JPOSA,SEASPAN OSAKA,9VMT6,JTI,Import/Export,0034E,0035W,2026/06/19,2026/06/19,2026/06/19,07:00,2026/06/19,08:00,2026/06/20,06:00
OCEAN NETWORK EXPRESS,one,KOBE,41,JPUKB,SEASPAN OSAKA,9VMT6,JTI,Import/Export,0034E,0035W,2026/06/20,2026/06/20,2026/06/20,07:00,2026/06/20,08:00,2026/06/20,21:00
OCEAN NETWORK EXPRESS,one,HAKATA,77,JPHKT,SITC SHANGDE,VRUS2,THX,Import,2611N,,2026/06/09,2026/06/10,2026/06/10,06:22,2026/06/10,07:05,2026/06/10,22:09
OCEAN NETWORK EXPRESS,one,OSAKA,40,JPOSA,SITC SHANGDE,VRUS2,THX,Import/Export,2611N,2612S,2026/06/11,2026/06/12,2026/06/12,06:22,2026/06/12,07:08,2026/06/12,18:40
OCEAN NETWORK EXPRESS,one,KOBE,41,JPUKB,SITC SHANGDE,VRUS2,THX,Import/Export,2611N,2612S,2026/06/12,2026/06/12,2026/06/12,19:05,2026/06/12,20:04,2026/06/13,02:22
OCEAN NETWORK EXPRESS,one,HAKATA,77,JPHKT,SITC SHUNDE,VRVG2,THX,Import,2613N,,2026/06/23,2026/06/24,2026/06/23,,2026/06/24,,2026/06/24,
OCEAN NETWORK EXPRESS,one,OSAKA,40,JPOSA,SITC SHUNDE,VRVG2,THX,Import/Export,2613N,2614S,2026/06/25,2026/06/26,2026/06/25,,2026/06/25,,2026/06/26,
OCEAN NETWORK EXPRESS,one,KOBE,41,JPUKB,SITC SHUNDE,VRVG2,THX,Import/Export,2613N,2614S,2026/06/26,2026/06/26,2026/06/26,,2026/06/26,,2026/06/26,
OCEAN NETWORK EXPRESS,one,HAKATA,77,JPHKT,SMOOTH WIND,5LVU6,JVH,Import/Export,020N,021S,2026/06/15,2026/06/15,2026/06/15,,2026/06/15,,2026/06/15,
OCEAN NETWORK EXPRESS,one,TOKYO,13,JPTYO,SMOOTH WIND,5LVU6,JVH,Import/Export,020N,021S,2026/06/17,2026/06/17,2026/06/17,06:57,2026/06/17,07:35,2026/06/17,18:00
OCEAN NETWORK EXPRESS,one,SHIMIZU,30,JPSMZ,SMOOTH WIND,5LVU6,JVH,Import/Export,020N,021S,2026/06/18,2026/06/18,2026/06/18,07:30,2026/06/18,08:30,2026/06/18,17:00
OCEAN NETWORK EXPRESS,one,NAGOYA,35,JPNGO,SMOOTH WIND,5LVU6,JVH,Import/Export,020N,021S,2026/06/19,2026/06/19,2026/06/19,07:00,2026/06/19,08:00,2026/06/19,14:00
OCEAN NETWORK EXPRESS,one,KOBE,41,JPUKB,SMOOTH WIND,5LVU6,JVH,Import/Export,020N,021S,2026/06/20,2026/06/20,2026/06/20,07:00,2026/06/20,08:00,2026/06/20,18:00
OCEAN NETWORK EXPRESS,one,KOBE,41,JPUKB,SOUTH ISLANDER,7KAA,SPS,Import/Export,170,170,2026/05/13,2026/05/13,2026/06/05,07:10,2026/06/05,08:27,2026/06/05,13:53
OCEAN NETWORK EXPRESS,one,NAGOYA,35,JPNGO,SOUTH ISLANDER,7KAA,SPS,Import/Export,170,170,2026/05/14,2026/05/14,2026/06/06,07:50,2026/06/06,09:10,2026/06/06,19:20
OCEAN NETWORK EXPRESS,one,YOKOHAMA,11,JPYOK,SOUTH ISLANDER,7KAA,SPS,Import/Export,170,170,2026/05/16,2026/05/16,2026/06/07,13:55,2026/06/07,14:40,2026/06/08,16:50
OCEAN NETWORK EXPRESS,one,YOKOHAMA,11,JPYOK,SPIL KARTINI,3FNG5,JID,Import/Export,015N,016S,2026/05/24,2026/05/24,2026/06/05,07:25,2026/06/05,08:10,2026/06/05,17:40
OCEAN NETWORK EXPRESS,one,YOKKAICHI,36,JPYKK,SPIL KARTINI,3FNG5,JID,Import/Export,015N,016S,2026/05/26,2026/05/26,2026/06/06,07:20,2026/06/06,08:05,2026/06/07,06:45
OCEAN NETWORK EXPRESS,one,NAGOYA,35,JPNGO,SPIL KARTINI,3FNG5,JID,Import/Export,015N,016S,2026/05/27,2026/05/27,2026/06/07,07:40,2026/06/07,09:00,2026/06/08,01:20
OCEAN NETWORK EXPRESS,one,KOBE,41,JPUKB,SPIL KARTINI,3FNG5,JID,Import/Export,016N,017S,2026/07/02,2026/07/02,2026/07/03,07:00,2026/07/03,08:00,2026/07/03,23:00
OCEAN NETWORK EXPRESS,one,TOKYO,13,JPTYO,SPIL KARTINI,3FNG5,JID,Import/Export,016N,017S,2026/07/04,2026/07/05,2026/07/04,17:00,2026/07/04,18:00,2026/07/05,14:00
OCEAN NETWORK EXPRESS,one,YOKOHAMA,11,JPYOK,SPIL KARTINI,3FNG5,JID,Import/Export,016N,017S,2026/07/05,2026/07/05,2026/07/05,15:00,2026/07/05,16:00,2026/07/06,01:30
OCEAN NETWORK EXPRESS,one,HAKATA,77,JPHKT,SWAN RIVER BRIDGE,9V8218,JVH,Import/Export,127N,128S,2026/06/01,2026/06/01,2026/06/01,,2026/06/01,,2026/06/01,
OCEAN NETWORK EXPRESS,one,TOKYO,13,JPTYO,SWAN RIVER BRIDGE,9V8218,JVH,Import/Export,127N,128S,2026/06/03,2026/06/03,2026/06/05,06:48,2026/06/05,07:30,2026/06/05,17:17
OCEAN NETWORK EXPRESS,one,SHIMIZU,30,JPSMZ,SWAN RIVER BRIDGE,9V8218,JVH,Import/Export,127N,128S,2026/06/04,2026/06/04,2026/06/06,05:45,2026/06/06,06:35,2026/06/06,18:51
OCEAN NETWORK EXPRESS,one,NAGOYA,35,JPNGO,SWAN RIVER BRIDGE,9V8218,JVH,Import/Export,127N,128S,2026/06/05,2026/06/05,2026/06/07,06:40,2026/06/07,08:00,2026/06/08,04:45
OCEAN NETWORK EXPRESS,one,KOBE,41,JPUKB,SWAN RIVER BRIDGE,9V8218,JVH,Import/Export,127N,128S,2026/06/06,2026/06/06,2026/06/08,21:00,2026/06/08,22:06,2026/06/09,03:04
OCEAN NETWORK EXPRESS,one,HAKATA,77,JPHKT,SWAN RIVER BRIDGE,9V8218,JVH,Import/Export,128N,129S,2026/06/22,2026/06/22,2026/06/22,,2026/06/22,,2026/06/22,
OCEAN NETWORK EXPRESS,one,TOKYO,13,JPTYO,SWAN RIVER BRIDGE,9V8218,JVH,Import/Export,128N,129S,2026/06/24,2026/06/24,2026/06/26,17:00,2026/06/26,18:00,2026/06/27,07:00
OCEAN NETWORK EXPRESS,one,SHIMIZU,30,JPSMZ,SWAN RIVER BRIDGE,9V8218,JVH,Import/Export,128N,129S,2026/06/25,2026/06/25,2026/06/27,23:00,2026/06/28,00:00,2026/06/28,06:00
OCEAN NETWORK EXPRESS,one,NAGOYA,35,JPNGO,SWAN RIVER BRIDGE,9V8218,JVH,Import/Export,128N,129S,2026/06/26,2026/06/26,2026/06/28,17:00,2026/06/28,18:00,2026/06/29,00:01
OCEAN NETWORK EXPRESS,one,KOBE,41,JPUKB,SWAN RIVER BRIDGE,9V8218,JVH,Import/Export,128N,129S,2026/06/27,2026/06/27,2026/06/29,17:00,2026/06/29,18:00,2026/06/30,04:00
OCEAN NETWORK EXPRESS,one,TOKYO,13,JPTYO,VOLANS,D5VV2,NZJ,Import/Export,048N,049S,2026/06/18,2026/06/19,2026/06/18,16:00,2026/06/18,17:00,2026/06/19,04:00
OCEAN NETWORK EXPRESS,one,KOBE,41,JPUKB,VOLANS,D5VV2,NZJ,Import/Export,048N,049S,2026/06/20,2026/06/20,2026/06/20,,2026/06/20,,2026/06/20,
OCEAN NETWORK EXPRESS,one,TOKYO,13,JPTYO,WAN HAI 331,9V8494,JSM,Import/Export,023N,024S,2026/06/06,2026/06/07,2026/06/06,15:45,2026/06/06,16:33,2026/06/07,04:44
OCEAN NETWORK EXPRESS,one,YOKOHAMA,11,JPYOK,WAN HAI 331,9V8494,JSM,Import/Export,023N,024S,2026/06/07,2026/06/08,2026/06/07,06:20,2026/06/07,07:00,2026/06/07,15:50
OCEAN NETWORK EXPRESS,one,NAGOYA,35,JPNGO,WAN HAI 331,9V8494,JSM,Import/Export,023N,024S,2026/06/09,2026/06/10,2026/06/09,06:50,2026/06/09,08:05,2026/06/09,16:15
OCEAN NETWORK EXPRESS,one,KOBE,41,JPUKB,WAN HAI 331,9V8494,JSM,Import/Export,023N,024S,2026/06/10,2026/06/12,2026/06/10,10:30,2026/06/10,11:38,2026/06/11,01:40
OCEAN NETWORK EXPRESS,one,TOKYO,13,JPTYO,WAN HAI 331,9V8494,JSM,Import/Export,024N,025S,2026/07/04,2026/07/05,2026/07/04,07:00,2026/07/04,08:00,2026/07/05,12:00
OCEAN NETWORK EXPRESS,one,YOKOHAMA,11,JPYOK,WAN HAI 331,9V8494,JSM,Import/Export,024N,025S,2026/07/05,2026/07/06,2026/07/05,13:00,2026/07/05,14:00,2026/07/06,00:01
OCEAN NETWORK EXPRESS,one,YOKOHAMA,11,JPYOK,WAN HAI 358,9V7390,JS3,Import/Export,N030,S031,2026/05/22,2026/05/23,2026/05/31,15:25,2026/05/31,16:05,2026/06/01,11:45
OCEAN NETWORK EXPRESS,one,OSAKA,40,JPOSA,WAN HAI 358,9V7390,JS3,Import/Export,N031,S032,2026/06/22,2026/06/23,2026/06/23,,2026/06/23,,2026/06/24,
OCEAN NETWORK EXPRESS,one,KOBE,41,JPUKB,WAN HAI 358,9V7390,JS3,Import/Export,N031,S032,2026/06/23,2026/06/24,2026/06/24,,2026/06/24,,2026/06/25,
OCEAN NETWORK EXPRESS,one,NAGOYA,35,JPNGO,WAN HAI 358,9V7390,JS3,Import/Export,N031,S032,2026/06/25,2026/06/25,2026/06/25,,2026/06/25,,2026/06/26,
OCEAN NETWORK EXPRESS,one,YOKOHAMA,11,JPYOK,WAN HAI 358,9V7390,JS3,Import/Export,N031,S032,2026/06/26,2026/06/27,2026/06/26,,2026/06/26,,2026/06/27,
OCEAN NETWORK EXPRESS,one,TOKYO,13,JPTYO,WAN HAI 358,9V7390,JS3,Import/Export,N031,S032,2026/06/27,2026/06/28,2026/06/27,,2026/06/27,,2026/06/28,
OCEAN NETWORK EXPRESS,one,OSAKA,40,JPOSA,WAN HAI 368,9V7853,JS3,Import/Export,N036,S037,2026/06/01,2026/06/02,2026/06/05,09:05,2026/06/05,09:55,2026/06/06,05:58
OCEAN NETWORK EXPRESS,one,KOBE,41,JPUKB,WAN HAI 368,9V7853,JS3,Import/Export,N036,S037,2026/06/02,2026/06/03,2026/06/06,06:45,2026/06/06,07:58,2026/06/06,18:45
OCEAN NETWORK EXPRESS,one,NAGOYA,35,JPNGO,WAN HAI 368,9V7853,JS3,Import/Export,N036,S037,2026/06/04,2026/06/04,2026/06/07,14:50,2026/06/07,16:15,2026/06/08,07:50
OCEAN NETWORK EXPRESS,one,TOKYO,13,JPTYO,WAN HAI 368,9V7853,JS3,Import/Export,N036,S037,2026/06/06,2026/06/07,2026/06/09,21:54,2026/06/09,22:38,2026/06/10,16:27
OCEAN NETWORK EXPRESS,one,YOKOHAMA,11,JPYOK,WAN HAI 368,9V7853,JS3,Import/Export,N036,S037,2026/06/05,2026/06/06,2026/06/10,18:12,2026/06/10,20:05,2026/06/11,15:00
OCEAN NETWORK EXPRESS,one,OSAKA,40,JPOSA,WAN HAI 370,9V7859,JS3,Import/Export,N028,S029,2026/06/08,2026/06/09,2026/06/15,16:31,2026/06/15,17:12,2026/06/16,15:36
OCEAN NETWORK EXPRESS,one,KOBE,41,JPUKB,WAN HAI 370,9V7859,JS3,Import/Export,N028,S029,2026/06/09,2026/06/10,2026/06/16,16:20,2026/06/16,17:20,2026/06/17,03:57
OCEAN NETWORK EXPRESS,one,NAGOYA,35,JPNGO,WAN HAI 370,9V7859,JS3,Import/Export,N028,S029,2026/06/11,2026/06/11,2026/06/17,20:30,2026/06/17,21:30,2026/06/18,07:30
OCEAN NETWORK EXPRESS,one,YOKOHAMA,11,JPYOK,WAN HAI 370,9V7859,JS3,Import/Export,N028,S029,2026/06/12,2026/06/13,2026/06/18,,2026/06/18,,2026/06/19,
OCEAN NETWORK EXPRESS,one,TOKYO,13,JPTYO,WAN HAI 370,9V7859,JS3,Import/Export,N028,S029,2026/06/13,2026/06/14,2026/06/19,,2026/06/19,,2026/06/20,
OCEAN NETWORK EXPRESS,one,TOKYO,13,JPTYO,YM MANDATE,A8UU7,PN1,Import/Export,603E,603E,2026/05/31,2026/05/31,2026/06/01,09:56,2026/06/01,10:46,2026/06/02,05:04
OCEAN NETWORK EXPRESS,one,TOKYO,13,JPTYO,YM MANDATE,A8UU7,PN1,Import/Export,603W,603W,2026/06/30,2026/07/01,2026/07/02,07:00,2026/07/02,08:00,2026/07/03,06:00
OCEAN NETWORK EXPRESS,one,KOBE,41,JPUKB,YM MANDATE,A8UU7,PN1,Import/Export,603W,603W,2026/07/02,2026/07/03,2026/07/04,07:00,2026/07/04,08:00,2026/07/05,21:00
OCEAN NETWORK EXPRESS,one,NAGOYA,35,JPNGO,YM MASCULINITY,A8ZD2,PN1,Import/Export,106E,106E,2026/06/05,2026/06/06,2026/06/07,11:12,2026/06/08,07:50,2026/06/08,17:20
OCEAN NETWORK EXPRESS,one,TOKYO,13,JPTYO,YM MASCULINITY,A8ZD2,PN1,Import/Export,106E,106E,2026/06/07,2026/06/07,2026/06/09,17:43,2026/06/09,18:23,2026/06/10,10:55
OCEAN NETWORK EXPRESS,one,TOKYO,13,JPTYO,YM MUTUALITY,A8XY5,PN1,Import/Export,112W,112W,2026/06/02,2026/06/03,2026/06/06,06:51,2026/06/06,07:37,2026/06/07,16:24
OCEAN NETWORK EXPRESS,one,NAGOYA,35,JPNGO,YM MUTUALITY,A8XY5,PN1,Import/Export,112W,112W,2026/06/06,2026/06/06,2026/06/08,10:50,2026/06/08,12:15,2026/06/08,23:20
OCEAN NETWORK EXPRESS,one,KOBE,41,JPUKB,YM MUTUALITY,A8XY5,PN1,Import/Export,112W,112W,2026/06/04,2026/06/05,2026/06/10,06:30,2026/06/10,07:35,2026/06/10,17:58
OCEAN NETWORK EXPRESS,one,NAGOYA,35,JPNGO,YM MUTUALITY,A8XY5,PN1,Import/Export,113E,113E,2026/06/19,2026/06/20,2026/06/21,07:00,2026/06/21,08:00,2026/06/21,23:00
OCEAN NETWORK EXPRESS,one,TOKYO,13,JPTYO,YM MUTUALITY,A8XY5,PN1,Import/Export,113E,113E,2026/06/21,2026/06/21,2026/06/22,17:00,2026/06/22,18:00,2026/06/23,16:00
OCEAN NETWORK EXPRESS,one,TOKYO,13,JPTYO,YM PLUM,D5OX5,PN1,Import/Export,194W,194W,2026/06/16,2026/06/17,2026/06/19,07:00,2026/06/19,08:00,2026/06/20,06:00
OCEAN NETWORK EXPRESS,one,KOBE,41,JPUKB,YM PLUM,D5OX5,PN1,Import/Export,194W,194W,2026/06/18,2026/06/19,2026/06/21,07:00,2026/06/21,08:00,2026/06/21,23:00
OCEAN NETWORK EXPRESS,one,NAGOYA,35,JPNGO,YM PLUM,D5OX5,PN1,Import/Export,194W,194W,2026/06/20,2026/06/21,2026/06/22,17:00,2026/06/22,18:00,2026/06/23,09:00
OCEAN NETWORK EXPRESS,one,NAGOYA,35,JPNGO,YM PLUM,D5OX5,PN1,Import/Export,195E,195E,2026/07/03,2026/07/04,2026/07/03,17:00,2026/07/03,18:00,2026/07/04,07:00
OCEAN NETWORK EXPRESS,one,TOKYO,13,JPTYO,YM PLUM,D5OX5,PN1,Import/Export,195E,195E,2026/07/05,2026/07/05,2026/07/05,07:00,2026/07/05,08:00,2026/07/05,22:00
OCEAN NETWORK EXPRESS,one,TOKYO,13,JPTYO,YM TOPMOST,9VAJ6,FP2,Import/Export,024W,024W,,,2026/06/19,17:00,2026/06/19,18:00,2026/06/20,16:00
OCEAN NETWORK EXPRESS,one,KOBE,41,JPUKB,YM TOPMOST,9VAJ6,FP2,Import/Export,024W,024W,,,2026/06/21,17:00,2026/06/21,18:00,2026/06/22,07:00
OCEAN NETWORK EXPRESS,one,TOKYO,13,JPTYO,YM TUTORIAL,5LFF5,FP2,Import/Export,020W,020W,2026/06/08,2026/06/09,2026/06/09,07:24,2026/06/09,13:21,2026/06/10,04:58
OCEAN NETWORK EXPRESS,one,KOBE,41,JPUKB,YM TUTORIAL,5LFF5,FP2,Import/Export,020W,020W,2026/06/10,2026/06/10,2026/06/11,06:25,2026/06/11,07:34,2026/06/11,17:14
OCEAN NETWORK EXPRESS,one,TOKYO,13,JPTYO,YM UNANIMITY,BLHL,PS3,Import/Export,085W,085W,2026/06/01,2026/06/02,2026/06/08,17:55,2026/06/08,18:42,2026/06/09,16:27
OCEAN NETWORK EXPRESS,one,YOKOHAMA,11,JPYOK,YOKOHAMA EXPRESS,9V7315,AX3,Import/Export,2621E,2621E,2026/06/03,2026/06/04,2026/06/11,21:40,2026/06/11,22:25,2026/06/12,15:25
OCEAN NETWORK EXPRESS,one,TOMAKOMAI,1,JPTMK,YONG SHUN,3E6006,HAS,Import/Export,26021E,26021W,2026/05/24,2026/05/25,2026/06/01,06:08,2026/06/01,07:00,2026/06/06,17:55
OCEAN NETWORK EXPRESS,one,TOMAKOMAI,1,JPTMK,YONG SHUN,3E6006,HAS,Import/Export,26022E,26022W,2026/05/31,2026/06/01,2026/06/14,05:58,2026/06/14,06:45,2026/06/16,10:50
OCEAN NETWORK EXPRESS,one,TOMAKOMAI,1,JPTMK,YONG SHUN,3E6006,HAS,Import/Export,26024E,26024W,2026/06/07,2026/06/08,2026/06/22,,2026/06/22,,2026/06/26,
OCEAN NETWORK EXPRESS,one,TOMAKOMAI,1,JPTMK,YONG SHUN,3E6006,HAS,Import/Export,26026E,26026W,2026/06/21,2026/06/22,2026/07/02,,2026/07/02,,2026/07/03,
OCEAN NETWORK EXPRESS,one,HAKATA,77,JPHKT,ZHONG GU NAN HAI,BOAE6,THX,Import,2619N,,2026/06/02,2026/06/03,2026/06/04,07:41,2026/06/04,08:26,2026/06/04,18:45
OCEAN NETWORK EXPRESS,one,OSAKA,40,JPOSA,ZHONG GU NAN HAI,BOAE6,THX,Import/Export,2619N,2623S,2026/06/04,2026/06/05,2026/06/05,20:24,2026/06/05,21:05,2026/06/06,15:31
OCEAN NETWORK EXPRESS,one,KOBE,41,JPUKB,ZHONG GU NAN HAI,BOAE6,THX,Import/Export,2619N,2623S,2026/06/05,2026/06/05,2026/06/06,16:00,2026/06/06,16:46,2026/06/07,01:30
OCEAN NETWORK EXPRESS,one,HAKATA,77,JPHKT,ZHONG GU NAN HAI,BOAE6,THX,Import,2623N,,2026/06/30,2026/07/01,2026/07/01,,2026/07/01,,2026/07/01,
OCEAN NETWORK EXPRESS,one,OSAKA,40,JPOSA,ZHONG GU NAN HAI,BOAE6,THX,Import/Export,2623N,2627S,2026/07/02,2026/07/03,2026/07/02,,2026/07/02,,2026/07/03,
OCEAN NETWORK EXPRESS,one,KOBE,41,JPUKB,ZHONG GU NAN HAI,BOAE6,THX,Import/Export,2623N,2627S,2026/07/03,2026/07/03,2026/07/03,,2026/07/03,,2026/07/03,
ORIENT OVERSEAS CONTAINER LINE,oocl,YOKOHAMA,11,JPYOK,ALS CLIVIA,9V8629,A3N,Import/Export,007N,008S,2026/06/17,2026/06/18,2026/06/17,23:30,2026/06/18,00:30,2026/06/18,
ORIENT OVERSEAS CONTAINER LINE,oocl,OSAKA,40,JPOSA,ALS CLIVIA,9V8629,A3N,Import/Export,007N,008S,2026/06/19,2026/06/20,2026/06/19,,2026/06/19,,2026/06/20,
ORIENT OVERSEAS CONTAINER LINE,oocl,YOKOHAMA,11,JPYOK,ALS HERCULES,CQ2132,A3N,Import/Export,007N,008S,2026/06/10,2026/06/11,2026/06/10,23:55,2026/06/11,00:50,2026/06/11,18:55
ORIENT OVERSEAS CONTAINER LINE,oocl,OSAKA,40,JPOSA,ALS HERCULES,CQ2132,A3N,Import/Export,007N,008S,2026/06/12,2026/06/13,2026/06/12,18:59,2026/06/12,19:40,2026/06/13,14:41
ORIENT OVERSEAS CONTAINER LINE,oocl,YOKOHAMA,11,JPYOK,ALS JUNO,CQ2187,A3N,Import/Export,007N,008S,2026/07/08,2026/07/09,2026/07/08,,2026/07/08,,2026/07/09,
ORIENT OVERSEAS CONTAINER LINE,oocl,OSAKA,40,JPOSA,ALS JUNO,CQ2187,A3N,Import/Export,007N,008S,2026/07/10,2026/07/11,2026/07/10,,2026/07/10,,2026/07/11,
ORIENT OVERSEAS CONTAINER LINE,oocl,OSAKA,40,JPOSA,ALS LUNA,9V8628,A3N,Import/Export,006N,007S,2026/05/29,2026/05/30,2026/06/01,07:03,2026/06/01,07:43,2026/06/01,19:22
ORIENT OVERSEAS CONTAINER LINE,oocl,TOKYO,13,JPTYO,ALS VENUS,9V5905,KTX1,Import/Export,090N,091S,2026/06/04,2026/06/04,2026/06/04,22:00,2026/06/04,22:43,2026/06/06,05:35
ORIENT OVERSEAS CONTAINER LINE,oocl,YOKOHAMA,11,JPYOK,ALS VENUS,9V5905,KTX1,Import/Export,090N,091S,2026/06/04,2026/06/05,2026/06/06,07:20,2026/06/06,08:15,2026/06/06,17:15
ORIENT OVERSEAS CONTAINER LINE,oocl,NAGOYA,35,JPNGO,ALS VENUS,9V5905,KTX1,Import/Export,090N,091S,2026/06/05,2026/06/06,2026/06/07,07:10,2026/06/07,08:30,2026/06/07,18:40
ORIENT OVERSEAS CONTAINER LINE,oocl,OSAKA,40,JPOSA,ALS VENUS,9V5905,KTX1,Import/Export,090N,091S,2026/06/07,2026/06/07,2026/06/08,12:30,2026/06/08,13:19,2026/06/09,06:02
ORIENT OVERSEAS CONTAINER LINE,oocl,KOBE,41,JPUKB,ALS VENUS,9V5905,KTX1,Import/Export,090N,091S,2026/06/06,2026/06/07,2026/06/09,06:55,2026/06/09,07:49,2026/06/09,16:12
ORIENT OVERSEAS CONTAINER LINE,oocl,YOKOHAMA,11,JPYOK,ALS VENUS,9V5905,KTX1,Import/Export,091N,092S,2026/07/02,2026/07/03,2026/07/02,,2026/07/02,,2026/07/03,
ORIENT OVERSEAS CONTAINER LINE,oocl,TOKYO,13,JPTYO,ALS VENUS,9V5905,KTX1,Import/Export,091N,092S,2026/07/02,2026/07/02,2026/07/02,,2026/07/02,,2026/07/02,
ORIENT OVERSEAS CONTAINER LINE,oocl,NAGOYA,35,JPNGO,ALS VENUS,9V5905,KTX1,Import/Export,091N,092S,2026/07/03,2026/07/04,2026/07/03,,2026/07/03,,2026/07/04,
ORIENT OVERSEAS CONTAINER LINE,oocl,KOBE,41,JPUKB,ALS VENUS,9V5905,KTX1,Import/Export,091N,092S,2026/07/04,2026/07/05,2026/07/04,,2026/07/04,,2026/07/05,
ORIENT OVERSEAS CONTAINER LINE,oocl,OSAKA,40,JPOSA,ALS VENUS,9V5905,KTX1,Import/Export,091N,092S,2026/07/05,2026/07/05,2026/07/05,,2026/07/05,,2026/07/05,
ORIENT OVERSEAS CONTAINER LINE,oocl,TOKYO,13,JPTYO,ALS VESTA,9V5904,KTX1,Import/Export,052N,053S,2026/06/11,2026/06/11,2026/06/14,21:00,2026/06/14,21:34,2026/06/15,22:00
ORIENT OVERSEAS CONTAINER LINE,oocl,YOKOHAMA,11,JPYOK,ALS VESTA,9V5904,KTX1,Import/Export,052N,053S,2026/06/11,2026/06/12,2026/06/15,23:15,2026/06/16,00:05,2026/06/17,00:15
ORIENT OVERSEAS CONTAINER LINE,oocl,NAGOYA,35,JPNGO,ALS VESTA,9V5904,KTX1,Import/Export,052N,053S,2026/06/12,2026/06/13,2026/06/17,15:50,2026/06/17,16:50,2026/06/18,01:30
ORIENT OVERSEAS CONTAINER LINE,oocl,KOBE,41,JPUKB,ALS VESTA,9V5904,KTX1,Import/Export,052N,053S,2026/06/13,2026/06/14,2026/06/18,12:30,2026/06/18,13:30,2026/06/18,20:00
ORIENT OVERSEAS CONTAINER LINE,oocl,OSAKA,40,JPOSA,ALS VESTA,9V5904,KTX1,Import/Export,052N,053S,2026/06/14,2026/06/14,2026/06/18,22:00,2026/06/18,23:00,2026/06/19,12:00
ORIENT OVERSEAS CONTAINER LINE,oocl,YOKOHAMA,11,JPYOK,APL CHARLESTON,9V9923,TLP2,Import/Export,058W,058W,2026/07/04,2026/07/05,2026/07/03,,2026/07/03,,2026/07/04,
ORIENT OVERSEAS CONTAINER LINE,oocl,YOKOHAMA,11,JPYOK,APL SALALAH,9V9400,TLP2,Import/Export,413W,413W,2026/06/20,2026/06/21,2026/06/21,,2026/06/21,,2026/06/22,
ORIENT OVERSEAS CONTAINER LINE,oocl,NAGOYA,35,JPNGO,ASL HAIPHONG,5LJA9,PCHN,Import/Export,2604E,2604E,2026/06/02,2026/06/02,2026/06/02,12:15,2026/06/02,16:30,2026/06/03,19:25
ORIENT OVERSEAS CONTAINER LINE,oocl,TOKYO,13,JPTYO,ASL HAIPHONG,5LJA9,PCHN,Import/Export,2604E,2604E,2026/06/03,2026/06/03,2026/06/04,16:47,2026/06/04,17:25,2026/06/05,04:18
ORIENT OVERSEAS CONTAINER LINE,oocl,YOKOHAMA,11,JPYOK,ASL HAIPHONG,5LJA9,PCHN,Import/Export,2604E,2604E,2026/06/03,2026/06/04,2026/06/05,06:00,2026/06/05,19:00,2026/06/06,00:35
ORIENT OVERSEAS CONTAINER LINE,oocl,TOKYO,13,JPTYO,BALTRUM,V2HR8,KTX4,Import/Export,045N,046S,2026/05/29,2026/05/30,2026/06/01,22:46,2026/06/01,23:40,2026/06/02,12:32
ORIENT OVERSEAS CONTAINER LINE,oocl,YOKOHAMA,11,JPYOK,BALTRUM,V2HR8,KTX4,Import/Export,045N,046S,2026/05/30,2026/05/30,2026/06/02,14:30,2026/06/02,15:05,2026/06/03,18:40
ORIENT OVERSEAS CONTAINER LINE,oocl,OSAKA,40,JPOSA,BALTRUM,V2HR8,KTX4,Import/Export,046N,047S,2026/06/16,2026/06/17,2026/06/24,01:00,2026/06/24,02:00,2026/06/24,13:30
ORIENT OVERSEAS CONTAINER LINE,oocl,KOBE,41,JPUKB,BALTRUM,V2HR8,KTX4,Import/Export,046N,047S,2026/06/17,2026/06/17,2026/06/24,14:00,2026/06/24,15:00,2026/06/24,23:00
ORIENT OVERSEAS CONTAINER LINE,oocl,NAGOYA,35,JPNGO,BALTRUM,V2HR8,KTX4,Import/Export,046N,047S,2026/06/18,2026/06/18,2026/06/25,14:00,2026/06/25,15:00,2026/06/26,01:00
ORIENT OVERSEAS CONTAINER LINE,oocl,TOKYO,13,JPTYO,BALTRUM,V2HR8,KTX4,Import/Export,046N,047S,2026/06/19,2026/06/20,2026/06/26,16:00,2026/06/26,17:00,2026/06/27,02:00
ORIENT OVERSEAS CONTAINER LINE,oocl,YOKOHAMA,11,JPYOK,BALTRUM,V2HR8,KTX4,Import/Export,046N,047S,2026/06/20,2026/06/20,2026/06/27,03:30,2026/06/27,04:30,2026/06/27,12:00
ORIENT OVERSEAS CONTAINER LINE,oocl,TOKYO,13,JPTYO,BF GIANT,A8UK9,JKN,Import/Export,011N,012S,2026/07/02,2026/07/03,2026/07/02,15:00,2026/07/02,16:00,2026/07/03,04:00
ORIENT OVERSEAS CONTAINER LINE,oocl,KOBE,41,JPUKB,BF GIANT,A8UK9,JKN,Import/Export,011N,012S,2026/07/04,2026/07/04,2026/07/04,07:00,2026/07/04,08:00,2026/07/04,18:00
ORIENT OVERSEAS CONTAINER LINE,oocl,YOKOHAMA,11,JPYOK,BRIGHT TSUBAKI,3E7557,KTX2,Import/Export,030N,031S,2026/05/31,2026/06/01,2026/06/01,07:30,2026/06/01,08:20,2026/06/02,11:50
ORIENT OVERSEAS CONTAINER LINE,oocl,TOKYO,13,JPTYO,BRIGHT TSUBAKI,3E7557,KTX2,Import/Export,030N,031S,2026/05/31,2026/05/31,2026/06/05,16:52,2026/06/05,17:45,2026/06/06,16:32
ORIENT OVERSEAS CONTAINER LINE,oocl,NAGOYA,35,JPNGO,BRIGHT TSUBAKI,3E7557,KTX2,Import/Export,030N,031S,2026/06/02,2026/06/02,2026/06/07,06:30,2026/06/07,07:50,2026/06/07,19:50
ORIENT OVERSEAS CONTAINER LINE,oocl,KOBE,41,JPUKB,BRIGHT TSUBAKI,3E7557,KTX2,Import/Export,030N,031S,2026/06/03,2026/06/03,2026/06/08,15:15,2026/06/08,16:28,2026/06/09,03:00
ORIENT OVERSEAS CONTAINER LINE,oocl,OSAKA,40,JPOSA,BRIGHT TSUBAKI,3E7557,KTX2,Import/Export,031N,032S,2026/06/26,2026/06/27,2026/06/26,,2026/06/26,,2026/06/27,
ORIENT OVERSEAS CONTAINER LINE,oocl,YOKOHAMA,11,JPYOK,BRIGHT TSUBAKI,3E7557,KTX2,Import/Export,031N,032S,2026/06/28,2026/06/29,2026/06/28,,2026/06/28,,2026/06/28,
ORIENT OVERSEAS CONTAINER LINE,oocl,TOKYO,13,JPTYO,BRIGHT TSUBAKI,3E7557,KTX2,Import/Export,031N,032S,2026/06/28,2026/06/28,2026/06/28,,2026/06/28,,2026/06/28,
ORIENT OVERSEAS CONTAINER LINE,oocl,NAGOYA,35,JPNGO,BRIGHT TSUBAKI,3E7557,KTX2,Import/Export,031N,032S,2026/06/30,2026/06/30,2026/06/30,,2026/06/30,,2026/06/30,
ORIENT OVERSEAS CONTAINER LINE,oocl,KOBE,41,JPUKB,BRIGHT TSUBAKI,3E7557,KTX2,Import/Export,031N,032S,2026/07/01,2026/07/01,2026/07/01,,2026/07/01,,2026/07/01,
ORIENT OVERSEAS CONTAINER LINE,oocl,OSAKA,40,JPOSA,CAPE FORTIUS,5BQC4,KTX4,Import/Export,160N,161S,2026/06/09,2026/06/10,2026/06/18,17:00,2026/06/18,18:00,2026/06/19,07:00
ORIENT OVERSEAS CONTAINER LINE,oocl,KOBE,41,JPUKB,CAPE FORTIUS,5BQC4,KTX4,Import/Export,160N,161S,2026/06/10,2026/06/10,2026/06/19,07:30,2026/06/19,08:30,2026/06/19,16:30
ORIENT OVERSEAS CONTAINER LINE,oocl,NAGOYA,35,JPNGO,CAPE FORTIUS,5BQC4,KTX4,Import/Export,160N,161S,2026/06/11,2026/06/11,2026/06/20,07:30,2026/06/20,08:30,2026/06/20,13:30
ORIENT OVERSEAS CONTAINER LINE,oocl,TOKYO,13,JPTYO,CAPE FORTIUS,5BQC4,KTX4,Import/Export,160N,161S,2026/06/12,2026/06/13,2026/06/21,07:30,2026/06/21,08:30,2026/06/21,14:30
ORIENT OVERSEAS CONTAINER LINE,oocl,YOKOHAMA,11,JPYOK,CAPE FORTIUS,5BQC4,KTX4,Import/Export,160N,161S,2026/06/13,2026/06/13,2026/06/21,16:00,2026/06/21,17:00,2026/06/22,04:00
ORIENT OVERSEAS CONTAINER LINE,oocl,OSAKA,40,JPOSA,CAPE FORTIUS,5BQC4,KTX4,Import/Export,161N,162S,2026/06/30,2026/07/01,2026/07/02,,2026/07/02,,2026/07/03,
ORIENT OVERSEAS CONTAINER LINE,oocl,KOBE,41,JPUKB,CAPE FORTIUS,5BQC4,KTX4,Import/Export,161N,162S,2026/07/01,2026/07/01,2026/07/03,,2026/07/03,,2026/07/03,
ORIENT OVERSEAS CONTAINER LINE,oocl,NAGOYA,35,JPNGO,CAPE FORTIUS,5BQC4,KTX4,Import/Export,161N,162S,2026/07/02,2026/07/02,2026/07/04,,2026/07/04,,2026/07/04,
ORIENT OVERSEAS CONTAINER LINE,oocl,TOKYO,13,JPTYO,CAPE FORTIUS,5BQC4,KTX4,Import/Export,161N,162S,2026/07/03,2026/07/04,2026/07/05,,2026/07/05,,2026/07/06,
ORIENT OVERSEAS CONTAINER LINE,oocl,YOKOHAMA,11,JPYOK,CAPE FORTIUS,5BQC4,KTX4,Import/Export,161N,162S,2026/07/04,2026/07/04,2026/07/06,,2026/07/06,,2026/07/06,
ORIENT OVERSEAS CONTAINER LINE,oocl,YOKOHAMA,11,JPYOK,CMA CGM ANDROMEDA,9HA4989,TLP6,Import/Export,377W,377W,2026/06/21,2026/06/22,2026/06/18,,2026/06/18,,2026/06/19,
ORIENT OVERSEAS CONTAINER LINE,oocl,YOKOHAMA,11,JPYOK,CMA CGM KIMBERLEY,FMPR,TLP2,Import/Export,017W,017W,2026/06/13,2026/06/14,2026/06/16,05:20,2026/06/16,06:10,2026/06/17,04:00
ORIENT OVERSEAS CONTAINER LINE,oocl,YOKOHAMA,11,JPYOK,CMA CGM NEVADA,9HA3474,TLP2,Import/Export,460W,460W,2026/06/27,2026/06/28,2026/06/27,,2026/06/27,,2026/06/28,
ORIENT OVERSEAS CONTAINER LINE,oocl,YOKOHAMA,11,JPYOK,CMA CGM PLATINUM,9HA6318,TLP6,Import/Export,004W,004W,2026/05/17,2026/05/18,2026/06/07,05:20,2026/06/07,06:15,2026/06/08,03:00
ORIENT OVERSEAS CONTAINER LINE,oocl,YOKOHAMA,11,JPYOK,CMA CGM TAGE,9HA3777,TLP2,Import/Export,473W,473W,2026/05/30,2026/05/31,2026/05/31,11:20,2026/05/31,12:15,2026/06/01,02:50
ORIENT OVERSEAS CONTAINER LINE,oocl,KOBE,41,JPUKB,CNC SERVAL,9V8612,ECC3,Import/Export,023E,023E,2026/07/01,2026/07/01,2026/07/01,,2026/07/01,,2026/07/01,
ORIENT OVERSEAS CONTAINER LINE,oocl,TOKYO,13,JPTYO,CONFIDENCE,V7A4533,PCOS,Import/Export,029E,029E,2026/06/08,2026/06/08,2026/06/12,13:25,2026/06/12,13:52,2026/06/13,15:54
ORIENT OVERSEAS CONTAINER LINE,oocl,YOKOHAMA,11,JPYOK,CONFIDENCE,V7A4533,PCOS,Import/Export,029E,029E,2026/06/08,2026/06/09,2026/06/13,18:05,2026/06/13,19:00,2026/06/14,09:50
ORIENT OVERSEAS CONTAINER LINE,oocl,YOKOHAMA,11,JPYOK,CONFIDENCE,V7A4533,PCOS,Import/Export,030E,030E,2026/06/15,2026/06/16,2026/06/22,,2026/06/22,,2026/06/23,
ORIENT OVERSEAS CONTAINER LINE,oocl,TOKYO,13,JPTYO,CONFIDENCE,V7A4533,PCOS,Import/Export,030E,030E,2026/06/15,2026/06/15,2026/06/22,,2026/06/22,,2026/06/22,
ORIENT OVERSEAS CONTAINER LINE,oocl,TOKYO,13,JPTYO,CONSCIENCE,V7A4532,PJPN,Import/Export,2623S,2623S,2026/06/03,2026/06/03,2026/06/06,14:30,2026/06/07,07:48,2026/06/08,04:54
ORIENT OVERSEAS CONTAINER LINE,oocl,YOKOHAMA,11,JPYOK,CONSCIENCE,V7A4532,PJPN,Import/Export,2623S,2623S,2026/06/03,2026/06/04,2026/06/08,06:30,2026/06/08,07:00,2026/06/08,16:50
ORIENT OVERSEAS CONTAINER LINE,oocl,TOKYO,13,JPTYO,CONSERO,V7A4536,PJPN,Import/Export,2624S,2624S,2026/06/10,2026/06/10,2026/06/14,05:12,2026/06/14,18:38,2026/06/15,18:29
ORIENT OVERSEAS CONTAINER LINE,oocl,YOKOHAMA,11,JPYOK,CONSERO,V7A4536,PJPN,Import/Export,2624S,2624S,2026/06/10,2026/06/11,2026/06/15,20:45,2026/06/15,21:36,2026/06/16,22:00
ORIENT OVERSEAS CONTAINER LINE,oocl,YOKOHAMA,11,JPYOK,CONSILIA,V7A4977,PCOS,Import/Export,003E,003E,2026/06/08,2026/06/09,2026/06/08,,2026/06/08,,2026/06/09,
ORIENT OVERSEAS CONTAINER LINE,oocl,TOKYO,13,JPTYO,CONSILIA,V7A4977,PCOS,Import/Export,003E,003E,2026/06/08,2026/06/08,2026/06/09,06:45,2026/06/09,07:29,2026/06/09,18:44
ORIENT OVERSEAS CONTAINER LINE,oocl,TOKYO,13,JPTYO,COSCO FELIXSTOWE,2BOW3,JKN,Import/Export,203N,204S,2026/06/04,2026/06/05,2026/06/05,02:24,2026/06/06,18:24,2026/06/07,06:06
ORIENT OVERSEAS CONTAINER LINE,oocl,KOBE,41,JPUKB,COSCO FELIXSTOWE,2BOW3,JKN,Import/Export,203N,204S,2026/06/06,2026/06/06,2026/06/08,06:50,2026/06/08,08:07,2026/06/08,16:40
ORIENT OVERSEAS CONTAINER LINE,oocl,TOKYO,13,JPTYO,COSCO HAMBURG,2BOX9,JKN,Import/Export,295N,296S,2026/06/11,2026/06/12,2026/06/12,22:48,2026/06/13,17:52,2026/06/14,05:26
ORIENT OVERSEAS CONTAINER LINE,oocl,KOBE,41,JPUKB,COSCO HAMBURG,2BOX9,JKN,Import/Export,295N,296S,2026/06/13,2026/06/13,2026/06/15,06:45,2026/06/15,07:35,2026/06/15,16:53
ORIENT OVERSEAS CONTAINER LINE,oocl,TOKYO,13,JPTYO,EVER SHINE,MJKZ4,PNW3,Import/Export,158W,158W,2026/06/30,2026/07/01,2026/07/01,,2026/07/01,,2026/07/02,
ORIENT OVERSEAS CONTAINER LINE,oocl,OSAKA,40,JPOSA,EVER SHINE,MJKZ4,PNW3,Import/Export,158W,158W,2026/07/02,2026/07/03,2026/07/03,,2026/07/03,,2026/07/04,
ORIENT OVERSEAS CONTAINER LINE,oocl,TOKYO,13,JPTYO,EVER SIGMA,MKKZ7,PNW3,Import/Export,141W,141W,2026/06/23,2026/06/24,2026/06/23,,2026/06/23,,2026/06/24,
ORIENT OVERSEAS CONTAINER LINE,oocl,OSAKA,40,JPOSA,EVER SIGMA,MKKZ7,PNW3,Import/Export,141W,141W,2026/06/25,2026/06/26,2026/06/25,,2026/06/25,,2026/06/25,
ORIENT OVERSEAS CONTAINER LINE,oocl,TOKYO,13,JPTYO,EVER SMILE,MLTH5,PNW3,Import/Export,133W,133W,2026/06/02,2026/06/03,2026/06/09,06:23,2026/06/09,07:12,2026/06/10,04:28
ORIENT OVERSEAS CONTAINER LINE,oocl,OSAKA,40,JPOSA,EVER SMILE,MLTH5,PNW3,Import/Export,133W,133W,2026/06/04,2026/06/05,2026/06/11,06:43,2026/06/11,07:22,2026/06/11,22:00
ORIENT OVERSEAS CONTAINER LINE,oocl,TOKYO,13,JPTYO,EVER SUMMIT,9V7524,PNW3,Import/Export,130W,130W,2026/06/09,2026/06/10,2026/06/16,06:43,2026/06/16,07:31,2026/06/17,04:29
ORIENT OVERSEAS CONTAINER LINE,oocl,OSAKA,40,JPOSA,EVER SUMMIT,9V7524,PNW3,Import/Export,130W,130W,2026/06/11,2026/06/12,2026/06/18,07:15,2026/06/18,08:15,2026/06/18,18:00
ORIENT OVERSEAS CONTAINER LINE,oocl,KOBE,41,JPUKB,FENGYUNHE,3FXG8,JCV,Import/Export,1937N,1938S,2026/05/30,2026/05/31,2026/06/01,07:00,2026/06/01,08:00,2026/06/01,16:00
ORIENT OVERSEAS CONTAINER LINE,oocl,TOKYO,13,JPTYO,FENGYUNHE,3FXG8,JCV,Import/Export,1939N,1940S,2026/06/17,2026/06/18,2026/06/18,,2026/06/18,,2026/06/19,
ORIENT OVERSEAS CONTAINER LINE,oocl,YOKOHAMA,11,JPYOK,FENGYUNHE,3FXG8,JCV,Import/Export,1939N,1940S,2026/06/18,2026/06/18,2026/06/19,,2026/06/19,,2026/06/19,
ORIENT OVERSEAS CONTAINER LINE,oocl,NAGOYA,35,JPNGO,FENGYUNHE,3FXG8,JCV,Import/Export,1939N,1940S,2026/06/19,2026/06/19,2026/06/20,,2026/06/20,,2026/06/20,
ORIENT OVERSEAS CONTAINER LINE,oocl,KOBE,41,JPUKB,FENGYUNHE,3FXG8,JCV,Import/Export,1939N,1940S,2026/06/20,2026/06/21,2026/06/21,,2026/06/21,,2026/06/21,
ORIENT OVERSEAS CONTAINER LINE,oocl,NAGOYA,35,JPNGO,FUTURE,3FSC7,KTX1,Import/Export,052N,053S,2026/05/29,2026/05/30,2026/06/01,11:45,2026/06/01,13:10,2026/06/01,21:00
ORIENT OVERSEAS CONTAINER LINE,oocl,OSAKA,40,JPOSA,FUTURE,3FSC7,KTX1,Import/Export,052N,053S,2026/05/31,2026/05/31,2026/06/02,13:05,2026/06/02,13:56,2026/06/02,18:45
ORIENT OVERSEAS CONTAINER LINE,oocl,KOBE,41,JPUKB,FUTURE,3FSC7,KTX1,Import/Export,052N,053S,2026/05/30,2026/05/31,2026/06/02,21:28,2026/06/03,10:00,2026/06/03,17:43
ORIENT OVERSEAS CONTAINER LINE,oocl,TOKYO,13,JPTYO,FUTURE,3FSC7,KTX1,Import/Export,053N,054S,2026/06/25,2026/06/25,2026/06/25,,2026/06/25,,2026/06/25,
ORIENT OVERSEAS CONTAINER LINE,oocl,YOKOHAMA,11,JPYOK,FUTURE,3FSC7,KTX1,Import/Export,053N,054S,2026/06/25,2026/06/26,2026/06/25,,2026/06/25,,2026/06/26,
ORIENT OVERSEAS CONTAINER LINE,oocl,NAGOYA,35,JPNGO,FUTURE,3FSC7,KTX1,Import/Export,053N,054S,2026/06/26,2026/06/27,2026/06/26,,2026/06/26,,2026/06/27,
ORIENT OVERSEAS CONTAINER LINE,oocl,KOBE,41,JPUKB,FUTURE,3FSC7,KTX1,Import/Export,053N,054S,2026/06/27,2026/06/28,2026/06/27,,2026/06/27,,2026/06/28,
ORIENT OVERSEAS CONTAINER LINE,oocl,OSAKA,40,JPOSA,FUTURE,3FSC7,KTX1,Import/Export,053N,054S,2026/06/28,2026/06/28,2026/06/28,,2026/06/28,,2026/06/28,
ORIENT OVERSEAS CONTAINER LINE,oocl,OSAKA,40,JPOSA,GLORY SHANGHAI,VROS4,PJPN,Import/Export,2624S,2624S,2026/06/11,2026/06/12,2026/06/12,06:45,2026/06/12,07:42,2026/06/12,19:05
ORIENT OVERSEAS CONTAINER LINE,oocl,KOBE,41,JPUKB,GLORY SHANGHAI,VROS4,PJPN,Import/Export,2624S,2624S,2026/06/12,2026/06/12,2026/06/12,19:45,2026/06/12,20:23,2026/06/13,02:20
ORIENT OVERSEAS CONTAINER LINE,oocl,OSAKA,40,JPOSA,GSL MAREN,D5ZX8,KTX2,Import/Export,028N,029S,2026/06/05,2026/06/06,2026/06/05,16:26,2026/06/05,17:29,2026/06/06,01:24
ORIENT OVERSEAS CONTAINER LINE,oocl,TOKYO,13,JPTYO,GSL MAREN,D5ZX8,KTX2,Import/Export,028N,029S,2026/06/07,2026/06/07,2026/06/07,11:45,2026/06/07,12:25,2026/06/08,21:47
ORIENT OVERSEAS CONTAINER LINE,oocl,YOKOHAMA,11,JPYOK,GSL MAREN,D5ZX8,KTX2,Import/Export,028N,029S,2026/06/07,2026/06/08,2026/06/08,23:15,2026/06/09,00:10,2026/06/10,00:06
ORIENT OVERSEAS CONTAINER LINE,oocl,NAGOYA,35,JPNGO,GSL MAREN,D5ZX8,KTX2,Import/Export,028N,029S,2026/06/09,2026/06/09,2026/06/10,13:50,2026/06/10,15:10,2026/06/11,01:45
ORIENT OVERSEAS CONTAINER LINE,oocl,KOBE,41,JPUKB,GSL MAREN,D5ZX8,KTX2,Import/Export,028N,029S,2026/06/10,2026/06/10,2026/06/11,16:30,2026/06/11,17:16,2026/06/12,01:05
ORIENT OVERSEAS CONTAINER LINE,oocl,OSAKA,40,JPOSA,GSL MAREN,D5ZX8,KTX2,Import/Export,029N,030S,2026/07/03,2026/07/04,2026/07/03,,2026/07/03,,2026/07/04,
ORIENT OVERSEAS CONTAINER LINE,oocl,YOKOHAMA,11,JPYOK,GSL MAREN,D5ZX8,KTX2,Import/Export,029N,030S,2026/07/05,2026/07/06,2026/07/05,,2026/07/05,,2026/07/06,
ORIENT OVERSEAS CONTAINER LINE,oocl,TOKYO,13,JPTYO,GSL MAREN,D5ZX8,KTX2,Import/Export,029N,030S,2026/07/05,2026/07/05,2026/07/05,,2026/07/05,,2026/07/05,
ORIENT OVERSEAS CONTAINER LINE,oocl,NAGOYA,35,JPNGO,GSL MAREN,D5ZX8,KTX2,Import/Export,029N,030S,2026/07/07,2026/07/07,2026/07/07,,2026/07/07,,2026/07/07,
ORIENT OVERSEAS CONTAINER LINE,oocl,KOBE,41,JPUKB,GSL MAREN,D5ZX8,KTX2,Import/Export,029N,030S,2026/07/08,2026/07/08,2026/07/08,,2026/07/08,,2026/07/08,
ORIENT OVERSEAS CONTAINER LINE,oocl,KOBE,41,JPUKB,HARRIER,C6WS6,PJPN,Import/Export,2622S,2622S,2026/05/29,2026/05/29,2026/05/31,18:54,2026/06/01,07:05,2026/06/01,16:33
ORIENT OVERSEAS CONTAINER LINE,oocl,OSAKA,40,JPOSA,HARRIER,C6WS6,PJPN,Import/Export,2625S,2625S,2026/06/18,2026/06/19,2026/06/20,22:00,2026/06/20,PM,2026/06/21,
ORIENT OVERSEAS CONTAINER LINE,oocl,KOBE,41,JPUKB,HARRIER,C6WS6,PJPN,Import/Export,2625S,2625S,2026/06/19,2026/06/19,2026/06/21,,2026/06/21,,2026/06/21,
ORIENT OVERSEAS CONTAINER LINE,oocl,YOKOHAMA,11,JPYOK,HT CAPRICORN,A8VA4,TLP8,Import/Export,006W,006W,2026/05/30,2026/05/31,2026/06/10,14:20,2026/06/10,15:00,2026/06/11,00:55
ORIENT OVERSEAS CONTAINER LINE,oocl,OSAKA,40,JPOSA,IRENES RAINBOW,5BMT6,KTX2,Import/Export,031N,032S,2026/06/19,2026/06/20,2026/06/19,17:00,2026/06/19,18:00,2026/06/20,01:30
ORIENT OVERSEAS CONTAINER LINE,oocl,TOKYO,13,JPTYO,IRENES RAINBOW,5BMT6,KTX2,Import/Export,031N,032S,2026/06/21,2026/06/21,2026/06/21,07:30,2026/06/21,08:30,2026/06/21,21:30
ORIENT OVERSEAS CONTAINER LINE,oocl,YOKOHAMA,11,JPYOK,IRENES RAINBOW,5BMT6,KTX2,Import/Export,031N,032S,2026/06/21,2026/06/22,2026/06/22,00:01,2026/06/22,01:00,2026/06/22,15:00
ORIENT OVERSEAS CONTAINER LINE,oocl,NAGOYA,35,JPNGO,IRENES RAINBOW,5BMT6,KTX2,Import/Export,031N,032S,2026/06/23,2026/06/23,2026/06/23,07:30,2026/06/23,08:30,2026/06/23,18:30
ORIENT OVERSEAS CONTAINER LINE,oocl,KOBE,41,JPUKB,IRENES RAINBOW,5BMT6,KTX2,Import/Export,031N,032S,2026/06/24,2026/06/24,2026/06/24,10:00,2026/06/24,11:00,2026/06/24,19:00
ORIENT OVERSEAS CONTAINER LINE,oocl,TOKYO,13,JPTYO,JINYUNHE,H3GB,JCV,Import/Export,1937N,1938S,2026/06/03,2026/06/04,2026/06/06,10:14,2026/06/07,07:35,2026/06/08,08:45
ORIENT OVERSEAS CONTAINER LINE,oocl,YOKOHAMA,11,JPYOK,JINYUNHE,H3GB,JCV,Import/Export,1937N,1938S,2026/06/04,2026/06/04,2026/06/08,10:15,2026/06/08,21:30,2026/06/09,11:35
ORIENT OVERSEAS CONTAINER LINE,oocl,NAGOYA,35,JPNGO,JINYUNHE,H3GB,JCV,Import/Export,1937N,1938S,2026/06/05,2026/06/05,2026/06/10,15:45,2026/06/10,17:10,2026/06/11,05:05
ORIENT OVERSEAS CONTAINER LINE,oocl,KOBE,41,JPUKB,JINYUNHE,H3GB,JCV,Import/Export,1937N,1938S,2026/06/06,2026/06/07,2026/06/12,06:35,2026/06/12,07:24,2026/06/12,17:00
ORIENT OVERSEAS CONTAINER LINE,oocl,TOKYO,13,JPTYO,JINYUNHE,H3GB,JCV,Import/Export,1939N,1940S,2026/06/24,2026/06/25,2026/06/24,,2026/06/24,,2026/06/25,
ORIENT OVERSEAS CONTAINER LINE,oocl,YOKOHAMA,11,JPYOK,JINYUNHE,H3GB,JCV,Import/Export,1939N,1940S,2026/06/25,2026/06/25,2026/06/25,,2026/06/25,,2026/06/25,
ORIENT OVERSEAS CONTAINER LINE,oocl,NAGOYA,35,JPNGO,JINYUNHE,H3GB,JCV,Import/Export,1939N,1940S,2026/06/26,2026/06/26,2026/06/26,,2026/06/26,,2026/06/26,
ORIENT OVERSEAS CONTAINER LINE,oocl,KOBE,41,JPUKB,JINYUNHE,H3GB,JCV,Import/Export,1939N,1940S,2026/06/27,2026/06/28,2026/06/27,,2026/06/27,,2026/06/28,
ORIENT OVERSEAS CONTAINER LINE,oocl,OSAKA,40,JPOSA,JJ SUN,VRFO6,PJPN,Import/Export,2623S,2623S,2026/06/04,2026/06/05,2026/06/06,10:54,2026/06/06,11:39,2026/06/07,06:05
ORIENT OVERSEAS CONTAINER LINE,oocl,KOBE,41,JPUKB,JJ SUN,VRFO6,PJPN,Import/Export,2623S,2623S,2026/06/05,2026/06/05,2026/06/07,06:45,2026/06/07,07:25,2026/06/07,14:53
ORIENT OVERSEAS CONTAINER LINE,oocl,KOBE,41,JPUKB,KOI,D5NZ4,ECC3,Import/Export,032E,032E,2026/06/10,2026/06/10,2026/06/11,18:40,2026/06/11,19:50,2026/06/12,11:11
ORIENT OVERSEAS CONTAINER LINE,oocl,TOKYO,13,JPTYO,MANET,D5WB7,KTX1,Import/Export,054N,055S,2026/06/18,2026/06/18,2026/06/22,00:30,2026/06/22,01:30,2026/06/22,10:30
ORIENT OVERSEAS CONTAINER LINE,oocl,YOKOHAMA,11,JPYOK,MANET,D5WB7,KTX1,Import/Export,054N,055S,2026/06/18,2026/06/19,2026/06/22,12:00,2026/06/22,13:00,2026/06/22,19:00
ORIENT OVERSEAS CONTAINER LINE,oocl,NAGOYA,35,JPNGO,MANET,D5WB7,KTX1,Import/Export,054N,055S,2026/06/19,2026/06/20,2026/06/23,09:00,2026/06/23,10:00,2026/06/23,17:30
ORIENT OVERSEAS CONTAINER LINE,oocl,KOBE,41,JPUKB,MANET,D5WB7,KTX1,Import/Export,054N,055S,2026/06/20,2026/06/21,2026/06/24,09:00,2026/06/24,10:00,2026/06/24,17:00
ORIENT OVERSEAS CONTAINER LINE,oocl,OSAKA,40,JPOSA,MANET,D5WB7,KTX1,Import/Export,054N,055S,2026/06/21,2026/06/21,2026/06/24,18:00,2026/06/24,19:00,2026/06/25,00:01
ORIENT OVERSEAS CONTAINER LINE,oocl,YOKOHAMA,11,JPYOK,MILD TUNE,VROS2,PJPN,Import/Export,2625S,2625S,2026/06/17,2026/06/18,2026/06/20,,2026/06/20,,2026/06/20,
ORIENT OVERSEAS CONTAINER LINE,oocl,TOKYO,13,JPTYO,MILD TUNE,VROS2,PJPN,Import/Export,2625S,2625S,2026/06/17,2026/06/17,2026/06/20,05:00,2026/06/20,,2026/06/20,
ORIENT OVERSEAS CONTAINER LINE,oocl,OSAKA,40,JPOSA,MORESBY CHIEF,9VMB2,KTX2,Import/Export,019N,020S,2026/06/12,2026/06/13,2026/06/12,11:33,2026/06/12,12:21,2026/06/13,01:35
ORIENT OVERSEAS CONTAINER LINE,oocl,TOKYO,13,JPTYO,MORESBY CHIEF,9VMB2,KTX2,Import/Export,019N,020S,2026/06/14,2026/06/14,2026/06/14,00:42,2026/06/14,01:30,2026/06/15,05:09
ORIENT OVERSEAS CONTAINER LINE,oocl,YOKOHAMA,11,JPYOK,MORESBY CHIEF,9VMB2,KTX2,Import/Export,019N,020S,2026/06/14,2026/06/15,2026/06/15,06:40,2026/06/15,07:45,2026/06/15,20:10
ORIENT OVERSEAS CONTAINER LINE,oocl,NAGOYA,35,JPNGO,MORESBY CHIEF,9VMB2,KTX2,Import/Export,019N,020S,2026/06/16,2026/06/16,2026/06/16,09:40,2026/06/16,11:25,2026/06/16,20:00
ORIENT OVERSEAS CONTAINER LINE,oocl,KOBE,41,JPUKB,MORESBY CHIEF,9VMB2,KTX2,Import/Export,019N,020S,2026/06/17,2026/06/17,2026/06/17,12:00,2026/06/17,13:00,2026/06/18,02:00
ORIENT OVERSEAS CONTAINER LINE,oocl,NAGOYA,35,JPNGO,NAVIOS CYAN,A8OD2,JPX,Export,001E,001E,2026/06/01,2026/06/03,2026/06/01,11:25,2026/06/01,12:35,2026/06/02,08:50
ORIENT OVERSEAS CONTAINER LINE,oocl,TOKYO,13,JPTYO,NAVIOS CYAN,A8OD2,JPX,Export,001E,001E,2026/06/04,2026/06/05,2026/06/05,07:03,2026/06/05,08:01,2026/06/06,04:54
ORIENT OVERSEAS CONTAINER LINE,oocl,HAKATA,77,JPHKT,NEW CAMELLIA,JG5720,PKOR,Import/Export,3652S,3652S,2026/06/01,2026/06/01,2026/06/01,05:22,2026/06/01,06:00,2026/06/01,12:11
ORIENT OVERSEAS CONTAINER LINE,oocl,HAKATA,77,JPHKT,NEW CAMELLIA,JG5720,PKOR,Import/Export,3657S,3657S,2026/06/06,2026/06/06,2026/06/06,05:20,2026/06/06,06:00,2026/06/06,12:14
ORIENT OVERSEAS CONTAINER LINE,oocl,HAKATA,77,JPHKT,NEW CAMELLIA,JG5720,PKOR,Import/Export,3664S,3664S,2026/06/13,2026/06/13,2026/06/13,05:22,2026/06/13,06:00,2026/06/13,12:07
ORIENT OVERSEAS CONTAINER LINE,oocl,HAKATA,77,JPHKT,NEW CAMELLIA,JG5720,PKOR,Import/Export,3671S,3671S,2026/06/20,2026/06/20,2026/06/20,,2026/06/20,,2026/06/20,
ORIENT OVERSEAS CONTAINER LINE,oocl,KOBE,41,JPUKB,ONE MAESTRO,9V9883,JPX,Export,086E,086E,2026/06/06,2026/06/07,2026/06/05,16:18,2026/06/06,07:36,2026/06/07,16:05
ORIENT OVERSEAS CONTAINER LINE,oocl,NAGOYA,35,JPNGO,ONE MAESTRO,9V9883,JPX,Export,086E,086E,2026/06/08,2026/06/10,2026/06/08,19:00,2026/06/08,20:15,2026/06/10,04:25
ORIENT OVERSEAS CONTAINER LINE,oocl,TOKYO,13,JPTYO,ONE MAESTRO,9V9883,JPX,Export,086E,086E,2026/06/11,2026/06/12,2026/06/11,06:38,2026/06/11,07:15,2026/06/12,00:14
ORIENT OVERSEAS CONTAINER LINE,oocl,KOBE,41,JPUKB,ONE MATRIX,7KSS,JPX,Import/Export,185E,185E,2026/06/13,2026/06/14,2026/06/12,08:35,2026/06/13,21:08,2026/06/14,14:59
ORIENT OVERSEAS CONTAINER LINE,oocl,NAGOYA,35,JPNGO,ONE MATRIX,7KSS,JPX,Import/Export,185E,185E,2026/06/15,2026/06/17,2026/06/15,18:05,2026/06/15,19:30,2026/06/16,10:00
ORIENT OVERSEAS CONTAINER LINE,oocl,TOKYO,13,JPTYO,ONE MATRIX,7KSS,JPX,Import/Export,185E,185E,2026/06/18,2026/06/19,2026/06/18,07:00,2026/06/18,08:00,2026/06/19,09:00
ORIENT OVERSEAS CONTAINER LINE,oocl,TOKYO,13,JPTYO,ONE MISSION,V7VS5,JPX,Import,087W,087W,2026/06/22,2026/06/22,2026/06/23,11:00,2026/06/23,12:00,2026/06/25,01:00
ORIENT OVERSEAS CONTAINER LINE,oocl,KOBE,41,JPUKB,ONE MISSION,V7VS5,JPX,Import/Export,087W,088E,2026/06/27,2026/06/28,2026/06/27,07:00,2026/06/27,08:00,2026/06/28,16:00
ORIENT OVERSEAS CONTAINER LINE,oocl,NAGOYA,35,JPNGO,ONE MISSION,V7VS5,JPX,Import/Export,088E,088E,2026/06/29,2026/07/01,2026/06/29,18:00,2026/06/29,19:00,2026/07/01,04:00
ORIENT OVERSEAS CONTAINER LINE,oocl,TOKYO,13,JPTYO,ONE MISSION,V7VS5,JPX,Export,088E,088E,2026/07/02,2026/07/03,2026/07/02,07:00,2026/07/02,08:00,2026/07/03,09:00
ORIENT OVERSEAS CONTAINER LINE,oocl,TOKYO,13,JPTYO,ONE MODERN,V7VS6,JPX,Import,080W,080W,2026/06/29,2026/06/29,2026/07/01,11:00,2026/07/01,12:00,2026/07/03,01:00
ORIENT OVERSEAS CONTAINER LINE,oocl,KOBE,41,JPUKB,ONE MODERN,V7VS6,JPX,Import/Export,080W,081E,2026/07/04,2026/07/05,2026/07/04,07:00,2026/07/04,08:00,2026/07/05,16:00
ORIENT OVERSEAS CONTAINER LINE,oocl,TOKYO,13,JPTYO,ONE OLYMPUS,9VPQ7,JPX,Import/Export,080W,080W,2026/06/01,2026/06/01,2026/06/05,06:35,2026/06/05,07:27,2026/06/06,04:42
ORIENT OVERSEAS CONTAINER LINE,oocl,NAGOYA,35,JPNGO,ONE OLYMPUS,9VPQ7,JPX,Import/Export,080W,080W,2026/06/05,2026/06/06,2026/06/06,19:10,2026/06/06,20:40,2026/06/08,03:35
ORIENT OVERSEAS CONTAINER LINE,oocl,KOBE,41,JPUKB,ONE OLYMPUS,9VPQ7,JPX,Import/Export,080W,080W,2026/06/03,2026/06/04,2026/06/08,18:10,2026/06/08,19:12,2026/06/09,16:40
ORIENT OVERSEAS CONTAINER LINE,oocl,TOKYO,13,JPTYO,ONE REASSURANCE,9V3808,JPX,Import/Export,254W,254W,2026/06/08,2026/06/10,2026/06/08,10:50,2026/06/08,11:35,2026/06/09,05:29
ORIENT OVERSEAS CONTAINER LINE,oocl,NAGOYA,35,JPNGO,ONE REASSURANCE,9V3808,JPX,Import/Export,254W,254W,2026/06/11,2026/06/11,2026/06/11,20:30,2026/06/11,22:35,2026/06/12,10:50
ORIENT OVERSEAS CONTAINER LINE,oocl,KOBE,41,JPUKB,ONE REASSURANCE,9V3808,JPX,Import/Export,254W,254W,2026/06/13,2026/06/14,2026/06/13,06:35,2026/06/13,07:29,2026/06/14,00:14
ORIENT OVERSEAS CONTAINER LINE,oocl,KOBE,41,JPUKB,ONE REASSURANCE,9V3808,JPX,Import/Export,255E,255E,2026/06/20,2026/06/21,2026/06/20,07:00,2026/06/20,08:00,2026/06/21,16:00
ORIENT OVERSEAS CONTAINER LINE,oocl,NAGOYA,35,JPNGO,ONE REASSURANCE,9V3808,JPX,Import/Export,255E,255E,2026/06/22,2026/06/24,2026/06/22,18:00,2026/06/22,19:00,2026/06/24,04:00
ORIENT OVERSEAS CONTAINER LINE,oocl,TOKYO,13,JPTYO,ONE REASSURANCE,9V3808,JPX,Import/Export,255E,255E,2026/06/25,2026/06/26,2026/06/25,07:00,2026/06/25,08:00,2026/06/26,09:00
ORIENT OVERSEAS CONTAINER LINE,oocl,TOKYO,13,JPTYO,OOCL NEW ZEALAND,VRFS2,KTX3,Import/Export,166N,167S,2026/06/01,2026/06/02,2026/06/09,20:49,2026/06/09,21:31,2026/06/10,18:14
ORIENT OVERSEAS CONTAINER LINE,oocl,YOKKAICHI,36,JPYKK,OOCL NEW ZEALAND,VRFS2,KTX3,Import/Export,166N,167S,2026/06/03,2026/06/03,2026/06/11,08:20,2026/06/11,09:05,2026/06/11,16:50
ORIENT OVERSEAS CONTAINER LINE,oocl,NAGOYA,35,JPNGO,OOCL NEW ZEALAND,VRFS2,KTX3,Import/Export,166N,167S,2026/06/02,2026/06/03,2026/06/11,17:40,2026/06/11,19:00,2026/06/12,05:55
ORIENT OVERSEAS CONTAINER LINE,oocl,KOBE,41,JPUKB,OOCL NEW ZEALAND,VRFS2,KTX3,Import/Export,166N,167S,2026/06/04,2026/06/04,2026/06/12,19:50,2026/06/12,20:47,2026/06/13,19:31
ORIENT OVERSEAS CONTAINER LINE,oocl,TOKYO,13,JPTYO,OOCL NORFOLK,VREX4,KTX3,Import/Export,303N,304S,2026/05/25,2026/05/26,2026/05/31,17:46,2026/05/31,18:52,2026/06/02,03:49
ORIENT OVERSEAS CONTAINER LINE,oocl,NAGOYA,35,JPNGO,OOCL NORFOLK,VREX4,KTX3,Import/Export,303N,304S,2026/05/26,2026/05/27,2026/06/04,16:45,2026/06/04,18:30,2026/06/05,08:50
ORIENT OVERSEAS CONTAINER LINE,oocl,YOKKAICHI,36,JPYKK,OOCL NORFOLK,VREX4,KTX3,Import/Export,303N,304S,2026/05/27,2026/05/27,2026/06/05,10:25,2026/06/05,11:20,2026/06/05,21:25
ORIENT OVERSEAS CONTAINER LINE,oocl,KOBE,41,JPUKB,OOCL NORFOLK,VREX4,KTX3,Import/Export,303N,304S,2026/05/28,2026/05/28,2026/06/06,11:25,2026/06/06,12:19,2026/06/07,12:02
ORIENT OVERSEAS CONTAINER LINE,oocl,TOKYO,13,JPTYO,OOCL NORFOLK,VREX4,KTX3,Import/Export,304N,305S,2026/06/22,2026/06/23,2026/06/24,,2026/06/24,,2026/06/25,
ORIENT OVERSEAS CONTAINER LINE,oocl,NAGOYA,35,JPNGO,OOCL NORFOLK,VREX4,KTX3,Import/Export,304N,305S,2026/06/23,2026/06/24,2026/06/25,,2026/06/25,,2026/06/26,
ORIENT OVERSEAS CONTAINER LINE,oocl,YOKKAICHI,36,JPYKK,OOCL NORFOLK,VREX4,KTX3,Import/Export,304N,305S,2026/06/24,2026/06/24,2026/06/26,,2026/06/26,,2026/06/26,
ORIENT OVERSEAS CONTAINER LINE,oocl,KOBE,41,JPUKB,OOCL NORFOLK,VREX4,KTX3,Import/Export,304N,305S,2026/06/25,2026/06/25,2026/06/27,,2026/06/27,,2026/06/27,
ORIENT OVERSEAS CONTAINER LINE,oocl,OSAKA,40,JPOSA,OOCL SHANGHAI,VRJS3,A3N,Import/Export,099N,100S,2026/07/03,2026/07/04,2026/07/03,,2026/07/03,,2026/07/04,
ORIENT OVERSEAS CONTAINER LINE,oocl,NAGOYA,35,JPNGO,PACANDA,V2CO6,PCHN,Import/Export,2614E,2614E,2026/05/30,2026/05/30,2026/05/31,22:06,2026/06/01,07:45,2026/06/01,17:10
ORIENT OVERSEAS CONTAINER LINE,oocl,TOKYO,13,JPTYO,PACANDA,V2CO6,PCHN,Import/Export,2614E,2614E,2026/05/31,2026/06/01,2026/06/02,08:55,2026/06/02,09:45,2026/06/03,01:04
ORIENT OVERSEAS CONTAINER LINE,oocl,YOKOHAMA,11,JPYOK,PELION,5LKZ5,A3N,Import/Export,007N,008S,2026/06/24,2026/06/25,2026/06/23,,2026/06/23,,2026/06/24,
ORIENT OVERSEAS CONTAINER LINE,oocl,OSAKA,40,JPOSA,PELION,5LKZ5,A3N,Import/Export,007N,008S,2026/06/26,2026/06/27,2026/06/25,,2026/06/25,,2026/06/26,
ORIENT OVERSEAS CONTAINER LINE,oocl,TOKYO,13,JPTYO,PHEN BASIN,5LPI4,KTX3,Import/Export,129N,130S,2026/06/08,2026/06/09,2026/06/15,22:55,2026/06/15,23:38,2026/06/17,16:30
ORIENT OVERSEAS CONTAINER LINE,oocl,NAGOYA,35,JPNGO,PHEN BASIN,5LPI4,KTX3,Import/Export,129N,130S,2026/06/09,2026/06/10,2026/06/18,07:30,2026/06/18,08:30,2026/06/18,18:00
ORIENT OVERSEAS CONTAINER LINE,oocl,YOKKAICHI,36,JPYKK,PHEN BASIN,5LPI4,KTX3,Import/Export,129N,130S,2026/06/10,2026/06/10,2026/06/18,07:30,2026/06/18,08:30,2026/06/18,14:30
ORIENT OVERSEAS CONTAINER LINE,oocl,KOBE,41,JPUKB,PHEN BASIN,5LPI4,KTX3,Import/Export,129N,130S,2026/06/11,2026/06/11,2026/06/19,20:00,2026/06/19,21:00,2026/06/20,16:30
ORIENT OVERSEAS CONTAINER LINE,oocl,YOKOHAMA,11,JPYOK,QING YUN HE,BOMW,PCOS,Import/Export,753E,753E,2026/05/29,2026/05/29,2026/06/06,00:25,2026/06/06,01:05,2026/06/06,16:05
ORIENT OVERSEAS CONTAINER LINE,oocl,TOKYO,13,JPTYO,QING YUN HE,BOMW,PCOS,Import/Export,753E,753E,2026/05/28,2026/05/29,2026/06/06,17:27,2026/06/06,18:03,2026/06/07,16:23
ORIENT OVERSEAS CONTAINER LINE,oocl,OSAKA,40,JPOSA,SAN LORENZO,5BTN4,KTX4,Import/Export,319N,320S,2026/06/02,2026/06/03,2026/06/04,13:17,2026/06/04,14:04,2026/06/05,06:02
ORIENT OVERSEAS CONTAINER LINE,oocl,KOBE,41,JPUKB,SAN LORENZO,5BTN4,KTX4,Import/Export,319N,320S,2026/06/03,2026/06/03,2026/06/05,06:50,2026/06/05,07:34,2026/06/05,16:05
ORIENT OVERSEAS CONTAINER LINE,oocl,NAGOYA,35,JPNGO,SAN LORENZO,5BTN4,KTX4,Import/Export,319N,320S,2026/06/04,2026/06/04,2026/06/06,09:00,2026/06/06,10:50,2026/06/06,16:00
ORIENT OVERSEAS CONTAINER LINE,oocl,TOKYO,13,JPTYO,SAN LORENZO,5BTN4,KTX4,Import/Export,319N,320S,2026/06/05,2026/06/06,2026/06/07,07:29,2026/06/07,08:05,2026/06/07,12:26
ORIENT OVERSEAS CONTAINER LINE,oocl,YOKOHAMA,11,JPYOK,SAN LORENZO,5BTN4,KTX4,Import/Export,319N,320S,2026/06/06,2026/06/06,2026/06/07,13:30,2026/06/07,14:20,2026/06/08,01:45
ORIENT OVERSEAS CONTAINER LINE,oocl,OSAKA,40,JPOSA,SAN LORENZO,5BTN4,KTX4,Import/Export,320N,321S,2026/06/23,2026/06/24,2026/06/23,,2026/06/23,,2026/06/24,
ORIENT OVERSEAS CONTAINER LINE,oocl,KOBE,41,JPUKB,SAN LORENZO,5BTN4,KTX4,Import/Export,320N,321S,2026/06/24,2026/06/24,2026/06/24,,2026/06/24,,2026/06/24,
ORIENT OVERSEAS CONTAINER LINE,oocl,NAGOYA,35,JPNGO,SAN LORENZO,5BTN4,KTX4,Import/Export,320N,321S,2026/06/25,2026/06/25,2026/06/25,,2026/06/25,,2026/06/25,
ORIENT OVERSEAS CONTAINER LINE,oocl,TOKYO,13,JPTYO,SAN LORENZO,5BTN4,KTX4,Import/Export,320N,321S,2026/06/26,2026/06/27,2026/06/26,,2026/06/26,,2026/06/27,
ORIENT OVERSEAS CONTAINER LINE,oocl,YOKOHAMA,11,JPYOK,SAN LORENZO,5BTN4,KTX4,Import/Export,320N,321S,2026/06/27,2026/06/27,2026/06/27,,2026/06/27,,2026/06/27,
ORIENT OVERSEAS CONTAINER LINE,oocl,YOKOHAMA,11,JPYOK,TAMPA I,D5UC8,A3N,Import/Export,157N,158S,2026/06/03,2026/06/04,2026/06/07,21:15,2026/06/07,22:00,2026/06/08,19:55
ORIENT OVERSEAS CONTAINER LINE,oocl,OSAKA,40,JPOSA,TAMPA I,D5UC8,A3N,Import/Export,157N,158S,2026/06/05,2026/06/06,2026/06/09,20:00,2026/06/09,21:10,2026/06/10,18:44
ORIENT OVERSEAS CONTAINER LINE,oocl,TOKYO,13,JPTYO,VANCOUVER,C4ZL2,KTX3,Import/Export,055N,056S,2026/06/15,2026/06/16,2026/06/20,12:00,2026/06/20,13:00,2026/06/21,23:00
ORIENT OVERSEAS CONTAINER LINE,oocl,NAGOYA,35,JPNGO,VANCOUVER,C4ZL2,KTX3,Import/Export,055N,056S,2026/06/16,2026/06/17,2026/06/22,14:00,2026/06/22,15:00,2026/06/23,06:00
ORIENT OVERSEAS CONTAINER LINE,oocl,YOKKAICHI,36,JPYKK,VANCOUVER,C4ZL2,KTX3,Import/Export,055N,056S,2026/06/17,2026/06/17,2026/06/23,07:00,2026/06/23,08:00,2026/06/23,17:00
ORIENT OVERSEAS CONTAINER LINE,oocl,KOBE,41,JPUKB,VANCOUVER,C4ZL2,KTX3,Import/Export,055N,056S,2026/06/18,2026/06/18,2026/06/24,10:00,2026/06/24,11:00,2026/06/25,02:00
ORIENT OVERSEAS CONTAINER LINE,oocl,TOKYO,13,JPTYO,VOLANS,D5VV2,JKN,Import/Export,048N,049S,2026/06/18,2026/06/19,2026/06/18,16:00,2026/06/18,17:00,2026/06/19,04:00
ORIENT OVERSEAS CONTAINER LINE,oocl,KOBE,41,JPUKB,VOLANS,D5VV2,JKN,Import/Export,048N,049S,2026/06/20,2026/06/20,2026/06/20,,2026/06/20,,2026/06/20,
ORIENT OVERSEAS CONTAINER LINE,oocl,YOKOHAMA,11,JPYOK,XIN SU ZHOU,BPBK,TLP8,Import/Export,278W,278W,2026/06/06,2026/06/07,2026/06/13,09:25,2026/06/13,10:10,2026/06/13,16:00
SITC CONTAINER LINES,sitc,NAGOYA,35,JPNGO,AMOUREUX,5LHN4,VTX3,Import/Export,2611N,2612S,2026/06/08,2026/06/08,2026/06/09,09:05,2026/06/09,10:25,2026/06/09,19:20
SITC CONTAINER LINES,sitc,TOKYO,13,JPTYO,AMOUREUX,5LHN4,VTX3,Import/Export,2611N,2612S,2026/06/09,2026/06/10,2026/06/10,12:22,2026/06/10,12:51,2026/06/11,04:53
SITC CONTAINER LINES,sitc,YOKOHAMA,11,JPYOK,AMOUREUX,5LHN4,VTX3,Import/Export,2611N,2612S,2026/06/10,2026/06/10,2026/06/11,06:30,2026/06/11,07:00,2026/06/11,12:10
SITC CONTAINER LINES,sitc,NAGOYA,35,JPNGO,ASIATIC QUEST,9V6952,SKT5,Import/Export,2621E,2621W,2026/05/24,2026/05/25,2026/05/30,10:24,2026/05/31,02:10,2026/06/01,12:35
SITC CONTAINER LINES,sitc,NAGOYA,35,JPNGO,ASIATIC QUEST,9V6952,SKT5,Import/Export,2622E,2622W,2026/05/31,2026/06/01,2026/06/12,15:55,2026/06/12,17:45,2026/06/13,10:35
SITC CONTAINER LINES,sitc,NAGOYA,35,JPNGO,ASIATIC QUEST,9V6952,SKT5,Import/Export,2624E,2624W,2026/06/14,2026/06/15,2026/06/20,,2026/06/20,,2026/06/20,
SITC CONTAINER LINES,sitc,NAGOYA,35,JPNGO,ASIATIC QUEST,9V6952,SKT5,Import/Export,2625E,2625W,2026/06/21,2026/06/22,2026/06/26,,2026/06/26,,2026/06/27,
SITC CONTAINER LINES,sitc,NAGOYA,35,JPNGO,ASIATIC QUEST,9V6952,SKT5,Import/Export,2626E,2626W,2026/06/28,2026/06/29,2026/07/02,,2026/07/02,,2026/07/03,
SITC CONTAINER LINES,sitc,NAGOYA,35,JPNGO,ASIATIC QUEST,9V6952,SKT5,Import/Export,2627E,2627W,2026/07/05,2026/07/06,2026/07/05,,2026/07/05,,2026/07/06,
SITC CONTAINER LINES,sitc,HAKATA,77,JPHKT,ASL TAIPEI,VRVM6,VTX5,Import/Export,2621N,2625S,2026/06/16,2026/06/17,2026/06/21,,2026/06/21,,2026/06/21,
SITC CONTAINER LINES,sitc,OSAKA,40,JPOSA,ASL TAIPEI,VRVM6,VTX5,Import/Export,2621N,2625S,2026/06/18,2026/06/19,2026/06/22,,2026/06/22,,2026/06/23,
SITC CONTAINER LINES,sitc,KOBE,41,JPUKB,ASL TAIPEI,VRVM6,VTX5,Import/Export,2621N,2625S,2026/06/19,2026/06/19,2026/06/23,,2026/06/23,,2026/06/23,
SITC CONTAINER LINES,sitc,TOKYO,13,JPTYO,BAI CHAY BRIDGE,3FAD8,JTI,Import/Export,0151E,0152W,2026/06/06,2026/06/07,2026/06/07,17:56,2026/06/07,18:36,2026/06/09,09:29
SITC CONTAINER LINES,sitc,YOKOHAMA,11,JPYOK,BAI CHAY BRIDGE,3FAD8,JTI,Import/Export,0151E,0152W,2026/06/08,2026/06/08,2026/06/09,11:00,2026/06/09,11:35,2026/06/10,04:10
SITC CONTAINER LINES,sitc,SHIMIZU,30,JPSMZ,BAI CHAY BRIDGE,3FAD8,JTI,Import/Export,0151E,0152W,2026/06/09,2026/06/09,2026/06/12,22:10,2026/06/12,23:08,2026/06/13,17:55
SITC CONTAINER LINES,sitc,NAGOYA,35,JPNGO,BAI CHAY BRIDGE,3FAD8,JTI,Import/Export,0151E,0152W,2026/06/10,2026/06/11,2026/06/14,05:35,2026/06/14,07:10,2026/06/14,20:10
SITC CONTAINER LINES,sitc,OSAKA,40,JPOSA,BAI CHAY BRIDGE,3FAD8,JTI,Import/Export,0151E,0152W,2026/06/12,2026/06/12,2026/06/16,06:42,2026/06/16,07:44,2026/06/16,19:23
SITC CONTAINER LINES,sitc,KOBE,41,JPUKB,BAI CHAY BRIDGE,3FAD8,JTI,Import/Export,0151E,0152W,2026/06/13,2026/06/13,2026/06/16,20:20,2026/06/16,21:29,2026/06/17,19:30
SITC CONTAINER LINES,sitc,TOKYO,13,JPTYO,BANGKOK BRIDGE,3FTZ8,JTI,Import/Export,0516E,0517W,2026/07/04,2026/07/05,2026/07/04,17:00,2026/07/04,18:00,2026/07/06,00:01
SITC CONTAINER LINES,sitc,TOKYO,13,JPTYO,BROOKLYN BRIDGE,7KPG,JTI,Import/Export,0182E,0183W,2026/05/30,2026/05/31,2026/05/31,16:52,2026/05/31,17:37,2026/06/02,04:52
SITC CONTAINER LINES,sitc,YOKOHAMA,11,JPYOK,BROOKLYN BRIDGE,7KPG,JTI,Import/Export,0182E,0183W,2026/06/01,2026/06/01,2026/06/02,06:15,2026/06/02,06:55,2026/06/02,16:35
SITC CONTAINER LINES,sitc,SHIMIZU,30,JPSMZ,BROOKLYN BRIDGE,7KPG,JTI,Import/Export,0182E,0183W,2026/06/02,2026/06/02,2026/06/04,17:25,2026/06/04,18:23,2026/06/05,14:35
SITC CONTAINER LINES,sitc,NAGOYA,35,JPNGO,BROOKLYN BRIDGE,7KPG,JTI,Import/Export,0182E,0183W,2026/06/03,2026/06/04,2026/06/06,05:25,2026/06/06,06:55,2026/06/06,22:20
SITC CONTAINER LINES,sitc,OSAKA,40,JPOSA,BROOKLYN BRIDGE,7KPG,JTI,Import/Export,0182E,0183W,2026/06/05,2026/06/05,2026/06/07,15:39,2026/06/07,16:38,2026/06/08,06:10
SITC CONTAINER LINES,sitc,KOBE,41,JPUKB,BROOKLYN BRIDGE,7KPG,JTI,Import/Export,0182E,0183W,2026/06/06,2026/06/06,2026/06/08,07:15,2026/06/08,08:30,2026/06/09,00:41
SITC CONTAINER LINES,sitc,TOKYO,13,JPTYO,CONSCIENCE,V7A4532,STK7,Import/Export,2620N,2623S,2026/06/03,2026/06/03,2026/06/06,14:30,2026/06/07,07:48,2026/06/08,04:54
SITC CONTAINER LINES,sitc,YOKOHAMA,11,JPYOK,CONSCIENCE,V7A4532,STK7,Import/Export,2620N,2623S,2026/06/04,2026/06/05,2026/06/08,06:30,2026/06/08,07:00,2026/06/08,16:50
SITC CONTAINER LINES,sitc,YOKOHAMA,11,JPYOK,CONSCIENCE,V7A4532,STK7,Import/Export,2623N,2626S,2026/06/25,2026/06/26,2026/06/28,,2026/06/28,,2026/06/29,
SITC CONTAINER LINES,sitc,TOKYO,13,JPTYO,CONSCIENCE,V7A4532,STK7,Import/Export,2623N,2626S,2026/06/24,2026/06/24,2026/06/28,AM,2026/06/28,,2026/06/28,
SITC CONTAINER LINES,sitc,TOKYO,13,JPTYO,CONSERO,V7A4536,STK7,Import/Export,2621N,2624S,2026/06/10,2026/06/10,2026/06/14,05:12,2026/06/14,18:38,2026/06/15,18:29
SITC CONTAINER LINES,sitc,YOKOHAMA,11,JPYOK,CONSERO,V7A4536,STK7,Import/Export,2621N,2624S,2026/06/11,2026/06/12,2026/06/15,20:45,2026/06/15,21:36,2026/06/16,22:00
SITC CONTAINER LINES,sitc,YOKOHAMA,11,JPYOK,CONSERO,V7A4536,STK7,Import/Export,2624N,2627S,2026/07/02,2026/07/03,2026/07/01,,2026/07/01,,2026/07/02,
SITC CONTAINER LINES,sitc,TOKYO,13,JPTYO,CONSERO,V7A4536,STK7,Import/Export,2624N,2627S,2026/07/01,2026/07/01,2026/07/01,,2026/07/01,,2026/07/01,
SITC CONTAINER LINES,sitc,SHIMIZU,30,JPSMZ,CONSIGNIA,V7A4976,PST2/PBT2,Import/Export,2625E,2626W,2026/05/29,2026/05/29,2026/05/31,12:39,2026/05/31,13:00,2026/06/01,07:40
SITC CONTAINER LINES,sitc,NAGOYA,35,JPNGO,CONSIGNIA,V7A4976,PST2/PBT2,Import/Export,2625E,2626W,2026/05/29,2026/05/30,2026/06/01,16:50,2026/06/01,18:25,2026/06/02,09:45
SITC CONTAINER LINES,sitc,YOKOHAMA,11,JPYOK,CONSIGNIA,V7A4976,PBT2/PST2,Import/Export,2627E,2628W,2026/06/09,2026/06/10,2026/06/11,11:25,2026/06/11,12:06,2026/06/11,17:20
SITC CONTAINER LINES,sitc,TOKYO,13,JPTYO,CONSIGNIA,V7A4976,PBT2/PST2,Import/Export,2627E,2628W,2026/06/09,2026/06/09,2026/06/11,18:34,2026/06/11,19:17,2026/06/12,01:17
SITC CONTAINER LINES,sitc,NAGOYA,35,JPNGO,CONSIGNIA,V7A4976,PBT2/PST2,Import/Export,2627E,2628W,2026/06/10,2026/06/11,2026/06/12,16:18,2026/06/13,00:05,2026/06/13,12:05
SITC CONTAINER LINES,sitc,YOKOHAMA,11,JPYOK,CONSIGNIA,V7A4976,PST2/PBT2,Import/Export,2629E,2630W,2026/06/17,2026/06/18,2026/06/20,11:00,2026/06/20,12:00,2026/06/20,17:00
SITC CONTAINER LINES,sitc,TOKYO,13,JPTYO,CONSIGNIA,V7A4976,PST2/PBT2,Import/Export,2629E,2630W,2026/06/18,2026/06/18,2026/06/20,19:00,2026/06/20,20:00,2026/06/21,06:00
SITC CONTAINER LINES,sitc,SHIMIZU,30,JPSMZ,CONSIGNIA,V7A4976,PST2/PBT2,Import/Export,2629E,2630W,2026/06/19,2026/06/19,2026/06/21,15:00,2026/06/21,16:00,2026/06/21,21:00
SITC CONTAINER LINES,sitc,NAGOYA,35,JPNGO,CONSIGNIA,V7A4976,PST2/PBT2,Import/Export,2629E,2630W,2026/06/19,2026/06/20,2026/06/22,05:00,2026/06/22,11:00,2026/06/22,17:00
SITC CONTAINER LINES,sitc,TOKYO,13,JPTYO,CONSIGNIA,V7A4976,PBT2/PST2,Import/Export,2631E,2632W,2026/06/30,2026/06/30,2026/06/30,,2026/06/30,,2026/06/30,
SITC CONTAINER LINES,sitc,YOKOHAMA,11,JPYOK,CONSIGNIA,V7A4976,PBT2/PST2,Import/Export,2631E,2632W,2026/06/30,2026/07/01,2026/06/30,,2026/06/30,,2026/07/01,
SITC CONTAINER LINES,sitc,NAGOYA,35,JPNGO,CONSIGNIA,V7A4976,PBT2/PST2,Import/Export,2631E,2632W,2026/07/01,2026/07/02,2026/07/01,,2026/07/01,,2026/07/02,
SITC CONTAINER LINES,sitc,TOKYO,13,JPTYO,CONSILIA,V7A4977,NKT6,Import/Export,002E,,2026/05/26,2026/05/27,2026/05/31,12:32,2026/05/31,13:10,2026/06/01,04:54
SITC CONTAINER LINES,sitc,YOKOHAMA,11,JPYOK,CONSILIA,V7A4977,NKT6,Import/Export,002E,,2026/05/27,2026/05/27,2026/06/01,06:05,2026/06/01,06:36,2026/06/01,14:45
SITC CONTAINER LINES,sitc,YOKOHAMA,11,JPYOK,CONTRIVIA,V7A4978,T5,Import/Export,2621E,2621W,2026/05/25,2026/05/25,2026/05/31,08:18,2026/06/01,17:06,2026/06/02,05:00
SITC CONTAINER LINES,sitc,TOKYO,13,JPTYO,CONTRIVIA,V7A4978,T5,Import/Export,2621E,2621W,2026/05/25,2026/05/26,2026/06/02,06:44,2026/06/02,07:42,2026/06/03,06:15
SITC CONTAINER LINES,sitc,YOKOHAMA,11,JPYOK,EPONYMA,C6DN4,NKT6,Import/Export,229E,229W,2026/06/03,2026/06/03,2026/06/09,01:40,2026/06/09,02:30,2026/06/09,18:50
SITC CONTAINER LINES,sitc,TOKYO,13,JPTYO,EPONYMA,C6DN4,NKT6,Import/Export,229E,229W,2026/06/02,2026/06/03,2026/06/09,20:21,2026/06/09,20:54,2026/06/10,14:23
SITC CONTAINER LINES,sitc,TOKYO,13,JPTYO,EPONYMA,C6DN4,NKT6,Import/Export,230E,230W,2026/06/09,2026/06/10,2026/06/18,18:00,2026/06/18,,2026/06/19,
SITC CONTAINER LINES,sitc,YOKOHAMA,11,JPYOK,EPONYMA,C6DN4,NKT6,Import/Export,230E,230W,2026/06/10,2026/06/10,2026/06/19,,2026/06/19,,2026/06/19,
SITC CONTAINER LINES,sitc,YOKOHAMA,11,JPYOK,EPONYMA,C6DN4,NKT6,Import/Export,232E,232W,2026/06/24,2026/06/24,2026/06/25,,2026/06/25,,2026/06/25,
SITC CONTAINER LINES,sitc,TOKYO,13,JPTYO,EPONYMA,C6DN4,NKT6,Import/Export,232E,232W,2026/06/23,2026/06/24,2026/06/25,,2026/06/25,,2026/06/25,
SITC CONTAINER LINES,sitc,TOKYO,13,JPTYO,EPONYMA,C6DN4,NKT6,Import/Export,233E,233W,2026/06/30,2026/07/01,2026/06/30,,2026/06/30,,2026/07/01,
SITC CONTAINER LINES,sitc,YOKOHAMA,11,JPYOK,EPONYMA,C6DN4,NKT6,Import/Export,233E,233W,2026/07/01,2026/07/01,2026/07/01,,2026/07/01,,2026/07/01,
SITC CONTAINER LINES,sitc,YOKOHAMA,11,JPYOK,ERASMUS OASIS,V7A4054,LKT/SKT2,Import/Export,2627E,2628W,2026/06/04,2026/06/05,2026/06/04,16:45,2026/06/04,17:42,2026/06/05,05:50
SITC CONTAINER LINES,sitc,KAWASAKI,12,JPKWS,ERASMUS OASIS,V7A4054,LKT/SKT2,Import/Export,2627E,2628W,2026/06/03,2026/06/03,2026/06/05,06:45,2026/06/05,07:24,2026/06/05,16:55
SITC CONTAINER LINES,sitc,TOKYO,13,JPTYO,ERASMUS OASIS,V7A4054,LKT/SKT2,Import/Export,2627E,2628W,2026/06/03,2026/06/04,2026/06/05,18:54,2026/06/06,08:39,2026/06/06,17:05
SITC CONTAINER LINES,sitc,MOJI,70,JPMOJ,ERASMUS OASIS,V7A4054,SKT2/LKT,Import/Export,2629E,2630W,2026/06/12,2026/06/12,2026/06/12,05:56,2026/06/12,07:47,2026/06/12,11:47
SITC CONTAINER LINES,sitc,NAGOYA,35,JPNGO,ERASMUS OASIS,V7A4054,SKT2/LKT,Import/Export,2629E,2630W,2026/06/13,2026/06/14,2026/06/13,16:36,2026/06/14,08:25,2026/06/14,13:00
SITC CONTAINER LINES,sitc,TOKYO,13,JPTYO,ERASMUS OASIS,V7A4054,SKT2/LKT,Import/Export,2629E,2630W,2026/06/14,2026/06/15,2026/06/15,06:41,2026/06/15,07:42,2026/06/15,16:59
SITC CONTAINER LINES,sitc,YOKOHAMA,11,JPYOK,ERASMUS OASIS,V7A4054,SKT2/LKT,Import/Export,2629E,2630W,2026/06/15,2026/06/15,2026/06/15,19:20,2026/06/15,20:06,2026/06/15,23:35
SITC CONTAINER LINES,sitc,TOKYO,13,JPTYO,ERASMUS OASIS,V7A4054,LKT/SKT2,Import/Export,2631E,2632W,2026/06/24,2026/06/25,2026/06/25,,2026/06/25,,2026/06/26,
SITC CONTAINER LINES,sitc,YOKOHAMA,11,JPYOK,ERASMUS OASIS,V7A4054,LKT/SKT2,Import/Export,2631E,2632W,2026/06/25,2026/06/26,2026/06/26,,2026/06/26,,2026/06/27,
SITC CONTAINER LINES,sitc,KAWASAKI,12,JPKWS,ERASMUS OASIS,V7A4054,LKT/SKT2,Import/Export,2631E,2632W,2026/06/24,2026/06/24,2026/06/26,,2026/06/26,,2026/06/26,
SITC CONTAINER LINES,sitc,MOJI,70,JPMOJ,ERASMUS OASIS,V7A4054,SKT2/LKT,Import/Export,2633E,2634W,2026/07/03,2026/07/03,2026/07/03,,2026/07/03,,2026/07/03,
SITC CONTAINER LINES,sitc,NAGOYA,35,JPNGO,ERASMUS OASIS,V7A4054,SKT2/LKT,Import/Export,2633E,2634W,2026/07/04,2026/07/05,2026/07/04,,2026/07/04,,2026/07/05,
SITC CONTAINER LINES,sitc,TOKYO,13,JPTYO,ERASMUS OASIS,V7A4054,SKT2/LKT,Import/Export,2633E,2634W,2026/07/05,2026/07/06,2026/07/05,,2026/07/05,,2026/07/06,
SITC CONTAINER LINES,sitc,YOKOHAMA,11,JPYOK,GLORY GUANDONG,VRQO4,T5,Import/Export,2622E,2622W,2026/06/01,2026/06/01,2026/06/04,13:25,2026/06/04,14:00,2026/06/05,04:45
SITC CONTAINER LINES,sitc,TOKYO,13,JPTYO,GLORY GUANDONG,VRQO4,T5,Import/Export,2622E,2622W,2026/06/01,2026/06/02,2026/06/05,06:20,2026/06/05,07:05,2026/06/06,01:55
SITC CONTAINER LINES,sitc,YOKOHAMA,11,JPYOK,GLORY GUANDONG,VRQO4,T5,Import/Export,2624E,2624W,2026/06/15,2026/06/15,2026/06/21,15:00,2026/06/21,PM,2026/06/22,AM
SITC CONTAINER LINES,sitc,TOKYO,13,JPTYO,GLORY GUANDONG,VRQO4,T5,Import/Export,2624E,2624W,2026/06/15,2026/06/16,2026/06/22,AM,2026/06/22,AM,2026/06/22,PM
SITC CONTAINER LINES,sitc,YOKOHAMA,11,JPYOK,GLORY GUANDONG,VRQO4,T5,Import/Export,2626E,2626W,2026/06/29,2026/06/29,2026/06/29,,2026/06/29,,2026/06/29,
SITC CONTAINER LINES,sitc,TOKYO,13,JPTYO,GLORY GUANDONG,VRQO4,T5,Import/Export,2626E,2626W,2026/06/29,2026/06/30,2026/06/29,,2026/06/29,,2026/06/30,
SITC CONTAINER LINES,sitc,OSAKA,40,JPOSA,GLORY SHANGHAI,VROS4,S2,Import/Export,2621N,2624S,2026/06/11,2026/06/12,2026/06/12,06:45,2026/06/12,07:42,2026/06/12,19:05
SITC CONTAINER LINES,sitc,KOBE,41,JPUKB,GLORY SHANGHAI,VROS4,S2,Import/Export,2621N,2624S,2026/06/12,2026/06/12,2026/06/12,19:45,2026/06/12,20:23,2026/06/13,02:20
SITC CONTAINER LINES,sitc,OSAKA,40,JPOSA,GLORY SHANGHAI,VROS4,S2,Import/Export,2624N,2627S,2026/07/02,2026/07/03,2026/07/02,,2026/07/02,,2026/07/03,
SITC CONTAINER LINES,sitc,KOBE,41,JPUKB,GLORY SHANGHAI,VROS4,S2,Import/Export,2624N,2627S,2026/07/03,2026/07/03,2026/07/03,,2026/07/03,,2026/07/03,
SITC CONTAINER LINES,sitc,YOKOHAMA,11,JPYOK,GLORY ZHENDONG,VRPZ4,T5,Import/Export,2623E,2623W,2026/06/08,2026/06/08,2026/06/16,17:35,2026/06/16,18:18,2026/06/17,10:00
SITC CONTAINER LINES,sitc,TOKYO,13,JPTYO,GLORY ZHENDONG,VRPZ4,T5,Import/Export,2623E,2623W,2026/06/08,2026/06/09,2026/06/17,11:30,2026/06/17,12:30,2026/06/18,04:00
SITC CONTAINER LINES,sitc,YOKOHAMA,11,JPYOK,GLORY ZHENDONG,VRPZ4,T5,Import/Export,2625E,2625W,2026/06/22,2026/06/22,2026/06/24,PM,2026/06/24,PM,2026/06/25,
SITC CONTAINER LINES,sitc,TOKYO,13,JPTYO,GLORY ZHENDONG,VRPZ4,T5,Import/Export,2625E,2625W,2026/06/22,2026/06/23,2026/06/25,,2026/06/25,,2026/06/25,
SITC CONTAINER LINES,sitc,YOKOHAMA,11,JPYOK,HALCYON,C6WB4,PST2/PBT2,Import/Export,2627E,2628W,2026/06/03,2026/06/04,2026/06/07,05:55,2026/06/07,06:36,2026/06/07,15:05
SITC CONTAINER LINES,sitc,TOKYO,13,JPTYO,HALCYON,C6WB4,PST2/PBT2,Import/Export,2627E,2628W,2026/06/04,2026/06/04,2026/06/07,17:36,2026/06/07,18:10,2026/06/08,03:51
SITC CONTAINER LINES,sitc,SHIMIZU,30,JPSMZ,HALCYON,C6WB4,PST2/PBT2,Import/Export,2627E,2628W,2026/06/05,2026/06/05,2026/06/09,06:19,2026/06/09,06:42,2026/06/09,14:35
SITC CONTAINER LINES,sitc,NAGOYA,35,JPNGO,HALCYON,C6WB4,PST2/PBT2,Import/Export,2627E,2628W,2026/06/05,2026/06/06,2026/06/10,01:50,2026/06/10,03:50,2026/06/10,14:25
SITC CONTAINER LINES,sitc,TOKYO,13,JPTYO,HALCYON,C6WB4,PBT2/PST2,Import/Export,2629E,2630W,2026/06/16,2026/06/16,2026/06/19,02:00,2026/06/19,03:00,2026/06/19,11:00
SITC CONTAINER LINES,sitc,YOKOHAMA,11,JPYOK,HALCYON,C6WB4,PBT2/PST2,Import/Export,2629E,2630W,2026/06/16,2026/06/17,2026/06/19,13:00,2026/06/19,14:00,2026/06/19,20:00
SITC CONTAINER LINES,sitc,NAGOYA,35,JPNGO,HALCYON,C6WB4,PBT2/PST2,Import/Export,2629E,2630W,2026/06/17,2026/06/18,2026/06/20,10:00,2026/06/20,16:00,2026/06/20,22:00
SITC CONTAINER LINES,sitc,YOKOHAMA,11,JPYOK,HALCYON,C6WB4,PST2/PBT2,Import/Export,2631E,2632W,2026/06/24,2026/06/25,2026/06/26,,2026/06/26,,2026/06/27,
SITC CONTAINER LINES,sitc,TOKYO,13,JPTYO,HALCYON,C6WB4,PST2/PBT2,Import/Export,2631E,2632W,2026/06/25,2026/06/25,2026/06/27,,2026/06/27,,2026/06/27,
SITC CONTAINER LINES,sitc,SHIMIZU,30,JPSMZ,HALCYON,C6WB4,PST2/PBT2,Import/Export,2631E,2632W,2026/06/26,2026/06/26,2026/06/27,,2026/06/27,,2026/06/28,
SITC CONTAINER LINES,sitc,NAGOYA,35,JPNGO,HALCYON,C6WB4,PST2/PBT2,Import/Export,2631E,2632W,2026/06/26,2026/06/27,2026/06/28,,2026/06/28,,2026/06/29,
SITC CONTAINER LINES,sitc,KOBE,41,JPUKB,HARRIER,C6WS6,S2,Import/Export,2619N,2622S,2026/05/29,2026/05/29,2026/05/31,18:54,2026/06/01,07:05,2026/06/01,16:33
SITC CONTAINER LINES,sitc,OSAKA,40,JPOSA,HARRIER,C6WS6,S2,Import/Export,2622N,2625S,2026/06/18,2026/06/19,2026/06/20,22:00,2026/06/20,PM,2026/06/21,
SITC CONTAINER LINES,sitc,KOBE,41,JPUKB,HARRIER,C6WS6,S2,Import/Export,2622N,2625S,2026/06/19,2026/06/19,2026/06/21,,2026/06/21,,2026/06/21,
SITC CONTAINER LINES,sitc,OSAKA,40,JPOSA,HF SPIRIT,VRXV6,CVS2,Import/Export,2615N,2616S,2026/06/22,2026/06/23,2026/06/23,,2026/06/23,,2026/06/24,
SITC CONTAINER LINES,sitc,KOBE,41,JPUKB,HF SPIRIT,VRXV6,CVS2,Import/Export,2615N,2616S,2026/06/23,2026/06/23,2026/06/24,,2026/06/24,,2026/06/25,
SITC CONTAINER LINES,sitc,OSAKA,40,JPOSA,HF WEALTH,VRTL4,CJV2,Import/Export,2615N,2616S,2026/06/06,2026/06/07,2026/06/10,17:12,2026/06/10,18:04,2026/06/11,06:04
SITC CONTAINER LINES,sitc,KOBE,41,JPUKB,HF WEALTH,VRTL4,CJV2,Import/Export,2615N,2616S,2026/06/07,2026/06/07,2026/06/11,06:50,2026/06/11,07:55,2026/06/11,12:02
SITC CONTAINER LINES,sitc,NAGOYA,35,JPNGO,HF WEALTH,VRTL4,CJV2,Import/Export,2615N,2616S,2026/06/08,2026/06/08,2026/06/12,06:55,2026/06/12,08:05,2026/06/12,16:40
SITC CONTAINER LINES,sitc,YOKKAICHI,36,JPYKK,HF WEALTH,VRTL4,CJV2,Import/Export,2615N,2616S,2026/06/08,2026/06/09,2026/06/12,17:35,2026/06/12,18:10,2026/06/13,00:40
SITC CONTAINER LINES,sitc,OSAKA,40,JPOSA,HONG AN,VRUK7,CVS2,Import/Export,2614N,2615S,2026/06/15,2026/06/16,2026/06/18,,2026/06/18,,2026/06/18,
SITC CONTAINER LINES,sitc,KOBE,41,JPUKB,HONG AN,VRUK7,CVS2,Import/Export,2614N,2615S,2026/06/16,2026/06/16,2026/06/18,,2026/06/18,,2026/06/19,
SITC CONTAINER LINES,sitc,TOKYO,13,JPTYO,HYPERION,C6WS5,PBT2/PST2,Import/Export,2625E,2626W,2026/06/02,2026/06/02,2026/06/04,19:20,2026/06/04,20:08,2026/06/05,04:48
SITC CONTAINER LINES,sitc,YOKOHAMA,11,JPYOK,HYPERION,C6WS5,PBT2/PST2,Import/Export,2625E,2626W,2026/06/02,2026/06/03,2026/06/05,06:30,2026/06/05,07:12,2026/06/05,16:05
SITC CONTAINER LINES,sitc,NAGOYA,35,JPNGO,HYPERION,C6WS5,PBT2/PST2,Import/Export,2625E,2626W,2026/06/03,2026/06/04,2026/06/06,06:30,2026/06/06,07:50,2026/06/06,15:15
SITC CONTAINER LINES,sitc,TOKYO,13,JPTYO,HYPERION,C6WS5,PST2/PBT2,Import/Export,2627E,2628W,2026/06/11,2026/06/11,2026/06/15,15:21,2026/06/15,16:08,2026/06/16,05:04
SITC CONTAINER LINES,sitc,YOKOHAMA,11,JPYOK,HYPERION,C6WS5,PST2/PBT2,Import/Export,2627E,2628W,2026/06/10,2026/06/11,2026/06/16,07:00,2026/06/16,07:42,2026/06/16,14:50
SITC CONTAINER LINES,sitc,SHIMIZU,30,JPSMZ,HYPERION,C6WS5,PST2/PBT2,Import/Export,2627E,2628W,2026/06/12,2026/06/12,2026/06/16,23:53,2026/06/17,00:18,2026/06/17,12:00
SITC CONTAINER LINES,sitc,NAGOYA,35,JPNGO,HYPERION,C6WS5,PST2/PBT2,Import/Export,2627E,2628W,2026/06/12,2026/06/13,2026/06/17,20:30,2026/06/17,21:30,2026/06/18,06:30
SITC CONTAINER LINES,sitc,YOKOHAMA,11,JPYOK,HYPERION,C6WS5,PBT2/PST2,Import/Export,2629E,2630W,2026/06/23,2026/06/24,2026/06/26,,2026/06/26,,2026/06/27,
SITC CONTAINER LINES,sitc,TOKYO,13,JPTYO,HYPERION,C6WS5,PBT2/PST2,Import/Export,2629E,2630W,2026/06/23,2026/06/23,2026/06/26,,2026/06/26,,2026/06/26,
SITC CONTAINER LINES,sitc,NAGOYA,35,JPNGO,HYPERION,C6WS5,PBT2/PST2,Import/Export,2629E,2630W,2026/06/24,2026/06/25,2026/06/27,,2026/06/28,,2026/06/28,
SITC CONTAINER LINES,sitc,YOKOHAMA,11,JPYOK,HYPERION,C6WS5,PST2/PBT2,Import/Export,2631E,2632W,2026/07/01,2026/07/02,2026/07/01,,2026/07/01,,2026/07/02,
SITC CONTAINER LINES,sitc,TOKYO,13,JPTYO,HYPERION,C6WS5,PST2/PBT2,Import/Export,2631E,2632W,2026/07/02,2026/07/02,2026/07/02,,2026/07/02,,2026/07/02,
SITC CONTAINER LINES,sitc,SHIMIZU,30,JPSMZ,HYPERION,C6WS5,PST2/PBT2,Import/Export,2631E,2632W,2026/07/03,2026/07/03,2026/07/03,,2026/07/03,,2026/07/03,
SITC CONTAINER LINES,sitc,NAGOYA,35,JPNGO,HYPERION,C6WS5,PST2/PBT2,Import/Export,2631E,2632W,2026/07/03,2026/07/04,2026/07/03,,2026/07/03,,2026/07/04,
SITC CONTAINER LINES,sitc,NAGOYA,35,JPNGO,INTRA BHUM,HSB4803,SKT6,Import/Export,2616E,2617W,2026/06/09,2026/06/09,2026/06/09,15:40,2026/06/09,18:30,2026/06/09,22:55
SITC CONTAINER LINES,sitc,HITACHINAKA,21,JPHIC,INTRA BHUM,HSB4803,SKT6,Import/Export,2616E,2617W,2026/06/11,2026/06/11,2026/06/11,07:15,2026/06/11,08:12,2026/06/11,12:48
SITC CONTAINER LINES,sitc,SENDAI,3,JPSGM,INTRA BHUM,HSB4803,SKT6,Import/Export,2616E,2617W,2026/06/11,2026/06/12,2026/06/12,03:55,2026/06/12,04:58,2026/06/12,12:37
SITC CONTAINER LINES,sitc,TOKYO,13,JPTYO,INTRA BHUM,HSB4803,SKT6,Import/Export,2616E,2617W,2026/06/12,2026/06/12,2026/06/13,08:04,2026/06/13,08:55,2026/06/13,16:57
SITC CONTAINER LINES,sitc,TOKUYAMA,62,JPTKY,INTRA BHUM,HSB4803,SKT6,Import/Export,2616E,2617W,2026/06/12,2026/06/12,2026/06/15,06:30,2026/06/17,04:30,2026/06/17,15:00
SITC CONTAINER LINES,sitc,NAGOYA,35,JPNGO,INTRA BHUM,HSB4803,SKT6,Import/Export,2618E,2619W,2026/06/23,2026/06/23,2026/06/23,,2026/06/23,,2026/06/23,
SITC CONTAINER LINES,sitc,HITACHINAKA,21,JPHIC,INTRA BHUM,HSB4803,SKT6,Import/Export,2618E,2619W,2026/06/25,2026/06/25,2026/06/24,,2026/06/25,,2026/06/25,
SITC CONTAINER LINES,sitc,SENDAI,3,JPSGM,INTRA BHUM,HSB4803,SKT6,Import/Export,2618E,2619W,2026/06/25,2026/06/26,2026/06/26,,2026/06/26,,2026/06/26,
SITC CONTAINER LINES,sitc,OSAKA,40,JPOSA,JJ SUN,VRFO6,S2,Import/Export,2620N,2623S,2026/06/04,2026/06/05,2026/06/06,10:54,2026/06/06,11:39,2026/06/07,06:05
SITC CONTAINER LINES,sitc,KOBE,41,JPUKB,JJ SUN,VRFO6,S2,Import/Export,2620N,2623S,2026/06/05,2026/06/05,2026/06/07,06:45,2026/06/07,07:25,2026/06/07,14:53
SITC CONTAINER LINES,sitc,OSAKA,40,JPOSA,JJ SUN,VRFO6,S2,Import/Export,2623N,2626S,2026/06/25,2026/06/26,2026/06/25,PM,2026/06/25,PM,2026/06/26,
SITC CONTAINER LINES,sitc,KOBE,41,JPUKB,JJ SUN,VRFO6,S2,Import/Export,2623N,2626S,2026/06/26,2026/06/26,2026/06/26,,2026/06/26,,2026/06/26,
SITC CONTAINER LINES,sitc,KOBE,41,JPUKB,KOTA NAZAR,9V8600,CVS2,Import/Export,2621N,2624S,2026/06/09,2026/06/09,2026/06/11,08:15,2026/06/11,09:07,2026/06/11,19:25
SITC CONTAINER LINES,sitc,OSAKA,40,JPOSA,KOTA NAZAR,9V8600,CVS2,Import/Export,2621N,2624S,2026/06/08,2026/06/09,2026/06/11,20:24,2026/06/11,23:31,2026/06/13,02:50
SITC CONTAINER LINES,sitc,OSAKA,40,JPOSA,KOTA NAZAR,9V8600,CVS2,Import/Export,2624N,2627S,2026/06/29,2026/06/30,2026/06/29,,2026/06/29,,2026/06/30,
SITC CONTAINER LINES,sitc,KOBE,41,JPUKB,KOTA NAZAR,9V8600,CVS2,Import/Export,2624N,2627S,2026/06/30,2026/06/30,2026/06/30,,2026/06/30,,2026/06/30,
SITC CONTAINER LINES,sitc,OSAKA,40,JPOSA,M. ATLAS,3E7990,CJV2,Import/Export,2619N,2620S,2026/06/27,2026/06/28,2026/06/27,,2026/06/27,,2026/06/28,
SITC CONTAINER LINES,sitc,KOBE,41,JPUKB,M. ATLAS,3E7990,CJV2,Import/Export,2619N,2620S,2026/06/28,2026/06/28,2026/06/28,,2026/06/28,,2026/06/28,
SITC CONTAINER LINES,sitc,NAGOYA,35,JPNGO,M. ATLAS,3E7990,CJV2,Import/Export,2619N,2620S,2026/06/29,2026/06/29,2026/06/29,,2026/06/29,,2026/06/29,
SITC CONTAINER LINES,sitc,YOKKAICHI,36,JPYKK,M. ATLAS,3E7990,CJV2,Import/Export,2619N,2620S,2026/06/29,2026/06/30,2026/06/29,,2026/06/29,,2026/06/30,
SITC CONTAINER LINES,sitc,YOKOHAMA,11,JPYOK,MILD TUNE,VROS2,STK7,Import/Export,2622N,2625S,2026/06/18,2026/06/19,2026/06/20,,2026/06/20,,2026/06/20,
SITC CONTAINER LINES,sitc,TOKYO,13,JPTYO,MILD TUNE,VROS2,STK7,Import/Export,2622N,2625S,2026/06/17,2026/06/17,2026/06/20,05:00,2026/06/20,,2026/06/20,
SITC CONTAINER LINES,sitc,TOKYO,13,JPTYO,MOL EARNEST,3EMD3,JTI,Import/Export,0115E,0116W,2026/06/27,2026/06/28,2026/06/27,17:00,2026/06/27,18:00,2026/06/29,00:01
SITC CONTAINER LINES,sitc,YOKOHAMA,11,JPYOK,MOL EARNEST,3EMD3,JTI,Import/Export,0115E,0116W,2026/06/29,2026/06/29,2026/06/29,07:00,2026/06/29,08:00,2026/06/29,21:00
SITC CONTAINER LINES,sitc,SHIMIZU,30,JPSMZ,MOL EARNEST,3EMD3,JTI,Import/Export,0115E,0116W,2026/06/30,2026/06/30,2026/06/30,06:00,2026/06/30,07:00,2026/06/30,15:00
SITC CONTAINER LINES,sitc,NAGOYA,35,JPNGO,MOL EARNEST,3EMD3,JTI,Import/Export,0115E,0116W,2026/07/01,2026/07/02,2026/07/01,07:00,2026/07/01,08:00,2026/07/01,23:30
SITC CONTAINER LINES,sitc,OSAKA,40,JPOSA,MOL EARNEST,3EMD3,JTI,Import/Export,0115E,0116W,2026/07/03,2026/07/03,2026/07/03,07:00,2026/07/03,08:00,2026/07/03,21:00
SITC CONTAINER LINES,sitc,KOBE,41,JPUKB,MOL EARNEST,3EMD3,JTI,Import/Export,0115E,0116W,2026/07/04,2026/07/04,2026/07/04,07:00,2026/07/04,08:00,2026/07/04,21:00
SITC CONTAINER LINES,sitc,TOKYO,13,JPTYO,NYK FUJI,9V8738,JTI,Import/Export,0137E,0138W,2026/06/20,2026/06/21,2026/06/21,17:00,2026/06/21,18:00,2026/06/22,16:30
SITC CONTAINER LINES,sitc,YOKOHAMA,11,JPYOK,NYK FUJI,9V8738,JTI,Import/Export,0137E,0138W,2026/06/22,2026/06/22,2026/06/22,18:00,2026/06/22,19:00,2026/06/23,08:00
SITC CONTAINER LINES,sitc,SHIMIZU,30,JPSMZ,NYK FUJI,9V8738,JTI,Import/Export,0137E,0138W,2026/06/23,2026/06/23,2026/06/23,17:00,2026/06/23,18:00,2026/06/24,02:00
SITC CONTAINER LINES,sitc,NAGOYA,35,JPNGO,NYK FUJI,9V8738,JTI,Import/Export,0137E,0138W,2026/06/24,2026/06/25,2026/06/24,11:30,2026/06/24,12:30,2026/06/25,04:00
SITC CONTAINER LINES,sitc,OSAKA,40,JPOSA,NYK FUJI,9V8738,JTI,Import/Export,0137E,0138W,2026/06/26,2026/06/26,2026/06/26,07:00,2026/06/26,08:00,2026/06/26,21:00
SITC CONTAINER LINES,sitc,KOBE,41,JPUKB,NYK FUJI,9V8738,JTI,Import/Export,0137E,0138W,2026/06/27,2026/06/27,2026/06/27,07:00,2026/06/27,08:00,2026/06/27,21:00
SITC CONTAINER LINES,sitc,KOBE,41,JPUKB,PANJA BHUM,9VJQ2,WYS,Import/Export,092E,092W,2026/06/02,2026/06/03,2026/06/02,23:30,2026/06/03,16:59,2026/06/04,06:07
SITC CONTAINER LINES,sitc,OSAKA,40,JPOSA,PANJA BHUM,9VJQ2,WYS,Import/Export,092E,092W,2026/06/02,2026/06/02,2026/06/04,07:01,2026/06/04,07:49,2026/06/04,17:27
SITC CONTAINER LINES,sitc,KOBE,41,JPUKB,PANJA BHUM,9VJQ2,WYS,Import/Export,093E,093W,2026/06/09,2026/06/10,2026/06/10,16:00,2026/06/10,17:21,2026/06/11,06:10
SITC CONTAINER LINES,sitc,OSAKA,40,JPOSA,PANJA BHUM,9VJQ2,WYS,Import/Export,093E,093W,2026/06/09,2026/06/09,2026/06/11,07:00,2026/06/11,07:37,2026/06/11,18:36
SITC CONTAINER LINES,sitc,OSAKA,40,JPOSA,PANJA BHUM,9VJQ2,WYS,Import/Export,094E,094W,2026/06/16,2026/06/16,2026/06/17,15:40,2026/06/17,16:40,2026/06/18,11:00
SITC CONTAINER LINES,sitc,KOBE,41,JPUKB,PANJA BHUM,9VJQ2,WYS,Import/Export,094E,094W,2026/06/16,2026/06/17,2026/06/18,12:00,2026/06/18,,2026/06/18,
SITC CONTAINER LINES,sitc,OSAKA,40,JPOSA,PANJA BHUM,9VJQ2,WYS,Import/Export,095E,095W,2026/06/23,2026/06/23,2026/06/24,,2026/06/24,,2026/06/25,
SITC CONTAINER LINES,sitc,KOBE,41,JPUKB,PANJA BHUM,9VJQ2,WYS,Import/Export,095E,095W,2026/06/23,2026/06/24,2026/06/25,,2026/06/25,,2026/06/25,
SITC CONTAINER LINES,sitc,OSAKA,40,JPOSA,PANJA BHUM,9VJQ2,WYS,Import/Export,096E,096W,2026/06/30,2026/06/30,2026/06/30,,2026/06/30,,2026/07/01,
SITC CONTAINER LINES,sitc,KOBE,41,JPUKB,PANJA BHUM,9VJQ2,WYS,Import/Export,096E,096W,2026/06/30,2026/07/01,2026/07/01,,2026/07/01,,2026/07/01,
SITC CONTAINER LINES,sitc,TOKYO,13,JPTYO,QING YUN HE,BOMW,NKT6,Import/Export,755E,,2026/06/16,2026/06/17,2026/06/18,19:00,2026/06/18,,2026/06/19,
SITC CONTAINER LINES,sitc,YOKOHAMA,11,JPYOK,QING YUN HE,BOMW,NKT6,Import/Export,755E,,2026/06/17,2026/06/17,2026/06/19,,2026/06/19,,2026/06/19,
SITC CONTAINER LINES,sitc,MOJI,70,JPMOJ,RENOWN,C6UJ4,VTX8,Import/Export,2623N,2624S,2026/06/17,2026/06/17,2026/06/20,00:01,2026/06/20,06:00,2026/06/20,14:00
SITC CONTAINER LINES,sitc,OSAKA,40,JPOSA,RENOWN,C6UJ4,VTX8,Import/Export,2623N,2624S,2026/06/18,2026/06/19,2026/06/21,08:00,2026/06/21,09:00,2026/06/21,19:00
SITC CONTAINER LINES,sitc,KOBE,41,JPUKB,RENOWN,C6UJ4,VTX8,Import/Export,2623N,2624S,2026/06/19,2026/06/19,2026/06/21,21:00,2026/06/21,22:00,2026/06/22,06:00
SITC CONTAINER LINES,sitc,MOJI,70,JPMOJ,RESURGENCE,C6SJ9,VTX8,Import/Export,2611N,2612S,2026/06/24,2026/06/24,2026/06/25,,2026/06/25,,2026/06/25,
SITC CONTAINER LINES,sitc,OSAKA,40,JPOSA,RESURGENCE,C6SJ9,VTX8,Import/Export,2611N,2612S,2026/06/25,2026/06/26,2026/06/26,,2026/06/26,,2026/06/26,
SITC CONTAINER LINES,sitc,KOBE,41,JPUKB,RESURGENCE,C6SJ9,VTX8,Import/Export,2611N,2612S,2026/06/26,2026/06/26,2026/06/27,,2026/06/27,,2026/06/27,
SITC CONTAINER LINES,sitc,TOKYO,13,JPTYO,SEASPAN OSAKA,9VMT6,JTI,Import/Export,0034E,0035W,2026/06/13,2026/06/14,2026/06/13,16:58,2026/06/13,17:42,2026/06/15,04:54
SITC CONTAINER LINES,sitc,YOKOHAMA,11,JPYOK,SEASPAN OSAKA,9VMT6,JTI,Import/Export,0034E,0035W,2026/06/15,2026/06/15,2026/06/15,06:30,2026/06/15,07:05,2026/06/15,18:15
SITC CONTAINER LINES,sitc,SHIMIZU,30,JPSMZ,SEASPAN OSAKA,9VMT6,JTI,Import/Export,0034E,0035W,2026/06/16,2026/06/16,2026/06/16,06:20,2026/06/16,07:15,2026/06/16,17:58
SITC CONTAINER LINES,sitc,NAGOYA,35,JPNGO,SEASPAN OSAKA,9VMT6,JTI,Import/Export,0034E,0035W,2026/06/17,2026/06/18,2026/06/17,06:30,2026/06/17,07:55,2026/06/18,09:00
SITC CONTAINER LINES,sitc,OSAKA,40,JPOSA,SEASPAN OSAKA,9VMT6,JTI,Import/Export,0034E,0035W,2026/06/19,2026/06/19,2026/06/19,07:00,2026/06/19,08:00,2026/06/20,06:00
SITC CONTAINER LINES,sitc,KOBE,41,JPUKB,SEASPAN OSAKA,9VMT6,JTI,Import/Export,0034E,0035W,2026/06/20,2026/06/20,2026/06/20,07:00,2026/06/20,08:00,2026/06/20,21:00
SITC CONTAINER LINES,sitc,OSAKA,40,JPOSA,SINOTRANS BEIJING,VRDL9,TYS/WDS,Import/Export,2622E,2622W,2026/06/02,2026/06/02,2026/06/03,15:57,2026/06/03,16:55,2026/06/04,06:24
SITC CONTAINER LINES,sitc,KOBE,41,JPUKB,SINOTRANS BEIJING,VRDL9,TYS/WDS,Import/Export,2622E,2622W,2026/06/03,2026/06/04,2026/06/04,07:05,2026/06/04,08:30,2026/06/04,19:21
SITC CONTAINER LINES,sitc,OSAKA,40,JPOSA,SINOTRANS BEIJING,VRDL9,WDS/TYS,Import/Export,2623E,2623W,2026/06/08,2026/06/09,2026/06/10,06:45,2026/06/10,07:50,2026/06/10,19:59
SITC CONTAINER LINES,sitc,KOBE,41,JPUKB,SINOTRANS BEIJING,VRDL9,WDS/TYS,Import/Export,2623E,2623W,2026/06/09,2026/06/09,2026/06/10,21:05,2026/06/10,22:25,2026/06/11,11:30
SITC CONTAINER LINES,sitc,KOBE,41,JPUKB,SINOTRANS BEIJING,VRDL9,TYS/WDS,Import/Export,2624E,2624W,2026/06/17,2026/06/18,2026/06/17,14:15,2026/06/17,15:15,2026/06/18,06:10
SITC CONTAINER LINES,sitc,OSAKA,40,JPOSA,SINOTRANS BEIJING,VRDL9,TYS/WDS,Import/Export,2624E,2624W,2026/06/16,2026/06/16,2026/06/18,06:50,2026/06/18,07:50,2026/06/18,PM
SITC CONTAINER LINES,sitc,OSAKA,40,JPOSA,SINOTRANS BEIJING,VRDL9,WDS/TYS,Import/Export,2625E,2625W,2026/06/22,2026/06/23,2026/06/22,,2026/06/22,,2026/06/23,
SITC CONTAINER LINES,sitc,KOBE,41,JPUKB,SINOTRANS BEIJING,VRDL9,WDS/TYS,Import/Export,2625E,2625W,2026/06/23,2026/06/23,2026/06/23,,2026/06/23,,2026/06/23,
SITC CONTAINER LINES,sitc,KOBE,41,JPUKB,SINOTRANS BEIJING,VRDL9,TYS/WDS,Import/Export,2626E,2626W,2026/07/01,2026/07/02,2026/06/30,,2026/06/30,,2026/07/01,
SITC CONTAINER LINES,sitc,OSAKA,40,JPOSA,SINOTRANS BEIJING,VRDL9,TYS/WDS,Import/Export,2626E,2626W,2026/06/30,2026/06/30,2026/06/30,,2026/06/30,,2026/06/30,
SITC CONTAINER LINES,sitc,HAKATA,77,JPHKT,SINOTRANS OSAKA,VRDM4,PBU/PSU,Import/Export,2622E,2622W,2026/06/02,2026/06/03,2026/06/02,12:50,2026/06/02,13:27,2026/06/03,11:30
SITC CONTAINER LINES,sitc,MOJI,70,JPMOJ,SINOTRANS OSAKA,VRDM4,PBU/PSU,Import/Export,2622E,2622W,2026/06/03,2026/06/03,2026/06/03,14:45,2026/06/03,16:27,2026/06/03,23:10
SITC CONTAINER LINES,sitc,MOJI,70,JPMOJ,SINOTRANS OSAKA,VRDM4,PSU/PBU,Import/Export,2623E,2623W,2026/06/09,2026/06/09,2026/06/09,13:50,2026/06/09,15:15,2026/06/10,15:09
SITC CONTAINER LINES,sitc,HAKATA,77,JPHKT,SINOTRANS OSAKA,VRDM4,PSU/PBU,Import/Export,2623E,2623W,2026/06/08,2026/06/09,2026/06/10,18:56,2026/06/10,19:34,2026/06/11,10:55
SITC CONTAINER LINES,sitc,HAKATA,77,JPHKT,SINOTRANS OSAKA,VRDM4,PBU/PSU,Import/Export,2624E,2624W,2026/06/16,2026/06/17,2026/06/17,06:00,2026/06/17,06:35,2026/06/17,18:00
SITC CONTAINER LINES,sitc,MOJI,70,JPMOJ,SINOTRANS OSAKA,VRDM4,PBU/PSU,Import/Export,2624E,2624W,2026/06/17,2026/06/17,2026/06/17,21:00,2026/06/18,07:00,2026/06/18,
SITC CONTAINER LINES,sitc,HAKATA,77,JPHKT,SINOTRANS OSAKA,VRDM4,PSU/PBU,Import/Export,2625E,2625W,2026/06/22,2026/06/23,2026/06/22,,2026/06/22,,2026/06/23,
SITC CONTAINER LINES,sitc,MOJI,70,JPMOJ,SINOTRANS OSAKA,VRDM4,PSU/PBU,Import/Export,2625E,2625W,2026/06/23,2026/06/23,2026/06/23,,2026/06/23,,2026/06/23,
SITC CONTAINER LINES,sitc,HAKATA,77,JPHKT,SINOTRANS OSAKA,VRDM4,PBU/PSU,Import/Export,2626E,2626W,2026/06/30,2026/07/01,2026/06/30,,2026/06/30,,2026/07/01,
SITC CONTAINER LINES,sitc,MOJI,70,JPMOJ,SINOTRANS OSAKA,VRDM4,PBU/PSU,Import/Export,2626E,2626W,2026/07/01,2026/07/01,2026/07/01,,2026/07/01,,2026/07/01,
SITC CONTAINER LINES,sitc,NAGOYA,35,JPNGO,SINOTRANS SHANGHAI,VRMK8,LTT,Import/Export,2622E,2622W,2026/06/01,2026/06/02,2026/06/04,06:10,2026/06/04,07:50,2026/06/05,06:30
SITC CONTAINER LINES,sitc,NAGOYA,35,JPNGO,SINOTRANS SHANGHAI,VRMK8,LTT,Import/Export,2623E,2623W,2026/06/08,2026/06/09,2026/06/11,21:15,2026/06/11,22:30,2026/06/12,17:55
SITC CONTAINER LINES,sitc,NAGOYA,35,JPNGO,SINOTRANS SHANGHAI,VRMK8,LTT,Import/Export,2624E,2624W,2026/06/15,2026/06/16,2026/06/19,,2026/06/19,,2026/06/20,
SITC CONTAINER LINES,sitc,NAGOYA,35,JPNGO,SINOTRANS SHANGHAI,VRMK8,LTT,Import/Export,2625E,2625W,2026/06/22,2026/06/23,2026/06/22,,2026/06/22,,2026/06/23,
SITC CONTAINER LINES,sitc,NAGOYA,35,JPNGO,SINOTRANS SHANGHAI,VRMK8,LTT,Import/Export,2626E,2626W,2026/06/29,2026/06/30,2026/06/29,,2026/06/29,,2026/06/30,
SITC CONTAINER LINES,sitc,OSAKA,40,JPOSA,SITC BUSAN,VRLQ7,PBT3,Import/Export,2625E,2626W,2026/06/01,2026/06/01,2026/06/02,20:24,2026/06/03,11:47,2026/06/03,19:10
SITC CONTAINER LINES,sitc,KOBE,41,JPUKB,SITC BUSAN,VRLQ7,PBT3,Import/Export,2625E,2626W,2026/06/02,2026/06/02,2026/06/03,19:50,2026/06/03,20:55,2026/06/04,06:07
SITC CONTAINER LINES,sitc,SAKAISENBOKU,44,JPSBK,SITC BUSAN,VRLQ7,PBT3,Import/Export,2625E,2626W,2026/06/01,2026/06/02,2026/06/04,07:00,2026/06/04,08:00,2026/06/04,13:30
SITC CONTAINER LINES,sitc,SHIMIZU,30,JPSMZ,SITC BUSAN,VRLQ7,PBT3,Import/Export,2625E,2626W,2026/06/03,2026/06/03,2026/06/05,21:33,2026/06/05,22:00,2026/06/06,10:55
SITC CONTAINER LINES,sitc,NAGOYA,35,JPNGO,SITC BUSAN,VRLQ7,PBT3,Import/Export,2625E,2626W,2026/06/04,2026/06/04,2026/06/07,06:35,2026/06/07,07:50,2026/06/07,16:20
SITC CONTAINER LINES,sitc,OSAKA,40,JPOSA,SITC BUSAN,VRLQ7,PBT3,Import/Export,2627E,2628W,2026/06/15,2026/06/15,2026/06/18,07:00,2026/06/18,08:00,2026/06/18,18:00
SITC CONTAINER LINES,sitc,SAKAISENBOKU,44,JPSBK,SITC BUSAN,VRLQ7,PBT3,Import/Export,2627E,2628W,2026/06/15,2026/06/16,2026/06/18,20:00,2026/06/18,21:00,2026/06/19,05:00
SITC CONTAINER LINES,sitc,KOBE,41,JPUKB,SITC BUSAN,VRLQ7,PBT3,Import/Export,2627E,2628W,2026/06/16,2026/06/16,2026/06/19,07:00,2026/06/19,08:00,2026/06/19,16:00
SITC CONTAINER LINES,sitc,SHIMIZU,30,JPSMZ,SITC BUSAN,VRLQ7,PBT3,Import/Export,2627E,2628W,2026/06/17,2026/06/17,2026/06/20,12:00,2026/06/20,13:00,2026/06/20,21:00
SITC CONTAINER LINES,sitc,NAGOYA,35,JPNGO,SITC BUSAN,VRLQ7,PBT3,Import/Export,2627E,2628W,2026/06/18,2026/06/18,2026/06/21,06:00,2026/06/21,12:00,2026/06/21,19:00
SITC CONTAINER LINES,sitc,OSAKA,40,JPOSA,SITC BUSAN,VRLQ7,PBT3,Import/Export,2629E,2630W,2026/06/29,2026/06/29,2026/06/30,,2026/06/30,,2026/07/01,
SITC CONTAINER LINES,sitc,SAKAISENBOKU,44,JPSBK,SITC BUSAN,VRLQ7,PBT3,Import/Export,2629E,2630W,2026/06/29,2026/06/30,2026/07/01,,2026/07/01,,2026/07/01,
SITC CONTAINER LINES,sitc,KOBE,41,JPUKB,SITC BUSAN,VRLQ7,PBT3,Import/Export,2629E,2630W,2026/06/30,2026/06/30,2026/07/01,,2026/07/01,,2026/07/02,
SITC CONTAINER LINES,sitc,SHIMIZU,30,JPSMZ,SITC BUSAN,VRLQ7,PBT3,Import/Export,2629E,2630W,2026/07/01,2026/07/01,2026/07/02,,2026/07/02,,2026/07/03,
SITC CONTAINER LINES,sitc,NAGOYA,35,JPNGO,SITC BUSAN,VRLQ7,PBT3,Import/Export,2629E,2630W,2026/07/02,2026/07/02,2026/07/03,,2026/07/03,,2026/07/04,
SITC CONTAINER LINES,sitc,TOKYO,13,JPTYO,SITC CHANGDE,VRVY5,VTX6,Import/Export,2613N,2614S,2026/06/25,2026/06/26,2026/06/26,,2026/06/26,,2026/06/27,
SITC CONTAINER LINES,sitc,YOKOHAMA,11,JPYOK,SITC CHANGDE,VRVY5,VTX6,Import/Export,2613N,2614S,2026/06/26,2026/06/26,2026/06/27,,2026/06/27,,2026/06/27,
SITC CONTAINER LINES,sitc,KAWASAKI,12,JPKWS,SITC CHANGDE,VRVY5,VTX6,Import/Export,2613N,2614S,2026/06/26,2026/06/27,2026/06/27,,2026/06/27,,2026/06/27,
SITC CONTAINER LINES,sitc,NAGOYA,35,JPNGO,SITC CHANGDE,VRVY5,VTX6,Import/Export,2613N,2614S,2026/06/27,2026/06/28,2026/06/28,,2026/06/28,,2026/06/29,
SITC CONTAINER LINES,sitc,MOJI,70,JPMOJ,SITC DALIAN,VRLI2,VTX8,Import/Export,2623N,2624S,2026/06/10,2026/06/10,2026/06/10,05:22,2026/06/10,07:00,2026/06/10,14:03
SITC CONTAINER LINES,sitc,OSAKA,40,JPOSA,SITC DALIAN,VRLI2,VTX8,Import/Export,2623N,2624S,2026/06/11,2026/06/12,2026/06/11,10:10,2026/06/11,10:53,2026/06/12,06:08
SITC CONTAINER LINES,sitc,KOBE,41,JPUKB,SITC DALIAN,VRLI2,VTX8,Import/Export,2623N,2624S,2026/06/12,2026/06/12,2026/06/12,06:50,2026/06/12,07:40,2026/06/12,16:02
SITC CONTAINER LINES,sitc,OSAKA,40,JPOSA,SITC FANGCHENG,VRLG3,CJV4-N,Import/Export,2611N,2611N,2026/06/15,2026/06/16,2026/06/19,12:00,2026/06/19,13:00,2026/06/19,22:00
SITC CONTAINER LINES,sitc,KOBE,41,JPUKB,SITC FANGCHENG,VRLG3,CJV4-N,Import/Export,2611N,2611N,2026/06/16,2026/06/16,2026/06/19,23:00,2026/06/20,00:00,2026/06/20,09:00
SITC CONTAINER LINES,sitc,HAKATA,77,JPHKT,SITC FANGCHENG,VRLG3,CJV4-S,Import/Export,2612S,2612S,2026/06/22,2026/06/22,2026/06/26,,2026/06/26,,2026/06/27,
SITC CONTAINER LINES,sitc,OSAKA,40,JPOSA,SITC FANGCHENG,VRLG3,CJV4-S,Import/Export,2612S,2612S,2026/06/24,2026/06/25,2026/06/28,,2026/06/28,,2026/06/28,
SITC CONTAINER LINES,sitc,KOBE,41,JPUKB,SITC FANGCHENG,VRLG3,CJV4-S,Import/Export,2612S,2612S,2026/06/25,2026/06/25,2026/06/28,,2026/06/28,,2026/06/29,
SITC CONTAINER LINES,sitc,MOJI,70,JPMOJ,SITC FANGCHENG,VRLG3,CJV4-S,Import/Export,2612S,2612S,2026/06/26,2026/06/26,2026/06/29,,2026/06/29,,2026/06/30,
SITC CONTAINER LINES,sitc,OSAKA,40,JPOSA,SITC FENGHE,VRVC8,CJV4-N,Import/Export,2613N,2613N,2026/06/08,2026/06/09,2026/06/09,15:05,2026/06/09,16:02,2026/06/10,06:13
SITC CONTAINER LINES,sitc,KOBE,41,JPUKB,SITC FENGHE,VRVC8,CJV4-N,Import/Export,2613N,2613N,2026/06/09,2026/06/09,2026/06/10,07:00,2026/06/10,07:55,2026/06/10,14:08
SITC CONTAINER LINES,sitc,HAKATA,77,JPHKT,SITC FENGHE,VRVC8,CJV4-S,Import/Export,2614S,2614S,2026/06/15,2026/06/15,2026/06/17,09:00,2026/06/17,10:00,2026/06/17,17:00
SITC CONTAINER LINES,sitc,OSAKA,40,JPOSA,SITC FENGHE,VRVC8,CJV4-S,Import/Export,2614S,2614S,2026/06/17,2026/06/18,2026/06/18,02:00,2026/06/18,03:00,2026/06/18,13:00
SITC CONTAINER LINES,sitc,KOBE,41,JPUKB,SITC FENGHE,VRVC8,CJV4-S,Import/Export,2614S,2614S,2026/06/18,2026/06/18,2026/06/18,15:00,2026/06/18,16:00,2026/06/18,22:00
SITC CONTAINER LINES,sitc,MOJI,70,JPMOJ,SITC FENGHE,VRVC8,CJV4-S,Import/Export,2614S,2614S,2026/06/19,2026/06/19,2026/06/19,14:00,2026/06/19,20:00,2026/06/20,03:00
SITC CONTAINER LINES,sitc,HAKATA,77,JPHKT,SITC FENGHE,VRVC8,CJV4-N,Import/Export,2615N,2615N,2026/07/05,2026/07/05,2026/07/05,,2026/07/05,,2026/07/05,
SITC CONTAINER LINES,sitc,OSAKA,40,JPOSA,SITC FUJIAN,VRNQ5,CVS2,Import/Export,2613N,2614S,2026/06/01,2026/06/02,2026/06/05,06:50,2026/06/05,07:43,2026/06/05,19:15
SITC CONTAINER LINES,sitc,KOBE,41,JPUKB,SITC FUJIAN,VRNQ5,CVS2,Import/Export,2613N,2614S,2026/06/02,2026/06/02,2026/06/05,19:50,2026/06/05,20:41,2026/06/06,12:56
SITC CONTAINER LINES,sitc,KAWASAKI,12,JPKWS,SITC HAINAN,VROF7,VTX6,Import/Export,2615N,2616S,2026/06/05,2026/06/06,2026/06/06,06:55,2026/06/06,07:45,2026/06/06,17:10
SITC CONTAINER LINES,sitc,TOKYO,13,JPTYO,SITC HAINAN,VROF7,VTX6,Import/Export,2615N,2616S,2026/06/04,2026/06/05,2026/06/06,18:16,2026/06/06,19:10,2026/06/07,05:10
SITC CONTAINER LINES,sitc,YOKOHAMA,11,JPYOK,SITC HAINAN,VROF7,VTX6,Import/Export,2615N,2616S,2026/06/05,2026/06/05,2026/06/07,07:05,2026/06/07,08:05,2026/06/07,17:10
SITC CONTAINER LINES,sitc,NAGOYA,35,JPNGO,SITC HAINAN,VROF7,VTX6,Import/Export,2615N,2616S,2026/06/06,2026/06/07,2026/06/08,06:45,2026/06/08,07:55,2026/06/08,19:40
SITC CONTAINER LINES,sitc,MOJI,70,JPMOJ,SITC HOCHIMINH,VRLI3,VTX8,Import/Export,2611N,2612S,2026/06/03,2026/06/03,2026/06/04,05:54,2026/06/04,07:25,2026/06/04,13:51
SITC CONTAINER LINES,sitc,OSAKA,40,JPOSA,SITC HOCHIMINH,VRLI3,VTX8,Import/Export,2611N,2612S,2026/06/04,2026/06/05,2026/06/05,06:52,2026/06/05,08:05,2026/06/05,17:22
SITC CONTAINER LINES,sitc,KOBE,41,JPUKB,SITC HOCHIMINH,VRLI3,VTX8,Import/Export,2611N,2612S,2026/06/05,2026/06/05,2026/06/05,18:15,2026/06/05,19:04,2026/06/06,00:18
SITC CONTAINER LINES,sitc,MOJI,70,JPMOJ,SITC HOCHIMINH,VRLI3,VTX8,Import/Export,2613N,2614S,2026/07/01,2026/07/01,2026/07/02,,2026/07/02,,2026/07/02,
SITC CONTAINER LINES,sitc,OSAKA,40,JPOSA,SITC HOCHIMINH,VRLI3,VTX8,Import/Export,2613N,2614S,2026/07/02,2026/07/03,2026/07/03,,2026/07/03,,2026/07/03,
SITC CONTAINER LINES,sitc,KOBE,41,JPUKB,SITC HOCHIMINH,VRLI3,VTX8,Import/Export,2613N,2614S,2026/07/03,2026/07/03,2026/07/03,,2026/07/03,,2026/07/04,
SITC CONTAINER LINES,sitc,HAKATA,77,JPHKT,SITC HONGKONG,3EKM7,CJV7,Import/Export,2619N,2620S,2026/06/11,2026/06/11,2026/06/13,23:02,2026/06/15,06:27,2026/06/15,19:32
SITC CONTAINER LINES,sitc,MOJI,70,JPMOJ,SITC HONGKONG,3EKM7,CJV7,Import/Export,2619N,2620S,2026/06/12,2026/06/12,2026/06/16,05:25,2026/06/16,06:50,2026/06/16,16:37
SITC CONTAINER LINES,sitc,NAGOYA,35,JPNGO,SITC JIANGSU,VROF5,VTX2,Import/Export,2615N,2616S,2026/06/19,2026/06/19,2026/06/22,,2026/06/22,,2026/06/23,
SITC CONTAINER LINES,sitc,YOKOHAMA,11,JPYOK,SITC JIANGSU,VROF5,VTX2,Import/Export,2615N,2616S,2026/06/21,2026/06/21,2026/06/24,,2026/06/24,,2026/06/25,
SITC CONTAINER LINES,sitc,TOKYO,13,JPTYO,SITC JIANGSU,VROF5,VTX2,Import/Export,2615N,2616S,2026/06/20,2026/06/21,2026/06/24,,2026/06/24,,2026/06/24,
SITC CONTAINER LINES,sitc,SAKAISENBOKU,44,JPSBK,SITC JIANGSU,VROF5,VTX1,Import/Export,2617N,2618S,2026/07/05,2026/07/05,2026/07/05,,2026/07/05,,2026/07/05,
SITC CONTAINER LINES,sitc,SAKAISENBOKU,44,JPSBK,SITC JUNDE,VRWA5,VTX1,Import/Export,2611N,2612S,2026/06/07,2026/06/07,2026/06/09,21:56,2026/06/09,22:55,2026/06/10,05:50
SITC CONTAINER LINES,sitc,OSAKA,40,JPOSA,SITC JUNDE,VRWA5,VTX1,Import/Export,2611N,2612S,2026/06/08,2026/06/08,2026/06/10,06:38,2026/06/10,07:23,2026/06/10,15:25
SITC CONTAINER LINES,sitc,KOBE,41,JPUKB,SITC JUNDE,VRWA5,VTX1,Import/Export,2611N,2612S,2026/06/08,2026/06/09,2026/06/10,16:05,2026/06/10,17:14,2026/06/11,00:55
SITC CONTAINER LINES,sitc,SAKAISENBOKU,44,JPSBK,SITC KANTO,VROR6,VTX1,Import/Export,2613N,2614S,2026/06/21,2026/06/21,2026/06/24,,2026/06/24,,2026/06/25,
SITC CONTAINER LINES,sitc,OSAKA,40,JPOSA,SITC KANTO,VROR6,VTX1,Import/Export,2613N,2614S,2026/06/22,2026/06/22,2026/06/25,,2026/06/25,,2026/06/25,
SITC CONTAINER LINES,sitc,KOBE,41,JPUKB,SITC KANTO,VROR6,VTX1,Import/Export,2613N,2614S,2026/06/22,2026/06/23,2026/06/25,,2026/06/25,,2026/06/26,
SITC CONTAINER LINES,sitc,NAGOYA,35,JPNGO,SITC KEELUNG,VROH6,VTX2,Import/Export,2613N,2614S,2026/06/05,2026/06/05,2026/06/07,06:25,2026/06/07,07:40,2026/06/07,17:30
SITC CONTAINER LINES,sitc,TOKYO,13,JPTYO,SITC KEELUNG,VROH6,VTX2,Import/Export,2613N,2614S,2026/06/06,2026/06/07,2026/06/08,11:35,2026/06/09,07:30,2026/06/10,05:28
SITC CONTAINER LINES,sitc,YOKOHAMA,11,JPYOK,SITC KEELUNG,VROH6,VTX2,Import/Export,2613N,2614S,2026/06/07,2026/06/07,2026/06/10,07:00,2026/06/10,07:40,2026/06/10,18:15
SITC CONTAINER LINES,sitc,NAGOYA,35,JPNGO,SITC KEELUNG,VROH6,VTX2,Import/Export,2615N,2616S,2026/07/03,2026/07/03,2026/07/03,,2026/07/03,,2026/07/04,
SITC CONTAINER LINES,sitc,TOKYO,13,JPTYO,SITC KEELUNG,VROH6,VTX2,Import/Export,2615N,2616S,2026/07/04,2026/07/05,2026/07/04,,2026/07/04,,2026/07/05,
SITC CONTAINER LINES,sitc,YOKOHAMA,11,JPYOK,SITC KEELUNG,VROH6,VTX2,Import/Export,2615N,2616S,2026/07/05,2026/07/05,2026/07/05,,2026/07/05,,2026/07/05,
SITC CONTAINER LINES,sitc,YOKKAICHI,36,JPYKK,SITC KWANGYANG,VRJQ9,CJV2,Import/Export,2615N,2616S,2026/06/01,2026/06/02,2026/06/01,06:45,2026/06/01,07:45,2026/06/01,15:10
SITC CONTAINER LINES,sitc,NAGOYA,35,JPNGO,SITC KWANGYANG,VRJQ9,CJV2,Import/Export,2615N,2616S,2026/06/01,2026/06/01,2026/06/01,16:55,2026/06/01,18:20,2026/06/02,04:55
SITC CONTAINER LINES,sitc,OSAKA,40,JPOSA,SITC KWANGYANG,VRJQ9,CJV2,Import/Export,2617N,2618S,2026/06/20,2026/06/21,2026/06/21,,2026/06/21,,2026/06/22,
SITC CONTAINER LINES,sitc,KOBE,41,JPUKB,SITC KWANGYANG,VRJQ9,CJV2,Import/Export,2617N,2618S,2026/06/21,2026/06/21,2026/06/22,,2026/06/22,,2026/06/22,
SITC CONTAINER LINES,sitc,NAGOYA,35,JPNGO,SITC KWANGYANG,VRJQ9,CJV2,Import/Export,2617N,2618S,2026/06/22,2026/06/22,2026/06/23,,2026/06/23,,2026/06/23,
SITC CONTAINER LINES,sitc,YOKKAICHI,36,JPYKK,SITC KWANGYANG,VRJQ9,CJV2,Import/Export,2617N,2618S,2026/06/22,2026/06/23,2026/06/23,,2026/06/23,,2026/06/24,
SITC CONTAINER LINES,sitc,NAGOYA,35,JPNGO,SITC MACAO,VROF9,VTX2,Import/Export,2611N,2612S,2026/06/12,2026/06/12,2026/06/15,06:55,2026/06/15,08:15,2026/06/16,02:10
SITC CONTAINER LINES,sitc,TOKYO,13,JPTYO,SITC MACAO,VROF9,VTX2,Import/Export,2611N,2612S,2026/06/13,2026/06/14,2026/06/16,18:08,2026/06/16,18:44,2026/06/17,18:00
SITC CONTAINER LINES,sitc,YOKOHAMA,11,JPYOK,SITC MACAO,VROF9,VTX2,Import/Export,2611N,2612S,2026/06/14,2026/06/14,2026/06/17,19:30,2026/06/18,00:30,2026/06/18,
SITC CONTAINER LINES,sitc,NAGOYA,35,JPNGO,SITC MACAO,VROF9,VTX2,Import/Export,2613N,2614S,2026/06/26,2026/06/26,2026/06/27,,2026/06/27,,2026/06/27,
SITC CONTAINER LINES,sitc,TOKYO,13,JPTYO,SITC MACAO,VROF9,VTX2,Import/Export,2613N,2614S,2026/06/27,2026/06/28,2026/06/28,,2026/06/28,,2026/06/29,
SITC CONTAINER LINES,sitc,YOKOHAMA,11,JPYOK,SITC MACAO,VROF9,VTX2,Import/Export,2613N,2614S,2026/06/28,2026/06/28,2026/06/29,,2026/06/29,,2026/06/29,
SITC CONTAINER LINES,sitc,MOJI,70,JPMOJ,SITC MINHE,VRVE9,CJV7,Import/Export,2613N,2614S,2026/05/30,2026/05/30,2026/05/31,16:30,2026/06/01,07:26,2026/06/01,18:18
SITC CONTAINER LINES,sitc,TOKUYAMA,62,JPTKY,SITC MINHE,VRVE9,CJV7,Import/Export,2613N,2614S,2026/05/29,2026/05/29,2026/06/01,22:50,2026/06/03,07:55,2026/06/03,15:30
SITC CONTAINER LINES,sitc,HAKATA,77,JPHKT,SITC MINHE,VRVE9,CJV7,Import/Export,2613N,2614S,2026/05/28,2026/05/28,2026/06/04,03:58,2026/06/04,04:55,2026/06/04,11:48
SITC CONTAINER LINES,sitc,MOJI,70,JPMOJ,SITC MINHE,VRVE9,CJV7,Import/Export,2615N,2616S,2026/06/26,2026/06/26,2026/06/25,,2026/06/26,,2026/06/26,
SITC CONTAINER LINES,sitc,HAKATA,77,JPHKT,SITC MINHE,VRVE9,CJV7,Import/Export,2615N,2616S,2026/06/25,2026/06/25,2026/06/25,,2026/06/25,,2026/06/25,
SITC CONTAINER LINES,sitc,YOKOHAMA,11,JPYOK,SITC MOJI,VRKS5,REX-T,Import/Export,2625E,2626W,2026/06/03,2026/06/03,2026/06/05,19:05,2026/06/05,19:54,2026/06/06,05:30
SITC CONTAINER LINES,sitc,TOKYO,13,JPTYO,SITC MOJI,VRKS5,REX-T,Import/Export,2625E,2626W,2026/06/02,2026/06/03,2026/06/06,07:14,2026/06/06,08:29,2026/06/06,17:49
SITC CONTAINER LINES,sitc,TOKYO,13,JPTYO,SITC MOJI,VRKS5,REX-T,Import/Export,2629E,2630W,2026/06/16,2026/06/17,2026/06/18,13:00,2026/06/18,14:00,2026/06/19,01:00
SITC CONTAINER LINES,sitc,YOKOHAMA,11,JPYOK,SITC MOJI,VRKS5,REX-T,Import/Export,2629E,2630W,2026/06/17,2026/06/17,2026/06/19,03:00,2026/06/19,04:00,2026/06/19,12:00
SITC CONTAINER LINES,sitc,TOKYO,13,JPTYO,SITC MOJI,VRKS5,REX-T,Import/Export,2633E,2634W,2026/06/30,2026/07/01,2026/07/02,,2026/07/02,,2026/07/03,
SITC CONTAINER LINES,sitc,YOKOHAMA,11,JPYOK,SITC MOJI,VRKS5,REX-T,Import/Export,2633E,2634W,2026/07/01,2026/07/01,2026/07/03,,2026/07/03,,2026/07/03,
SITC CONTAINER LINES,sitc,MOJI,70,JPMOJ,SITC OSAKA,VRLD6,SKT2/LKT,Import/Export,2625E,2626W,2026/06/05,2026/06/05,2026/06/05,05:18,2026/06/05,07:04,2026/06/05,10:49
SITC CONTAINER LINES,sitc,NAGOYA,35,JPNGO,SITC OSAKA,VRLD6,SKT2/LKT,Import/Export,2625E,2626W,2026/06/06,2026/06/07,2026/06/06,15:50,2026/06/06,17:50,2026/06/06,22:25
SITC CONTAINER LINES,sitc,YOKOHAMA,11,JPYOK,SITC OSAKA,VRLD6,SKT2/LKT,Import/Export,2625E,2626W,2026/06/08,2026/06/08,2026/06/07,17:50,2026/06/07,18:42,2026/06/08,05:25
SITC CONTAINER LINES,sitc,TOKYO,13,JPTYO,SITC OSAKA,VRLD6,SKT2/LKT,Import/Export,2625E,2626W,2026/06/07,2026/06/08,2026/06/08,07:08,2026/06/08,08:00,2026/06/08,19:03
SITC CONTAINER LINES,sitc,TOKYO,13,JPTYO,SITC OSAKA,VRLD6,LKT/SKT2,Import/Export,2627E,2628W,2026/06/17,2026/06/18,2026/06/18,21:00,2026/06/18,22:00,2026/06/19,08:00
SITC CONTAINER LINES,sitc,KAWASAKI,12,JPKWS,SITC OSAKA,VRLD6,LKT/SKT2,Import/Export,2627E,2628W,2026/06/17,2026/06/17,2026/06/19,10:00,2026/06/19,11:00,2026/06/19,19:00
SITC CONTAINER LINES,sitc,YOKOHAMA,11,JPYOK,SITC OSAKA,VRLD6,LKT/SKT2,Import/Export,2627E,2628W,2026/06/18,2026/06/19,2026/06/19,21:00,2026/06/19,22:00,2026/06/20,06:00
SITC CONTAINER LINES,sitc,MOJI,70,JPMOJ,SITC OSAKA,VRLD6,SKT2/LKT,Import/Export,2629E,2630W,2026/06/26,2026/06/26,2026/06/25,,2026/06/26,,2026/06/26,
SITC CONTAINER LINES,sitc,NAGOYA,35,JPNGO,SITC OSAKA,VRLD6,SKT2/LKT,Import/Export,2629E,2630W,2026/06/27,2026/06/28,2026/06/27,,2026/06/27,,2026/06/28,
SITC CONTAINER LINES,sitc,TOKYO,13,JPTYO,SITC OSAKA,VRLD6,SKT2/LKT,Import/Export,2629E,2630W,2026/06/28,2026/06/29,2026/06/28,,2026/06/28,,2026/06/29,
SITC CONTAINER LINES,sitc,YOKOHAMA,11,JPYOK,SITC OSAKA,VRLD6,SKT2/LKT,Import/Export,2629E,2630W,2026/06/29,2026/06/29,2026/06/29,,2026/06/29,,2026/06/29,
SITC CONTAINER LINES,sitc,NAGOYA,35,JPNGO,SITC PINGHE,VRVA5,PBT1,Import/Export,2623E,2624W,2026/06/10,2026/06/10,2026/06/11,06:15,2026/06/11,07:40,2026/06/11,19:20
SITC CONTAINER LINES,sitc,YOKKAICHI,36,JPYKK,SITC PINGHE,VRVA5,PBT1,Import/Export,2623E,2624W,2026/06/10,2026/06/11,2026/06/11,20:00,2026/06/11,20:45,2026/06/11,23:05
SITC CONTAINER LINES,sitc,YOKOHAMA,11,JPYOK,SITC PINGHE,VRVA5,PBT1,Import/Export,2623E,2624W,2026/06/12,2026/06/12,2026/06/12,13:15,2026/06/12,13:46,2026/06/12,18:30
SITC CONTAINER LINES,sitc,TOKYO,13,JPTYO,SITC PINGHE,VRVA5,PBT1,Import/Export,2623E,2624W,2026/06/11,2026/06/12,2026/06/12,20:08,2026/06/12,20:52,2026/06/13,01:21
SITC CONTAINER LINES,sitc,NAGOYA,35,JPNGO,SITC PINGHE,VRVA5,PBT1,Import/Export,2625E,2626W,2026/06/24,2026/06/24,2026/06/24,,2026/06/24,,2026/06/24,
SITC CONTAINER LINES,sitc,YOKKAICHI,36,JPYKK,SITC PINGHE,VRVA5,PBT1,Import/Export,2625E,2626W,2026/06/24,2026/06/25,2026/06/24,,2026/06/24,,2026/06/25,
SITC CONTAINER LINES,sitc,TOKYO,13,JPTYO,SITC PINGHE,VRVA5,PBT1,Import/Export,2625E,2626W,2026/06/25,2026/06/26,2026/06/25,,2026/06/25,,2026/06/26,
SITC CONTAINER LINES,sitc,YOKOHAMA,11,JPYOK,SITC PINGHE,VRVA5,PBT1,Import/Export,2625E,2626W,2026/06/26,2026/06/26,2026/06/26,,2026/06/26,,2026/06/26,
SITC CONTAINER LINES,sitc,KAWASAKI,12,JPKWS,SITC QINGDAO,VRLI4,CJV3,Import/Export,2615N,2616S,2026/06/09,2026/06/10,2026/06/14,07:20,2026/06/14,07:48,2026/06/14,16:25
SITC CONTAINER LINES,sitc,TOKYO,13,JPTYO,SITC QINGDAO,VRLI4,CJV3,Import/Export,2615N,2616S,2026/06/09,2026/06/09,2026/06/14,17:33,2026/06/14,18:14,2026/06/15,04:06
SITC CONTAINER LINES,sitc,YOKOHAMA,11,JPYOK,SITC QINGDAO,VRLI4,CJV3,Import/Export,2615N,2616S,2026/06/10,2026/06/10,2026/06/15,05:55,2026/06/15,06:38,2026/06/15,15:00
SITC CONTAINER LINES,sitc,SHIMIZU,30,JPSMZ,SITC QINGDAO,VRLI4,CJV3,Import/Export,2615N,2616S,2026/06/10,2026/06/11,2026/06/16,18:42,2026/06/16,19:12,2026/06/17,02:20
SITC CONTAINER LINES,sitc,KAWASAKI,12,JPKWS,SITC QINGDAO,VRLI4,CJV3,Import/Export,2617N,2618S,2026/06/30,2026/07/01,2026/07/03,,2026/07/03,,2026/07/03,
SITC CONTAINER LINES,sitc,TOKYO,13,JPTYO,SITC QINGDAO,VRLI4,CJV3,Import/Export,2617N,2618S,2026/06/30,2026/06/30,2026/07/03,,2026/07/03,,2026/07/03,
SITC CONTAINER LINES,sitc,SHIMIZU,30,JPSMZ,SITC QINGDAO,VRLI4,CJV3,Import/Export,2617N,2618S,2026/07/01,2026/07/02,2026/07/04,,2026/07/04,,2026/07/05,
SITC CONTAINER LINES,sitc,YOKOHAMA,11,JPYOK,SITC QINGDAO,VRLI4,CJV3,Import/Export,2617N,2618S,2026/07/01,2026/07/01,2026/07/04,,2026/07/04,,2026/07/04,
SITC CONTAINER LINES,sitc,HAKATA,77,JPHKT,SITC QINZHOU,VRQZ4,PSU/PBU,Import/Export,2621E,2621W,2026/06/01,2026/06/02,2026/06/05,03:53,2026/06/05,04:38,2026/06/05,12:01
SITC CONTAINER LINES,sitc,MOJI,70,JPMOJ,SITC QINZHOU,VRQZ4,PSU/PBU,Import/Export,2621E,2621W,2026/06/02,2026/06/02,2026/06/05,15:39,2026/06/05,16:50,2026/06/06,18:36
SITC CONTAINER LINES,sitc,MOJI,70,JPMOJ,SITC QINZHOU,VRQZ4,PBU/PSU,Import/Export,2622E,2622W,2026/06/10,2026/06/10,2026/06/13,10:55,2026/06/13,12:20,2026/06/13,19:49
SITC CONTAINER LINES,sitc,HAKATA,77,JPHKT,SITC QINZHOU,VRQZ4,PBU/PSU,Import/Export,2622E,2622W,2026/06/09,2026/06/10,2026/06/14,01:24,2026/06/16,08:56,2026/06/17,11:30
SITC CONTAINER LINES,sitc,MOJI,70,JPMOJ,SITC QINZHOU,VRQZ4,PSU/PBU,Import/Export,2623E,2623W,2026/06/16,2026/06/16,2026/06/22,,2026/06/23,,2026/06/23,
SITC CONTAINER LINES,sitc,HAKATA,77,JPHKT,SITC QINZHOU,VRQZ4,PSU/PBU,Import/Export,2623E,2623W,2026/06/15,2026/06/16,2026/06/22,,2026/06/22,,2026/06/22,
SITC CONTAINER LINES,sitc,HAKATA,77,JPHKT,SITC QINZHOU,VRQZ4,PBU/PSU,Import/Export,2624E,2624W,2026/06/23,2026/06/24,2026/06/29,,2026/06/29,,2026/06/30,
SITC CONTAINER LINES,sitc,MOJI,70,JPMOJ,SITC QINZHOU,VRQZ4,PBU/PSU,Import/Export,2624E,2624W,2026/06/24,2026/06/24,2026/06/30,,2026/06/30,,2026/07/01,
SITC CONTAINER LINES,sitc,NAGOYA,35,JPNGO,SITC RENDE,VRUP7,VTX3,Import/Export,2611N,2612S,2026/06/01,2026/06/01,2026/06/02,00:25,2026/06/02,01:35,2026/06/02,14:15
SITC CONTAINER LINES,sitc,YOKOHAMA,11,JPYOK,SITC RENDE,VRUP7,VTX3,Import/Export,2611N,2612S,2026/06/03,2026/06/03,2026/06/03,04:10,2026/06/04,07:00,2026/06/04,16:10
SITC CONTAINER LINES,sitc,TOKYO,13,JPTYO,SITC RENDE,VRUP7,VTX3,Import/Export,2611N,2612S,2026/06/02,2026/06/03,2026/06/04,18:12,2026/06/05,07:22,2026/06/06,01:55
SITC CONTAINER LINES,sitc,NAGOYA,35,JPNGO,SITC RENDE,VRUP7,VTX3,Import/Export,2613N,2614S,2026/06/29,2026/06/29,2026/06/29,,2026/06/29,,2026/06/29,
SITC CONTAINER LINES,sitc,TOKYO,13,JPTYO,SITC RENDE,VRUP7,VTX3,Import/Export,2613N,2614S,2026/06/30,2026/07/01,2026/06/30,,2026/06/30,,2026/07/01,
SITC CONTAINER LINES,sitc,YOKOHAMA,11,JPYOK,SITC RENDE,VRUP7,VTX3,Import/Export,2613N,2614S,2026/07/01,2026/07/01,2026/07/01,,2026/07/01,,2026/07/01,
SITC CONTAINER LINES,sitc,TOKYO,13,JPTYO,SITC RENHE,VRVG6,CJV6,Import/Export,2615N,2616S,2026/06/04,2026/06/04,2026/06/05,17:48,2026/06/05,18:33,2026/06/06,05:01
SITC CONTAINER LINES,sitc,YOKOHAMA,11,JPYOK,SITC RENHE,VRVG6,CJV6,Import/Export,2615N,2616S,2026/06/04,2026/06/05,2026/06/06,06:40,2026/06/06,07:18,2026/06/06,13:00
SITC CONTAINER LINES,sitc,NAGOYA,35,JPNGO,SITC RENHE,VRVG6,CJV6,Import/Export,2615N,2616S,2026/06/06,2026/06/06,2026/06/07,15:10,2026/06/07,16:50,2026/06/08,02:15
SITC CONTAINER LINES,sitc,YOKOHAMA,11,JPYOK,SITC RENHE,VRVG6,CJV6,Import/Export,2617N,2618S,2026/06/25,2026/06/26,2026/06/28,,2026/06/28,,2026/06/28,
SITC CONTAINER LINES,sitc,KAWASAKI,12,JPKWS,SITC RENHE,VRVG6,CJV6,Import/Export,2617N,2618S,2026/06/26,2026/06/26,2026/06/28,,2026/06/28,,2026/06/29,
SITC CONTAINER LINES,sitc,TOKYO,13,JPTYO,SITC RENHE,VRVG6,CJV6,Import/Export,2617N,2618S,2026/06/25,2026/06/25,2026/06/28,,2026/06/28,,2026/06/28,
SITC CONTAINER LINES,sitc,NAGOYA,35,JPNGO,SITC RENHE,VRVG6,CJV6,Import/Export,2617N,2618S,2026/06/27,2026/06/27,2026/06/29,,2026/06/30,,2026/06/30,
SITC CONTAINER LINES,sitc,NAGOYA,35,JPNGO,SITC RUNDE,VRUS3,VTX3,Import/Export,2613N,2614S,2026/06/15,2026/06/15,2026/06/17,21:00,2026/06/17,22:00,2026/06/18,16:30
SITC CONTAINER LINES,sitc,TOKYO,13,JPTYO,SITC RUNDE,VRUS3,VTX3,Import/Export,2613N,2614S,2026/06/16,2026/06/17,2026/06/19,07:00,2026/06/19,08:00,2026/06/19,21:00
SITC CONTAINER LINES,sitc,YOKOHAMA,11,JPYOK,SITC RUNDE,VRUS3,VTX3,Import/Export,2613N,2614S,2026/06/17,2026/06/17,2026/06/19,23:00,2026/06/20,00:00,2026/06/20,07:00
SITC CONTAINER LINES,sitc,KAWASAKI,12,JPKWS,SITC RUNDE,VRUS3,VTX3,Import/Export,2613N,2614S,2026/06/17,2026/06/17,2026/06/20,09:00,2026/06/20,10:00,2026/06/21,00:01
SITC CONTAINER LINES,sitc,TOKYO,13,JPTYO,SITC SENDAI,VRSC3,REX-T,Import/Export,2643E,2644W,2026/06/09,2026/06/10,2026/06/10,17:24,2026/06/10,17:58,2026/06/11,04:15
SITC CONTAINER LINES,sitc,YOKOHAMA,11,JPYOK,SITC SENDAI,VRSC3,REX-T,Import/Export,2643E,2644W,2026/06/10,2026/06/10,2026/06/11,06:05,2026/06/11,06:42,2026/06/11,16:25
SITC CONTAINER LINES,sitc,TOKYO,13,JPTYO,SITC SENDAI,VRSC3,REX-T,Import/Export,2647E,2648W,2026/06/23,2026/06/24,2026/06/24,,2026/06/24,,2026/06/25,
SITC CONTAINER LINES,sitc,YOKOHAMA,11,JPYOK,SITC SENDAI,VRSC3,REX-T,Import/Export,2647E,2648W,2026/06/24,2026/06/24,2026/06/25,,2026/06/25,,2026/06/25,
SITC CONTAINER LINES,sitc,OSAKA,40,JPOSA,SITC SHANDONG,VRNQ7,VTX1,Import/Export,2611N,2612S,2026/06/15,2026/06/15,2026/06/17,19:30,2026/06/17,20:30,2026/06/18,15:30
SITC CONTAINER LINES,sitc,SAKAISENBOKU,44,JPSBK,SITC SHANDONG,VRNQ7,VTX1,Import/Export,2611N,2612S,2026/06/14,2026/06/14,2026/06/18,,2026/06/18,,2026/06/18,
SITC CONTAINER LINES,sitc,KOBE,41,JPUKB,SITC SHANDONG,VRNQ7,VTX1,Import/Export,2611N,2612S,2026/06/15,2026/06/16,2026/06/18,,2026/06/18,,2026/06/19,
SITC CONTAINER LINES,sitc,HAKATA,77,JPHKT,SITC SHANGDE,VRUS2,VTX5,Import/Export,2611N,2612S,2026/06/09,2026/06/10,2026/06/10,06:22,2026/06/10,07:05,2026/06/10,22:09
SITC CONTAINER LINES,sitc,OSAKA,40,JPOSA,SITC SHANGDE,VRUS2,VTX5,Import/Export,2611N,2612S,2026/06/11,2026/06/12,2026/06/12,06:22,2026/06/12,07:08,2026/06/12,18:40
SITC CONTAINER LINES,sitc,KOBE,41,JPUKB,SITC SHANGDE,VRUS2,VTX5,Import/Export,2611N,2612S,2026/06/12,2026/06/12,2026/06/12,19:05,2026/06/12,20:04,2026/06/13,02:22
SITC CONTAINER LINES,sitc,OSAKA,40,JPOSA,SITC SHANGHAI,VROF8,VTX1,Import/Export,2611N,2612S,2026/06/01,2026/06/01,2026/06/04,07:25,2026/06/04,08:13,2026/06/04,17:40
SITC CONTAINER LINES,sitc,SAKAISENBOKU,44,JPSBK,SITC SHANGHAI,VROF8,VTX1,Import/Export,2611N,2612S,2026/05/31,2026/05/31,2026/06/04,18:33,2026/06/04,19:23,2026/06/05,06:00
SITC CONTAINER LINES,sitc,KOBE,41,JPUKB,SITC SHANGHAI,VROF8,VTX1,Import/Export,2611N,2612S,2026/06/01,2026/06/02,2026/06/05,06:40,2026/06/05,07:40,2026/06/05,17:49
SITC CONTAINER LINES,sitc,SAKAISENBOKU,44,JPSBK,SITC SHANGHAI,VROF8,VTX1,Import/Export,2613N,2614S,2026/06/28,2026/06/28,2026/07/01,,2026/07/01,,2026/07/02,
SITC CONTAINER LINES,sitc,OSAKA,40,JPOSA,SITC SHANGHAI,VROF8,VTX1,Import/Export,2613N,2614S,2026/06/29,2026/06/29,2026/07/02,,2026/07/02,,2026/07/02,
SITC CONTAINER LINES,sitc,KOBE,41,JPUKB,SITC SHANGHAI,VROF8,VTX1,Import/Export,2613N,2614S,2026/06/29,2026/06/30,2026/07/02,,2026/07/02,,2026/07/03,
SITC CONTAINER LINES,sitc,HAKATA,77,JPHKT,SITC SHENZHEN,VRKS7,CJV4-S,Import/Export,2612S,2612S,2026/06/01,2026/06/01,2026/06/01,16:58,2026/06/01,17:39,2026/06/01,21:20
SITC CONTAINER LINES,sitc,OSAKA,40,JPOSA,SITC SHENZHEN,VRKS7,CJV4-S,Import/Export,2612S,2612S,2026/06/03,2026/06/04,2026/06/03,04:42,2026/06/03,16:26,2026/06/04,06:00
SITC CONTAINER LINES,sitc,KOBE,41,JPUKB,SITC SHENZHEN,VRKS7,CJV4-S,Import/Export,2612S,2612S,2026/06/04,2026/06/04,2026/06/04,06:35,2026/06/04,07:35,2026/06/04,20:20
SITC CONTAINER LINES,sitc,MOJI,70,JPMOJ,SITC SHENZHEN,VRKS7,CJV4-S,Import/Export,2612S,2612S,2026/06/05,2026/06/05,2026/06/05,12:48,2026/06/05,13:22,2026/06/05,17:50
SITC CONTAINER LINES,sitc,OSAKA,40,JPOSA,SITC SHENZHEN,VRKS7,CJV4-N,Import/Export,2613N,2613N,2026/06/22,2026/06/23,2026/06/22,,2026/06/22,,2026/06/23,
SITC CONTAINER LINES,sitc,KOBE,41,JPUKB,SITC SHENZHEN,VRKS7,CJV4-N,Import/Export,2613N,2613N,2026/06/23,2026/06/23,2026/06/23,,2026/06/23,,2026/06/23,
SITC CONTAINER LINES,sitc,HAKATA,77,JPHKT,SITC SHENZHEN,VRKS7,CJV4-S,Import/Export,2614S,2614S,2026/06/29,2026/06/29,2026/06/30,,2026/06/30,,2026/06/30,
SITC CONTAINER LINES,sitc,OSAKA,40,JPOSA,SITC SHENZHEN,VRKS7,CJV4-S,Import/Export,2614S,2614S,2026/07/01,2026/07/02,2026/07/01,,2026/07/01,,2026/07/02,
SITC CONTAINER LINES,sitc,KOBE,41,JPUKB,SITC SHENZHEN,VRKS7,CJV4-S,Import/Export,2614S,2614S,2026/07/02,2026/07/02,2026/07/02,,2026/07/02,,2026/07/02,
SITC CONTAINER LINES,sitc,MOJI,70,JPMOJ,SITC SHENZHEN,VRKS7,CJV4-S,Import/Export,2614S,2614S,2026/07/03,2026/07/03,2026/07/03,,2026/07/03,,2026/07/03,
SITC CONTAINER LINES,sitc,KAWASAKI,12,JPKWS,SITC SHIMIZU,VRLG2,CJV6,Import/Export,2613N,2614S,2026/06/12,2026/06/12,2026/06/13,12:45,2026/06/13,13:13,2026/06/13,16:30
SITC CONTAINER LINES,sitc,TOKYO,13,JPTYO,SITC SHIMIZU,VRLG2,CJV6,Import/Export,2613N,2614S,2026/06/11,2026/06/11,2026/06/13,17:17,2026/06/13,18:02,2026/06/14,05:01
SITC CONTAINER LINES,sitc,YOKOHAMA,11,JPYOK,SITC SHIMIZU,VRLG2,CJV6,Import/Export,2613N,2614S,2026/06/11,2026/06/12,2026/06/14,06:40,2026/06/14,07:22,2026/06/14,13:50
SITC CONTAINER LINES,sitc,NAGOYA,35,JPNGO,SITC SHIMIZU,VRLG2,CJV6,Import/Export,2613N,2614S,2026/06/13,2026/06/13,2026/06/15,06:20,2026/06/15,07:35,2026/06/16,00:35
SITC CONTAINER LINES,sitc,TOKYO,13,JPTYO,SITC SHIMIZU,VRLG2,CJV6,Import/Export,2615N,2616S,2026/07/02,2026/07/02,2026/07/02,,2026/07/02,,2026/07/02,
SITC CONTAINER LINES,sitc,YOKOHAMA,11,JPYOK,SITC SHIMIZU,VRLG2,CJV6,Import/Export,2615N,2616S,2026/07/02,2026/07/03,2026/07/02,,2026/07/02,,2026/07/03,
SITC CONTAINER LINES,sitc,KAWASAKI,12,JPKWS,SITC SHIMIZU,VRLG2,CJV6,Import/Export,2615N,2616S,2026/07/03,2026/07/03,2026/07/03,,2026/07/03,,2026/07/03,
SITC CONTAINER LINES,sitc,NAGOYA,35,JPNGO,SITC SHIMIZU,VRLG2,CJV6,Import/Export,2615N,2616S,2026/07/04,2026/07/04,2026/07/04,,2026/07/04,,2026/07/04,
SITC CONTAINER LINES,sitc,HAKATA,77,JPHKT,SITC SHUNDE,VRVG2,VTX5,Import/Export,2613N,2614S,2026/06/23,2026/06/24,2026/06/23,,2026/06/24,,2026/06/24,
SITC CONTAINER LINES,sitc,OSAKA,40,JPOSA,SITC SHUNDE,VRVG2,VTX5,Import/Export,2613N,2614S,2026/06/25,2026/06/26,2026/06/25,,2026/06/25,,2026/06/26,
SITC CONTAINER LINES,sitc,KOBE,41,JPUKB,SITC SHUNDE,VRVG2,VTX5,Import/Export,2613N,2614S,2026/06/26,2026/06/26,2026/06/26,,2026/06/26,,2026/06/26,
SITC CONTAINER LINES,sitc,OSAKA,40,JPOSA,SITC SHUNHE,VRVF2,PBT3,Import/Export,2623E,2624W,2026/06/08,2026/06/08,2026/06/08,20:48,2026/06/08,21:40,2026/06/09,12:15
SITC CONTAINER LINES,sitc,SAKAISENBOKU,44,JPSBK,SITC SHUNHE,VRVF2,PBT3,Import/Export,2623E,2624W,2026/06/08,2026/06/09,2026/06/09,13:00,2026/06/09,14:00,2026/06/09,18:00
SITC CONTAINER LINES,sitc,KOBE,41,JPUKB,SITC SHUNHE,VRVF2,PBT3,Import/Export,2623E,2624W,2026/06/09,2026/06/09,2026/06/09,18:45,2026/06/09,19:32,2026/06/10,10:25
SITC CONTAINER LINES,sitc,NAGOYA,35,JPNGO,SITC SHUNHE,VRVF2,PBT3,Import/Export,2623E,2624W,2026/06/11,2026/06/11,2026/06/11,08:20,2026/06/11,09:30,2026/06/11,16:05
SITC CONTAINER LINES,sitc,SHIMIZU,30,JPSMZ,SITC SHUNHE,VRVF2,PBT3,Import/Export,2623E,2624W,2026/06/10,2026/06/10,2026/06/13,06:32,2026/06/13,06:48,2026/06/13,12:50
SITC CONTAINER LINES,sitc,OSAKA,40,JPOSA,SITC SHUNHE,VRVF2,PBT3,Import/Export,2625E,2626W,2026/06/22,2026/06/22,2026/06/23,,2026/06/23,,2026/06/24,
SITC CONTAINER LINES,sitc,KOBE,41,JPUKB,SITC SHUNHE,VRVF2,PBT3,Import/Export,2625E,2626W,2026/06/23,2026/06/23,2026/06/24,,2026/06/24,,2026/06/25,
SITC CONTAINER LINES,sitc,SAKAISENBOKU,44,JPSBK,SITC SHUNHE,VRVF2,PBT3,Import/Export,2625E,2626W,2026/06/22,2026/06/23,2026/06/24,,2026/06/24,,2026/06/24,
SITC CONTAINER LINES,sitc,SHIMIZU,30,JPSMZ,SITC SHUNHE,VRVF2,PBT3,Import/Export,2625E,2626W,2026/06/24,2026/06/24,2026/06/26,,2026/06/26,,2026/06/26,
SITC CONTAINER LINES,sitc,NAGOYA,35,JPNGO,SITC SHUNHE,VRVF2,PBT3,Import/Export,2625E,2626W,2026/06/25,2026/06/25,2026/06/26,,2026/06/26,,2026/06/27,
SITC CONTAINER LINES,sitc,YOKKAICHI,36,JPYKK,SITC SUBIC,VRSC4,PBT1,Import/Export,2621E,2622W,2026/06/03,2026/06/04,2026/06/05,10:55,2026/06/05,12:00,2026/06/05,14:55
SITC CONTAINER LINES,sitc,NAGOYA,35,JPNGO,SITC SUBIC,VRSC4,PBT1,Import/Export,2621E,2622W,2026/06/03,2026/06/03,2026/06/05,16:00,2026/06/05,17:35,2026/06/05,22:55
SITC CONTAINER LINES,sitc,YOKOHAMA,11,JPYOK,SITC SUBIC,VRSC4,PBT1,Import/Export,2621E,2622W,2026/06/05,2026/06/05,2026/06/06,17:25,2026/06/06,18:16,2026/06/07,04:30
SITC CONTAINER LINES,sitc,TOKYO,13,JPTYO,SITC SUBIC,VRSC4,PBT1,Import/Export,2621E,2622W,2026/06/04,2026/06/05,2026/06/07,06:42,2026/06/07,07:29,2026/06/07,15:37
SITC CONTAINER LINES,sitc,NAGOYA,35,JPNGO,SITC SUBIC,VRSC4,PBT1,Import/Export,2623E,2624W,2026/06/17,2026/06/17,2026/06/18,17:00,2026/06/18,18:00,2026/06/19,10:30
SITC CONTAINER LINES,sitc,YOKKAICHI,36,JPYKK,SITC SUBIC,VRSC4,PBT1,Import/Export,2623E,2624W,2026/06/17,2026/06/18,2026/06/18,22:00,2026/06/18,23:00,2026/06/19,02:00
SITC CONTAINER LINES,sitc,TOKYO,13,JPTYO,SITC SUBIC,VRSC4,PBT1,Import/Export,2623E,2624W,2026/06/18,2026/06/19,2026/06/19,16:00,2026/06/19,17:00,2026/06/20,02:00
SITC CONTAINER LINES,sitc,YOKOHAMA,11,JPYOK,SITC SUBIC,VRSC4,PBT1,Import/Export,2623E,2624W,2026/06/19,2026/06/19,2026/06/20,04:00,2026/06/20,05:00,2026/06/20,13:00
SITC CONTAINER LINES,sitc,YOKKAICHI,36,JPYKK,SITC SUBIC,VRSC4,PBT1,Import/Export,2625E,2626W,2026/07/01,2026/07/02,2026/07/01,,2026/07/01,,2026/07/02,
SITC CONTAINER LINES,sitc,NAGOYA,35,JPNGO,SITC SUBIC,VRSC4,PBT1,Import/Export,2625E,2626W,2026/07/01,2026/07/01,2026/07/01,,2026/07/01,,2026/07/01,
SITC CONTAINER LINES,sitc,TOKYO,13,JPTYO,SITC SUBIC,VRSC4,PBT1,Import/Export,2625E,2626W,2026/07/02,2026/07/03,2026/07/02,,2026/07/02,,2026/07/03,
SITC CONTAINER LINES,sitc,YOKOHAMA,11,JPYOK,SITC SUBIC,VRSC4,PBT1,Import/Export,2625E,2626W,2026/07/03,2026/07/03,2026/07/03,,2026/07/03,,2026/07/03,
SITC CONTAINER LINES,sitc,YOKOHAMA,11,JPYOK,SITC TAICANG,VRSC5,SKT2/LKT,Import/Export,2637E,2638W,2026/06/01,2026/06/01,2026/06/01,06:15,2026/06/01,07:06,2026/06/01,14:30
SITC CONTAINER LINES,sitc,TOKYO,13,JPTYO,SITC TAICANG,VRSC5,SKT2/LKT,Import/Export,2637E,2638W,2026/05/31,2026/06/01,2026/06/01,15:51,2026/06/01,16:32,2026/06/02,05:44
SITC CONTAINER LINES,sitc,KAWASAKI,12,JPKWS,SITC TAICANG,VRSC5,SKT2/LKT,Import/Export,2637E,2638W,2026/06/01,2026/06/02,2026/06/02,06:55,2026/06/02,07:36,2026/06/02,10:55
SITC CONTAINER LINES,sitc,YOKOHAMA,11,JPYOK,SITC TAICANG,VRSC5,LKT/SKT2,Import/Export,2639E,2640W,2026/06/11,2026/06/12,2026/06/12,07:35,2026/06/12,08:10,2026/06/12,12:00
SITC CONTAINER LINES,sitc,KAWASAKI,12,JPKWS,SITC TAICANG,VRSC5,LKT/SKT2,Import/Export,2639E,2640W,2026/06/10,2026/06/10,2026/06/12,14:00,2026/06/12,18:13,2026/06/13,06:15
SITC CONTAINER LINES,sitc,TOKYO,13,JPTYO,SITC TAICANG,VRSC5,LKT/SKT2,Import/Export,2639E,2640W,2026/06/10,2026/06/11,2026/06/13,07:50,2026/06/14,18:33,2026/06/15,17:04
SITC CONTAINER LINES,sitc,MOJI,70,JPMOJ,SITC TAICANG,VRSC5,SKT2/LKT,Import/Export,2641E,2642W,2026/06/19,2026/06/19,2026/06/20,20:00,2026/06/21,02:00,2026/06/21,09:00
SITC CONTAINER LINES,sitc,NAGOYA,35,JPNGO,SITC TAICANG,VRSC5,SKT2/LKT,Import/Export,2641E,2642W,2026/06/20,2026/06/21,2026/06/22,13:00,2026/06/22,19:00,2026/06/23,02:00
SITC CONTAINER LINES,sitc,TOKYO,13,JPTYO,SITC TAICANG,VRSC5,SKT2/LKT,Import/Export,2641E,2642W,2026/06/21,2026/06/22,2026/06/23,18:00,2026/06/23,19:00,2026/06/24,04:00
SITC CONTAINER LINES,sitc,YOKOHAMA,11,JPYOK,SITC TAICANG,VRSC5,SKT2/LKT,Import/Export,2641E,2642W,2026/06/22,2026/06/22,2026/06/24,06:00,2026/06/24,07:00,2026/06/24,15:00
SITC CONTAINER LINES,sitc,TOKYO,13,JPTYO,SITC TAICANG,VRSC5,LKT/SKT2,Import/Export,2643E,2644W,2026/07/01,2026/07/02,2026/07/01,,2026/07/01,,2026/07/02,
SITC CONTAINER LINES,sitc,YOKOHAMA,11,JPYOK,SITC TAICANG,VRSC5,LKT/SKT2,Import/Export,2643E,2644W,2026/07/02,2026/07/03,2026/07/02,,2026/07/02,,2026/07/03,
SITC CONTAINER LINES,sitc,KAWASAKI,12,JPKWS,SITC TAICANG,VRSC5,LKT/SKT2,Import/Export,2643E,2644W,2026/07/01,2026/07/01,2026/07/02,,2026/07/02,,2026/07/02,
SITC CONTAINER LINES,sitc,NAGOYA,35,JPNGO,SITC TAICANG,VRSC5,LKT/SKT2,Import/Export,2643E,2644W,2026/07/03,2026/07/04,2026/07/03,,2026/07/03,,2026/07/04,
SITC CONTAINER LINES,sitc,OSAKA,40,JPOSA,SITC TIANJIN,3EGN,S7,Import/Export,,2626W,2026/06/17,2026/06/17,2026/06/20,23:00,2026/06/21,00:00,2026/06/21,08:00
SITC CONTAINER LINES,sitc,KOBE,41,JPUKB,SITC TIANJIN,3EGN,S7,Import/Export,,2626W,2026/06/17,2026/06/18,2026/06/21,10:00,2026/06/21,11:00,2026/06/21,18:00
SITC CONTAINER LINES,sitc,OSAKA,40,JPOSA,SITC TIANJIN,3EGN,WDS/TYS,Import/Export,2624E,2624W,2026/06/01,2026/06/02,2026/06/06,06:23,2026/06/06,07:05,2026/06/06,17:00
SITC CONTAINER LINES,sitc,KOBE,41,JPUKB,SITC TIANJIN,3EGN,WDS/TYS,Import/Export,2624E,2624W,2026/06/02,2026/06/02,2026/06/06,17:35,2026/06/06,18:44,2026/06/07,00:26
SITC CONTAINER LINES,sitc,OSAKA,40,JPOSA,SITC TIANJIN,3EGN,TYS/WDS,Import/Export,2625E,2625W,2026/06/09,2026/06/09,2026/06/13,15:32,2026/06/13,16:07,2026/06/14,06:00
SITC CONTAINER LINES,sitc,KOBE,41,JPUKB,SITC TIANJIN,3EGN,TYS/WDS,Import/Export,2625E,2625W,2026/06/10,2026/06/11,2026/06/14,06:45,2026/06/14,07:48,2026/06/14,15:42
SITC CONTAINER LINES,sitc,OSAKA,40,JPOSA,SITC TIANJIN,3EGN,WDS/TYS,Import/Export,2626E,,2026/06/17,2026/06/18,2026/06/20,23:00,2026/06/21,00:00,2026/06/21,08:00
SITC CONTAINER LINES,sitc,KOBE,41,JPUKB,SITC TIANJIN,3EGN,WDS/TYS,Import/Export,2626E,,2026/06/17,2026/06/17,2026/06/21,10:00,2026/06/21,11:00,2026/06/21,18:00
SITC CONTAINER LINES,sitc,OSAKA,40,JPOSA,SITC TIANJIN,3EGN,S7,Import/Export,2627E,2628W,2026/06/24,2026/06/24,2026/06/27,,2026/06/27,,2026/06/28,
SITC CONTAINER LINES,sitc,KOBE,41,JPUKB,SITC TIANJIN,3EGN,S7,Import/Export,2627E,2628W,2026/06/24,2026/06/25,2026/06/28,,2026/06/28,,2026/06/28,
SITC CONTAINER LINES,sitc,TOKUYAMA,62,JPTKY,SITC TIANJIN,3EGN,S7,Import/Export,2627E,2628W,2026/06/26,2026/06/27,2026/06/29,,2026/06/29,,2026/06/29,
SITC CONTAINER LINES,sitc,KOBE,41,JPUKB,SITC TIANJIN,3EGN,S7,Import/Export,2629E,2630W,2026/07/01,2026/07/02,2026/07/01,,2026/07/01,,2026/07/02,
SITC CONTAINER LINES,sitc,OSAKA,40,JPOSA,SITC TIANJIN,3EGN,S7,Import/Export,2629E,2630W,2026/07/01,2026/07/01,2026/07/01,,2026/07/01,,2026/07/01,
SITC CONTAINER LINES,sitc,TOKUYAMA,62,JPTKY,SITC TIANJIN,3EGN,S7,Import/Export,2629E,2630W,2026/07/03,2026/07/04,2026/07/03,,2026/07/03,,2026/07/04,
SITC CONTAINER LINES,sitc,NAGOYA,35,JPNGO,SITC TOKUYAMA,VRSC2,SKT6,Import/Export,2625E,2626W,2026/06/16,2026/06/16,2026/06/18,21:30,2026/06/18,22:30,2026/06/19,06:00
SITC CONTAINER LINES,sitc,HITACHINAKA,21,JPHIC,SITC TOKUYAMA,VRSC2,SKT6,Import/Export,2625E,2626W,2026/06/18,2026/06/18,2026/06/19,23:00,2026/06/20,00:00,2026/06/20,09:00
SITC CONTAINER LINES,sitc,SENDAI,3,JPSGM,SITC TOKUYAMA,VRSC2,SKT6,Import/Export,2625E,2626W,2026/06/18,2026/06/19,2026/06/20,18:00,2026/06/20,19:00,2026/06/21,03:00
SITC CONTAINER LINES,sitc,HAKATA,77,JPHKT,SITC TOKUYAMA,VRSC2,PSU/PBU,Import/Export,2627E,2627W,2026/06/29,2026/06/30,2026/06/29,,2026/06/29,,2026/06/29,
SITC CONTAINER LINES,sitc,MOJI,70,JPMOJ,SITC TOKUYAMA,VRSC2,PSU/PBU,Import/Export,2627E,2627W,2026/06/30,2026/06/30,2026/06/30,,2026/06/30,,2026/06/30,
SITC CONTAINER LINES,sitc,HAKATA,77,JPHKT,SITC TONGHE,VRVF7,CJV4-N,Import/Export,2611N,2611N,2026/05/31,2026/05/31,2026/06/01,13:00,2026/06/02,06:07,2026/06/02,11:09
SITC CONTAINER LINES,sitc,OSAKA,40,JPOSA,SITC TONGHE,VRVF7,CJV4-N,Import/Export,2611N,2611N,2026/06/01,2026/06/02,2026/06/03,11:44,2026/06/03,12:41,2026/06/04,06:03
SITC CONTAINER LINES,sitc,KOBE,41,JPUKB,SITC TONGHE,VRVF7,CJV4-N,Import/Export,2611N,2611N,2026/06/02,2026/06/02,2026/06/04,06:55,2026/06/04,08:25,2026/06/04,14:21
SITC CONTAINER LINES,sitc,OSAKA,40,JPOSA,SITC TONGHE,VRVF7,CJV4-S,Import/Export,2612S,2612S,2026/06/10,2026/06/11,2026/06/11,08:51,2026/06/11,09:29,2026/06/11,17:53
SITC CONTAINER LINES,sitc,KOBE,41,JPUKB,SITC TONGHE,VRVF7,CJV4-S,Import/Export,2612S,2612S,2026/06/11,2026/06/11,2026/06/11,18:40,2026/06/11,19:38,2026/06/12,09:34
SITC CONTAINER LINES,sitc,MOJI,70,JPMOJ,SITC TONGHE,VRVF7,CJV4-S,Import/Export,2612S,2612S,2026/06/12,2026/06/12,2026/06/13,06:53,2026/06/13,07:25,2026/06/13,11:59
SITC CONTAINER LINES,sitc,KOBE,41,JPUKB,SITC TONGHE,VRVF7,CJV4-N,Import/Export,2613N,2613N,2026/06/30,2026/06/30,2026/07/01,,2026/07/01,,2026/07/01,
SITC CONTAINER LINES,sitc,OSAKA,40,JPOSA,SITC TONGHE,VRVF7,CJV4-N,Import/Export,2613N,2613N,2026/06/29,2026/06/30,2026/07/01,,2026/07/01,,2026/07/01,
SITC CONTAINER LINES,sitc,NAGOYA,35,JPNGO,SITC WEIHAI,VRPU2,SKT6,Import/Export,2623E,2624W,2026/06/02,2026/06/02,2026/06/04,12:00,2026/06/04,13:35,2026/06/05,01:05
SITC CONTAINER LINES,sitc,SENDAI,3,JPSGM,SITC WEIHAI,VRPU2,SKT6,Import/Export,2623E,2624W,2026/06/04,2026/06/05,2026/06/06,19:40,2026/06/07,05:20,2026/06/07,11:44
SITC CONTAINER LINES,sitc,HITACHINAKA,21,JPHIC,SITC WEIHAI,VRPU2,SKT6,Import/Export,2623E,2624W,2026/06/04,2026/06/04,2026/06/08,06:45,2026/06/08,08:10,2026/06/09,16:50
SITC CONTAINER LINES,sitc,NAGOYA,35,JPNGO,SITC XIN,VRVY9,VTX3,Import/Export,2615N,2616S,2026/06/22,2026/06/22,2026/06/24,,2026/06/24,,2026/06/25,
SITC CONTAINER LINES,sitc,YOKOHAMA,11,JPYOK,SITC XIN,VRVY9,VTX3,Import/Export,2615N,2616S,2026/06/24,2026/06/24,2026/06/26,,2026/06/26,,2026/06/27,
SITC CONTAINER LINES,sitc,TOKYO,13,JPTYO,SITC XIN,VRVY9,VTX3,Import/Export,2615N,2616S,2026/06/23,2026/06/24,2026/06/26,,2026/06/26,,2026/06/26,
SITC CONTAINER LINES,sitc,YOKOHAMA,11,JPYOK,SITC XINGDE,VRUS7,VTX6,Import/Export,2613N,2614S,2026/06/19,2026/06/19,2026/06/21,,2026/06/21,,2026/06/22,
SITC CONTAINER LINES,sitc,TOKYO,13,JPTYO,SITC XINGDE,VRUS7,VTX6,Import/Export,2613N,2614S,2026/06/18,2026/06/19,2026/06/21,,2026/06/21,,2026/06/21,
SITC CONTAINER LINES,sitc,NAGOYA,35,JPNGO,SITC XINGDE,VRUS7,VTX6,Import/Export,2613N,2614S,2026/06/20,2026/06/21,2026/06/22,,2026/06/23,,2026/06/23,
SITC CONTAINER LINES,sitc,OSAKA,40,JPOSA,SITC YANTAI,VRLI5,CJV2,Import/Export,2617N,2618S,2026/06/13,2026/06/14,2026/06/18,00:01,2026/06/18,01:00,2026/06/18,11:00
SITC CONTAINER LINES,sitc,KOBE,41,JPUKB,SITC YANTAI,VRLI5,CJV2,Import/Export,2617N,2618S,2026/06/14,2026/06/14,2026/06/18,13:00,2026/06/18,14:00,2026/06/18,19:00
SITC CONTAINER LINES,sitc,NAGOYA,35,JPNGO,SITC YANTAI,VRLI5,CJV2,Import/Export,2617N,2618S,2026/06/15,2026/06/15,2026/06/19,10:00,2026/06/19,16:00,2026/06/20,02:00
SITC CONTAINER LINES,sitc,YOKKAICHI,36,JPYKK,SITC YANTAI,VRLI5,CJV2,Import/Export,2617N,2618S,2026/06/15,2026/06/16,2026/06/20,04:00,2026/06/20,05:00,2026/06/20,13:00
SITC CONTAINER LINES,sitc,OSAKA,40,JPOSA,SITC YANTAI,VRLI5,CJV2,Import/Export,2619N,2620S,2026/07/04,2026/07/05,2026/07/04,,2026/07/04,,2026/07/05,
SITC CONTAINER LINES,sitc,KOBE,41,JPUKB,SITC YANTAI,VRLI5,CJV2,Import/Export,2619N,2620S,2026/07/05,2026/07/05,2026/07/05,,2026/07/05,,2026/07/05,
SITC CONTAINER LINES,sitc,KAWASAKI,12,JPKWS,SITC YIHE,VRVD7,CJV3,Import/Export,2621N,2622S,2026/06/02,2026/06/03,2026/06/04,17:55,2026/06/04,18:24,2026/06/05,05:30
SITC CONTAINER LINES,sitc,TOKYO,13,JPTYO,SITC YIHE,VRVD7,CJV3,Import/Export,2621N,2622S,2026/06/02,2026/06/02,2026/06/05,07:33,2026/06/05,08:21,2026/06/05,15:29
SITC CONTAINER LINES,sitc,YOKOHAMA,11,JPYOK,SITC YIHE,VRVD7,CJV3,Import/Export,2621N,2622S,2026/06/03,2026/06/03,2026/06/05,19:35,2026/06/05,20:12,2026/06/06,03:40
SITC CONTAINER LINES,sitc,SHIMIZU,30,JPSMZ,SITC YIHE,VRVD7,CJV3,Import/Export,2621N,2622S,2026/06/03,2026/06/04,2026/06/06,22:09,2026/06/06,22:36,2026/06/07,06:45
SITC CONTAINER LINES,sitc,TOKYO,13,JPTYO,SITC YIHE,VRVD7,CJV3,Import/Export,2623N,2624S,2026/06/23,2026/06/23,2026/06/25,,2026/06/25,,2026/06/26,
SITC CONTAINER LINES,sitc,YOKOHAMA,11,JPYOK,SITC YIHE,VRVD7,CJV3,Import/Export,2623N,2624S,2026/06/24,2026/06/24,2026/06/26,,2026/06/26,,2026/06/26,
SITC CONTAINER LINES,sitc,KAWASAKI,12,JPKWS,SITC YIHE,VRVD7,CJV3,Import/Export,2623N,2624S,2026/06/23,2026/06/24,2026/06/26,,2026/06/26,,2026/06/26,
SITC CONTAINER LINES,sitc,SHIMIZU,30,JPSMZ,SITC YIHE,VRVD7,CJV3,Import/Export,2623N,2624S,2026/06/24,2026/06/25,2026/06/27,,2026/06/27,,2026/06/27,
SITC CONTAINER LINES,sitc,NAGOYA,35,JPNGO,SITC YOKKAICHI,VRLI6,CJV6,Import/Export,2615N,2616S,2026/05/30,2026/05/30,2026/05/31,15:50,2026/05/31,17:50,2026/06/01,06:05
SITC CONTAINER LINES,sitc,TOKYO,13,JPTYO,SITC YOKKAICHI,VRLI6,CJV6,Import/Export,2617N,2618S,2026/06/18,2026/06/18,2026/06/21,07:00,2026/06/21,08:00,2026/06/21,18:00
SITC CONTAINER LINES,sitc,YOKOHAMA,11,JPYOK,SITC YOKKAICHI,VRLI6,CJV6,Import/Export,2617N,2618S,2026/06/18,2026/06/19,2026/06/21,20:00,2026/06/21,21:00,2026/06/22,03:00
SITC CONTAINER LINES,sitc,NAGOYA,35,JPNGO,SITC YOKKAICHI,VRLI6,CJV6,Import/Export,2617N,2618S,2026/06/20,2026/06/20,2026/06/22,17:00,2026/06/22,23:00,2026/06/23,11:00
SITC CONTAINER LINES,sitc,TOKYO,13,JPTYO,SITC YUANHE,VRVF5,CJV3,Import/Export,2617N,2618S,2026/06/16,2026/06/16,2026/06/18,15:00,2026/06/18,16:00,2026/06/19,01:00
SITC CONTAINER LINES,sitc,KAWASAKI,12,JPKWS,SITC YUANHE,VRVF5,CJV3,Import/Export,2617N,2618S,2026/06/16,2026/06/17,2026/06/19,03:00,2026/06/19,04:00,2026/06/19,11:00
SITC CONTAINER LINES,sitc,YOKOHAMA,11,JPYOK,SITC YUANHE,VRVF5,CJV3,Import/Export,2617N,2618S,2026/06/17,2026/06/17,2026/06/19,13:00,2026/06/19,14:00,2026/06/19,21:00
SITC CONTAINER LINES,sitc,SHIMIZU,30,JPSMZ,SITC YUANHE,VRVF5,CJV3,Import/Export,2617N,2618S,2026/06/17,2026/06/18,2026/06/20,06:00,2026/06/20,07:00,2026/06/20,16:00
SITC CONTAINER LINES,sitc,TOKYO,13,JPTYO,SITC ZHEJIANG,VRNQ8,VTX6,Import/Export,2615N,2616S,2026/07/02,2026/07/03,2026/07/03,,2026/07/03,,2026/07/04,
SITC CONTAINER LINES,sitc,KAWASAKI,12,JPKWS,SITC ZHEJIANG,VRNQ8,VTX6,Import/Export,2615N,2616S,2026/07/03,2026/07/04,2026/07/04,,2026/07/04,,2026/07/04,
SITC CONTAINER LINES,sitc,YOKOHAMA,11,JPYOK,SITC ZHEJIANG,VRNQ8,VTX6,Import/Export,2615N,2616S,2026/07/03,2026/07/03,2026/07/04,,2026/07/04,,2026/07/04,
SITC CONTAINER LINES,sitc,NAGOYA,35,JPNGO,SITC ZHEJIANG,VRNQ8,VTX6,Import/Export,2615N,2616S,2026/07/04,2026/07/05,2026/07/05,,2026/07/05,,2026/07/06,
SITC CONTAINER LINES,sitc,TOKYO,13,JPTYO,SITC ZHENGDE,VRVZ2,VTX6,Import/Export,2611N,2612S,2026/06/11,2026/06/12,2026/06/13,18:03,2026/06/13,18:59,2026/06/14,04:46
SITC CONTAINER LINES,sitc,YOKOHAMA,11,JPYOK,SITC ZHENGDE,VRVZ2,VTX6,Import/Export,2611N,2612S,2026/06/12,2026/06/12,2026/06/14,06:15,2026/06/14,06:50,2026/06/14,16:55
SITC CONTAINER LINES,sitc,KAWASAKI,12,JPKWS,SITC ZHENGDE,VRVZ2,VTX6,Import/Export,2611N,2612S,2026/06/12,2026/06/13,2026/06/14,18:00,2026/06/14,18:30,2026/06/15,05:05
SITC CONTAINER LINES,sitc,NAGOYA,35,JPNGO,SITC ZHENGDE,VRVZ2,VTX6,Import/Export,2611N,2612S,2026/06/13,2026/06/14,2026/06/16,06:55,2026/06/16,08:05,2026/06/16,16:35
SITC CONTAINER LINES,sitc,YOKOHAMA,11,JPYOK,SNL NANJING,VRVP4,SKT4,Import/Export,2622E,2622W,2026/05/31,2026/05/31,2026/06/09,19:15,2026/06/09,20:00,2026/06/10,05:10
SITC CONTAINER LINES,sitc,TOKYO,13,JPTYO,SNL NANJING,VRVP4,SKT4,Import/Export,2622E,2622W,2026/05/31,2026/06/01,2026/06/10,06:32,2026/06/10,07:11,2026/06/10,17:34
SITC CONTAINER LINES,sitc,YOKOHAMA,11,JPYOK,SNL NANJING,VRVP4,SKT4,Import/Export,2624E,2624W,2026/06/14,2026/06/14,2026/06/17,17:15,2026/06/17,18:15,2026/06/18,
SITC CONTAINER LINES,sitc,TOKYO,13,JPTYO,SNL NANJING,VRVP4,SKT4,Import/Export,2624E,2624W,2026/06/14,2026/06/15,2026/06/18,,2026/06/18,,2026/06/18,
SITC CONTAINER LINES,sitc,YOKOHAMA,11,JPYOK,SNL NANJING,VRVP4,SKT4,Import/Export,2625E,2625W,2026/06/21,2026/06/21,2026/06/23,,2026/06/23,,2026/06/23,
SITC CONTAINER LINES,sitc,TOKYO,13,JPTYO,SNL NANJING,VRVP4,SKT4,Import/Export,2625E,2625W,2026/06/21,2026/06/22,2026/06/23,,2026/06/23,,2026/06/24,
SITC CONTAINER LINES,sitc,YOKOHAMA,11,JPYOK,SNL NANJING,VRVP4,SKT4,Import/Export,2627E,2627W,2026/07/05,2026/07/05,2026/07/05,,2026/07/05,,2026/07/05,
SITC CONTAINER LINES,sitc,TOKYO,13,JPTYO,SNL NANJING,VRVP4,SKT4,Import/Export,2627E,2627W,2026/07/05,2026/07/06,2026/07/05,,2026/07/05,,2026/07/06,
SITC CONTAINER LINES,sitc,TOKYO,13,JPTYO,SUNRISE DRAGON,9V7142,VTX2,Import/Export,2613N,2614S,2026/05/30,2026/05/31,2026/06/02,09:04,2026/06/02,09:35,2026/06/02,17:58
SITC CONTAINER LINES,sitc,YOKOHAMA,11,JPYOK,SUNRISE DRAGON,9V7142,VTX2,Import/Export,2613N,2614S,2026/05/31,2026/05/31,2026/06/02,19:48,2026/06/04,07:20,2026/06/04,15:00
SITC CONTAINER LINES,sitc,NAGOYA,35,JPNGO,SUNRISE DRAGON,9V7142,VTX2,Import/Export,2613N,2614S,2026/05/29,2026/05/29,2026/06/05,14:30,2026/06/05,15:40,2026/06/06,10:55
SITC CONTAINER LINES,sitc,OSAKA,40,JPOSA,VICTORY HONOR,3EA5204,WDS/TYS,Import/Export,,2636W,2026/06/15,2026/06/16,2026/06/13,09:30,2026/06/15,11:20,2026/06/16,05:46
SITC CONTAINER LINES,sitc,KOBE,41,JPUKB,VICTORY HONOR,3EA5204,WDS/TYS,Import/Export,,2636W,2026/06/16,2026/06/16,2026/06/16,06:15,2026/06/16,07:09,2026/06/16,15:27
SITC CONTAINER LINES,sitc,TOKUYAMA,62,JPTKY,VICTORY HONOR,3EA5204,S7,Import/Export,2631E,2632W,2026/06/05,2026/06/06,2026/06/05,14:34,2026/06/05,15:30,2026/06/05,19:35
SITC CONTAINER LINES,sitc,KOBE,41,JPUKB,VICTORY HONOR,3EA5204,S7,Import/Export,2631E,2632W,2026/06/03,2026/06/04,2026/06/06,09:25,2026/06/06,10:35,2026/06/06,15:50
SITC CONTAINER LINES,sitc,OSAKA,40,JPOSA,VICTORY HONOR,3EA5204,S7,Import/Export,2631E,2632W,2026/06/03,2026/06/03,2026/06/06,16:37,2026/06/06,17:20,2026/06/06,23:11
SITC CONTAINER LINES,sitc,OSAKA,40,JPOSA,VICTORY HONOR,3EA5204,S7,Import/Export,2633E,,2026/06/15,2026/06/15,2026/06/13,09:30,2026/06/15,11:20,2026/06/16,05:46
SITC CONTAINER LINES,sitc,KOBE,41,JPUKB,VICTORY HONOR,3EA5204,S7,Import/Export,2633E,,2026/06/16,2026/06/17,2026/06/16,06:15,2026/06/16,07:09,2026/06/16,15:27
SITC CONTAINER LINES,sitc,OSAKA,40,JPOSA,VICTORY HONOR,3EA5204,TYS/WDS,Import/Export,2637E,2637W,2026/06/23,2026/06/23,2026/06/22,,2026/06/23,,2026/06/23,
SITC CONTAINER LINES,sitc,KOBE,41,JPUKB,VICTORY HONOR,3EA5204,TYS/WDS,Import/Export,2637E,2637W,2026/06/24,2026/06/25,2026/06/23,,2026/06/23,,2026/06/24,
SITC CONTAINER LINES,sitc,OSAKA,40,JPOSA,VICTORY HONOR,3EA5204,WDS/TYS,Import/Export,2638E,2638W,2026/06/29,2026/06/30,2026/06/29,,2026/06/29,,2026/06/30,
SITC CONTAINER LINES,sitc,KOBE,41,JPUKB,VICTORY HONOR,3EA5204,WDS/TYS,Import/Export,2638E,2638W,2026/06/30,2026/06/30,2026/06/30,,2026/06/30,,2026/06/30,
SITC CONTAINER LINES,sitc,HAKATA,77,JPHKT,ZHONG GU NAN HAI,BOAE6,VTX5,Import/Export,2619N,2623S,2026/06/02,2026/06/03,2026/06/04,07:41,2026/06/04,08:26,2026/06/04,18:45
SITC CONTAINER LINES,sitc,OSAKA,40,JPOSA,ZHONG GU NAN HAI,BOAE6,VTX5,Import/Export,2619N,2623S,2026/06/04,2026/06/05,2026/06/05,20:24,2026/06/05,21:05,2026/06/06,15:31
SITC CONTAINER LINES,sitc,KOBE,41,JPUKB,ZHONG GU NAN HAI,BOAE6,VTX5,Import/Export,2619N,2623S,2026/06/05,2026/06/05,2026/06/06,16:00,2026/06/06,16:46,2026/06/07,01:30
SITC CONTAINER LINES,sitc,HAKATA,77,JPHKT,ZHONG GU NAN HAI,BOAE6,VTX5,Import/Export,2623N,2627S,2026/06/30,2026/07/01,2026/07/01,,2026/07/01,,2026/07/01,
SITC CONTAINER LINES,sitc,OSAKA,40,JPOSA,ZHONG GU NAN HAI,BOAE6,VTX5,Import/Export,2623N,2627S,2026/07/02,2026/07/03,2026/07/02,,2026/07/02,,2026/07/03,
SITC CONTAINER LINES,sitc,KOBE,41,JPUKB,ZHONG GU NAN HAI,BOAE6,VTX5,Import/Export,2623N,2627S,2026/07/03,2026/07/03,2026/07/03,,2026/07/03,,2026/07/03,
WAN HAI LINES,wanhai,TOKYO,13,JPTYO,BACH,A8RV5,JSM,Export,,S327,2026/06/13,2026/06/14,2026/06/13,06:48,2026/06/13,07:30,2026/06/14,04:16
WAN HAI LINES,wanhai,YOKOHAMA,11,JPYOK,BACH,A8RV5,JSM,Export,,S327,2026/06/14,2026/06/15,2026/06/14,06:15,2026/06/14,15:05,2026/06/15,02:40
WAN HAI LINES,wanhai,NAGOYA,35,JPNGO,BACH,A8RV5,JSM,Export,,S327,2026/06/16,2026/06/17,2026/06/16,06:35,2026/06/16,07:55,2026/06/16,17:45
WAN HAI LINES,wanhai,KOBE,41,JPUKB,BACH,A8RV5,JSM,Export,,S327,2026/06/17,2026/06/19,2026/06/17,14:00,2026/06/17,15:00,2026/06/18,04:00
WAN HAI LINES,wanhai,TOKYO,13,JPTYO,BRIGHT SAKURA,3E5997,JSM,Export,,S017,2026/06/20,2026/06/21,2026/06/24,07:00,2026/06/24,08:00,2026/06/25,02:00
WAN HAI LINES,wanhai,YOKOHAMA,11,JPYOK,BRIGHT SAKURA,3E5997,JSM,Export,,S017,2026/06/21,2026/06/22,2026/06/25,07:00,2026/06/25,08:00,2026/06/25,18:00
WAN HAI LINES,wanhai,NAGOYA,35,JPNGO,BRIGHT SAKURA,3E5997,JSM,Export,,S017,2026/06/23,2026/06/24,2026/06/26,11:00,2026/06/26,12:00,2026/06/26,23:00
WAN HAI LINES,wanhai,KOBE,41,JPUKB,BRIGHT SAKURA,3E5997,JSM,Export,,S017,2026/06/24,2026/06/26,2026/06/27,17:00,2026/06/27,18:00,2026/06/28,06:00
WAN HAI LINES,wanhai,TOKYO,13,JPTYO,EMMANUEL P,V7A5488,JSM,Export,,S010,2026/05/30,2026/05/31,2026/05/31,18:06,2026/06/01,07:20,2026/06/01,21:57
WAN HAI LINES,wanhai,NAGOYA,35,JPNGO,EMMANUEL P,V7A5488,JSM,Export,,S010,2026/06/02,2026/06/03,2026/06/04,20:15,2026/06/04,21:30,2026/06/05,06:05
WAN HAI LINES,wanhai,KOBE,41,JPUKB,EMMANUEL P,V7A5488,JSM,Export,,S010,2026/06/03,2026/06/05,2026/06/06,06:20,2026/06/06,07:21,2026/06/06,16:44
WAN HAI LINES,wanhai,TOKYO,13,JPTYO,EMMANUEL P,V7A5488,JSM,Export,,S011,2026/06/27,2026/06/28,2026/06/27,17:00,2026/06/27,18:00,2026/06/28,12:00
WAN HAI LINES,wanhai,YOKOHAMA,11,JPYOK,EMMANUEL P,V7A5488,JSM,Export,,S011,2026/06/28,2026/06/29,2026/06/28,13:00,2026/06/28,14:00,2026/06/29,00:01
WAN HAI LINES,wanhai,NAGOYA,35,JPNGO,EMMANUEL P,V7A5488,JSM,Export,,S011,2026/06/30,2026/07/01,2026/06/30,14:00,2026/06/30,15:00,2026/07/01,02:00
WAN HAI LINES,wanhai,KOBE,41,JPUKB,EMMANUEL P,V7A5488,JSM,Export,,S011,2026/07/01,2026/07/03,2026/07/01,18:00,2026/07/01,19:00,2026/07/02,07:00
WAN HAI LINES,wanhai,MOJI,70,JPMOJ,GREEN CELEBRITY,3FXL2,JTH,Import/Export,N124,S124,2026/05/30,2026/05/30,2026/06/01,06:55,2026/06/01,07:27,2026/06/02,06:36
WAN HAI LINES,wanhai,HAKATA,77,JPHKT,GREEN CELEBRITY,3FXL2,JTH,Import/Export,N124,S124,2026/05/30,2026/05/31,2026/06/02,23:25,2026/06/03,00:14,2026/06/03,09:10
WAN HAI LINES,wanhai,OSAKA,40,JPOSA,GREEN CELEBRITY,3FXL2,JTH,Import/Export,N125,S125,2026/06/10,2026/06/11,2026/06/15,11:03,2026/06/15,11:45,2026/06/15,21:22
WAN HAI LINES,wanhai,KOBE,41,JPUKB,GREEN CELEBRITY,3FXL2,JTH,Import/Export,N125,S125,2026/06/11,2026/06/11,2026/06/15,22:05,2026/06/15,22:51,2026/06/16,11:51
WAN HAI LINES,wanhai,MOJI,70,JPMOJ,GREEN CELEBRITY,3FXL2,JTH,Import/Export,N125,S125,2026/06/13,2026/06/13,2026/06/17,17:00,2026/06/17,18:00,2026/06/18,18:30
WAN HAI LINES,wanhai,HAKATA,77,JPHKT,GREEN CELEBRITY,3FXL2,JTH,Import/Export,N125,S125,2026/06/13,2026/06/14,2026/06/18,12:00,2026/06/18,13:00,2026/06/18,22:30
WAN HAI LINES,wanhai,OSAKA,40,JPOSA,GREEN CELEBRITY,3FXL2,JTH,Import/Export,N126,S126,2026/06/24,2026/06/25,2026/06/27,,2026/06/27,,2026/06/28,
WAN HAI LINES,wanhai,KOBE,41,JPUKB,GREEN CELEBRITY,3FXL2,JTH,Import/Export,N126,S126,2026/06/25,2026/06/25,2026/06/28,,2026/06/28,,2026/06/28,
WAN HAI LINES,wanhai,MOJI,70,JPMOJ,GREEN CELEBRITY,3FXL2,JTH,Import/Export,N126,S126,2026/06/27,2026/06/27,2026/06/29,,2026/06/29,,2026/06/30,
WAN HAI LINES,wanhai,HAKATA,77,JPHKT,GREEN CELEBRITY,3FXL2,JTH,Import/Export,N126,S126,2026/06/27,2026/06/28,2026/06/30,,2026/06/30,,2026/06/30,
WAN HAI LINES,wanhai,TOKYO,13,JPTYO,INTERASIA PURSUIT,9V5671,JCV,Import/Export,N093,S094,2026/06/18,2026/06/19,2026/06/22,,2026/06/22,,2026/06/24,
WAN HAI LINES,wanhai,YOKOHAMA,11,JPYOK,INTERASIA TACTIC,9V9142,NS5,Import/Export,N010,S011,2026/06/01,2026/06/02,2026/06/06,12:25,2026/06/06,12:55,2026/06/07,06:10
WAN HAI LINES,wanhai,TOKYO,13,JPTYO,INTERASIA TACTIC,9V9142,NS5,Import/Export,N010,S011,2026/05/31,2026/06/01,2026/06/07,08:35,2026/06/08,07:50,2026/06/09,20:46
WAN HAI LINES,wanhai,TOKYO,13,JPTYO,INTERASIA TACTIC,9V9142,NS5,Import/Export,N011,S012,2026/07/05,2026/07/06,2026/07/05,,2026/07/05,,2026/07/06,
WAN HAI LINES,wanhai,KOBE,41,JPUKB,INTERASIA TENACITY,9V9131,NS1,Import/Export,N020,S021,2026/05/26,2026/05/27,2026/06/05,09:45,2026/06/05,10:40,2026/06/06,06:05
WAN HAI LINES,wanhai,OSAKA,40,JPOSA,INTERASIA TENACITY,9V9131,NS1,Import/Export,N020,S021,2026/05/25,2026/05/26,2026/06/06,06:50,2026/06/06,07:39,2026/06/07,06:09
WAN HAI LINES,wanhai,YOKOHAMA,11,JPYOK,INTERASIA TENACITY,9V9131,NS1,Import/Export,N020,S021,2026/05/29,2026/05/30,2026/06/08,22:15,2026/06/08,23:00,2026/06/10,05:35
WAN HAI LINES,wanhai,TOKYO,13,JPTYO,INTERASIA TENACITY,9V9131,NS1,Import/Export,N020,S021,2026/05/30,2026/05/31,2026/06/10,07:30,2026/06/10,17:28,2026/06/11,14:20
WAN HAI LINES,wanhai,OSAKA,40,JPOSA,INTERASIA TENACITY,9V9131,NS1,Import/Export,N021,S022,2026/06/29,2026/06/30,2026/07/02,,2026/07/02,,2026/07/04,
WAN HAI LINES,wanhai,KOBE,41,JPUKB,INTERASIA TENACITY,9V9131,NS1,Import/Export,N021,S022,2026/06/30,2026/07/01,2026/07/04,,2026/07/04,,2026/07/05,
WAN HAI LINES,wanhai,NAGOYA,35,JPNGO,INTERASIA TENACITY,9V9131,NS1,Import/Export,N021,S022,2026/07/02,2026/07/02,2026/07/05,,2026/07/05,,2026/07/06,
WAN HAI LINES,wanhai,YOKOHAMA,11,JPYOK,INTERASIA TRANSFORM,9V9129,NS3,Import/Export,N021,S022,2026/06/10,2026/06/10,2026/06/10,06:40,2026/06/10,07:35,2026/06/10,18:45
WAN HAI LINES,wanhai,TOKYO,13,JPTYO,INTERASIA TRANSFORM,9V9129,NS3,Import/Export,N021,S022,2026/06/09,2026/06/10,2026/06/10,20:42,2026/06/11,15:23,2026/06/12,05:24
WAN HAI LINES,wanhai,NAGOYA,35,JPNGO,INTERASIA TRANSFORM,9V9129,NS3,Import/Export,N021,S022,2026/06/12,2026/06/12,2026/06/12,18:40,2026/06/12,20:00,2026/06/13,12:55
WAN HAI LINES,wanhai,OSAKA,40,JPOSA,INTERASIA TRANSFORM,9V9129,NS3,Import/Export,N021,S022,2026/06/13,2026/06/14,2026/06/14,07:11,2026/06/14,08:01,2026/06/14,18:18
WAN HAI LINES,wanhai,KOBE,41,JPUKB,INTERASIA TRANSFORM,9V9129,NS3,Import/Export,N021,S022,2026/06/14,2026/06/14,2026/06/14,19:05,2026/06/14,20:00,2026/06/15,13:49
WAN HAI LINES,wanhai,NAHA,93,JPNAH,ITX EHIME,3FPM7,ITX,Export,,S109,2026/06/01,2026/06/01,2026/06/04,07:43,2026/06/04,08:20,2026/06/04,18:10
WAN HAI LINES,wanhai,NAHA,93,JPNAH,ITX EHIME,3FPM7,ITX,Export,,S110,2026/06/15,2026/06/15,2026/06/18,03:00,2026/06/18,09:00,2026/06/18,15:00
WAN HAI LINES,wanhai,MATSUYAMA,61,JPMYJ,ITX EHIME,3FPM7,ITX,Import/Export,N108,S109,2026/05/27,2026/05/27,2026/06/01,08:32,2026/06/01,09:30,2026/06/01,11:30
WAN HAI LINES,wanhai,OITA,78,JPOIT,ITX EHIME,3FPM7,ITX,Import/Export,N108,S109,2026/05/28,2026/05/28,2026/06/01,15:40,2026/06/01,16:06,2026/06/02,11:40
WAN HAI LINES,wanhai,NAHA,93,JPNAH,ITX EHIME,3FPM7,ITX,Import,N109,,2026/06/06,2026/06/06,2026/06/11,13:24,2026/06/11,14:00,2026/06/11,21:50
WAN HAI LINES,wanhai,OITA,78,JPOIT,ITX EHIME,3FPM7,ITX,Import/Export,N109,S110,2026/06/11,2026/06/11,2026/06/12,,2026/06/13,,2026/06/13,
WAN HAI LINES,wanhai,MATSUYAMA,61,JPMYJ,ITX EHIME,3FPM7,ITX,Import/Export,N109,S110,2026/06/10,2026/06/10,2026/06/12,,2026/06/12,,2026/06/12,
WAN HAI LINES,wanhai,SHIBUSHI,91,JPSBS,ITX EHIME,3FPM7,ITX,Import/Export,N109,S110,2026/06/12,2026/06/12,2026/06/15,15:30,2026/06/16,13:20,2026/06/16,22:20
WAN HAI LINES,wanhai,NAHA,93,JPNAH,ITX EHIME,3FPM7,ITX,Import,N110,,2026/06/20,2026/06/20,2026/06/21,,2026/06/21,,2026/06/21,
WAN HAI LINES,wanhai,MATSUYAMA,61,JPMYJ,ITX EHIME,3FPM7,ITX,Import/Export,N110,S111,2026/06/24,2026/06/24,2026/06/26,12:00,2026/06/26,13:00,2026/06/26,18:00
WAN HAI LINES,wanhai,OITA,78,JPOIT,ITX EHIME,3FPM7,ITX,Import/Export,N110,S111,2026/06/25,2026/06/25,2026/06/26,23:00,2026/06/27,09:00,2026/06/27,18:00
WAN HAI LINES,wanhai,SHIBUSHI,91,JPSBS,ITX EHIME,3FPM7,ITX,Import/Export,N110,S111,2026/06/26,2026/06/26,2026/06/28,07:00,2026/06/28,08:00,2026/06/28,18:00
WAN HAI LINES,wanhai,NAHA,93,JPNAH,ITX EHIME,3FPM7,ITX,Import/Export,N110,S111,2026/06/29,2026/06/29,2026/06/30,01:00,2026/06/30,09:00,2026/06/30,15:00
WAN HAI LINES,wanhai,NAHA,93,JPNAH,ITX EHIME,3FPM7,ITX,Import,N111,,2026/07/04,2026/07/04,2026/07/05,09:00,2026/07/05,10:00,2026/07/05,16:00
WAN HAI LINES,wanhai,NAHA,93,JPNAH,ITX HIGO,3E7419,ITX,Export,,S264,2026/06/08,2026/06/08,2026/06/07,01:50,2026/06/08,06:50,2026/06/09,15:00
WAN HAI LINES,wanhai,NAHA,93,JPNAH,ITX HIGO,3E7419,ITX,Export,,S265,2026/06/22,2026/06/22,2026/06/22,15:00,2026/06/22,16:00,2026/06/22,22:00
WAN HAI LINES,wanhai,MATSUYAMA,61,JPMYJ,ITX HIGO,3E7419,ITX,Import/Export,N263,S264,2026/06/03,2026/06/03,2026/06/03,10:39,2026/06/03,11:35,2026/06/03,14:10
WAN HAI LINES,wanhai,OITA,78,JPOIT,ITX HIGO,3E7419,ITX,Import/Export,N263,S264,2026/06/04,2026/06/04,2026/06/03,19:12,2026/06/04,07:18,2026/06/04,11:30
WAN HAI LINES,wanhai,SHIBUSHI,91,JPSBS,ITX HIGO,3E7419,ITX,Import/Export,N263,S264,2026/06/05,2026/06/05,2026/06/05,07:25,2026/06/05,08:10,2026/06/05,16:30
WAN HAI LINES,wanhai,NAHA,93,JPNAH,ITX HIGO,3E7419,ITX,Import,N264,,2026/06/13,2026/06/13,2026/06/15,06:13,2026/06/15,06:50,2026/06/15,11:30
WAN HAI LINES,wanhai,MATSUYAMA,61,JPMYJ,ITX HIGO,3E7419,ITX,Import/Export,N264,S265,2026/06/17,2026/06/17,2026/06/18,19:00,2026/06/19,09:00,2026/06/19,12:00
WAN HAI LINES,wanhai,OITA,78,JPOIT,ITX HIGO,3E7419,ITX,Import/Export,N264,S265,2026/06/18,2026/06/18,2026/06/19,17:00,2026/06/20,09:00,2026/06/20,15:00
WAN HAI LINES,wanhai,SHIBUSHI,91,JPSBS,ITX HIGO,3E7419,ITX,Import/Export,N264,S265,2026/06/19,2026/06/19,2026/06/21,07:00,2026/06/21,09:00,2026/06/21,13:00
WAN HAI LINES,wanhai,NAHA,93,JPNAH,ITX HIGO,3E7419,ITX,Import,N265,,2026/06/27,2026/06/27,2026/06/27,14:00,2026/06/27,15:00,2026/06/27,21:00
WAN HAI LINES,wanhai,OITA,78,JPOIT,ITX HIGO,3E7419,ITX,Import/Export,N265,S266,2026/07/01,2026/07/01,2026/07/01,08:00,2026/07/01,09:00,2026/07/01,16:00
WAN HAI LINES,wanhai,SHIBUSHI,91,JPSBS,ITX HIGO,3E7419,ITX,Import/Export,N265,S266,2026/07/03,2026/07/03,2026/07/02,23:00,2026/07/03,09:00,2026/07/03,16:00
WAN HAI LINES,wanhai,NAHA,93,JPNAH,SETSU MARU,7JSJ,TO,Export,,S611,2026/06/04,2026/06/04,2026/06/03,07:12,2026/06/03,07:40,2026/06/04,19:10
WAN HAI LINES,wanhai,NAHA,93,JPNAH,SETSU MARU,7JSJ,TO,Export,,S612,2026/06/18,2026/06/18,2026/06/18,,2026/06/18,,2026/06/18,
WAN HAI LINES,wanhai,NAHA,93,JPNAH,SETSU MARU,7JSJ,TO,Export,,S613,2026/07/02,2026/07/02,2026/07/02,,2026/07/02,,2026/07/02,
WAN HAI LINES,wanhai,NAHA,93,JPNAH,SETSU MARU,7JSJ,TO,Import,N611,,2026/06/09,2026/06/09,2026/06/09,07:24,2026/06/09,08:10,2026/06/09,20:50
WAN HAI LINES,wanhai,NAHA,93,JPNAH,SETSU MARU,7JSJ,TO,Import,N612,,2026/06/23,2026/06/23,2026/06/23,,2026/06/23,,2026/06/23,
WAN HAI LINES,wanhai,OSAKA,40,JPOSA,WAN HAI 102,9V7590,JSH,Import/Export,W421,S422,2026/06/04,2026/06/04,2026/06/04,18:23,2026/06/04,19:22,2026/06/04,22:30
WAN HAI LINES,wanhai,FUKUYAMA,67,JPFKY,WAN HAI 102,9V7590,JSH,Import/Export,W421,S422,2026/06/05,2026/06/06,2026/06/05,07:10,2026/06/05,09:00,2026/06/05,19:30
WAN HAI LINES,wanhai,HIROSHIMA,51,JPHIJ,WAN HAI 102,9V7590,JSH,Import/Export,W421,S422,2026/06/06,2026/06/06,2026/06/06,02:35,2026/06/06,07:18,2026/06/06,17:10
WAN HAI LINES,wanhai,MIZUSHIMA,50,JPMIZ,WAN HAI 102,9V7590,JSH,Import/Export,W421,S422,2026/06/04,2026/06/05,2026/06/07,16:10,2026/06/08,05:12,2026/06/08,20:40
WAN HAI LINES,wanhai,OSAKA,40,JPOSA,WAN HAI 102,9V7590,JSH,Import/Export,W422,S423,2026/06/18,2026/06/18,2026/06/19,,2026/06/19,,2026/06/19,
WAN HAI LINES,wanhai,MIZUSHIMA,50,JPMIZ,WAN HAI 102,9V7590,JSH,Import/Export,W422,S423,2026/06/18,2026/06/19,2026/06/20,,2026/06/20,,2026/06/21,
WAN HAI LINES,wanhai,FUKUYAMA,67,JPFKY,WAN HAI 102,9V7590,JSH,Import/Export,W422,S423,2026/06/19,2026/06/20,2026/06/21,,2026/06/21,,2026/06/22,
WAN HAI LINES,wanhai,HIROSHIMA,51,JPHIJ,WAN HAI 102,9V7590,JSH,Import/Export,W422,S423,2026/06/20,2026/06/20,2026/06/22,,2026/06/22,,2026/06/22,
WAN HAI LINES,wanhai,OSAKA,40,JPOSA,WAN HAI 102,9V7590,JSH,Import/Export,W423,S424,2026/07/02,2026/07/02,2026/07/02,,2026/07/02,,2026/07/02,
WAN HAI LINES,wanhai,MIZUSHIMA,50,JPMIZ,WAN HAI 102,9V7590,JSH,Import/Export,W423,S424,2026/07/02,2026/07/03,2026/07/02,,2026/07/02,,2026/07/03,
WAN HAI LINES,wanhai,FUKUYAMA,67,JPFKY,WAN HAI 102,9V7590,JSH,Import/Export,W423,S424,2026/07/03,2026/07/04,2026/07/03,,2026/07/03,,2026/07/04,
WAN HAI LINES,wanhai,HIROSHIMA,51,JPHIJ,WAN HAI 102,9V7590,JSH,Import/Export,W423,S424,2026/07/04,2026/07/04,2026/07/04,,2026/07/04,,2026/07/04,
WAN HAI LINES,wanhai,OSAKA,40,JPOSA,WAN HAI 172,VRFF4,JST,Import/Export,N409,S409,2026/06/01,2026/06/01,2026/06/04,07:00,2026/06/04,07:31,2026/06/04,16:49
WAN HAI LINES,wanhai,MOJI,70,JPMOJ,WAN HAI 172,VRFF4,JST,Import/Export,N409,S409,2026/06/03,2026/06/03,2026/06/05,14:20,2026/06/05,15:11,2026/06/06,16:32
WAN HAI LINES,wanhai,TOKUYAMA,62,JPTKY,WAN HAI 172,VRFF4,JST,Import/Export,N409,S409,2026/06/04,2026/06/05,2026/06/06,20:30,2026/06/07,13:06,2026/06/08,05:50
WAN HAI LINES,wanhai,HAKATA,77,JPHKT,WAN HAI 172,VRFF4,JST,Import/Export,N409,S409,2026/06/03,2026/06/04,2026/06/08,14:18,2026/06/08,15:01,2026/06/08,23:52
WAN HAI LINES,wanhai,MOJI,70,JPMOJ,WAN HAI 172,VRFF4,JST,Import/Export,N410,S410,2026/07/01,2026/07/01,2026/07/01,,2026/07/01,,2026/07/01,
WAN HAI LINES,wanhai,OSAKA,40,JPOSA,WAN HAI 172,VRFF4,JST,Import/Export,N410,S410,2026/06/29,2026/06/29,2026/07/02,,2026/07/02,,2026/07/03,
WAN HAI LINES,wanhai,TOKUYAMA,62,JPTKY,WAN HAI 172,VRFF4,JST,Import/Export,N410,S410,2026/07/02,2026/07/03,2026/07/04,,2026/07/04,,2026/07/05,
WAN HAI LINES,wanhai,HAKATA,77,JPHKT,WAN HAI 172,VRFF4,JST,Import/Export,N410,S410,2026/07/01,2026/07/02,2026/07/04,,2026/07/04,,2026/07/04,
WAN HAI LINES,wanhai,OSAKA,40,JPOSA,WAN HAI 175,9V5783,JH2,Import/Export,N152,S153,2026/06/10,2026/06/11,2026/06/09,18:01,2026/06/09,18:52,2026/06/10,16:03
WAN HAI LINES,wanhai,KOBE,41,JPUKB,WAN HAI 175,9V5783,JH2,Import/Export,N152,S153,2026/06/11,2026/06/11,2026/06/10,16:45,2026/06/10,17:50,2026/06/11,05:57
WAN HAI LINES,wanhai,TOKYO,13,JPTYO,WAN HAI 175,9V5783,JH2,Import/Export,N152,S153,2026/06/13,2026/06/13,2026/06/12,20:58,2026/06/12,21:35,2026/06/13,11:57
WAN HAI LINES,wanhai,CHIBA,14,JPCHB,WAN HAI 175,9V5783,JH2,Import/Export,N152,S153,2026/06/12,2026/06/13,2026/06/13,13:00,2026/06/13,14:02,2026/06/14,16:45
WAN HAI LINES,wanhai,YOKOHAMA,11,JPYOK,WAN HAI 175,9V5783,JH2,Import/Export,N152,S153,2026/06/13,2026/06/14,2026/06/14,18:53,2026/06/15,17:30,2026/06/16,04:40
WAN HAI LINES,wanhai,OSAKA,40,JPOSA,WAN HAI 175,9V5783,JH2,Import/Export,N153,S154,2026/07/01,2026/07/02,2026/07/01,,2026/07/01,,2026/07/02,
WAN HAI LINES,wanhai,KOBE,41,JPUKB,WAN HAI 175,9V5783,JH2,Import/Export,N153,S154,2026/07/02,2026/07/02,2026/07/02,,2026/07/02,,2026/07/02,
WAN HAI LINES,wanhai,CHIBA,14,JPCHB,WAN HAI 175,9V5783,JH2,Import/Export,N153,S154,2026/07/03,2026/07/04,2026/07/03,,2026/07/03,,2026/07/04,
WAN HAI LINES,wanhai,TOKYO,13,JPTYO,WAN HAI 175,9V5783,JH2,Import/Export,N153,S154,2026/07/04,2026/07/04,2026/07/04,,2026/07/04,,2026/07/04,
WAN HAI LINES,wanhai,YOKOHAMA,11,JPYOK,WAN HAI 175,9V5783,JH2,Import/Export,N153,S154,2026/07/04,2026/07/05,2026/07/04,,2026/07/04,,2026/07/05,
WAN HAI LINES,wanhai,TOKYO,13,JPTYO,WAN HAI 176,9V7683,JTT,Import/Export,N109,S109,2026/06/17,2026/06/18,2026/06/17,22:00,2026/06/17,23:00,2026/06/18,16:00
WAN HAI LINES,wanhai,YOKOHAMA,11,JPYOK,WAN HAI 176,9V7683,JTT,Import/Export,N109,S109,2026/06/18,2026/06/19,2026/06/18,,2026/06/18,,2026/06/19,
WAN HAI LINES,wanhai,NAGOYA,35,JPNGO,WAN HAI 176,9V7683,JTT,Import/Export,N109,S109,2026/06/20,2026/06/20,2026/06/19,,2026/06/19,,2026/06/20,
WAN HAI LINES,wanhai,YOKKAICHI,36,JPYKK,WAN HAI 176,9V7683,JTT,Import/Export,N109,S109,2026/06/20,2026/06/20,2026/06/20,,2026/06/20,,2026/06/20,
WAN HAI LINES,wanhai,OSAKA,40,JPOSA,WAN HAI 177,5LFU7,JST,Import/Export,N059,S059,2026/06/15,2026/06/15,2026/06/15,,2026/06/15,,2026/06/15,
WAN HAI LINES,wanhai,MOJI,70,JPMOJ,WAN HAI 177,5LFU7,JST,Import/Export,N059,S059,2026/06/17,2026/06/17,2026/06/16,17:43,2026/06/16,20:04,2026/06/17,20:00
WAN HAI LINES,wanhai,HAKATA,77,JPHKT,WAN HAI 177,5LFU7,JST,Import/Export,N059,S059,2026/06/17,2026/06/18,2026/06/18,02:00,2026/06/18,03:00,2026/06/18,12:00
WAN HAI LINES,wanhai,TOKUYAMA,62,JPTKY,WAN HAI 177,5LFU7,JST,Import/Export,N059,S059,2026/06/18,2026/06/19,2026/06/18,19:30,2026/06/18,20:30,2026/06/19,08:00
WAN HAI LINES,wanhai,TOKYO,13,JPTYO,WAN HAI 271,BHLB,JTT,Import/Export,N265,S265,2026/06/24,2026/06/25,2026/06/24,,2026/06/24,,2026/06/25,
WAN HAI LINES,wanhai,YOKOHAMA,11,JPYOK,WAN HAI 271,BHLB,JTT,Import/Export,N265,S265,2026/06/25,2026/06/26,2026/06/25,,2026/06/25,,2026/06/25,
WAN HAI LINES,wanhai,NAGOYA,35,JPNGO,WAN HAI 271,BHLB,JTT,Import/Export,N265,S265,2026/06/27,2026/06/27,2026/06/27,,2026/06/27,,2026/06/27,
WAN HAI LINES,wanhai,YOKKAICHI,36,JPYKK,WAN HAI 271,BHLB,JTT,Import/Export,N265,S265,2026/06/27,2026/06/27,2026/06/27,,2026/06/27,,2026/06/27,
WAN HAI LINES,wanhai,TOKYO,13,JPTYO,WAN HAI 272,BHLT,JTT,Import/Export,N226,S226,2026/05/27,2026/05/28,2026/06/06,06:56,2026/06/06,07:34,2026/06/06,19:44
WAN HAI LINES,wanhai,YOKOHAMA,11,JPYOK,WAN HAI 272,BHLT,JTT,Import/Export,N226,S226,2026/05/28,2026/05/29,2026/06/06,21:28,2026/06/07,07:30,2026/06/07,16:40
WAN HAI LINES,wanhai,YOKKAICHI,36,JPYKK,WAN HAI 272,BHLT,JTT,Import/Export,N226,S226,2026/05/30,2026/05/30,2026/06/08,07:10,2026/06/08,07:45,2026/06/08,16:55
WAN HAI LINES,wanhai,NAGOYA,35,JPNGO,WAN HAI 272,BHLT,JTT,Import/Export,N226,S226,2026/05/30,2026/05/30,2026/06/08,17:35,2026/06/08,18:40,2026/06/09,03:45
WAN HAI LINES,wanhai,TOKYO,13,JPTYO,WAN HAI 272,BHLT,JTT,Import/Export,N227,S227,2026/07/01,2026/07/02,2026/07/01,,2026/07/01,,2026/07/02,
WAN HAI LINES,wanhai,YOKOHAMA,11,JPYOK,WAN HAI 272,BHLT,JTT,Import/Export,N227,S227,2026/07/02,2026/07/03,2026/07/02,,2026/07/02,,2026/07/03,
WAN HAI LINES,wanhai,YOKKAICHI,36,JPYKK,WAN HAI 272,BHLT,JTT,Import/Export,N227,S227,2026/07/04,2026/07/04,2026/07/04,,2026/07/04,,2026/07/04,
WAN HAI LINES,wanhai,NAGOYA,35,JPNGO,WAN HAI 272,BHLT,JTT,Import/Export,N227,S227,2026/07/04,2026/07/04,2026/07/04,,2026/07/04,,2026/07/04,
WAN HAI LINES,wanhai,MOJI,70,JPMOJ,WAN HAI 276,9V7690,JST,Import/Export,N060,S060,2026/06/10,2026/06/10,2026/06/09,,2026/06/09,,2026/06/10,
WAN HAI LINES,wanhai,OSAKA,40,JPOSA,WAN HAI 276,9V7690,JST,Import/Export,N060,S060,2026/06/08,2026/06/08,2026/06/11,15:45,2026/06/11,16:36,2026/06/12,02:55
WAN HAI LINES,wanhai,TOKUYAMA,62,JPTKY,WAN HAI 276,9V7690,JST,Import/Export,N060,S060,2026/06/11,2026/06/12,2026/06/13,02:30,2026/06/13,11:45,2026/06/14,06:05
WAN HAI LINES,wanhai,HAKATA,77,JPHKT,WAN HAI 276,9V7690,JST,Import/Export,N060,S060,2026/06/10,2026/06/11,2026/06/14,19:53,2026/06/14,20:33,2026/06/15,12:38
WAN HAI LINES,wanhai,NAGOYA,35,JPNGO,WAN HAI 277,9V6999,JTT,Import/Export,N058,S058,2026/05/23,2026/05/23,2026/06/01,06:45,2026/06/01,07:50,2026/06/01,20:25
WAN HAI LINES,wanhai,YOKKAICHI,36,JPYKK,WAN HAI 277,9V6999,JTT,Import/Export,N058,S058,2026/05/23,2026/05/23,2026/06/04,21:10,2026/06/04,22:00,2026/06/05,10:00
WAN HAI LINES,wanhai,OSAKA,40,JPOSA,WAN HAI 277,9V6999,JST,Import/Export,N059,S059,2026/06/22,2026/06/22,2026/06/22,,2026/06/22,,2026/06/22,
WAN HAI LINES,wanhai,MOJI,70,JPMOJ,WAN HAI 277,9V6999,JST,Import/Export,N059,S059,2026/06/24,2026/06/24,2026/06/27,,2026/06/27,,2026/06/28,
WAN HAI LINES,wanhai,HAKATA,77,JPHKT,WAN HAI 277,9V6999,JST,Import/Export,N059,S059,2026/06/24,2026/06/25,2026/06/28,,2026/06/28,,2026/06/29,
WAN HAI LINES,wanhai,TOKUYAMA,62,JPTKY,WAN HAI 277,9V6999,JST,Import/Export,N059,S059,2026/06/25,2026/06/26,2026/06/29,,2026/06/29,,2026/06/30,
WAN HAI LINES,wanhai,TOKYO,13,JPTYO,WAN HAI 278,9V8084,JTT,Import/Export,N056,S056,2026/06/10,2026/06/11,2026/06/10,10:08,2026/06/12,07:09,2026/06/12,20:38
WAN HAI LINES,wanhai,YOKOHAMA,11,JPYOK,WAN HAI 278,9V8084,JTT,Import/Export,N056,S056,2026/06/11,2026/06/12,2026/06/12,22:05,2026/06/12,22:40,2026/06/13,14:35
WAN HAI LINES,wanhai,NAGOYA,35,JPNGO,WAN HAI 278,9V8084,JTT,Import/Export,N056,S056,2026/06/13,2026/06/13,2026/06/14,06:25,2026/06/14,07:40,2026/06/15,05:55
WAN HAI LINES,wanhai,YOKKAICHI,36,JPYKK,WAN HAI 278,9V8084,JTT,Import/Export,N056,S056,2026/06/13,2026/06/13,2026/06/15,06:55,2026/06/15,07:30,2026/06/15,20:45
WAN HAI LINES,wanhai,KOBE,41,JPUKB,WAN HAI 283,9V6502,JTH,Import/Export,N113,S113,2026/06/03,2026/06/04,2026/06/06,13:15,2026/06/06,14:30,2026/06/07,05:56
WAN HAI LINES,wanhai,OSAKA,40,JPOSA,WAN HAI 283,9V6502,JTH,Import/Export,N113,S113,2026/06/04,2026/06/05,2026/06/07,06:45,2026/06/07,07:29,2026/06/07,16:33
WAN HAI LINES,wanhai,MOJI,70,JPMOJ,WAN HAI 283,9V6502,JTH,Import/Export,N113,S113,2026/06/06,2026/06/06,2026/06/09,06:53,2026/06/09,07:34,2026/06/09,21:59
WAN HAI LINES,wanhai,HAKATA,77,JPHKT,WAN HAI 283,9V6502,JTH,Import/Export,N113,S113,2026/06/07,2026/06/07,2026/06/10,03:49,2026/06/10,04:42,2026/06/10,15:14
WAN HAI LINES,wanhai,KOBE,41,JPUKB,WAN HAI 283,9V6502,JTH,Import/Export,N114,S114,2026/06/17,2026/06/18,2026/06/19,,2026/06/19,,2026/06/20,
WAN HAI LINES,wanhai,OSAKA,40,JPOSA,WAN HAI 283,9V6502,JTH,Import/Export,N114,S114,2026/06/18,2026/06/19,2026/06/20,,2026/06/20,,2026/06/21,
WAN HAI LINES,wanhai,MOJI,70,JPMOJ,WAN HAI 283,9V6502,JTH,Import/Export,N114,S114,2026/06/20,2026/06/20,2026/06/22,,2026/06/22,,2026/06/23,
WAN HAI LINES,wanhai,HAKATA,77,JPHKT,WAN HAI 283,9V6502,JTH,Import/Export,N114,S114,2026/06/21,2026/06/21,2026/06/23,,2026/06/23,,2026/06/23,
WAN HAI LINES,wanhai,KOBE,41,JPUKB,WAN HAI 288,9V6507,JSV,Import/Export,N108,S108,2026/06/01,2026/06/01,2026/06/04,07:00,2026/06/04,08:10,2026/06/04,15:40
WAN HAI LINES,wanhai,OSAKA,40,JPOSA,WAN HAI 288,9V6507,JSV,Import/Export,N108,S108,2026/06/01,2026/06/02,2026/06/04,16:26,2026/06/04,17:08,2026/06/05,02:35
WAN HAI LINES,wanhai,HAKATA,77,JPHKT,WAN HAI 288,9V6507,JSV,Import/Export,N109,S109,2026/06/20,2026/06/21,2026/06/20,,2026/06/20,,2026/06/21,
WAN HAI LINES,wanhai,OSAKA,40,JPOSA,WAN HAI 288,9V6507,JSV,Import/Export,N109,S109,2026/06/22,2026/06/23,2026/06/25,,2026/06/25,,2026/06/26,
WAN HAI LINES,wanhai,KOBE,41,JPUKB,WAN HAI 288,9V6507,JSV,Import/Export,N109,S109,2026/06/22,2026/06/22,2026/06/25,,2026/06/25,,2026/06/25,
WAN HAI LINES,wanhai,HAKATA,77,JPHKT,WAN HAI 290,9V6509,JSV,Import/Export,N085,S085,2026/06/13,2026/06/14,2026/06/13,23:13,2026/06/14,00:07,2026/06/14,11:46
WAN HAI LINES,wanhai,KOBE,41,JPUKB,WAN HAI 290,9V6509,JSV,Import/Export,N085,S085,2026/06/15,2026/06/15,2026/06/15,14:35,2026/06/15,15:18,2026/06/16,15:10
WAN HAI LINES,wanhai,OSAKA,40,JPOSA,WAN HAI 290,9V6509,JSV,Import/Export,N085,S085,2026/06/15,2026/06/16,2026/06/16,16:10,2026/06/16,17:02,2026/06/17,11:30
WAN HAI LINES,wanhai,HAKATA,77,JPHKT,WAN HAI 290,9V6509,JSV,Import/Export,N086,S086,2026/07/04,2026/07/05,2026/07/04,,2026/07/04,,2026/07/05,
WAN HAI LINES,wanhai,TOKYO,13,JPTYO,WAN HAI 292,9V6512,JCV,Import/Export,N067,S068,2026/06/11,2026/06/12,2026/06/16,12:09,2026/06/16,12:57,2026/06/17,21:00
WAN HAI LINES,wanhai,TOKYO,13,JPTYO,WAN HAI 292,9V6512,JCV,Import/Export,N068,S069,2026/07/02,2026/07/03,2026/07/02,,2026/07/02,,2026/07/03,
WAN HAI LINES,wanhai,OSAKA,40,JPOSA,WAN HAI 295,9V6516,JH2,Import/Export,N065,S066,2026/06/17,2026/06/18,2026/06/17,11:30,2026/06/17,12:30,2026/06/18,06:15
WAN HAI LINES,wanhai,KOBE,41,JPUKB,WAN HAI 295,9V6516,JH2,Import/Export,N065,S066,2026/06/18,2026/06/18,2026/06/18,,2026/06/18,,2026/06/18,
WAN HAI LINES,wanhai,CHIBA,14,JPCHB,WAN HAI 295,9V6516,JH2,Import/Export,N065,S066,2026/06/19,2026/06/20,2026/06/19,,2026/06/19,,2026/06/20,
WAN HAI LINES,wanhai,TOKYO,13,JPTYO,WAN HAI 295,9V6516,JH2,Import/Export,N065,S066,2026/06/20,2026/06/20,2026/06/20,,2026/06/20,,2026/06/20,
WAN HAI LINES,wanhai,YOKOHAMA,11,JPYOK,WAN HAI 295,9V6516,JH2,Import/Export,N065,S066,2026/06/20,2026/06/21,2026/06/20,,2026/06/20,,2026/06/21,
WAN HAI LINES,wanhai,TOKYO,13,JPTYO,WAN HAI 296,9V6517,JCV,Import/Export,N058,S059,2026/06/04,2026/06/05,2026/06/06,19:53,2026/06/06,20:27,2026/06/08,05:10
WAN HAI LINES,wanhai,TOKYO,13,JPTYO,WAN HAI 296,9V6517,JCV,Import/Export,N059,S060,2026/06/25,2026/06/26,2026/06/28,,2026/06/28,,2026/06/29,
WAN HAI LINES,wanhai,TOKYO,13,JPTYO,WAN HAI 321,9V6491,JTS,Import/Export,N065,S065,2026/06/01,2026/06/02,2026/06/04,16:18,2026/06/04,16:52,2026/06/05,16:24
WAN HAI LINES,wanhai,YOKOHAMA,11,JPYOK,WAN HAI 321,9V6491,JTS,Import/Export,N065,S065,2026/06/02,2026/06/03,2026/06/05,17:55,2026/06/05,18:40,2026/06/06,11:40
WAN HAI LINES,wanhai,SHIMIZU,30,JPSMZ,WAN HAI 321,9V6491,JTS,Import/Export,N065,S065,2026/06/05,2026/06/05,2026/06/07,05:50,2026/06/07,06:25,2026/06/07,16:50
WAN HAI LINES,wanhai,NAGOYA,35,JPNGO,WAN HAI 321,9V6491,JTS,Import/Export,N065,S065,2026/06/03,2026/06/04,2026/06/08,08:35,2026/06/08,09:50,2026/06/08,21:45
WAN HAI LINES,wanhai,TOKYO,13,JPTYO,WAN HAI 321,9V6491,JTS,Import/Export,N066,S066,2026/06/29,2026/06/30,2026/07/04,,2026/07/04,,2026/07/05,
WAN HAI LINES,wanhai,YOKOHAMA,11,JPYOK,WAN HAI 321,9V6491,JTS,Import/Export,N066,S066,2026/06/30,2026/07/01,2026/07/05,,2026/07/05,,2026/07/05,
WAN HAI LINES,wanhai,NAGOYA,35,JPNGO,WAN HAI 322,9V6492,JTS,Import/Export,N059,S059,2026/06/10,2026/06/11,2026/06/10,17:30,2026/06/10,19:05,2026/06/11,17:30
WAN HAI LINES,wanhai,SHIMIZU,30,JPSMZ,WAN HAI 322,9V6492,JTS,Import/Export,N059,S059,2026/06/12,2026/06/12,2026/06/12,07:50,2026/06/12,08:40,2026/06/12,21:23
WAN HAI LINES,wanhai,TOKYO,13,JPTYO,WAN HAI 322,9V6492,JTS,Import/Export,N059,S059,2026/06/08,2026/06/09,2026/06/13,12:02,2026/06/13,12:33,2026/06/14,13:53
WAN HAI LINES,wanhai,YOKOHAMA,11,JPYOK,WAN HAI 322,9V6492,JTS,Import/Export,N059,S059,2026/06/09,2026/06/10,2026/06/14,15:40,2026/06/14,16:20,2026/06/15,16:05
WAN HAI LINES,wanhai,TOKYO,13,JPTYO,WAN HAI 325,9V6494,NS5,Import/Export,N059,S060,2026/06/28,2026/06/29,2026/06/28,,2026/06/28,,2026/06/29,
WAN HAI LINES,wanhai,YOKOHAMA,11,JPYOK,WAN HAI 325,9V6494,NS5,Import/Export,N059,S060,2026/06/29,2026/06/30,2026/06/29,,2026/06/29,,2026/06/30,
WAN HAI LINES,wanhai,TOKYO,13,JPTYO,WAN HAI 331,9V8494,JSM,Export,,S024,2026/06/06,2026/06/07,2026/06/06,15:45,2026/06/06,16:33,2026/06/07,04:44
WAN HAI LINES,wanhai,YOKOHAMA,11,JPYOK,WAN HAI 331,9V8494,JSM,Export,,S024,2026/06/07,2026/06/08,2026/06/07,06:20,2026/06/07,07:00,2026/06/07,15:50
WAN HAI LINES,wanhai,NAGOYA,35,JPNGO,WAN HAI 331,9V8494,JSM,Export,,S024,2026/06/09,2026/06/10,2026/06/09,06:50,2026/06/09,08:05,2026/06/09,16:15
WAN HAI LINES,wanhai,KOBE,41,JPUKB,WAN HAI 331,9V8494,JSM,Export,,S024,2026/06/10,2026/06/12,2026/06/10,10:30,2026/06/10,11:38,2026/06/11,01:40
WAN HAI LINES,wanhai,TOKYO,13,JPTYO,WAN HAI 331,9V8494,JSM,Export,,S025,2026/07/04,2026/07/05,2026/07/04,07:00,2026/07/04,08:00,2026/07/05,12:00
WAN HAI LINES,wanhai,YOKOHAMA,11,JPYOK,WAN HAI 331,9V8494,JSM,Export,,S025,2026/07/05,2026/07/06,2026/07/05,13:00,2026/07/05,14:00,2026/07/06,00:01
WAN HAI LINES,wanhai,YOKOHAMA,11,JPYOK,WAN HAI 332,9V8495,NS5,Import/Export,N013,S014,2026/06/22,2026/06/23,2026/06/15,,2026/06/15,,2026/06/16,
WAN HAI LINES,wanhai,TOKYO,13,JPTYO,WAN HAI 332,9V8495,NS5,Import/Export,N013,S014,2026/06/21,2026/06/22,2026/06/21,,2026/06/21,,2026/06/23,
WAN HAI LINES,wanhai,TOKYO,13,JPTYO,WAN HAI 335,9V8501,NS3,Import/Export,N014,S015,2026/06/23,2026/06/24,2026/06/25,,2026/06/25,,2026/06/26,
WAN HAI LINES,wanhai,YOKOHAMA,11,JPYOK,WAN HAI 335,9V8501,NS3,Import/Export,N014,S015,2026/06/24,2026/06/24,2026/06/26,,2026/06/26,,2026/06/26,
WAN HAI LINES,wanhai,NAGOYA,35,JPNGO,WAN HAI 335,9V8501,NS3,Import/Export,N014,S015,2026/06/26,2026/06/26,2026/06/27,,2026/06/27,,2026/06/28,
WAN HAI LINES,wanhai,OSAKA,40,JPOSA,WAN HAI 335,9V8501,NS3,Import/Export,N014,S015,2026/06/27,2026/06/28,2026/06/29,,2026/06/29,,2026/06/30,
WAN HAI LINES,wanhai,KOBE,41,JPUKB,WAN HAI 335,9V8501,NS3,Import/Export,N014,S015,2026/06/28,2026/06/28,2026/06/30,,2026/06/30,,2026/06/30,
WAN HAI LINES,wanhai,TOKYO,13,JPTYO,WAN HAI 356,9V7385,NS3,Import/Export,N041,S042,2026/06/16,2026/06/17,2026/06/19,,2026/06/19,,2026/06/20,
WAN HAI LINES,wanhai,YOKOHAMA,11,JPYOK,WAN HAI 356,9V7385,NS3,Import/Export,N041,S042,2026/06/17,2026/06/17,2026/06/20,,2026/06/20,,2026/06/20,
WAN HAI LINES,wanhai,NAGOYA,35,JPNGO,WAN HAI 356,9V7385,NS3,Import/Export,N041,S042,2026/06/19,2026/06/19,2026/06/21,,2026/06/21,,2026/06/22,
WAN HAI LINES,wanhai,KOBE,41,JPUKB,WAN HAI 356,9V7385,NS3,Import/Export,N041,S042,2026/06/21,2026/06/21,2026/06/23,,2026/06/23,,2026/06/24,
WAN HAI LINES,wanhai,OSAKA,40,JPOSA,WAN HAI 356,9V7385,NS3,Import/Export,N041,S042,2026/06/20,2026/06/21,2026/06/23,,2026/06/23,,2026/06/23,
WAN HAI LINES,wanhai,YOKOHAMA,11,JPYOK,WAN HAI 357,9V7389,NS3,Import/Export,N035,S036,2026/06/03,2026/06/03,2026/06/04,23:20,2026/06/05,00:10,2026/06/05,15:40
WAN HAI LINES,wanhai,TOKYO,13,JPTYO,WAN HAI 357,9V7389,NS3,Import/Export,N035,S036,2026/06/02,2026/06/03,2026/06/05,17:37,2026/06/05,18:21,2026/06/06,05:25
WAN HAI LINES,wanhai,NAGOYA,35,JPNGO,WAN HAI 357,9V7389,NS3,Import/Export,N035,S036,2026/06/05,2026/06/05,2026/06/06,19:45,2026/06/06,21:25,2026/06/07,10:50
WAN HAI LINES,wanhai,KOBE,41,JPUKB,WAN HAI 357,9V7389,NS3,Import/Export,N035,S036,2026/06/07,2026/06/07,2026/06/08,06:40,2026/06/08,07:37,2026/06/08,19:47
WAN HAI LINES,wanhai,OSAKA,40,JPOSA,WAN HAI 357,9V7389,NS3,Import/Export,N035,S036,2026/06/06,2026/06/07,2026/06/08,20:35,2026/06/08,21:16,2026/06/09,11:32
WAN HAI LINES,wanhai,NAGOYA,35,JPNGO,WAN HAI 357,9V7389,NS3,Import/Export,N036,S037,2026/07/03,2026/07/03,2026/07/03,,2026/07/03,,2026/07/03,
WAN HAI LINES,wanhai,TOKYO,13,JPTYO,WAN HAI 357,9V7389,NS3,Import/Export,N036,S037,2026/06/30,2026/07/01,2026/07/04,,2026/07/04,,2026/07/05,
WAN HAI LINES,wanhai,YOKOHAMA,11,JPYOK,WAN HAI 357,9V7389,NS3,Import/Export,N036,S037,2026/07/01,2026/07/01,2026/07/05,,2026/07/05,,2026/07/05,
WAN HAI LINES,wanhai,YOKOHAMA,11,JPYOK,WAN HAI 358,9V7390,NS1,Import/Export,N030,S031,2026/05/22,2026/05/23,2026/05/31,15:25,2026/05/31,16:05,2026/06/01,11:45
WAN HAI LINES,wanhai,OSAKA,40,JPOSA,WAN HAI 358,9V7390,NS1,Import/Export,N031,S032,2026/06/22,2026/06/23,2026/06/23,,2026/06/23,,2026/06/24,
WAN HAI LINES,wanhai,KOBE,41,JPUKB,WAN HAI 358,9V7390,NS1,Import/Export,N031,S032,2026/06/23,2026/06/24,2026/06/24,,2026/06/24,,2026/06/25,
WAN HAI LINES,wanhai,NAGOYA,35,JPNGO,WAN HAI 358,9V7390,NS1,Import/Export,N031,S032,2026/06/25,2026/06/25,2026/06/25,,2026/06/25,,2026/06/26,
WAN HAI LINES,wanhai,YOKOHAMA,11,JPYOK,WAN HAI 358,9V7390,NS1,Import/Export,N031,S032,2026/06/26,2026/06/27,2026/06/26,,2026/06/26,,2026/06/27,
WAN HAI LINES,wanhai,TOKYO,13,JPTYO,WAN HAI 358,9V7390,NS1,Import/Export,N031,S032,2026/06/27,2026/06/28,2026/06/27,,2026/06/27,,2026/06/28,
WAN HAI LINES,wanhai,TOKYO,13,JPTYO,WAN HAI 363,9V7395,JTS,Import/Export,N036,S036,2026/06/15,2026/06/16,2026/06/15,,2026/06/15,,2026/06/16,
WAN HAI LINES,wanhai,YOKOHAMA,11,JPYOK,WAN HAI 363,9V7395,JTS,Import/Export,N036,S036,2026/06/16,2026/06/17,2026/06/16,,2026/06/16,,2026/06/17,
WAN HAI LINES,wanhai,NAGOYA,35,JPNGO,WAN HAI 363,9V7395,JTS,Import/Export,N036,S036,2026/06/17,2026/06/18,2026/06/21,,2026/06/21,,2026/06/22,
WAN HAI LINES,wanhai,SHIMIZU,30,JPSMZ,WAN HAI 363,9V7395,JTS,Import/Export,N036,S036,2026/06/19,2026/06/19,2026/06/22,,2026/06/22,,2026/06/23,
WAN HAI LINES,wanhai,YOKOHAMA,11,JPYOK,WAN HAI 365,9V7846,NS5,Import/Export,N042,S043,2026/06/08,2026/06/09,2026/06/13,15:30,2026/06/13,16:15,2026/06/14,14:40
WAN HAI LINES,wanhai,TOKYO,13,JPTYO,WAN HAI 365,9V7846,NS5,Import/Export,N042,S043,2026/06/07,2026/06/08,2026/06/14,16:36,2026/06/15,18:33,2026/06/16,17:54
WAN HAI LINES,wanhai,TOKYO,13,JPTYO,WAN HAI 367,9V7852,JTS,Import/Export,N032,S032,2026/06/22,2026/06/23,2026/06/26,,2026/06/26,,2026/06/27,
WAN HAI LINES,wanhai,YOKOHAMA,11,JPYOK,WAN HAI 367,9V7852,JTS,Import/Export,N032,S032,2026/06/23,2026/06/24,2026/06/27,,2026/06/27,,2026/06/28,
WAN HAI LINES,wanhai,NAGOYA,35,JPNGO,WAN HAI 367,9V7852,JTS,Import/Export,N032,S032,2026/06/24,2026/06/25,2026/06/28,,2026/06/28,,2026/06/29,
WAN HAI LINES,wanhai,SHIMIZU,30,JPSMZ,WAN HAI 367,9V7852,JTS,Import/Export,N032,S032,2026/06/26,2026/06/26,2026/06/30,,2026/06/30,,2026/06/30,
WAN HAI LINES,wanhai,OSAKA,40,JPOSA,WAN HAI 368,9V7853,NS1,Import/Export,N036,S037,2026/06/01,2026/06/02,2026/06/05,09:05,2026/06/05,09:55,2026/06/06,05:58
WAN HAI LINES,wanhai,KOBE,41,JPUKB,WAN HAI 368,9V7853,NS1,Import/Export,N036,S037,2026/06/02,2026/06/03,2026/06/06,06:45,2026/06/06,07:58,2026/06/06,18:45
WAN HAI LINES,wanhai,NAGOYA,35,JPNGO,WAN HAI 368,9V7853,NS1,Import/Export,N036,S037,2026/06/04,2026/06/04,2026/06/07,14:50,2026/06/07,16:15,2026/06/08,07:50
WAN HAI LINES,wanhai,TOKYO,13,JPTYO,WAN HAI 368,9V7853,NS1,Import/Export,N036,S037,2026/06/06,2026/06/07,2026/06/09,21:54,2026/06/09,22:38,2026/06/10,16:27
WAN HAI LINES,wanhai,YOKOHAMA,11,JPYOK,WAN HAI 368,9V7853,NS1,Import/Export,N036,S037,2026/06/05,2026/06/06,2026/06/10,18:12,2026/06/10,20:05,2026/06/11,15:00
WAN HAI LINES,wanhai,OSAKA,40,JPOSA,WAN HAI 370,9V7859,NS1,Import/Export,N028,S029,2026/06/08,2026/06/09,2026/06/15,16:31,2026/06/15,17:12,2026/06/16,15:36
WAN HAI LINES,wanhai,KOBE,41,JPUKB,WAN HAI 370,9V7859,NS1,Import/Export,N028,S029,2026/06/09,2026/06/10,2026/06/16,16:20,2026/06/16,17:20,2026/06/17,03:57
WAN HAI LINES,wanhai,NAGOYA,35,JPNGO,WAN HAI 370,9V7859,NS1,Import/Export,N028,S029,2026/06/11,2026/06/11,2026/06/17,20:30,2026/06/17,21:30,2026/06/18,07:30
WAN HAI LINES,wanhai,YOKOHAMA,11,JPYOK,WAN HAI 370,9V7859,NS1,Import/Export,N028,S029,2026/06/12,2026/06/13,2026/06/18,,2026/06/18,,2026/06/19,
WAN HAI LINES,wanhai,TOKYO,13,JPTYO,WAN HAI 370,9V7859,NS1,Import/Export,N028,S029,2026/06/13,2026/06/14,2026/06/19,,2026/06/19,,2026/06/20,
